sample_id,Animal_No,body_weight,body_weight_change_percent,body_weight_change,genotype,diet,date_time,XT+YT,XT,VO2(3),VCO2(3),Temp,RER,H(3),Flow,Feed1,Drink
Box-1,1,29.7,54.2,0.625,C57Bl6j,chow,2017-03-14 14:36:00,0,0,64,58,22.8,0.908,0.314,0.45,0,0
Box-1,1,29.7,54.2,0.625,C57Bl6j,chow,2017-03-14 14:46:00,3,3,65,60,22.8,0.92,0.322,0.45,0,0
Box-1,1,29.7,54.2,0.625,C57Bl6j,chow,2017-03-14 14:56:00,0,0,65,60,22.8,0.922,0.322,0.46,0,0
Box-1,1,29.7,54.2,0.625,C57Bl6j,chow,2017-03-14 15:06:00,1,1,63,58,22.8,0.921,0.31,0.44,0,0
Box-1,1,29.7,54.2,0.625,C57Bl6j,chow,2017-03-14 15:16:00,0,0,64,58,22.8,0.901,0.316,0.47,0,0
Box-1,1,29.7,54.2,0.625,C57Bl6j,chow,2017-03-14 15:26:00,5,3,74,68,22.8,0.917,0.368,0.46,0,0.01
Box-1,1,29.7,54.2,0.625,C57Bl6j,chow,2017-03-14 15:36:00,5,4,70,65,22.9,0.919,0.349,0.45,0,0
Box-1,1,29.7,54.2,0.625,C57Bl6j,chow,2017-03-14 15:46:00,207,134,87,80,22.9,0.916,0.432,0.45,0,0
Box-1,1,29.7,54.2,0.625,C57Bl6j,chow,2017-03-14 15:56:00,0,0,90,82,22.9,0.909,0.446,0.46,0,0
Box-1,1,29.7,54.2,0.625,C57Bl6j,chow,2017-03-14 16:06:00,119,82,66,58,22.9,0.88,0.324,0.44,0,0
Box-1,1,29.7,54.2,0.625,C57Bl6j,chow,2017-03-14 16:16:00,604,389,86,73,22.9,0.852,0.418,0.46,0.04,0
Box-1,1,29.7,54.2,0.625,C57Bl6j,chow,2017-03-14 16:26:00,592,422,92,80,22.9,0.874,0.452,0.46,0.12,0
Box-1,1,29.7,54.2,0.625,C57Bl6j,chow,2017-03-14 16:36:00,556,59,105,93,22.8,0.887,0.519,0.45,0,0
Box-1,1,29.7,54.2,0.625,C57Bl6j,chow,2017-03-14 16:46:00,78,0,81,72,22.8,0.89,0.398,0.47,0,0
Box-1,1,29.7,54.2,0.625,C57Bl6j,chow,2017-03-14 16:56:00,290,0,68,63,22.8,0.936,0.336,0.45,0,0
Box-1,1,29.7,54.2,0.625,C57Bl6j,chow,2017-03-14 17:06:00,180,0,69,61,22.8,0.887,0.341,0.47,0,0
Box-1,1,29.7,54.2,0.625,C57Bl6j,chow,2017-03-14 17:16:00,32,0,66,57,22.8,0.872,0.322,0.46,0,0
Box-1,1,29.7,54.2,0.625,C57Bl6j,chow,2017-03-14 17:26:00,0,0,67,58,22.8,0.865,0.329,0.46,0,0
Box-1,1,29.7,54.2,0.625,C57Bl6j,chow,2017-03-14 17:36:00,288,13,77,69,22.8,0.901,0.38,0.43,0,0
Box-1,1,29.7,54.2,0.625,C57Bl6j,chow,2017-03-14 17:46:00,460,132,91,82,22.9,0.902,0.45,0.45,0.09,0.13
Box-1,1,29.7,54.2,0.625,C57Bl6j,chow,2017-03-14 17:56:00,39,0,80,72,22.9,0.895,0.395,0.43,0,0.03
Box-1,1,29.7,54.2,0.625,C57Bl6j,chow,2017-03-14 18:06:00,84,0,72,65,22.8,0.911,0.355,0.45,0,0
Box-1,1,29.7,54.2,0.625,C57Bl6j,chow,2017-03-14 18:16:00,577,168,86,81,22.8,0.942,0.428,0.45,0.13,0
Box-1,1,29.7,54.2,0.625,C57Bl6j,chow,2017-03-14 18:26:00,801,210,92,87,22.8,0.948,0.457,0.45,0,0.04
Box-1,1,29.7,54.2,0.625,C57Bl6j,chow,2017-03-14 18:36:00,1128,442,103,96,22.8,0.938,0.512,0.45,0,0.03
Box-1,1,29.7,54.2,0.625,C57Bl6j,chow,2017-03-14 18:46:00,109,15,98,91,22.9,0.932,0.487,0.46,0.01,0
Box-1,1,29.7,54.2,0.625,C57Bl6j,chow,2017-03-14 18:56:00,851,330,92,87,22.8,0.945,0.461,0.45,0.07,0.07
Box-1,1,29.7,54.2,0.625,C57Bl6j,chow,2017-03-14 19:06:00,1402,795,111,104,22.8,0.935,0.551,0.45,0.02,0.1
Box-1,1,29.7,54.2,0.625,C57Bl6j,chow,2017-03-14 19:16:00,716,420,105,99,22.8,0.943,0.524,0.45,0.34,0
Box-1,1,29.7,54.2,0.625,C57Bl6j,chow,2017-03-14 19:26:00,1383,753,108,102,22.9,0.947,0.539,0.43,0.07,0.17
Box-1,1,29.7,54.2,0.625,C57Bl6j,chow,2017-03-14 19:36:00,853,538,107,103,22.8,0.954,0.537,0.44,0,0.03
Box-1,1,29.7,54.2,0.625,C57Bl6j,chow,2017-03-14 19:46:00,490,257,118,113,23,0.955,0.589,0.45,0,0.07
Box-1,1,29.7,54.2,0.625,C57Bl6j,chow,2017-03-14 19:56:00,6,4,118,113,22.9,0.956,0.589,0.47,0,0
Box-1,1,29.7,54.2,0.625,C57Bl6j,chow,2017-03-14 20:06:00,2,2,79,74,22.8,0.944,0.391,0.43,0,0
Box-1,1,29.7,54.2,0.625,C57Bl6j,chow,2017-03-14 20:16:00,16,9,89,86,22.8,0.968,0.444,0.46,0,0
Box-1,1,29.7,54.2,0.625,C57Bl6j,chow,2017-03-14 20:26:00,91,42,78,75,22.8,0.96,0.392,0.46,0,0
Box-1,1,29.7,54.2,0.625,C57Bl6j,chow,2017-03-14 20:36:00,1155,668,83,81,22.8,0.976,0.417,0.46,0,0.05
Box-1,1,29.7,54.2,0.625,C57Bl6j,chow,2017-03-14 20:46:00,1109,580,95,92,22.8,0.959,0.477,0.46,0.06,0.06
Box-1,1,29.7,54.2,0.625,C57Bl6j,chow,2017-03-14 20:56:00,770,431,106,102,22.9,0.963,0.53,0.44,0.08,0.02
Box-1,1,29.7,54.2,0.625,C57Bl6j,chow,2017-03-14 21:06:00,1399,768,124,119,22.8,0.958,0.622,0.45,0,0.04
Box-1,1,29.7,54.2,0.625,C57Bl6j,chow,2017-03-14 21:16:00,1106,567,115,110,22.8,0.957,0.575,0.44,0.07,0.03
Box-1,1,29.7,54.2,0.625,C57Bl6j,chow,2017-03-14 21:26:00,984,477,114,110,22.7,0.962,0.572,0.44,0,0.03
Box-1,1,29.7,54.2,0.625,C57Bl6j,chow,2017-03-14 21:36:00,343,203,105,100,23,0.955,0.526,0.45,0,0
Box-1,1,29.7,54.2,0.625,C57Bl6j,chow,2017-03-14 21:46:00,342,233,113,108,23,0.954,0.563,0.46,0.1,0.08
Box-1,1,29.7,54.2,0.625,C57Bl6j,chow,2017-03-14 21:56:00,16,15,104,99,23,0.955,0.519,0.45,0,0
Box-1,1,29.7,54.2,0.625,C57Bl6j,chow,2017-03-14 22:06:00,0,0,90,85,22.9,0.95,0.448,0.47,0,0
Box-1,1,29.7,54.2,0.625,C57Bl6j,chow,2017-03-14 22:16:00,182,135,85,82,22.8,0.959,0.427,0.46,0.19,0
Box-1,1,29.7,54.2,0.625,C57Bl6j,chow,2017-03-14 22:26:00,867,514,116,113,22.9,0.974,0.582,0.45,0.09,0.14
Box-1,1,29.7,54.2,0.625,C57Bl6j,chow,2017-03-14 22:36:00,1,1,111,108,22.9,0.968,0.557,0.46,0,0
Box-1,1,29.7,54.2,0.625,C57Bl6j,chow,2017-03-14 22:46:00,68,45,83,81,22.9,0.966,0.418,0.44,0.2,0
Box-1,1,29.7,54.2,0.625,C57Bl6j,chow,2017-03-14 22:56:00,41,9,101,99,22.9,0.976,0.509,0.46,0,0.14
Box-1,1,29.7,54.2,0.625,C57Bl6j,chow,2017-03-14 23:06:00,464,250,94,93,22.9,0.989,0.474,0.47,0,0.06
Box-1,1,29.7,54.2,0.625,C57Bl6j,chow,2017-03-14 23:16:00,1394,697,101,100,22.9,0.983,0.51,0.46,0.03,0.09
Box-1,1,29.7,54.2,0.625,C57Bl6j,chow,2017-03-14 23:26:00,68,33,108,105,22.9,0.969,0.543,0.45,0,0
Box-1,1,29.7,54.2,0.625,C57Bl6j,chow,2017-03-14 23:36:00,0,0,87,83,22.9,0.954,0.437,0.43,0,0
Box-1,1,29.7,54.2,0.625,C57Bl6j,chow,2017-03-14 23:46:00,54,23,97,94,22.9,0.972,0.484,0.47,0,0
Box-1,1,29.7,54.2,0.625,C57Bl6j,chow,2017-03-14 23:56:00,268,106,102,99,22.9,0.975,0.512,0.47,0.05,0
Box-1,1,29.7,54.2,0.625,C57Bl6j,chow,2017-03-15 00:06:00,1742,1015,102,99,22.9,0.973,0.509,0.45,0.11,0.07
Box-1,1,29.7,54.2,0.625,C57Bl6j,chow,2017-03-15 00:16:00,2188,1207,104,102,22.7,0.983,0.523,0.43,0.04,0.09
Box-1,1,29.7,54.2,0.625,C57Bl6j,chow,2017-03-15 00:26:00,1686,975,126,121,22.7,0.963,0.629,0.45,0,0
Box-1,1,29.7,54.2,0.625,C57Bl6j,chow,2017-03-15 00:36:00,1879,1056,117,113,22.7,0.964,0.585,0.44,0,0.03
Box-1,1,29.7,54.2,0.625,C57Bl6j,chow,2017-03-15 00:46:00,1482,786,112,106,22.7,0.949,0.557,0.44,0,0.03
Box-1,1,29.7,54.2,0.625,C57Bl6j,chow,2017-03-15 00:56:00,1011,478,111,105,22.6,0.947,0.553,0.46,0,0
Box-1,1,29.7,54.2,0.625,C57Bl6j,chow,2017-03-15 01:06:00,903,428,130,121,22.8,0.929,0.648,0.45,0.01,0.05
Box-1,1,29.7,54.2,0.625,C57Bl6j,chow,2017-03-15 01:16:00,1518,830,114,106,22.7,0.936,0.565,0.48,0,0
Box-1,1,29.7,54.2,0.625,C57Bl6j,chow,2017-03-15 01:26:00,849,512,121,113,22.7,0.936,0.604,0.45,0.17,0.02
Box-1,1,29.7,54.2,0.625,C57Bl6j,chow,2017-03-15 01:36:00,722,370,103,96,22.8,0.934,0.513,0.44,0,0
Box-1,1,29.7,54.2,0.625,C57Bl6j,chow,2017-03-15 01:46:00,2135,1247,99,93,22.7,0.936,0.494,0.45,0,0.06
Box-1,1,29.7,54.2,0.625,C57Bl6j,chow,2017-03-15 01:56:00,1408,666,98,92,22.7,0.935,0.489,0.43,0,0
Box-1,1,29.7,54.2,0.625,C57Bl6j,chow,2017-03-15 02:06:00,1623,831,114,104,22.8,0.911,0.563,0.46,0,0
Box-1,1,29.7,54.2,0.625,C57Bl6j,chow,2017-03-15 02:16:00,1819,550,111,100,22.8,0.896,0.55,0.47,0,0
Box-1,1,29.7,54.2,0.625,C57Bl6j,chow,2017-03-15 02:26:00,1006,624,100,89,22.8,0.891,0.494,0.46,0,0.03
Box-1,1,29.7,54.2,0.625,C57Bl6j,chow,2017-03-15 02:36:00,1367,862,110,96,22.8,0.879,0.538,0.46,0,0
Box-1,1,29.7,54.2,0.625,C57Bl6j,chow,2017-03-15 02:46:00,1850,909,112,100,22.8,0.891,0.554,0.46,0,0
Box-1,1,29.7,54.2,0.625,C57Bl6j,chow,2017-03-15 02:56:00,732,443,99,87,22.8,0.881,0.485,0.44,0,0
Box-1,1,29.7,54.2,0.625,C57Bl6j,chow,2017-03-15 03:06:00,20,12,91,78,22.7,0.865,0.443,0.44,0,0
Box-1,1,29.7,54.2,0.625,C57Bl6j,chow,2017-03-15 03:16:00,18,14,80,69,22.7,0.858,0.393,0.43,0,0
Box-1,1,29.7,54.2,0.625,C57Bl6j,chow,2017-03-15 03:26:00,1,1,78,65,22.7,0.835,0.381,0.47,0,0
Box-1,1,29.7,54.2,0.625,C57Bl6j,chow,2017-03-15 03:36:00,6,6,82,68,22.7,0.82,0.4,0.45,0,0
Box-1,1,29.7,54.2,0.625,C57Bl6j,chow,2017-03-15 03:46:00,109,79,82,69,22.7,0.838,0.399,0.46,0,0
Box-1,1,29.7,54.2,0.625,C57Bl6j,chow,2017-03-15 03:56:00,313,160,90,75,22.7,0.829,0.437,0.45,0.06,0.06
Box-1,1,29.7,54.2,0.625,C57Bl6j,chow,2017-03-15 04:06:00,14,11,81,69,22.7,0.849,0.397,0.44,0,0
Box-1,1,29.7,54.2,0.625,C57Bl6j,chow,2017-03-15 04:16:00,0,0,84,74,22.6,0.882,0.415,0.46,0,0
Box-1,1,29.7,54.2,0.625,C57Bl6j,chow,2017-03-15 04:26:00,36,25,78,68,22.7,0.872,0.383,0.46,0,0
Box-1,1,29.7,54.2,0.625,C57Bl6j,chow,2017-03-15 04:36:00,107,56,80,69,22.7,0.865,0.392,0.45,0.02,0
Box-1,1,29.7,54.2,0.625,C57Bl6j,chow,2017-03-15 04:46:00,434,265,80,71,22.7,0.887,0.394,0.43,0.19,0.15
Box-1,1,29.7,54.2,0.625,C57Bl6j,chow,2017-03-15 04:56:00,47,28,88,78,22.7,0.893,0.432,0.45,0,0
Box-1,1,29.7,54.2,0.625,C57Bl6j,chow,2017-03-15 05:06:00,112,67,91,82,22.7,0.898,0.45,0.46,0.06,0.04
Box-1,1,29.7,54.2,0.625,C57Bl6j,chow,2017-03-15 05:16:00,79,41,90,82,22.7,0.907,0.447,0.45,0,0.03
Box-1,1,29.7,54.2,0.625,C57Bl6j,chow,2017-03-15 05:26:00,12,10,85,80,22.7,0.94,0.424,0.46,0,0
Box-1,1,29.7,54.2,0.625,C57Bl6j,chow,2017-03-15 05:36:00,37,27,78,71,22.7,0.908,0.388,0.44,0,0
Box-1,1,29.7,54.2,0.625,C57Bl6j,chow,2017-03-15 05:46:00,123,72,90,83,22.7,0.921,0.447,0.45,0,0
Box-1,1,29.7,54.2,0.625,C57Bl6j,chow,2017-03-15 05:56:00,305,150,89,81,22.7,0.912,0.44,0.47,0.13,0.12
Box-1,1,29.7,54.2,0.625,C57Bl6j,chow,2017-03-15 06:06:00,1745,990,97,92,22.8,0.943,0.485,0.44,0.01,0.17
Box-1,1,29.7,54.2,0.625,C57Bl6j,chow,2017-03-15 06:16:00,685,415,117,109,22.7,0.935,0.58,0.46,0.08,0.1
Box-1,1,29.7,54.2,0.625,C57Bl6j,chow,2017-03-15 06:26:00,841,518,117,109,22.8,0.933,0.581,0.45,0,0
Box-1,1,29.7,54.2,0.625,C57Bl6j,chow,2017-03-15 06:36:00,0,0,99,92,22.8,0.92,0.493,0.43,0,0
Box-1,1,29.7,54.2,0.625,C57Bl6j,chow,2017-03-15 06:46:00,7,7,80,73,22.8,0.911,0.398,0.46,0,0
Box-1,1,29.7,54.2,0.625,C57Bl6j,chow,2017-03-15 06:56:00,0,0,70,63,22.8,0.898,0.345,0.45,0,0
Box-1,1,29.7,54.2,0.625,C57Bl6j,chow,2017-03-15 07:06:00,0,0,69,61,22.8,0.883,0.339,0.46,0,0
Box-1,1,29.7,54.2,0.625,C57Bl6j,chow,2017-03-15 07:16:00,0,0,66,58,22.8,0.882,0.324,0.45,0,0
Box-1,1,29.7,54.2,0.625,C57Bl6j,chow,2017-03-15 07:26:00,3,2,64,58,22.8,0.894,0.318,0.43,0,0
Box-1,1,29.7,54.2,0.625,C57Bl6j,chow,2017-03-15 07:36:00,0,0,67,58,22.8,0.859,0.327,0.47,0,0
Box-1,1,29.7,54.2,0.625,C57Bl6j,chow,2017-03-15 07:46:00,0,0,68,58,22.7,0.855,0.331,0.45,0,0
Box-1,1,29.7,54.2,0.625,C57Bl6j,chow,2017-03-15 07:56:00,4,3,66,57,22.7,0.868,0.325,0.45,0,0
Box-1,1,29.7,54.2,0.625,C57Bl6j,chow,2017-03-15 08:06:00,0,0,72,63,22.8,0.876,0.351,0.46,0,0
Box-1,1,29.7,54.2,0.625,C57Bl6j,chow,2017-03-15 08:16:00,1,1,73,64,22.8,0.876,0.361,0.46,0,0.03
Box-1,1,29.7,54.2,0.625,C57Bl6j,chow,2017-03-15 08:26:00,0,0,67,57,22.8,0.854,0.327,0.45,0,0
Box-1,1,29.7,54.2,0.625,C57Bl6j,chow,2017-03-15 08:36:00,16,14,70,59,22.8,0.853,0.34,0.47,0.2,0
Box-1,1,29.7,54.2,0.625,C57Bl6j,chow,2017-03-15 08:46:00,262,148,93,84,22.8,0.905,0.458,0.47,0,0
Box-1,1,29.7,54.2,0.625,C57Bl6j,chow,2017-03-15 08:56:00,1395,817,87,81,22.8,0.923,0.433,0.45,0,0.13
Box-1,1,29.7,54.2,0.625,C57Bl6j,chow,2017-03-15 09:06:00,309,240,102,94,22.8,0.918,0.507,0.47,0,0
Box-1,1,29.7,54.2,0.625,C57Bl6j,chow,2017-03-15 09:16:00,111,111,86,77,22.9,0.903,0.423,0.46,0,0
Box-1,1,29.7,54.2,0.625,C57Bl6j,chow,2017-03-15 09:26:00,115,113,71,65,22.8,0.918,0.353,0.46,0,0
Box-1,1,29.7,54.2,0.625,C57Bl6j,chow,2017-03-15 09:36:00,119,116,72,65,22.8,0.911,0.354,0.46,0,0
Box-1,1,29.7,54.2,0.625,C57Bl6j,chow,2017-03-15 09:46:00,110,110,66,60,22.8,0.899,0.327,0.44,0,0
Box-1,1,29.7,54.2,0.625,C57Bl6j,chow,2017-03-15 09:56:00,111,111,68,60,22.8,0.881,0.333,0.47,0,0
Box-1,1,29.7,54.2,0.625,C57Bl6j,chow,2017-03-15 10:06:00,118,118,63,55,22.8,0.87,0.31,0.46,0,0
Box-1,1,29.7,54.2,0.625,C57Bl6j,chow,2017-03-15 10:16:00,108,108,66,58,22.8,0.872,0.324,0.45,0,0
Box-1,1,29.7,54.2,0.625,C57Bl6j,chow,2017-03-15 10:26:00,120,119,66,57,22.8,0.863,0.322,0.46,0,0
Box-1,1,29.7,54.2,0.625,C57Bl6j,chow,2017-03-15 10:36:00,130,129,63,54,22.8,0.858,0.31,0.46,0,0
Box-1,1,29.7,54.2,0.625,C57Bl6j,chow,2017-03-15 10:46:00,126,126,64,56,22.8,0.88,0.313,0.45,0,0
Box-1,1,29.7,54.2,0.625,C57Bl6j,chow,2017-03-15 10:56:00,114,114,66,56,22.8,0.856,0.322,0.46,0,0
Box-1,1,29.7,54.2,0.625,C57Bl6j,chow,2017-03-15 11:06:00,129,128,62,52,22.8,0.84,0.303,0.46,0,0
Box-1,1,29.7,54.2,0.625,C57Bl6j,chow,2017-03-15 11:16:00,136,135,65,54,22.8,0.834,0.316,0.47,0,0
Box-1,1,29.7,54.2,0.625,C57Bl6j,chow,2017-03-15 11:26:00,214,202,84,73,22.8,0.87,0.41,0.47,0.06,0
Box-1,1,29.7,54.2,0.625,C57Bl6j,chow,2017-03-15 11:36:00,932,437,95,82,22.8,0.865,0.464,0.46,0.01,0.07
Box-1,1,29.7,54.2,0.625,C57Bl6j,chow,2017-03-15 11:46:00,83,0,79,69,22.8,0.874,0.387,0.45,0,0
Box-1,1,29.7,54.2,0.625,C57Bl6j,chow,2017-03-15 11:56:00,128,0,78,69,22.8,0.878,0.384,0.48,0,0
Box-1,1,29.7,54.2,0.625,C57Bl6j,chow,2017-03-15 12:06:00,142,0,66,56,22.8,0.847,0.323,0.47,0,0.04
Box-1,1,29.7,54.2,0.625,C57Bl6j,chow,2017-03-15 12:16:00,33,0,65,56,22.8,0.867,0.319,0.45,0,0
Box-1,1,29.7,54.2,0.625,C57Bl6j,chow,2017-03-15 12:26:00,14,0,63,53,22.8,0.838,0.307,0.44,0,0
Box-1,1,29.7,54.2,0.625,C57Bl6j,chow,2017-03-15 12:36:00,17,0,65,54,22.8,0.828,0.314,0.44,0,0
Box-1,1,29.7,54.2,0.625,C57Bl6j,chow,2017-03-15 12:46:00,26,0,67,55,22.8,0.814,0.326,0.46,0,0
Box-1,1,29.7,54.2,0.625,C57Bl6j,chow,2017-03-15 12:56:00,10,0,64,53,22.8,0.825,0.31,0.46,0,0
Box-1,1,29.7,54.2,0.625,C57Bl6j,chow,2017-03-15 13:06:00,16,1,64,52,22.8,0.823,0.309,0.45,0.01,0
Box-1,1,29.7,54.2,0.625,C57Bl6j,chow,2017-03-15 13:16:00,6,0,61,50,22.8,0.832,0.294,0.44,0,0
Box-1,1,29.7,54.2,0.625,C57Bl6j,chow,2017-03-15 13:26:00,0,0,61,50,22.7,0.815,0.295,0.47,0,0
Box-1,1,29.7,54.2,0.625,C57Bl6j,chow,2017-03-15 13:36:00,133,8,78,66,22.8,0.849,0.381,0.45,0,0
Box-1,1,29.7,54.2,0.625,C57Bl6j,chow,2017-03-15 13:46:00,281,47,86,73,22.8,0.852,0.421,0.46,0.13,0
Box-1,1,29.7,54.2,0.625,C57Bl6j,chow,2017-03-15 13:56:00,2284,1315,94,81,22.8,0.865,0.458,0.47,0.05,0.16
Box-1,1,29.7,54.2,0.625,C57Bl6j,chow,2017-03-15 14:06:00,586,401,104,90,22.8,0.858,0.51,0.43,0.11,0
Box-1,1,29.7,54.2,0.625,C57Bl6j,chow,2017-03-15 14:16:00,481,266,110,99,22.9,0.9,0.543,0.45,0,0.11
Box-1,1,29.7,54.2,0.625,C57Bl6j,chow,2017-03-15 14:26:00,0,0,89,81,22.9,0.904,0.441,0.46,0,0
Box-1,1,29.7,54.2,0.625,C57Bl6j,chow,2017-03-15 14:36:00,0,0,84,78,22.9,0.927,0.42,0.45,0,0
Box-1,1,29.7,54.2,0.625,C57Bl6j,chow,2017-03-15 14:46:00,0,0,69,63,22.8,0.908,0.341,0.46,0,0
Box-1,1,29.7,54.2,0.625,C57Bl6j,chow,2017-03-15 14:56:00,0,0,66,60,22.8,0.906,0.326,0.46,0,0
Box-1,1,29.7,54.2,0.625,C57Bl6j,chow,2017-03-15 15:06:00,8,8,74,68,22.8,0.92,0.367,0.46,0.27,0
Box-1,1,29.7,54.2,0.625,C57Bl6j,chow,2017-03-15 15:16:00,1173,701,77,72,22.8,0.933,0.383,0.46,0,0.22
Box-1,1,29.7,54.2,0.625,C57Bl6j,chow,2017-03-15 15:26:00,0,0,87,82,22.9,0.947,0.434,0.44,0,0
Box-1,1,29.7,54.2,0.625,C57Bl6j,chow,2017-03-15 15:36:00,0,0,80,77,22.9,0.965,0.399,0.45,0,0
Box-1,1,29.7,54.2,0.625,C57Bl6j,chow,2017-03-15 15:46:00,0,0,69,65,22.9,0.947,0.344,0.46,0,0
Box-1,1,29.7,54.2,0.625,C57Bl6j,chow,2017-03-15 15:56:00,0,0,68,65,22.9,0.963,0.34,0.46,0,0
Box-1,1,29.7,54.2,0.625,C57Bl6j,chow,2017-03-15 16:06:00,0,0,61,59,22.8,0.962,0.305,0.43,0,0
Box-1,1,29.7,54.2,0.625,C57Bl6j,chow,2017-03-15 16:16:00,0,0,62,60,22.8,0.959,0.312,0.45,0,0
Box-1,1,29.7,54.2,0.625,C57Bl6j,chow,2017-03-15 16:26:00,0,0,71,70,22.8,0.987,0.356,0.47,0,0
Box-1,1,29.7,54.2,0.625,C57Bl6j,chow,2017-03-15 16:36:00,0,0,60,57,22.8,0.956,0.3,0.43,0,0
Box-1,1,29.7,54.2,0.625,C57Bl6j,chow,2017-03-15 16:46:00,220,154,66,63,22.8,0.963,0.329,0.45,0.03,0.12
Box-1,1,29.7,54.2,0.625,C57Bl6j,chow,2017-03-15 16:56:00,25,23,85,83,22.9,0.977,0.427,0.45,0,0
Box-1,1,29.7,54.2,0.625,C57Bl6j,chow,2017-03-15 17:06:00,0,0,67,63,22.9,0.944,0.333,0.43,0,0
Box-1,1,29.7,54.2,0.625,C57Bl6j,chow,2017-03-15 17:16:00,1,1,72,69,22.9,0.954,0.362,0.44,0.02,0
Box-1,1,29.7,54.2,0.625,C57Bl6j,chow,2017-03-15 17:26:00,565,297,72,67,22.8,0.936,0.356,0.44,0.1,0
Box-1,1,29.7,54.2,0.625,C57Bl6j,chow,2017-03-15 17:36:00,601,384,99,91,22.8,0.924,0.49,0.45,0,0.03
Box-1,1,29.7,54.2,0.625,C57Bl6j,chow,2017-03-15 17:46:00,9,0,86,79,22.9,0.926,0.425,0.47,0,0
Box-1,1,29.7,54.2,0.625,C57Bl6j,chow,2017-03-15 17:56:00,0,0,78,72,22.9,0.926,0.387,0.45,0,0
Box-1,1,29.7,54.2,0.625,C57Bl6j,chow,2017-03-15 18:06:00,2,1,81,78,22.9,0.957,0.407,0.47,0.03,0
Box-1,1,29.7,54.2,0.625,C57Bl6j,chow,2017-03-15 18:16:00,64,37,66,62,22.8,0.934,0.329,0.45,0,0
Box-1,1,29.7,54.2,0.625,C57Bl6j,chow,2017-03-15 18:26:00,400,288,92,88,23,0.958,0.458,0.47,0.14,0
Box-1,1,29.7,54.2,0.625,C57Bl6j,chow,2017-03-15 18:36:00,1514,1125,91,87,22.9,0.954,0.455,0.46,0,0.07
Box-1,1,29.7,54.2,0.625,C57Bl6j,chow,2017-03-15 18:46:00,1265,813,106,102,22.8,0.961,0.533,0.44,0.02,0.07
Box-1,1,29.7,54.2,0.625,C57Bl6j,chow,2017-03-15 18:56:00,220,132,123,117,22.9,0.95,0.613,0.47,0,0
Box-1,1,29.7,54.2,0.625,C57Bl6j,chow,2017-03-15 19:06:00,2181,1244,110,104,22.9,0.948,0.55,0.46,0.03,0.08
Box-1,1,29.7,54.2,0.625,C57Bl6j,chow,2017-03-15 19:16:00,1146,689,110,104,22.8,0.943,0.547,0.45,0.08,0
Box-1,1,29.7,54.2,0.625,C57Bl6j,chow,2017-03-15 19:26:00,1978,1390,116,109,22.8,0.94,0.577,0.47,0.01,0
Box-1,1,29.7,54.2,0.625,C57Bl6j,chow,2017-03-15 19:36:00,175,100,119,112,22.9,0.937,0.592,0.46,0,0
Box-1,1,29.7,54.2,0.625,C57Bl6j,chow,2017-03-15 19:46:00,583,388,101,96,22.9,0.945,0.506,0.45,0.17,0.01
Box-1,1,29.7,54.2,0.625,C57Bl6j,chow,2017-03-15 19:56:00,1147,746,107,101,22.9,0.946,0.533,0.44,0,0.11
Box-1,1,29.7,54.2,0.625,C57Bl6j,chow,2017-03-15 20:06:00,15,9,105,101,22.9,0.954,0.527,0.46,0,0
Box-1,1,29.7,54.2,0.625,C57Bl6j,chow,2017-03-15 20:16:00,9,9,86,80,22.8,0.934,0.427,0.46,0,0
Box-1,1,29.7,54.2,0.625,C57Bl6j,chow,2017-03-15 20:26:00,0,0,104,100,22.8,0.955,0.522,0.48,0,0.03
Box-1,1,29.7,54.2,0.625,C57Bl6j,chow,2017-03-15 20:36:00,361,220,100,96,22.8,0.958,0.5,0.46,0.28,0.08
Box-1,1,29.7,54.2,0.625,C57Bl6j,chow,2017-03-15 20:46:00,1707,1060,95,91,22.8,0.958,0.473,0.48,0,0.12
Box-1,1,29.7,54.2,0.625,C57Bl6j,chow,2017-03-15 20:56:00,1803,876,116,111,22.7,0.958,0.581,0.46,0.02,0.05
Box-1,1,29.7,54.2,0.625,C57Bl6j,chow,2017-03-15 21:06:00,2046,990,110,106,22.7,0.966,0.549,0.44,0,0.03
Box-1,1,29.7,54.2,0.625,C57Bl6j,chow,2017-03-15 21:16:00,818,391,104,100,22.7,0.958,0.522,0.43,0.07,0.02
Box-1,1,29.7,54.2,0.625,C57Bl6j,chow,2017-03-15 21:26:00,97,59,122,116,22.8,0.952,0.609,0.46,0,0
Box-1,1,29.7,54.2,0.625,C57Bl6j,chow,2017-03-15 21:36:00,382,195,111,106,22.8,0.955,0.554,0.45,0.08,0.08
Box-1,1,29.7,54.2,0.625,C57Bl6j,chow,2017-03-15 21:46:00,0,0,93,89,22.8,0.954,0.466,0.46,0,0
Box-1,1,29.7,54.2,0.625,C57Bl6j,chow,2017-03-15 21:56:00,2,2,88,85,22.8,0.958,0.442,0.45,0.04,0
Box-1,1,29.7,54.2,0.625,C57Bl6j,chow,2017-03-15 22:06:00,202,119,96,92,22.8,0.956,0.482,0.45,0,0
Box-1,1,29.7,54.2,0.625,C57Bl6j,chow,2017-03-15 22:16:00,238,112,103,98,22.8,0.955,0.513,0.46,0.08,0.05
Box-1,1,29.7,54.2,0.625,C57Bl6j,chow,2017-03-15 22:26:00,9,7,83,80,22.8,0.958,0.415,0.45,0,0
Box-1,1,29.7,54.2,0.625,C57Bl6j,chow,2017-03-15 22:36:00,101,56,80,77,22.8,0.953,0.402,0.44,0,0
Box-1,1,29.7,54.2,0.625,C57Bl6j,chow,2017-03-15 22:46:00,41,23,96,94,22.8,0.976,0.484,0.45,0.04,0
Box-1,1,29.7,54.2,0.625,C57Bl6j,chow,2017-03-15 22:56:00,2167,1241,100,97,22.8,0.975,0.501,0.46,0.07,0.13
Box-1,1,29.7,54.2,0.625,C57Bl6j,chow,2017-03-15 23:06:00,1903,1190,106,103,22.7,0.967,0.532,0.46,0,0.01
Box-1,1,29.7,54.2,0.625,C57Bl6j,chow,2017-03-15 23:16:00,1106,648,115,111,22.7,0.964,0.575,0.45,0.31,0.04
Box-1,1,29.7,54.2,0.625,C57Bl6j,chow,2017-03-15 23:26:00,1545,1057,115,109,22.8,0.951,0.574,0.44,0,0.1
Box-1,1,29.7,54.2,0.625,C57Bl6j,chow,2017-03-15 23:36:00,1538,886,106,100,22.7,0.949,0.527,0.46,0,0.04
Box-1,1,29.7,54.2,0.625,C57Bl6j,chow,2017-03-15 23:46:00,1238,616,106,102,22.6,0.954,0.532,0.44,0,0
Box-1,1,29.7,54.2,0.625,C57Bl6j,chow,2017-03-15 23:56:00,1077,508,125,118,22.7,0.949,0.622,0.44,0,0.04
Box-1,1,29.7,54.2,0.625,C57Bl6j,chow,2017-03-16 00:06:00,1029,566,126,119,22.8,0.943,0.627,0.46,0,0.13
Box-1,1,29.7,54.2,0.625,C57Bl6j,chow,2017-03-16 00:16:00,1405,853,111,105,22.7,0.95,0.552,0.46,0,0
Box-1,1,29.7,54.2,0.625,C57Bl6j,chow,2017-03-16 00:26:00,86,53,111,105,22.7,0.945,0.554,0.44,0.02,0
Box-1,1,29.7,54.2,0.625,C57Bl6j,chow,2017-03-16 00:36:00,1227,642,110,105,22.8,0.951,0.549,0.44,0,0.19
Box-1,1,29.7,54.2,0.625,C57Bl6j,chow,2017-03-16 00:46:00,1502,986,102,97,22.7,0.957,0.509,0.45,0,0
Box-1,1,29.7,54.2,0.625,C57Bl6j,chow,2017-03-16 00:56:00,1418,968,97,93,22.7,0.955,0.486,0.43,0,0
Box-1,1,29.7,54.2,0.625,C57Bl6j,chow,2017-03-16 01:06:00,115,72,109,102,22.8,0.934,0.542,0.45,0,0
Box-1,1,29.7,54.2,0.625,C57Bl6j,chow,2017-03-16 01:16:00,10,0,94,88,22.8,0.929,0.469,0.45,0,0
Box-1,1,29.7,54.2,0.625,C57Bl6j,chow,2017-03-16 01:26:00,21,0,84,76,22.8,0.896,0.416,0.46,0,0
Box-1,1,29.7,54.2,0.625,C57Bl6j,chow,2017-03-16 01:36:00,2,0,75,66,22.8,0.879,0.368,0.44,0,0
Box-1,1,29.7,54.2,0.625,C57Bl6j,chow,2017-03-16 01:46:00,238,191,82,73,22.8,0.893,0.404,0.44,0.01,0
Box-1,1,29.7,54.2,0.625,C57Bl6j,chow,2017-03-16 01:56:00,471,318,87,79,22.8,0.911,0.431,0.44,0.03,0.07
Box-1,1,29.7,54.2,0.625,C57Bl6j,chow,2017-03-16 02:06:00,22,9,89,83,22.8,0.933,0.442,0.45,0,0
Box-1,1,29.7,54.2,0.625,C57Bl6j,chow,2017-03-16 02:16:00,22,3,90,85,22.8,0.943,0.447,0.48,0,0
Box-1,1,29.7,54.2,0.625,C57Bl6j,chow,2017-03-16 02:26:00,8,1,81,75,22.8,0.93,0.402,0.47,0,0
Box-1,1,29.7,54.2,0.625,C57Bl6j,chow,2017-03-16 02:36:00,227,160,80,73,22.8,0.91,0.396,0.47,0,0
Box-1,1,29.7,54.2,0.625,C57Bl6j,chow,2017-03-16 02:46:00,50,29,77,68,22.7,0.886,0.379,0.43,0,0
Box-1,1,29.7,54.2,0.625,C57Bl6j,chow,2017-03-16 02:56:00,169,120,94,83,22.7,0.889,0.461,0.44,0.12,0
Box-1,1,29.7,54.2,0.625,C57Bl6j,chow,2017-03-16 03:06:00,628,380,91,83,22.8,0.91,0.452,0.44,0.01,0.14
Box-1,1,29.7,54.2,0.625,C57Bl6j,chow,2017-03-16 03:16:00,66,24,90,83,22.8,0.916,0.447,0.46,0,0
Box-1,1,29.7,54.2,0.625,C57Bl6j,chow,2017-03-16 03:26:00,117,20,84,76,22.7,0.905,0.417,0.46,0,0
Box-1,1,29.7,54.2,0.625,C57Bl6j,chow,2017-03-16 03:36:00,475,195,85,79,22.7,0.931,0.422,0.43,0.11,0.08
Box-1,1,29.7,54.2,0.625,C57Bl6j,chow,2017-03-16 03:46:00,212,109,93,86,22.7,0.923,0.461,0.45,0.05,0
Box-1,1,29.7,54.2,0.625,C57Bl6j,chow,2017-03-16 03:56:00,296,125,92,86,22.8,0.932,0.459,0.47,0.03,0.09
Box-1,1,29.7,54.2,0.625,C57Bl6j,chow,2017-03-16 04:06:00,168,86,83,79,22.7,0.954,0.414,0.44,0,0
Box-1,1,29.7,54.2,0.625,C57Bl6j,chow,2017-03-16 04:16:00,229,85,86,81,22.7,0.944,0.426,0.45,0,0
Box-1,1,29.7,54.2,0.625,C57Bl6j,chow,2017-03-16 04:26:00,1778,978,95,90,22.8,0.947,0.472,0.46,0.03,0.06
Box-1,1,29.7,54.2,0.625,C57Bl6j,chow,2017-03-16 04:36:00,1020,572,91,85,22.7,0.932,0.451,0.44,0.16,0.04
Box-1,1,29.7,54.2,0.625,C57Bl6j,chow,2017-03-16 04:46:00,1804,977,110,100,22.7,0.914,0.544,0.45,0,0.07
Box-1,1,29.7,54.2,0.625,C57Bl6j,chow,2017-03-16 04:56:00,378,203,126,115,22.7,0.913,0.623,0.47,0,0
Box-1,1,29.7,54.2,0.625,C57Bl6j,chow,2017-03-16 05:06:00,11,8,75,69,22.8,0.916,0.373,0.44,0,0
Box-1,1,29.7,54.2,0.625,C57Bl6j,chow,2017-03-16 05:16:00,29,12,78,72,22.7,0.912,0.388,0.46,0.02,0
Box-1,1,29.7,54.2,0.625,C57Bl6j,chow,2017-03-16 05:26:00,0,0,72,66,22.8,0.917,0.357,0.42,0,0.03
Box-1,1,29.7,54.2,0.625,C57Bl6j,chow,2017-03-16 05:36:00,217,101,83,75,22.7,0.898,0.41,0.44,0.18,0.01
Box-1,1,29.7,54.2,0.625,C57Bl6j,chow,2017-03-16 05:46:00,1546,814,87,78,22.7,0.904,0.429,0.45,0,0.06
Box-1,1,29.7,54.2,0.625,C57Bl6j,chow,2017-03-16 05:56:00,1077,604,105,96,22.7,0.918,0.52,0.47,0,0.14
Box-1,1,29.7,54.2,0.625,C57Bl6j,chow,2017-03-16 06:06:00,174,15,99,93,22.7,0.936,0.495,0.45,0,0
Box-1,1,29.7,54.2,0.625,C57Bl6j,chow,2017-03-16 06:16:00,17,0,76,68,22.8,0.9,0.376,0.43,0,0
Box-1,1,29.7,54.2,0.625,C57Bl6j,chow,2017-03-16 06:26:00,20,0,67,60,22.8,0.894,0.331,0.45,0,0
Box-1,1,29.7,54.2,0.625,C57Bl6j,chow,2017-03-16 06:36:00,47,0,71,64,22.8,0.899,0.351,0.45,0,0
Box-1,1,29.7,54.2,0.625,C57Bl6j,chow,2017-03-16 06:46:00,85,7,76,69,22.8,0.908,0.374,0.46,0.02,0
Box-1,1,29.7,54.2,0.625,C57Bl6j,chow,2017-03-16 06:56:00,6,0,74,65,22.8,0.886,0.363,0.47,0,0
Box-1,1,29.7,54.2,0.625,C57Bl6j,chow,2017-03-16 07:06:00,15,0,76,66,22.7,0.864,0.372,0.45,0,0
Box-1,1,29.7,54.2,0.625,C57Bl6j,chow,2017-03-16 07:16:00,5,0,69,59,22.7,0.858,0.338,0.45,0,0
Box-1,1,29.7,54.2,0.625,C57Bl6j,chow,2017-03-16 07:26:00,41,0,70,61,22.7,0.87,0.344,0.48,0,0
Box-1,1,29.7,54.2,0.625,C57Bl6j,chow,2017-03-16 07:36:00,189,58,91,81,22.8,0.888,0.449,0.45,0.12,0
Box-1,1,29.7,54.2,0.625,C57Bl6j,chow,2017-03-16 07:46:00,211,95,80,71,22.8,0.88,0.394,0.45,0,0
Box-1,1,29.7,54.2,0.625,C57Bl6j,chow,2017-03-16 07:56:00,6,0,73,64,22.8,0.883,0.358,0.43,0,0
Box-1,1,29.7,54.2,0.625,C57Bl6j,chow,2017-03-16 08:06:00,4,0,74,65,22.8,0.883,0.362,0.47,0,0
Box-1,1,29.7,54.2,0.625,C57Bl6j,chow,2017-03-16 08:16:00,7,0,68,61,22.8,0.89,0.335,0.46,0,0
Box-1,1,29.7,54.2,0.625,C57Bl6j,chow,2017-03-16 08:26:00,32,0,63,55,22.8,0.881,0.31,0.44,0,0
Box-1,1,29.7,54.2,0.625,C57Bl6j,chow,2017-03-16 08:36:00,3,0,66,58,22.8,0.873,0.326,0.46,0,0
Box-1,1,29.7,54.2,0.625,C57Bl6j,chow,2017-03-16 08:46:00,12,0,70,60,22.8,0.855,0.342,0.46,0,0
Box-1,1,29.7,54.2,0.625,C57Bl6j,chow,2017-03-16 08:56:00,104,38,76,65,22.8,0.86,0.372,0.42,0.4,0
Box-1,1,29.7,54.2,0.625,C57Bl6j,chow,2017-03-16 09:06:00,1695,959,88,81,22.8,0.92,0.434,0.44,0,0.22
Box-1,1,29.7,54.2,0.625,C57Bl6j,chow,2017-03-16 09:16:00,520,251,121,112,22.8,0.925,0.601,0.45,0,0.1
Box-1,1,29.7,54.2,0.625,C57Bl6j,chow,2017-03-16 09:26:00,136,47,99,90,22.9,0.911,0.488,0.45,0,0
Box-1,1,29.7,54.2,0.625,C57Bl6j,chow,2017-03-16 09:36:00,32,3,71,67,22.9,0.938,0.353,0.43,0,0
Box-1,1,29.7,54.2,0.625,C57Bl6j,chow,2017-03-16 09:46:00,418,169,78,74,22.9,0.948,0.388,0.45,0.09,0.12
Box-1,1,29.7,54.2,0.625,C57Bl6j,chow,2017-03-16 09:56:00,2165,1281,74,71,22.8,0.953,0.37,0.44,0,0.06
Box-1,1,29.7,54.2,0.625,C57Bl6j,chow,2017-03-16 10:06:00,466,160,105,98,22.8,0.932,0.521,0.43,0,0
Box-1,1,29.7,54.2,0.625,C57Bl6j,chow,2017-03-16 10:16:00,26,0,77,71,22.9,0.916,0.384,0.46,0,0
Box-1,1,29.7,54.2,0.625,C57Bl6j,chow,2017-03-16 10:26:00,36,4,70,66,22.9,0.939,0.35,0.46,0,0
Box-1,1,29.7,54.2,0.625,C57Bl6j,chow,2017-03-16 10:36:00,34,0,70,66,22.9,0.943,0.347,0.44,0,0
Box-1,1,29.7,54.2,0.625,C57Bl6j,chow,2017-03-16 10:46:00,18,0,65,61,22.9,0.944,0.322,0.43,0,0
Box-1,1,29.7,54.2,0.625,C57Bl6j,chow,2017-03-16 10:56:00,35,0,75,72,22.8,0.963,0.374,0.46,0,0
Box-1,1,29.7,54.2,0.625,C57Bl6j,chow,2017-03-16 11:06:00,16,0,63,59,22.8,0.941,0.313,0.44,0,0
Box-1,1,29.7,54.2,0.625,C57Bl6j,chow,2017-03-16 11:16:00,45,2,63,59,22.8,0.936,0.313,0.44,0,0
Box-1,1,29.7,54.2,0.625,C57Bl6j,chow,2017-03-16 11:26:00,28,1,64,62,22.8,0.959,0.322,0.43,0,0
Box-1,1,29.7,54.2,0.625,C57Bl6j,chow,2017-03-16 11:36:00,33,0,63,59,22.8,0.936,0.314,0.43,0,0
Box-1,1,29.7,54.2,0.625,C57Bl6j,chow,2017-03-16 11:46:00,32,0,67,60,22.8,0.893,0.331,0.44,0,0
Box-1,1,29.7,54.2,0.625,C57Bl6j,chow,2017-03-16 11:56:00,508,219,77,72,22.8,0.933,0.384,0.45,0,0
Box-1,1,29.7,54.2,0.625,C57Bl6j,chow,2017-03-16 12:06:00,1714,945,92,85,22.8,0.92,0.458,0.46,0,0.08
Box-1,1,29.7,54.2,0.625,C57Bl6j,chow,2017-03-16 12:16:00,1237,835,107,98,22.8,0.916,0.532,0.47,0.01,0.07
Box-1,1,29.7,54.2,0.625,C57Bl6j,chow,2017-03-16 12:26:00,0,0,96,87,22.9,0.903,0.474,0.47,0,0
Box-1,1,29.7,54.2,0.625,C57Bl6j,chow,2017-03-16 12:36:00,0,0,85,76,22.9,0.896,0.418,0.46,0,0
Box-1,1,29.7,54.2,0.625,C57Bl6j,chow,2017-03-16 12:46:00,0,0,67,58,22.8,0.878,0.327,0.45,0,0
Box-1,1,29.7,54.2,0.625,C57Bl6j,chow,2017-03-16 12:56:00,0,0,68,59,22.8,0.863,0.332,0.45,0,0
Box-1,1,29.7,54.2,0.625,C57Bl6j,chow,2017-03-16 13:06:00,0,0,66,55,22.8,0.821,0.322,0.45,0,0
Box-1,1,29.7,54.2,0.625,C57Bl6j,chow,2017-03-16 13:16:00,0,0,65,54,22.8,0.826,0.315,0.46,0,0
Box-1,1,29.7,54.2,0.625,C57Bl6j,chow,2017-03-16 13:26:00,0,0,60,49,22.8,0.816,0.293,0.45,0,0
Box-1,1,29.7,54.2,0.625,C57Bl6j,chow,2017-03-16 13:36:00,0,0,67,55,22.8,0.825,0.323,0.45,0,0
Box-1,1,29.7,54.2,0.625,C57Bl6j,chow,2017-03-16 13:46:00,0,0,67,54,22.8,0.808,0.322,0.46,0,0
Box-1,1,29.7,54.2,0.625,C57Bl6j,chow,2017-03-16 13:56:00,55,32,73,59,22.8,0.81,0.351,0.46,0.04,0
Box-1,1,29.7,54.2,0.625,C57Bl6j,chow,2017-03-16 14:06:00,17,9,83,70,22.8,0.846,0.403,0.45,0.04,0.04
Box-1,1,29.7,54.2,0.625,C57Bl6j,chow,2017-03-16 14:16:00,1121,642,94,83,22.8,0.888,0.462,0.47,0,0.04
Box-1,1,29.7,54.2,0.625,C57Bl6j,chow,2017-03-16 14:26:00,196,14,80,71,22.9,0.886,0.392,0.45,0,0
Box-1,1,29.7,54.2,0.625,C57Bl6j,chow,2017-03-16 14:36:00,30,11,77,67,22.8,0.878,0.376,0.45,0,0
Box-1,1,29.7,54.2,0.625,C57Bl6j,chow,2017-03-16 14:46:00,24,13,73,63,22.8,0.856,0.358,0.47,0,0
Box-1,1,29.7,54.2,0.625,C57Bl6j,chow,2017-03-16 14:56:00,40,8,72,60,22.8,0.84,0.35,0.47,0,0
Box-1,1,29.7,54.2,0.625,C57Bl6j,chow,2017-03-16 15:06:00,22,14,64,54,22.8,0.831,0.313,0.45,0,0
Box-1,1,29.7,54.2,0.625,C57Bl6j,chow,2017-03-16 15:16:00,31,12,66,54,22.8,0.816,0.322,0.45,0,0
Box-1,1,29.7,54.2,0.625,C57Bl6j,chow,2017-03-16 15:26:00,276,70,68,56,22.8,0.819,0.332,0.46,0,0
Box-1,1,29.7,54.2,0.625,C57Bl6j,chow,2017-03-16 15:36:00,268,102,89,78,22.8,0.873,0.439,0.45,0.03,0
Box-1,1,29.7,54.2,0.625,C57Bl6j,chow,2017-03-16 15:46:00,120,66,74,66,22.8,0.889,0.364,0.46,0.01,0
Box-1,1,29.7,54.2,0.625,C57Bl6j,chow,2017-03-16 15:56:00,78,62,69,61,22.8,0.888,0.341,0.46,0,0.03
Box-1,1,29.7,54.2,0.625,C57Bl6j,chow,2017-03-16 16:06:00,138,74,68,59,22.8,0.872,0.332,0.47,0,0
Box-1,1,29.7,54.2,0.625,C57Bl6j,chow,2017-03-16 16:16:00,314,134,76,67,22.8,0.889,0.372,0.43,0.22,0
Box-1,1,29.7,54.2,0.625,C57Bl6j,chow,2017-03-16 16:26:00,1225,861,103,95,22.8,0.924,0.512,0.46,0.01,0.1
Box-1,1,29.7,54.2,0.625,C57Bl6j,chow,2017-03-16 16:36:00,696,457,90,84,22.8,0.93,0.448,0.46,0.01,0.07
Box-1,1,29.7,54.2,0.625,C57Bl6j,chow,2017-03-16 16:46:00,11,0,91,84,22.8,0.92,0.453,0.46,0,0
Box-1,1,29.7,54.2,0.625,C57Bl6j,chow,2017-03-16 16:56:00,2,0,71,65,22.8,0.913,0.35,0.47,0,0
Box-1,1,29.7,54.2,0.625,C57Bl6j,chow,2017-03-16 17:06:00,9,0,74,69,22.8,0.935,0.367,0.46,0,0
Box-1,1,29.7,54.2,0.625,C57Bl6j,chow,2017-03-16 17:16:00,2,0,73,67,22.8,0.916,0.364,0.46,0,0
Box-1,1,29.7,54.2,0.625,C57Bl6j,chow,2017-03-16 17:26:00,54,0,67,60,22.8,0.892,0.33,0.45,0,0
Box-1,1,29.7,54.2,0.625,C57Bl6j,chow,2017-03-16 17:36:00,79,12,81,78,22.8,0.957,0.407,0.45,0,0
Box-1,1,29.7,54.2,0.625,C57Bl6j,chow,2017-03-16 17:46:00,22,10,69,63,22.8,0.909,0.342,0.46,0,0
Box-1,1,29.7,54.2,0.625,C57Bl6j,chow,2017-03-16 17:56:00,355,258,75,69,22.8,0.916,0.373,0.46,0.14,0.06
Box-1,1,29.7,54.2,0.625,C57Bl6j,chow,2017-03-16 18:06:00,7,0,87,82,22.8,0.94,0.432,0.45,0.03,0
Box-1,1,29.7,54.2,0.625,C57Bl6j,chow,2017-03-16 18:16:00,12,0,72,67,22.8,0.932,0.36,0.46,0.04,0
Box-1,1,29.7,54.2,0.625,C57Bl6j,chow,2017-03-16 18:26:00,70,25,77,74,22.8,0.96,0.387,0.44,0,0
Box-1,1,29.7,54.2,0.625,C57Bl6j,chow,2017-03-16 18:36:00,187,83,90,87,22.8,0.969,0.45,0.47,0,0
Box-1,1,29.7,54.2,0.625,C57Bl6j,chow,2017-03-16 18:46:00,1353,792,90,87,22.8,0.963,0.45,0.46,0.07,0.03
Box-1,1,29.7,54.2,0.625,C57Bl6j,chow,2017-03-16 18:56:00,719,389,111,104,22.8,0.938,0.55,0.44,0.1,0.12
Box-1,1,29.7,54.2,0.625,C57Bl6j,chow,2017-03-16 19:06:00,118,81,104,99,22.8,0.953,0.517,0.47,0.02,0.03
Box-1,1,29.7,54.2,0.625,C57Bl6j,chow,2017-03-16 19:16:00,116,70,104,99,22.9,0.949,0.519,0.46,0.13,0.1
Box-1,1,29.7,54.2,0.625,C57Bl6j,chow,2017-03-16 19:26:00,36,15,88,85,22.9,0.961,0.442,0.44,0,0
Box-1,1,29.7,54.2,0.625,C57Bl6j,chow,2017-03-16 19:36:00,17,10,92,88,22.8,0.958,0.46,0.42,0,0
Box-1,1,29.7,54.2,0.625,C57Bl6j,chow,2017-03-16 19:46:00,192,102,87,83,22.8,0.959,0.434,0.44,0,0
Box-1,1,29.7,54.2,0.625,C57Bl6j,chow,2017-03-16 19:56:00,72,42,84,81,22.8,0.967,0.421,0.45,0.01,0.04
Box-1,1,29.7,54.2,0.625,C57Bl6j,chow,2017-03-16 20:06:00,523,272,89,86,22.8,0.969,0.446,0.45,0.01,0
Box-1,1,29.7,54.2,0.625,C57Bl6j,chow,2017-03-16 20:16:00,1763,922,105,102,22.7,0.968,0.527,0.44,0.04,0.09
Box-1,1,29.7,54.2,0.625,C57Bl6j,chow,2017-03-16 20:26:00,964,361,119,115,22.7,0.966,0.594,0.45,0.18,0.07
Box-1,1,29.7,54.2,0.625,C57Bl6j,chow,2017-03-16 20:36:00,1627,788,116,112,22.7,0.961,0.581,0.45,0.03,0.08
Box-1,1,29.7,54.2,0.625,C57Bl6j,chow,2017-03-16 20:46:00,1193,582,101,97,22.7,0.96,0.503,0.44,0,0
Box-1,1,29.7,54.2,0.625,C57Bl6j,chow,2017-03-16 20:56:00,837,468,121,116,22.7,0.958,0.607,0.46,0.08,0.18
Box-1,1,29.7,54.2,0.625,C57Bl6j,chow,2017-03-16 21:06:00,431,222,134,129,22.7,0.96,0.672,0.46,0,0
Box-1,1,29.7,54.2,0.625,C57Bl6j,chow,2017-03-16 21:16:00,425,225,122,117,22.8,0.958,0.612,0.45,0,0.02
Box-1,1,29.7,54.2,0.625,C57Bl6j,chow,2017-03-16 21:26:00,334,182,110,105,22.8,0.955,0.548,0.46,0.38,0.2
Box-1,1,29.7,54.2,0.625,C57Bl6j,chow,2017-03-16 21:36:00,1695,950,109,106,22.8,0.972,0.548,0.45,0.03,0.08
Box-1,1,29.7,54.2,0.625,C57Bl6j,chow,2017-03-16 21:46:00,568,303,117,114,22.6,0.969,0.588,0.47,0,0.07
Box-1,1,29.7,54.2,0.625,C57Bl6j,chow,2017-03-16 21:56:00,521,250,140,132,22.7,0.944,0.696,0.45,0.03,0.04
Box-1,1,29.7,54.2,0.625,C57Bl6j,chow,2017-03-16 22:06:00,32,14,115,110,22.8,0.959,0.573,0.45,0,0.09
Box-1,1,29.7,54.2,0.625,C57Bl6j,chow,2017-03-16 22:16:00,5,5,90,88,22.8,0.974,0.451,0.45,0,0
Box-1,1,29.7,54.2,0.625,C57Bl6j,chow,2017-03-16 22:26:00,2,2,97,93,22.8,0.961,0.485,0.46,0,0
Box-1,1,29.7,54.2,0.625,C57Bl6j,chow,2017-03-16 22:36:00,9,2,108,106,22.9,0.983,0.542,0.47,0,0.04
Box-1,1,29.7,54.2,0.625,C57Bl6j,chow,2017-03-16 22:46:00,26,11,91,88,22.8,0.967,0.455,0.47,0,0
Box-1,1,29.7,54.2,0.625,C57Bl6j,chow,2017-03-16 22:56:00,86,53,84,81,22.8,0.965,0.423,0.44,0,0
Box-1,1,29.7,54.2,0.625,C57Bl6j,chow,2017-03-16 23:06:00,265,159,100,99,22.9,0.983,0.504,0.46,0.02,0
Box-1,1,29.7,54.2,0.625,C57Bl6j,chow,2017-03-16 23:16:00,131,79,97,94,22.9,0.979,0.485,0.45,0.06,0.07
Box-1,1,29.7,54.2,0.625,C57Bl6j,chow,2017-03-16 23:26:00,12,6,93,91,22.9,0.983,0.465,0.46,0,0
Box-1,1,29.7,54.2,0.625,C57Bl6j,chow,2017-03-16 23:36:00,923,510,99,98,22.9,0.989,0.497,0.46,0,0.03
Box-1,1,29.7,54.2,0.625,C57Bl6j,chow,2017-03-16 23:46:00,2079,1178,101,99,22.7,0.975,0.507,0.45,0.02,0.07
Box-1,1,29.7,54.2,0.625,C57Bl6j,chow,2017-03-16 23:56:00,1604,872,110,106,22.7,0.97,0.549,0.45,0.1,0
Box-1,1,29.7,54.2,0.625,C57Bl6j,chow,2017-03-17 00:06:00,1489,775,114,110,22.7,0.963,0.569,0.45,0,0.09
Box-1,1,29.7,54.2,0.625,C57Bl6j,chow,2017-03-17 00:16:00,1613,949,130,123,22.7,0.947,0.647,0.46,0,0
Box-1,1,29.7,54.2,0.625,C57Bl6j,chow,2017-03-17 00:26:00,684,362,121,114,22.7,0.941,0.604,0.45,0.03,0
Box-1,1,29.7,54.2,0.625,C57Bl6j,chow,2017-03-17 00:36:00,518,271,130,122,22.7,0.932,0.648,0.45,0.03,0.08
Box-1,1,29.7,54.2,0.625,C57Bl6j,chow,2017-03-17 00:46:00,689,394,93,87,22.8,0.944,0.462,0.44,0.04,0.09
Box-1,1,29.7,54.2,0.625,C57Bl6j,chow,2017-03-17 00:56:00,6,3,102,96,22.8,0.942,0.507,0.45,0,0
Box-1,1,29.7,54.2,0.625,C57Bl6j,chow,2017-03-17 01:06:00,0,0,84,79,22.8,0.938,0.42,0.45,0,0
Box-1,1,29.7,54.2,0.625,C57Bl6j,chow,2017-03-17 01:16:00,3,3,79,75,22.8,0.942,0.396,0.44,0,0
Box-1,1,29.7,54.2,0.625,C57Bl6j,chow,2017-03-17 01:26:00,8,5,97,90,22.9,0.919,0.483,0.45,0,0
Box-1,1,29.7,54.2,0.625,C57Bl6j,chow,2017-03-17 01:36:00,73,36,90,80,22.8,0.894,0.442,0.45,0,0
Box-1,1,29.7,54.2,0.625,C57Bl6j,chow,2017-03-17 01:46:00,981,503,91,83,22.8,0.909,0.45,0.46,0.23,0.06
Box-1,1,29.7,54.2,0.625,C57Bl6j,chow,2017-03-17 01:56:00,28,22,105,96,22.8,0.912,0.519,0.45,0,0
Box-1,1,29.7,54.2,0.625,C57Bl6j,chow,2017-03-17 02:06:00,0,0,97,90,22.8,0.93,0.48,0.46,0,0
Box-1,1,29.7,54.2,0.625,C57Bl6j,chow,2017-03-17 02:16:00,6,3,83,78,22.8,0.939,0.411,0.46,0,0
Box-1,1,29.7,54.2,0.625,C57Bl6j,chow,2017-03-17 02:26:00,2,2,85,79,22.8,0.928,0.424,0.46,0,0
Box-1,1,29.7,54.2,0.625,C57Bl6j,chow,2017-03-17 02:36:00,83,45,82,76,22.8,0.932,0.408,0.44,0,0
Box-1,1,29.7,54.2,0.625,C57Bl6j,chow,2017-03-17 02:46:00,0,0,96,89,22.9,0.928,0.475,0.46,0,0
Box-1,1,29.7,54.2,0.625,C57Bl6j,chow,2017-03-17 02:56:00,152,83,83,74,22.8,0.886,0.411,0.45,0,0
Box-1,1,29.7,54.2,0.625,C57Bl6j,chow,2017-03-17 03:06:00,3,3,94,83,22.8,0.887,0.462,0.44,0,0
Box-1,1,29.7,54.2,0.625,C57Bl6j,chow,2017-03-17 03:16:00,1128,667,97,86,22.8,0.893,0.477,0.45,0.04,0
Box-1,1,29.7,54.2,0.625,C57Bl6j,chow,2017-03-17 03:26:00,145,111,87,76,22.7,0.868,0.428,0.47,0,0
Box-1,1,29.7,54.2,0.625,C57Bl6j,chow,2017-03-17 03:36:00,84,22,106,90,22.7,0.854,0.517,0.46,0,0
Box-1,1,29.7,54.2,0.625,C57Bl6j,chow,2017-03-17 03:46:00,120,79,73,61,22.8,0.837,0.356,0.45,0,0
Box-1,1,29.7,54.2,0.625,C57Bl6j,chow,2017-03-17 03:56:00,242,185,63,52,22.7,0.826,0.308,0.44,0,0
Box-1,1,29.7,54.2,0.625,C57Bl6j,chow,2017-03-17 04:06:00,1028,561,127,108,22.6,0.845,0.62,0.46,0.12,0.13
Box-1,1,29.7,54.2,0.625,C57Bl6j,chow,2017-03-17 04:16:00,1038,621,113,98,22.7,0.871,0.554,0.46,0,0.19
Box-1,1,29.7,54.2,0.625,C57Bl6j,chow,2017-03-17 04:26:00,327,156,112,99,22.7,0.885,0.551,0.43,0.21,0
Box-1,1,29.7,54.2,0.625,C57Bl6j,chow,2017-03-17 04:36:00,1,1,98,86,22.8,0.88,0.483,0.45,0,0.03
Box-1,1,29.7,54.2,0.625,C57Bl6j,chow,2017-03-17 04:46:00,0,0,77,68,22.8,0.885,0.377,0.43,0,0
Box-1,1,29.7,54.2,0.625,C57Bl6j,chow,2017-03-17 04:56:00,0,0,74,65,22.8,0.873,0.363,0.43,0,0
Box-1,1,29.7,54.2,0.625,C57Bl6j,chow,2017-03-17 05:06:00,0,0,92,78,22.8,0.844,0.449,0.45,0,0
Box-1,1,29.7,54.2,0.625,C57Bl6j,chow,2017-03-17 05:16:00,0,0,80,67,22.8,0.84,0.391,0.44,0,0
Box-1,1,29.7,54.2,0.625,C57Bl6j,chow,2017-03-17 05:26:00,50,29,78,64,22.8,0.821,0.379,0.46,0,0
Box-1,1,29.7,54.2,0.625,C57Bl6j,chow,2017-03-17 05:36:00,798,388,97,84,22.8,0.868,0.475,0.47,0,0.05
Box-1,1,29.7,54.2,0.625,C57Bl6j,chow,2017-03-17 05:46:00,2268,1483,92,81,22.8,0.886,0.452,0.46,0,0.1
Box-1,1,29.7,54.2,0.625,C57Bl6j,chow,2017-03-17 05:56:00,1648,932,93,82,22.7,0.883,0.457,0.46,0,0.08
Box-1,1,29.7,54.2,0.625,C57Bl6j,chow,2017-03-17 06:06:00,906,504,85,75,22.6,0.884,0.417,0.45,0,0
Box-1,1,29.7,54.2,0.625,C57Bl6j,chow,2017-03-17 06:16:00,689,233,134,117,22.8,0.879,0.656,0.47,0,0
Box-1,1,29.7,54.2,0.625,C57Bl6j,chow,2017-03-17 06:26:00,794,416,105,90,22.8,0.858,0.515,0.46,0,0
Box-1,1,29.7,54.2,0.625,C57Bl6j,chow,2017-03-17 06:36:00,115,77,90,75,22.8,0.833,0.436,0.44,0,0
Box-1,1,29.7,54.2,0.625,C57Bl6j,chow,2017-03-17 06:46:00,67,63,71,59,22.8,0.823,0.346,0.46,0,0
Box-1,1,29.7,54.2,0.625,C57Bl6j,chow,2017-03-17 06:56:00,70,53,67,54,22.8,0.804,0.324,0.46,0,0
Box-1,1,29.7,54.2,0.625,C57Bl6j,chow,2017-03-17 07:06:00,88,78,70,56,22.8,0.788,0.339,0.46,0,0
Box-1,1,29.7,54.2,0.625,C57Bl6j,chow,2017-03-17 07:16:00,107,60,77,61,22.8,0.793,0.369,0.48,0,0
Box-1,1,29.7,54.2,0.625,C57Bl6j,chow,2017-03-17 07:26:00,58,56,69,55,22.8,0.792,0.333,0.45,0,0
Box-1,1,29.7,54.2,0.625,C57Bl6j,chow,2017-03-17 07:36:00,61,58,70,55,22.8,0.79,0.335,0.45,0,0
Box-1,1,29.7,54.2,0.625,C57Bl6j,chow,2017-03-17 07:46:00,278,124,85,71,22.8,0.827,0.415,0.47,0.07,0
Box-1,1,29.7,54.2,0.625,C57Bl6j,chow,2017-03-17 07:56:00,417,199,91,77,22.8,0.839,0.445,0.43,0,0.07
Box-1,1,29.7,54.2,0.625,C57Bl6j,chow,2017-03-17 08:06:00,93,61,85,72,22.8,0.848,0.412,0.46,0,0.03
Box-1,1,29.7,54.2,0.625,C57Bl6j,chow,2017-03-17 08:16:00,102,70,79,68,22.8,0.866,0.385,0.46,0,0
Box-1,1,29.7,54.2,0.625,C57Bl6j,chow,2017-03-17 08:26:00,64,55,69,59,22.8,0.858,0.338,0.42,0,0
Box-1,1,29.7,54.2,0.625,C57Bl6j,chow,2017-03-17 08:36:00,97,74,70,59,22.8,0.85,0.341,0.45,0,0
Box-1,1,29.7,54.2,0.625,C57Bl6j,chow,2017-03-17 08:46:00,96,83,69,58,22.7,0.842,0.338,0.44,0,0
Box-1,1,29.7,54.2,0.625,C57Bl6j,chow,2017-03-17 08:56:00,100,76,70,58,22.7,0.82,0.34,0.47,0,0
Box-1,1,29.7,54.2,0.625,C57Bl6j,chow,2017-03-17 09:06:00,99,87,74,61,22.7,0.819,0.361,0.47,0,0
Box-1,1,29.7,54.2,0.625,C57Bl6j,chow,2017-03-17 09:16:00,185,70,70,57,22.7,0.814,0.34,0.46,0,0
Box-1,1,29.7,54.2,0.625,C57Bl6j,chow,2017-03-17 09:26:00,83,69,75,63,22.8,0.846,0.364,0.46,0,0
Box-1,1,29.7,54.2,0.625,C57Bl6j,chow,2017-03-17 09:36:00,68,63,70,57,22.7,0.807,0.339,0.46,0,0
Box-1,1,29.7,54.2,0.625,C57Bl6j,chow,2017-03-17 09:46:00,115,77,72,60,22.8,0.828,0.351,0.47,0,0
Box-1,1,29.7,54.2,0.625,C57Bl6j,chow,2017-03-17 09:56:00,242,130,65,53,22.8,0.813,0.315,0.45,0.09,0
Box-1,1,29.7,54.2,0.625,C57Bl6j,chow,2017-03-17 10:06:00,382,174,92,78,22.8,0.842,0.45,0.46,0.01,0.03
Box-1,1,29.7,54.2,0.625,C57Bl6j,chow,2017-03-17 10:16:00,1761,847,98,86,22.8,0.869,0.482,0.46,0.04,0.07
Box-1,1,29.7,54.2,0.625,C57Bl6j,chow,2017-03-17 10:26:00,750,381,88,79,22.8,0.895,0.434,0.42,0,0.07
Box-1,1,29.7,54.2,0.625,C57Bl6j,chow,2017-03-17 10:36:00,205,98,99,87,22.8,0.881,0.485,0.46,0,0
Box-1,1,29.7,54.2,0.625,C57Bl6j,chow,2017-03-17 10:46:00,0,0,87,76,22.8,0.871,0.426,0.44,0,0
Box-1,1,29.7,54.2,0.625,C57Bl6j,chow,2017-03-17 10:56:00,0,0,68,58,22.9,0.854,0.331,0.45,0,0
Box-1,1,29.7,54.2,0.625,C57Bl6j,chow,2017-03-17 11:06:00,0,0,66,57,22.8,0.863,0.324,0.42,0,0
Box-1,1,29.7,54.2,0.625,C57Bl6j,chow,2017-03-17 11:16:00,0,0,74,62,22.8,0.842,0.36,0.47,0,0
Box-1,1,29.7,54.2,0.625,C57Bl6j,chow,2017-03-17 11:26:00,0,0,64,52,22.8,0.818,0.309,0.43,0,0
Box-1,1,29.7,54.2,0.625,C57Bl6j,chow,2017-03-17 11:36:00,0,0,64,53,22.8,0.825,0.312,0.44,0,0
Box-1,1,29.7,54.2,0.625,C57Bl6j,chow,2017-03-17 11:46:00,0,0,76,64,22.8,0.846,0.369,0.45,0,0
Box-1,1,29.7,54.2,0.625,C57Bl6j,chow,2017-03-17 11:56:00,31,28,73,61,22.9,0.836,0.357,0.44,0.01,0
Box-1,1,29.7,54.2,0.625,C57Bl6j,chow,2017-03-17 12:06:00,92,66,90,76,22.8,0.846,0.437,0.45,0.11,0.1
Box-1,1,29.7,54.2,0.625,C57Bl6j,chow,2017-03-17 12:16:00,0,0,71,61,22.8,0.859,0.35,0.45,0,0
Box-1,1,29.7,54.2,0.625,C57Bl6j,chow,2017-03-17 12:26:00,0,0,68,61,22.8,0.896,0.334,0.45,0,0
Box-1,1,29.7,54.2,0.625,C57Bl6j,chow,2017-03-17 12:36:00,0,0,73,66,22.8,0.909,0.361,0.47,0,0
Box-1,1,29.7,54.2,0.625,C57Bl6j,chow,2017-03-17 12:46:00,0,0,69,60,22.8,0.869,0.338,0.46,0,0
Box-1,1,29.7,54.2,0.625,C57Bl6j,chow,2017-03-17 12:56:00,0,0,63,54,22.8,0.862,0.309,0.45,0,0
Box-1,1,29.7,54.2,0.625,C57Bl6j,chow,2017-03-17 13:06:00,52,26,64,56,22.8,0.87,0.313,0.43,0,0
Box-1,1,29.7,54.2,0.625,C57Bl6j,chow,2017-03-17 13:16:00,0,0,68,58,22.8,0.862,0.331,0.47,0,0
Box-1,1,29.7,54.2,0.625,C57Bl6j,chow,2017-03-17 13:26:00,0,0,63,53,22.8,0.837,0.306,0.44,0,0
Box-1,1,29.7,54.2,0.625,C57Bl6j,chow,2017-03-17 13:36:00,196,96,64,53,22.8,0.827,0.312,0.44,0.07,0
Box-1,1,29.7,54.2,0.625,C57Bl6j,chow,2017-03-17 13:46:00,102,67,87,77,22.8,0.88,0.429,0.44,0.09,0.06
Box-1,1,29.7,54.2,0.625,C57Bl6j,chow,2017-03-17 13:56:00,1797,1041,87,79,22.9,0.903,0.43,0.45,0.04,0.14
Box-1,1,29.7,54.2,0.625,C57Bl6j,chow,2017-03-17 14:06:00,16,13,95,86,22.9,0.909,0.47,0.45,0,0
Box-1,1,29.7,54.2,0.625,C57Bl6j,chow,2017-03-17 14:16:00,0,0,74,66,22.8,0.901,0.364,0.45,0,0
Box-1,1,29.7,54.2,0.625,C57Bl6j,chow,2017-03-17 14:26:00,1,1,74,66,22.8,0.89,0.365,0.45,0,0
Box-1,1,29.7,54.2,0.625,C57Bl6j,chow,2017-03-17 14:36:00,0,0,65,56,22.8,0.87,0.318,0.45,0,0
Box-1,1,29.7,54.2,0.625,C57Bl6j,chow,2017-03-17 14:46:00,0,0,69,59,22.8,0.865,0.337,0.45,0,0
Box-1,1,29.7,54.2,0.625,C57Bl6j,chow,2017-03-17 14:56:00,0,0,64,54,22.8,0.848,0.313,0.44,0,0
Box-1,1,29.7,54.2,0.625,C57Bl6j,chow,2017-03-17 15:06:00,0,0,62,52,22.8,0.829,0.303,0.46,0,0
Box-1,1,29.7,54.2,0.625,C57Bl6j,chow,2017-03-17 15:16:00,36,34,69,60,22.8,0.862,0.339,0.45,0.16,0
Box-1,1,29.7,54.2,0.625,C57Bl6j,chow,2017-03-17 15:26:00,270,153,97,88,22.8,0.913,0.478,0.46,0,0.07
Box-11,3,27,63.3,0.708,C57Bl6j,chow,2017-03-14 14:36:00,177,124,60,54,21.8,0.891,0.296,0.45,0,0
Box-11,3,27,63.3,0.708,C57Bl6j,chow,2017-03-14 14:46:00,25,20,56,50,21.8,0.878,0.277,0.45,0,0
Box-11,3,27,63.3,0.708,C57Bl6j,chow,2017-03-14 14:56:00,79,46,62,55,22.1,0.882,0.306,0.45,0,0.06
Box-11,3,27,63.3,0.708,C57Bl6j,chow,2017-03-14 15:06:00,233,111,58,51,21.9,0.872,0.285,0.45,0,0.08
Box-11,3,27,63.3,0.708,C57Bl6j,chow,2017-03-14 15:16:00,398,189,65,57,21.8,0.881,0.318,0.44,0,0.08
Box-11,3,27,63.3,0.708,C57Bl6j,chow,2017-03-14 15:26:00,474,274,68,61,21.9,0.894,0.335,0.46,0.2,0.13
Box-11,3,27,63.3,0.708,C57Bl6j,chow,2017-03-14 15:36:00,324,125,76,68,22,0.902,0.374,0.45,0,0
Box-11,3,27,63.3,0.708,C57Bl6j,chow,2017-03-14 15:46:00,53,41,72,65,21.9,0.914,0.355,0.44,0,0.06
Box-11,3,27,63.3,0.708,C57Bl6j,chow,2017-03-14 15:56:00,82,52,60,55,21.8,0.916,0.299,0.46,0,0.07
Box-11,3,27,63.3,0.708,C57Bl6j,chow,2017-03-14 16:06:00,164,98,75,72,21.9,0.96,0.377,0.47,0,0
Box-11,3,27,63.3,0.708,C57Bl6j,chow,2017-03-14 16:16:00,72,62,71,67,22,0.944,0.353,0.45,0,0.1
Box-11,3,27,63.3,0.708,C57Bl6j,chow,2017-03-14 16:26:00,256,162,64,59,21.9,0.92,0.316,0.46,0,0.12
Box-11,3,27,63.3,0.708,C57Bl6j,chow,2017-03-14 16:36:00,352,199,63,58,22.8,0.923,0.311,0.43,0,0.13
Box-11,3,27,63.3,0.708,C57Bl6j,chow,2017-03-14 16:46:00,394,234,68,61,23,0.905,0.334,0.45,0,0.14
Box-11,3,27,63.3,0.708,C57Bl6j,chow,2017-03-14 16:56:00,29,17,72,66,22.8,0.92,0.356,0.47,0,0.15
Box-11,3,27,63.3,0.708,C57Bl6j,chow,2017-03-14 17:06:00,67,50,55,50,22.6,0.907,0.274,0.43,0,0.07
Box-11,3,27,63.3,0.708,C57Bl6j,chow,2017-03-14 17:16:00,112,48,59,53,22.5,0.892,0.293,0.46,0,0.15
Box-11,3,27,63.3,0.708,C57Bl6j,chow,2017-03-14 17:26:00,23,10,59,51,22.5,0.855,0.29,0.46,0,0.13
Box-11,3,27,63.3,0.708,C57Bl6j,chow,2017-03-14 17:36:00,122,64,56,48,22.3,0.854,0.274,0.45,0,0.07
Box-11,3,27,63.3,0.708,C57Bl6j,chow,2017-03-14 17:46:00,158,97,99,86,22.4,0.869,0.486,0.44,0.24,0.17
Box-11,3,27,63.3,0.708,C57Bl6j,chow,2017-03-14 17:56:00,416,198,58,50,22.3,0.86,0.282,0.45,0,0.06
Box-11,3,27,63.3,0.708,C57Bl6j,chow,2017-03-14 18:06:00,50,18,58,50,22.2,0.859,0.284,0.46,0,0.13
Box-11,3,27,63.3,0.708,C57Bl6j,chow,2017-03-14 18:16:00,72,47,61,55,22.3,0.903,0.303,0.45,0,0.08
Box-11,3,27,63.3,0.708,C57Bl6j,chow,2017-03-14 18:26:00,297,182,58,53,22.1,0.908,0.288,0.45,0,0.06
Box-11,3,27,63.3,0.708,C57Bl6j,chow,2017-03-14 18:36:00,487,211,82,78,22,0.959,0.409,0.45,0,0.15
Box-11,3,27,63.3,0.708,C57Bl6j,chow,2017-03-14 18:46:00,1356,841,107,102,22,0.951,0.536,0.44,0,0.13
Box-11,3,27,63.3,0.708,C57Bl6j,chow,2017-03-14 18:56:00,2412,1498,106,99,22.3,0.939,0.527,0.45,0.16,0.09
Box-11,3,27,63.3,0.708,C57Bl6j,chow,2017-03-14 19:06:00,2316,1426,102,96,22.1,0.937,0.508,0.43,0,0.04
Box-11,3,27,63.3,0.708,C57Bl6j,chow,2017-03-14 19:16:00,972,491,80,72,22,0.902,0.394,0.46,0,0.08
Box-11,3,27,63.3,0.708,C57Bl6j,chow,2017-03-14 19:26:00,351,192,77,69,21.9,0.895,0.378,0.44,0,0.13
Box-11,3,27,63.3,0.708,C57Bl6j,chow,2017-03-14 19:36:00,1037,630,112,102,22.1,0.911,0.556,0.43,0,0.07
Box-11,3,27,63.3,0.708,C57Bl6j,chow,2017-03-14 19:46:00,405,213,77,69,22.1,0.894,0.378,0.46,0,0.08
Box-11,3,27,63.3,0.708,C57Bl6j,chow,2017-03-14 19:56:00,80,39,70,61,21.9,0.873,0.345,0.45,0,0.07
Box-11,3,27,63.3,0.708,C57Bl6j,chow,2017-03-14 20:06:00,423,223,86,78,21.8,0.903,0.425,0.46,0,0.14
Box-11,3,27,63.3,0.708,C57Bl6j,chow,2017-03-14 20:16:00,649,362,113,102,22.2,0.9,0.56,0.45,0.1,0.06
Box-11,3,27,63.3,0.708,C57Bl6j,chow,2017-03-14 20:26:00,70,23,68,61,22.1,0.89,0.337,0.43,0,0.11
Box-11,3,27,63.3,0.708,C57Bl6j,chow,2017-03-14 20:36:00,116,100,74,68,22,0.917,0.368,0.47,0,0.06
Box-11,3,27,63.3,0.708,C57Bl6j,chow,2017-03-14 20:46:00,204,127,66,60,21.9,0.91,0.328,0.44,0,0.06
Box-11,3,27,63.3,0.708,C57Bl6j,chow,2017-03-14 20:56:00,643,291,84,79,22.1,0.939,0.42,0.45,0.22,0.07
Box-11,3,27,63.3,0.708,C57Bl6j,chow,2017-03-14 21:06:00,1157,626,103,99,22.2,0.961,0.515,0.43,0.05,0.19
Box-11,3,27,63.3,0.708,C57Bl6j,chow,2017-03-14 21:16:00,2528,1527,120,115,22.2,0.962,0.599,0.46,0,0.06
Box-11,3,27,63.3,0.708,C57Bl6j,chow,2017-03-14 21:26:00,2109,1180,109,103,22.2,0.944,0.544,0.44,0,0.09
Box-11,3,27,63.3,0.708,C57Bl6j,chow,2017-03-14 21:36:00,1485,703,117,107,22.1,0.92,0.578,0.44,0.18,0.07
Box-11,3,27,63.3,0.708,C57Bl6j,chow,2017-03-14 21:46:00,2349,1461,109,103,22.1,0.947,0.545,0.45,0,0.04
Box-11,3,27,63.3,0.708,C57Bl6j,chow,2017-03-14 21:56:00,442,177,80,72,22.1,0.904,0.394,0.46,0,0.14
Box-11,3,27,63.3,0.708,C57Bl6j,chow,2017-03-14 22:06:00,252,139,115,108,22.1,0.937,0.574,0.43,0,0.06
Box-11,3,27,63.3,0.708,C57Bl6j,chow,2017-03-14 22:16:00,1820,1072,102,96,22,0.942,0.51,0.47,0,0.12
Box-11,3,27,63.3,0.708,C57Bl6j,chow,2017-03-14 22:26:00,1354,697,108,101,22.1,0.928,0.538,0.45,0.19,0.09
Box-11,3,27,63.3,0.708,C57Bl6j,chow,2017-03-14 22:36:00,2062,1214,99,93,22.1,0.938,0.491,0.45,0,0.03
Box-11,3,27,63.3,0.708,C57Bl6j,chow,2017-03-14 22:46:00,1455,745,80,73,22,0.917,0.396,0.44,0,0.11
Box-11,3,27,63.3,0.708,C57Bl6j,chow,2017-03-14 22:56:00,1664,948,87,81,22,0.93,0.433,0.43,0,0.06
Box-11,3,27,63.3,0.708,C57Bl6j,chow,2017-03-14 23:06:00,1298,773,115,107,22.2,0.928,0.573,0.45,0,0.09
Box-11,3,27,63.3,0.708,C57Bl6j,chow,2017-03-14 23:16:00,1249,779,131,123,22.2,0.936,0.651,0.48,0,0.07
Box-11,3,27,63.3,0.708,C57Bl6j,chow,2017-03-14 23:26:00,1277,791,120,110,22.1,0.917,0.597,0.45,0.1,0.08
Box-11,3,27,63.3,0.708,C57Bl6j,chow,2017-03-14 23:36:00,1778,1068,103,97,22.2,0.942,0.511,0.46,0,0.03
Box-11,3,27,63.3,0.708,C57Bl6j,chow,2017-03-14 23:46:00,2487,1495,103,98,22.2,0.945,0.515,0.44,0,0.1
Box-11,3,27,63.3,0.708,C57Bl6j,chow,2017-03-14 23:56:00,3034,1706,112,104,22.2,0.929,0.557,0.45,0,0.06
Box-11,3,27,63.3,0.708,C57Bl6j,chow,2017-03-15 00:06:00,1802,1208,98,91,22.2,0.922,0.488,0.45,0,0.06
Box-11,3,27,63.3,0.708,C57Bl6j,chow,2017-03-15 00:16:00,326,278,123,112,22,0.914,0.607,0.46,0.03,0.1
Box-11,3,27,63.3,0.708,C57Bl6j,chow,2017-03-15 00:26:00,1156,835,68,60,22.1,0.89,0.335,0.45,0,0.09
Box-11,3,27,63.3,0.708,C57Bl6j,chow,2017-03-15 00:36:00,1521,1002,94,87,22,0.927,0.466,0.44,0.11,0.04
Box-11,3,27,63.3,0.708,C57Bl6j,chow,2017-03-15 00:46:00,1356,869,105,96,22.1,0.92,0.519,0.46,0,0.06
Box-11,3,27,63.3,0.708,C57Bl6j,chow,2017-03-15 00:56:00,619,376,103,95,22.1,0.92,0.511,0.44,0,0.06
Box-11,3,27,63.3,0.708,C57Bl6j,chow,2017-03-15 01:06:00,610,317,102,93,22.2,0.91,0.505,0.46,0,0.07
Box-11,3,27,63.3,0.708,C57Bl6j,chow,2017-03-15 01:16:00,847,669,76,69,22.2,0.909,0.374,0.45,0,0.08
Box-11,3,27,63.3,0.708,C57Bl6j,chow,2017-03-15 01:26:00,1107,721,74,64,22,0.866,0.36,0.45,0,0
Box-11,3,27,63.3,0.708,C57Bl6j,chow,2017-03-15 01:36:00,555,302,82,71,22.2,0.869,0.402,0.45,0,0.08
Box-11,3,27,63.3,0.708,C57Bl6j,chow,2017-03-15 01:46:00,659,293,92,82,22.2,0.883,0.454,0.45,0,0.07
Box-11,3,27,63.3,0.708,C57Bl6j,chow,2017-03-15 01:56:00,41,30,72,62,22.1,0.862,0.351,0.43,0,0
Box-11,3,27,63.3,0.708,C57Bl6j,chow,2017-03-15 02:06:00,27,21,71,60,22.2,0.84,0.345,0.45,0,0.08
Box-11,3,27,63.3,0.708,C57Bl6j,chow,2017-03-15 02:16:00,80,54,68,56,22,0.82,0.331,0.45,0,0.07
Box-11,3,27,63.3,0.708,C57Bl6j,chow,2017-03-15 02:26:00,83,26,67,54,22,0.807,0.324,0.44,0,0.07
Box-11,3,27,63.3,0.708,C57Bl6j,chow,2017-03-15 02:36:00,23,5,65,52,22,0.799,0.313,0.45,0,0.03
Box-11,3,27,63.3,0.708,C57Bl6j,chow,2017-03-15 02:46:00,300,197,104,88,22.2,0.842,0.509,0.46,0.16,0.04
Box-11,3,27,63.3,0.708,C57Bl6j,chow,2017-03-15 02:56:00,509,327,96,82,22,0.851,0.468,0.45,0,0.1
Box-11,3,27,63.3,0.708,C57Bl6j,chow,2017-03-15 03:06:00,26,13,64,55,22,0.853,0.313,0.46,0,0.03
Box-11,3,27,63.3,0.708,C57Bl6j,chow,2017-03-15 03:16:00,241,228,71,62,21.9,0.878,0.35,0.46,0,0.03
Box-11,3,27,63.3,0.708,C57Bl6j,chow,2017-03-15 03:26:00,319,217,81,74,21.9,0.918,0.399,0.43,0,0.12
Box-11,3,27,63.3,0.708,C57Bl6j,chow,2017-03-15 03:36:00,157,110,89,82,22,0.924,0.441,0.45,0,0
Box-11,3,27,63.3,0.708,C57Bl6j,chow,2017-03-15 03:46:00,274,176,104,97,22.1,0.941,0.516,0.45,0.11,0.07
Box-11,3,27,63.3,0.708,C57Bl6j,chow,2017-03-15 03:56:00,38,19,64,58,22,0.919,0.315,0.45,0,0
Box-11,3,27,63.3,0.708,C57Bl6j,chow,2017-03-15 04:06:00,42,26,65,60,21.9,0.922,0.323,0.45,0,0.06
Box-11,3,27,63.3,0.708,C57Bl6j,chow,2017-03-15 04:16:00,120,69,77,72,22.1,0.942,0.382,0.45,0,0
Box-11,3,27,63.3,0.708,C57Bl6j,chow,2017-03-15 04:26:00,174,96,80,75,22.1,0.932,0.398,0.47,0,0.07
Box-11,3,27,63.3,0.708,C57Bl6j,chow,2017-03-15 04:36:00,229,42,74,69,22,0.932,0.366,0.45,0,0
Box-11,3,27,63.3,0.708,C57Bl6j,chow,2017-03-15 04:46:00,588,391,91,86,22,0.95,0.453,0.45,0,0.09
Box-11,3,27,63.3,0.708,C57Bl6j,chow,2017-03-15 04:56:00,703,369,99,93,22.1,0.936,0.495,0.45,0.2,0.03
Box-11,3,27,63.3,0.708,C57Bl6j,chow,2017-03-15 05:06:00,1604,906,101,94,22.3,0.93,0.502,0.46,0,0.2
Box-11,3,27,63.3,0.708,C57Bl6j,chow,2017-03-15 05:16:00,254,163,90,83,22.2,0.923,0.447,0.46,0,0.1
Box-11,3,27,63.3,0.708,C57Bl6j,chow,2017-03-15 05:26:00,2,2,82,75,22.2,0.922,0.405,0.46,0,0.16
Box-11,3,27,63.3,0.708,C57Bl6j,chow,2017-03-15 05:36:00,33,22,74,68,22,0.919,0.368,0.46,0,0.13
Box-11,3,27,63.3,0.708,C57Bl6j,chow,2017-03-15 05:46:00,80,58,83,77,22,0.931,0.412,0.45,0.16,0.09
Box-11,3,27,63.3,0.708,C57Bl6j,chow,2017-03-15 05:56:00,1263,771,77,72,22.2,0.944,0.382,0.44,0.14,0.14
Box-11,3,27,63.3,0.708,C57Bl6j,chow,2017-03-15 06:06:00,806,411,86,80,22.2,0.929,0.427,0.44,0,0.17
Box-11,3,27,63.3,0.708,C57Bl6j,chow,2017-03-15 06:16:00,725,333,114,107,22.1,0.942,0.568,0.43,0,0.11
Box-11,3,27,63.3,0.708,C57Bl6j,chow,2017-03-15 06:26:00,723,347,77,69,22.1,0.905,0.378,0.45,0,0.09
Box-11,3,27,63.3,0.708,C57Bl6j,chow,2017-03-15 06:36:00,719,421,91,84,22.2,0.931,0.451,0.43,0,0.15
Box-11,3,27,63.3,0.708,C57Bl6j,chow,2017-03-15 06:46:00,70,69,80,73,22.2,0.917,0.397,0.45,0,0.13
Box-11,3,27,63.3,0.708,C57Bl6j,chow,2017-03-15 06:56:00,97,83,67,61,21.9,0.92,0.331,0.45,0,0.07
Box-11,3,27,63.3,0.708,C57Bl6j,chow,2017-03-15 07:06:00,133,121,59,54,22,0.901,0.293,0.45,0,0.13
Box-11,3,27,63.3,0.708,C57Bl6j,chow,2017-03-15 07:16:00,87,75,60,55,22.1,0.909,0.297,0.45,0,0.13
Box-11,3,27,63.3,0.708,C57Bl6j,chow,2017-03-15 07:26:00,145,129,63,56,22.2,0.884,0.31,0.45,0,0.06
Box-11,3,27,63.3,0.708,C57Bl6j,chow,2017-03-15 07:36:00,45,42,57,50,21.9,0.879,0.282,0.45,0,0.14
Box-11,3,27,63.3,0.708,C57Bl6j,chow,2017-03-15 07:46:00,153,117,65,56,22.1,0.873,0.317,0.45,0,0.07
Box-11,3,27,63.3,0.708,C57Bl6j,chow,2017-03-15 07:56:00,445,301,98,87,22.2,0.881,0.484,0.46,0.07,0.13
Box-11,3,27,63.3,0.708,C57Bl6j,chow,2017-03-15 08:06:00,1005,353,89,80,22.3,0.899,0.437,0.46,0.13,0.13
Box-11,3,27,63.3,0.708,C57Bl6j,chow,2017-03-15 08:16:00,1532,597,86,78,22.3,0.909,0.423,0.47,0,0.05
Box-11,3,27,63.3,0.708,C57Bl6j,chow,2017-03-15 08:26:00,403,241,85,79,22.3,0.927,0.423,0.45,0,0.1
Box-11,3,27,63.3,0.708,C57Bl6j,chow,2017-03-15 08:36:00,237,71,81,74,22.2,0.916,0.403,0.45,0,0.06
Box-11,3,27,63.3,0.708,C57Bl6j,chow,2017-03-15 08:46:00,291,20,63,57,22,0.913,0.312,0.45,0,0.13
Box-11,3,27,63.3,0.708,C57Bl6j,chow,2017-03-15 08:56:00,201,17,67,62,22.2,0.924,0.334,0.45,0,0.07
Box-11,3,27,63.3,0.708,C57Bl6j,chow,2017-03-15 09:06:00,196,20,62,56,22.2,0.91,0.305,0.44,0,0.12
Box-11,3,27,63.3,0.708,C57Bl6j,chow,2017-03-15 09:16:00,209,36,59,53,22.1,0.896,0.291,0.45,0,0.07
Box-11,3,27,63.3,0.708,C57Bl6j,chow,2017-03-15 09:26:00,220,50,55,50,21.9,0.903,0.272,0.44,0,0.06
Box-11,3,27,63.3,0.708,C57Bl6j,chow,2017-03-15 09:36:00,152,19,62,56,22.2,0.901,0.308,0.46,0,0.07
Box-11,3,27,63.3,0.708,C57Bl6j,chow,2017-03-15 09:46:00,288,96,61,54,22.1,0.895,0.3,0.45,0,0.07
Box-11,3,27,63.3,0.708,C57Bl6j,chow,2017-03-15 09:56:00,69,19,62,57,21.9,0.907,0.308,0.45,0,0.13
Box-11,3,27,63.3,0.708,C57Bl6j,chow,2017-03-15 10:06:00,633,220,67,62,21.7,0.928,0.333,0.45,0,0.06
Box-11,3,27,63.3,0.708,C57Bl6j,chow,2017-03-15 10:16:00,689,327,73,69,22.1,0.943,0.366,0.44,0.17,0.07
Box-11,3,27,63.3,0.708,C57Bl6j,chow,2017-03-15 10:26:00,920,379,80,73,22,0.917,0.396,0.45,0,0.1
Box-11,3,27,63.3,0.708,C57Bl6j,chow,2017-03-15 10:36:00,101,51,70,62,21.9,0.889,0.344,0.45,0,0.04
Box-11,3,27,63.3,0.708,C57Bl6j,chow,2017-03-15 10:46:00,39,21,62,56,21.8,0.895,0.308,0.45,0,0.07
Box-11,3,27,63.3,0.708,C57Bl6j,chow,2017-03-15 10:56:00,80,11,63,56,22,0.882,0.31,0.45,0,0.07
Box-11,3,27,63.3,0.708,C57Bl6j,chow,2017-03-15 11:06:00,837,31,62,54,21.8,0.869,0.304,0.45,0,0.06
Box-11,3,27,63.3,0.708,C57Bl6j,chow,2017-03-15 11:16:00,69,30,56,48,21.8,0.858,0.276,0.44,0,0.03
Box-11,3,27,63.3,0.708,C57Bl6j,chow,2017-03-15 11:26:00,200,164,60,51,21.9,0.855,0.292,0.46,0,0.04
Box-11,3,27,63.3,0.708,C57Bl6j,chow,2017-03-15 11:36:00,50,44,58,49,21.8,0.841,0.281,0.45,0,0.07
Box-11,3,27,63.3,0.708,C57Bl6j,chow,2017-03-15 11:46:00,66,31,57,48,21.8,0.841,0.279,0.45,0,0.07
Box-11,3,27,63.3,0.708,C57Bl6j,chow,2017-03-15 11:56:00,254,142,68,58,22,0.866,0.331,0.44,0,0.06
Box-11,3,27,63.3,0.708,C57Bl6j,chow,2017-03-15 12:06:00,163,12,65,55,22.1,0.84,0.317,0.45,0,0.07
Box-11,3,27,63.3,0.708,C57Bl6j,chow,2017-03-15 12:16:00,179,87,56,47,21.8,0.84,0.273,0.43,0,0.06
Box-11,3,27,63.3,0.708,C57Bl6j,chow,2017-03-15 12:26:00,601,241,78,67,22,0.857,0.381,0.45,0,0.09
Box-11,3,27,63.3,0.708,C57Bl6j,chow,2017-03-15 12:36:00,1299,679,76,66,22.2,0.874,0.372,0.45,0,0.06
Box-11,3,27,63.3,0.708,C57Bl6j,chow,2017-03-15 12:46:00,712,276,84,75,22.2,0.891,0.414,0.44,0,0
Box-11,3,27,63.3,0.708,C57Bl6j,chow,2017-03-15 12:56:00,1123,264,74,65,22,0.887,0.363,0.45,0,0.06
Box-11,3,27,63.3,0.708,C57Bl6j,chow,2017-03-15 13:06:00,388,365,67,59,22.1,0.881,0.329,0.46,0,0.07
Box-11,3,27,63.3,0.708,C57Bl6j,chow,2017-03-15 13:16:00,229,212,66,57,22.1,0.871,0.322,0.45,0,0.07
Box-11,3,27,63.3,0.708,C57Bl6j,chow,2017-03-15 13:26:00,223,217,61,52,22.2,0.859,0.297,0.45,0,0.06
Box-11,3,27,63.3,0.708,C57Bl6j,chow,2017-03-15 13:36:00,292,280,60,50,22,0.845,0.291,0.47,0,0
Box-11,3,27,63.3,0.708,C57Bl6j,chow,2017-03-15 13:46:00,282,256,59,50,22.1,0.847,0.287,0.45,0,0.08
Box-11,3,27,63.3,0.708,C57Bl6j,chow,2017-03-15 13:56:00,247,189,60,51,22.1,0.837,0.294,0.45,0,0.06
Box-11,3,27,63.3,0.708,C57Bl6j,chow,2017-03-15 14:06:00,189,165,58,49,22.1,0.845,0.285,0.45,0,0.03
Box-11,3,27,63.3,0.708,C57Bl6j,chow,2017-03-15 14:16:00,178,170,58,49,22.1,0.848,0.284,0.45,0,0.04
Box-11,3,27,63.3,0.708,C57Bl6j,chow,2017-03-15 14:26:00,349,278,60,51,22.2,0.855,0.291,0.45,0,0.07
Box-11,3,27,63.3,0.708,C57Bl6j,chow,2017-03-15 14:36:00,679,386,75,68,22.1,0.902,0.372,0.44,0.07,0.07
Box-11,3,27,63.3,0.708,C57Bl6j,chow,2017-03-15 14:46:00,529,349,71,62,22,0.876,0.35,0.45,0,0
Box-11,3,27,63.3,0.708,C57Bl6j,chow,2017-03-15 14:56:00,659,159,74,65,22.2,0.878,0.363,0.46,0,0.07
Box-11,3,27,63.3,0.708,C57Bl6j,chow,2017-03-15 15:06:00,215,182,67,61,22.2,0.902,0.332,0.45,0,0
Box-11,3,27,63.3,0.708,C57Bl6j,chow,2017-03-15 15:16:00,457,158,62,56,22.1,0.897,0.307,0.45,0,0.07
Box-11,3,27,63.3,0.708,C57Bl6j,chow,2017-03-15 15:26:00,150,116,59,52,22,0.885,0.289,0.44,0,0.08
Box-11,3,27,63.3,0.708,C57Bl6j,chow,2017-03-15 15:36:00,322,271,62,54,22.1,0.868,0.305,0.45,0,0
Box-11,3,27,63.3,0.708,C57Bl6j,chow,2017-03-15 15:46:00,425,220,62,54,22.2,0.871,0.306,0.45,0,0.08
Box-11,3,27,63.3,0.708,C57Bl6j,chow,2017-03-15 15:56:00,1223,374,65,56,22.1,0.863,0.32,0.46,0,0
Box-11,3,27,63.3,0.708,C57Bl6j,chow,2017-03-15 16:06:00,528,350,109,96,22,0.879,0.536,0.45,0.18,0.07
Box-11,3,27,63.3,0.708,C57Bl6j,chow,2017-03-15 16:16:00,560,363,102,91,22.2,0.894,0.503,0.46,0.05,0.07
Box-11,3,27,63.3,0.708,C57Bl6j,chow,2017-03-15 16:26:00,243,162,68,60,22.1,0.882,0.336,0.45,0,0
Box-11,3,27,63.3,0.708,C57Bl6j,chow,2017-03-15 16:36:00,2405,133,63,58,22.2,0.917,0.314,0.42,0,0.05
Box-11,3,27,63.3,0.708,C57Bl6j,chow,2017-03-15 16:46:00,622,332,93,86,22.1,0.925,0.463,0.45,0.06,0.04
Box-11,3,27,63.3,0.708,C57Bl6j,chow,2017-03-15 16:56:00,647,325,95,87,22.2,0.92,0.469,0.45,0,0.08
Box-11,3,27,63.3,0.708,C57Bl6j,chow,2017-03-15 17:06:00,375,169,80,74,22.2,0.926,0.398,0.45,0.08,0
Box-11,3,27,63.3,0.708,C57Bl6j,chow,2017-03-15 17:16:00,888,425,86,78,22.3,0.911,0.425,0.45,0,0.05
Box-11,3,27,63.3,0.708,C57Bl6j,chow,2017-03-15 17:26:00,473,238,76,70,22.1,0.919,0.376,0.44,0,0
Box-11,3,27,63.3,0.708,C57Bl6j,chow,2017-03-15 17:36:00,273,120,83,77,22,0.929,0.413,0.45,0,0
Box-11,3,27,63.3,0.708,C57Bl6j,chow,2017-03-15 17:46:00,107,56,70,65,22.1,0.92,0.349,0.45,0,0.03
Box-11,3,27,63.3,0.708,C57Bl6j,chow,2017-03-15 17:56:00,442,169,71,66,22.1,0.92,0.354,0.47,0,0.03
Box-11,3,27,63.3,0.708,C57Bl6j,chow,2017-03-15 18:06:00,247,85,68,61,22,0.896,0.335,0.47,0,0
Box-11,3,27,63.3,0.708,C57Bl6j,chow,2017-03-15 18:16:00,543,252,62,56,21.8,0.891,0.307,0.46,0,0
Box-11,3,27,63.3,0.708,C57Bl6j,chow,2017-03-15 18:26:00,631,397,85,77,21.8,0.909,0.418,0.45,0.05,0.06
Box-11,3,27,63.3,0.708,C57Bl6j,chow,2017-03-15 18:36:00,875,292,70,62,21.9,0.878,0.345,0.46,0,0
Box-11,3,27,63.3,0.708,C57Bl6j,chow,2017-03-15 18:46:00,1729,935,103,95,22,0.92,0.512,0.45,0,0.09
Box-11,3,27,63.3,0.708,C57Bl6j,chow,2017-03-15 18:56:00,82,42,80,71,21.9,0.891,0.392,0.46,0,0
Box-11,3,27,63.3,0.708,C57Bl6j,chow,2017-03-15 19:06:00,247,147,74,67,21.9,0.898,0.367,0.45,0,0
Box-11,3,27,63.3,0.708,C57Bl6j,chow,2017-03-15 19:16:00,337,189,112,104,21.9,0.931,0.556,0.44,0.17,0
Box-11,3,27,63.3,0.708,C57Bl6j,chow,2017-03-15 19:26:00,71,46,61,55,21.9,0.898,0.303,0.45,0,0
Box-11,3,27,63.3,0.708,C57Bl6j,chow,2017-03-15 19:36:00,565,362,83,78,22,0.933,0.413,0.47,0,0.05
Box-11,3,27,63.3,0.708,C57Bl6j,chow,2017-03-15 19:46:00,130,76,82,77,22,0.936,0.407,0.44,0,0.01
Box-11,3,27,63.3,0.708,C57Bl6j,chow,2017-03-15 19:56:00,612,355,91,86,22,0.946,0.453,0.45,0,0
Box-11,3,27,63.3,0.708,C57Bl6j,chow,2017-03-15 20:06:00,290,205,85,79,22,0.935,0.421,0.46,0.03,0
Box-11,3,27,63.3,0.708,C57Bl6j,chow,2017-03-15 20:16:00,199,132,75,70,21.9,0.93,0.372,0.44,0,0.03
Box-11,3,27,63.3,0.708,C57Bl6j,chow,2017-03-15 20:26:00,518,319,96,89,22,0.931,0.476,0.45,0.16,0.06
Box-11,3,27,63.3,0.708,C57Bl6j,chow,2017-03-15 20:36:00,1972,1239,97,89,22.1,0.926,0.479,0.43,0.02,0.04
Box-11,3,27,63.3,0.708,C57Bl6j,chow,2017-03-15 20:46:00,1175,742,95,88,22.1,0.929,0.472,0.45,0.23,0.07
Box-11,3,27,63.3,0.708,C57Bl6j,chow,2017-03-15 20:56:00,1418,839,75,69,21.9,0.922,0.37,0.44,0,0.03
Box-11,3,27,63.3,0.708,C57Bl6j,chow,2017-03-15 21:06:00,1377,989,109,100,21.9,0.924,0.539,0.44,0,0.04
Box-11,3,27,63.3,0.708,C57Bl6j,chow,2017-03-15 21:16:00,2326,1393,80,73,21.9,0.915,0.398,0.43,0,0.04
Box-11,3,27,63.3,0.708,C57Bl6j,chow,2017-03-15 21:26:00,1226,801,112,104,21.9,0.931,0.558,0.43,0,0.11
Box-11,3,27,63.3,0.708,C57Bl6j,chow,2017-03-15 21:36:00,1604,1037,121,112,22.1,0.931,0.599,0.45,0,0.02
Box-11,3,27,63.3,0.708,C57Bl6j,chow,2017-03-15 21:46:00,2076,1257,100,93,22.1,0.928,0.498,0.46,0,0
Box-11,3,27,63.3,0.708,C57Bl6j,chow,2017-03-15 21:56:00,1461,794,100,92,22.1,0.927,0.495,0.45,0,0.08
Box-11,3,27,63.3,0.708,C57Bl6j,chow,2017-03-15 22:06:00,1361,827,105,98,22.2,0.935,0.523,0.46,0.1,0.07
Box-11,3,27,63.3,0.708,C57Bl6j,chow,2017-03-15 22:16:00,2362,1449,104,97,22.1,0.928,0.518,0.46,0.02,0.1
Box-11,3,27,63.3,0.708,C57Bl6j,chow,2017-03-15 22:26:00,1276,868,109,102,22.1,0.934,0.541,0.46,0.13,0.04
Box-11,3,27,63.3,0.708,C57Bl6j,chow,2017-03-15 22:36:00,1990,999,100,93,22.1,0.93,0.499,0.44,0,0.02
Box-11,3,27,63.3,0.708,C57Bl6j,chow,2017-03-15 22:46:00,1498,585,104,95,22.1,0.914,0.516,0.43,0,0.07
Box-11,3,27,63.3,0.708,C57Bl6j,chow,2017-03-15 22:56:00,1739,527,87,79,21.9,0.911,0.43,0.44,0,0.07
Box-11,3,27,63.3,0.708,C57Bl6j,chow,2017-03-15 23:06:00,1415,488,111,102,22.1,0.92,0.551,0.47,0,0.06
Box-11,3,27,63.3,0.708,C57Bl6j,chow,2017-03-15 23:16:00,1459,792,95,88,22.1,0.923,0.473,0.44,0,0.06
Box-11,3,27,63.3,0.708,C57Bl6j,chow,2017-03-15 23:26:00,2299,1225,100,93,21.9,0.926,0.497,0.45,0.01,0.04
Box-11,3,27,63.3,0.708,C57Bl6j,chow,2017-03-15 23:36:00,1832,1042,102,94,22.1,0.918,0.506,0.45,0.16,0.11
Box-11,3,27,63.3,0.708,C57Bl6j,chow,2017-03-15 23:46:00,591,399,106,97,22.1,0.917,0.526,0.45,0,0
Box-11,3,27,63.3,0.708,C57Bl6j,chow,2017-03-15 23:56:00,1882,1129,100,92,22.1,0.921,0.498,0.46,0,0.06
Box-11,3,27,63.3,0.708,C57Bl6j,chow,2017-03-16 00:06:00,1444,597,109,99,22.1,0.914,0.537,0.45,0,0.03
Box-11,3,27,63.3,0.708,C57Bl6j,chow,2017-03-16 00:16:00,2465,1100,106,96,22.3,0.907,0.526,0.45,0,0.03
Box-11,3,27,63.3,0.708,C57Bl6j,chow,2017-03-16 00:26:00,1208,697,73,67,22.2,0.914,0.363,0.45,0,0.07
Box-11,3,27,63.3,0.708,C57Bl6j,chow,2017-03-16 00:36:00,787,475,98,91,22.1,0.929,0.488,0.45,0,0
Box-11,3,27,63.3,0.708,C57Bl6j,chow,2017-03-16 00:46:00,185,151,85,78,22.1,0.919,0.423,0.47,0,0.09
Box-11,3,27,63.3,0.708,C57Bl6j,chow,2017-03-16 00:56:00,184,142,81,72,22,0.895,0.397,0.46,0,0
Box-11,3,27,63.3,0.708,C57Bl6j,chow,2017-03-16 01:06:00,92,70,76,66,22,0.863,0.374,0.46,0,0.07
Box-11,3,27,63.3,0.708,C57Bl6j,chow,2017-03-16 01:16:00,398,329,94,83,22.1,0.88,0.462,0.45,0.1,0
Box-11,3,27,63.3,0.708,C57Bl6j,chow,2017-03-16 01:26:00,893,601,76,67,22.1,0.874,0.375,0.47,0,0.06
Box-11,3,27,63.3,0.708,C57Bl6j,chow,2017-03-16 01:36:00,286,267,66,58,21.9,0.876,0.325,0.45,0,0
Box-11,3,27,63.3,0.708,C57Bl6j,chow,2017-03-16 01:46:00,1892,1834,67,60,21.9,0.89,0.329,0.45,0,0.09
Box-11,3,27,63.3,0.708,C57Bl6j,chow,2017-03-16 01:56:00,635,533,74,66,21.9,0.899,0.364,0.47,0,0.01
Box-11,3,27,63.3,0.708,C57Bl6j,chow,2017-03-16 02:06:00,794,623,77,68,21.8,0.889,0.379,0.45,0,0.08
Box-11,3,27,63.3,0.708,C57Bl6j,chow,2017-03-16 02:16:00,1167,863,85,77,22,0.909,0.419,0.44,0.05,0.06
Box-11,3,27,63.3,0.708,C57Bl6j,chow,2017-03-16 02:26:00,413,305,70,61,21.9,0.873,0.342,0.46,0,0
Box-11,3,27,63.3,0.708,C57Bl6j,chow,2017-03-16 02:36:00,1228,924,89,81,21.9,0.917,0.439,0.45,0,0
Box-11,3,27,63.3,0.708,C57Bl6j,chow,2017-03-16 02:46:00,701,513,80,73,21.8,0.907,0.395,0.46,0,0.04
Box-11,3,27,63.3,0.708,C57Bl6j,chow,2017-03-16 02:56:00,919,591,85,77,22,0.908,0.421,0.45,0.08,0
Box-11,3,27,63.3,0.708,C57Bl6j,chow,2017-03-16 03:06:00,720,524,73,65,22,0.882,0.361,0.45,0,0.1
Box-11,3,27,63.3,0.708,C57Bl6j,chow,2017-03-16 03:16:00,436,337,73,66,21.9,0.903,0.362,0.45,0,0
Box-11,3,27,63.3,0.708,C57Bl6j,chow,2017-03-16 03:26:00,340,278,69,61,21.9,0.891,0.338,0.45,0,0
Box-11,3,27,63.3,0.708,C57Bl6j,chow,2017-03-16 03:36:00,494,307,77,67,22.1,0.88,0.376,0.45,0.15,0.06
Box-11,3,27,63.3,0.708,C57Bl6j,chow,2017-03-16 03:46:00,826,439,74,66,22.2,0.896,0.364,0.44,0,0.07
Box-11,3,27,63.3,0.708,C57Bl6j,chow,2017-03-16 03:56:00,201,99,76,68,22,0.893,0.375,0.46,0,0
Box-11,3,27,63.3,0.708,C57Bl6j,chow,2017-03-16 04:06:00,229,126,72,66,22,0.914,0.359,0.45,0,0
Box-11,3,27,63.3,0.708,C57Bl6j,chow,2017-03-16 04:16:00,714,444,87,80,22.1,0.921,0.432,0.46,0,0
Box-11,3,27,63.3,0.708,C57Bl6j,chow,2017-03-16 04:26:00,190,157,83,74,22.1,0.893,0.409,0.46,0.16,0.06
Box-11,3,27,63.3,0.708,C57Bl6j,chow,2017-03-16 04:36:00,1610,959,96,87,22.3,0.911,0.475,0.45,0.2,0.14
Box-11,3,27,63.3,0.708,C57Bl6j,chow,2017-03-16 04:46:00,324,219,89,81,22.1,0.908,0.443,0.46,0,0.01
Box-11,3,27,63.3,0.708,C57Bl6j,chow,2017-03-16 04:56:00,197,145,81,73,22.1,0.898,0.399,0.45,0,0.03
Box-11,3,27,63.3,0.708,C57Bl6j,chow,2017-03-16 05:06:00,398,268,81,74,22.1,0.915,0.402,0.45,0,0.04
Box-11,3,27,63.3,0.708,C57Bl6j,chow,2017-03-16 05:16:00,807,478,121,111,22.2,0.92,0.598,0.45,0,0.14
Box-11,3,27,63.3,0.708,C57Bl6j,chow,2017-03-16 05:26:00,1816,1188,88,80,22.1,0.912,0.434,0.45,0,0.07
Box-11,3,27,63.3,0.708,C57Bl6j,chow,2017-03-16 05:36:00,1945,1268,98,90,22.2,0.911,0.487,0.46,0,0.05
Box-11,3,27,63.3,0.708,C57Bl6j,chow,2017-03-16 05:46:00,1049,645,107,94,22.2,0.883,0.525,0.45,0,0.04
Box-11,3,27,63.3,0.708,C57Bl6j,chow,2017-03-16 05:56:00,936,557,115,103,22.2,0.894,0.566,0.45,0,0.2
Box-11,3,27,63.3,0.708,C57Bl6j,chow,2017-03-16 06:06:00,173,134,81,72,22.2,0.893,0.399,0.45,0,0
Box-11,3,27,63.3,0.708,C57Bl6j,chow,2017-03-16 06:16:00,183,141,85,75,22.2,0.888,0.418,0.45,0,0
Box-11,3,27,63.3,0.708,C57Bl6j,chow,2017-03-16 06:26:00,17,15,69,61,22.2,0.893,0.339,0.45,0,0
Box-11,3,27,63.3,0.708,C57Bl6j,chow,2017-03-16 06:36:00,188,117,68,59,22.2,0.879,0.332,0.45,0,0
Box-11,3,27,63.3,0.708,C57Bl6j,chow,2017-03-16 06:46:00,38,32,69,58,22.1,0.846,0.335,0.48,0,0.08
Box-11,3,27,63.3,0.708,C57Bl6j,chow,2017-03-16 06:56:00,34,5,69,58,22.1,0.841,0.338,0.47,0,0
Box-11,3,27,63.3,0.708,C57Bl6j,chow,2017-03-16 07:06:00,328,244,81,69,22.2,0.849,0.394,0.46,0,0.08
Box-11,3,27,63.3,0.708,C57Bl6j,chow,2017-03-16 07:16:00,73,49,104,90,22.3,0.872,0.508,0.45,0.11,0
Box-11,3,27,63.3,0.708,C57Bl6j,chow,2017-03-16 07:26:00,991,569,88,77,22.3,0.882,0.432,0.45,0.05,0.09
Box-11,3,27,63.3,0.708,C57Bl6j,chow,2017-03-16 07:36:00,600,365,73,64,22.1,0.874,0.359,0.46,0,0.03
Box-11,3,27,63.3,0.708,C57Bl6j,chow,2017-03-16 07:46:00,96,91,80,72,22.2,0.901,0.395,0.43,0,0.07
Box-11,3,27,63.3,0.708,C57Bl6j,chow,2017-03-16 07:56:00,46,25,74,66,22.2,0.899,0.364,0.45,0,0
Box-11,3,27,63.3,0.708,C57Bl6j,chow,2017-03-16 08:06:00,52,36,69,62,22.1,0.888,0.341,0.46,0,0.06
Box-11,3,27,63.3,0.708,C57Bl6j,chow,2017-03-16 08:16:00,36,24,62,54,22.1,0.873,0.305,0.44,0,0
Box-11,3,27,63.3,0.708,C57Bl6j,chow,2017-03-16 08:26:00,135,118,72,63,22.2,0.865,0.354,0.46,0,0.09
Box-11,3,27,63.3,0.708,C57Bl6j,chow,2017-03-16 08:36:00,66,34,70,60,22.1,0.857,0.341,0.46,0,0
Box-11,3,27,63.3,0.708,C57Bl6j,chow,2017-03-16 08:46:00,85,55,68,57,22.1,0.843,0.331,0.46,0,0
Box-11,3,27,63.3,0.708,C57Bl6j,chow,2017-03-16 08:56:00,33,17,66,56,22.1,0.85,0.321,0.44,0,0.08
Box-11,3,27,63.3,0.708,C57Bl6j,chow,2017-03-16 09:06:00,18,13,70,59,22.2,0.841,0.342,0.46,0,0
Box-11,3,27,63.3,0.708,C57Bl6j,chow,2017-03-16 09:16:00,310,234,70,60,22.2,0.851,0.343,0.45,0.01,0.08
Box-11,3,27,63.3,0.708,C57Bl6j,chow,2017-03-16 09:26:00,253,179,69,59,22.2,0.856,0.337,0.45,0.04,0.05
Box-11,3,27,63.3,0.708,C57Bl6j,chow,2017-03-16 09:36:00,39,32,73,62,22.2,0.86,0.355,0.46,0,0
Box-11,3,27,63.3,0.708,C57Bl6j,chow,2017-03-16 09:46:00,36,30,64,56,22.2,0.871,0.314,0.45,0,0
Box-11,3,27,63.3,0.708,C57Bl6j,chow,2017-03-16 09:56:00,20,18,61,54,22.1,0.874,0.301,0.44,0,0
Box-11,3,27,63.3,0.708,C57Bl6j,chow,2017-03-16 10:06:00,31,30,61,53,21.9,0.879,0.299,0.46,0,0.08
Box-11,3,27,63.3,0.708,C57Bl6j,chow,2017-03-16 10:16:00,24,15,63,55,22.2,0.869,0.309,0.45,0,0
Box-11,3,27,63.3,0.708,C57Bl6j,chow,2017-03-16 10:26:00,28,4,57,49,22.1,0.865,0.279,0.43,0,0.07
Box-11,3,27,63.3,0.708,C57Bl6j,chow,2017-03-16 10:36:00,96,58,61,52,21.9,0.864,0.297,0.48,0,0
Box-11,3,27,63.3,0.708,C57Bl6j,chow,2017-03-16 10:46:00,61,44,60,51,21.7,0.848,0.295,0.46,0,0
Box-11,3,27,63.3,0.708,C57Bl6j,chow,2017-03-16 10:56:00,62,42,63,53,22.1,0.847,0.307,0.44,0,0
Box-11,3,27,63.3,0.708,C57Bl6j,chow,2017-03-16 11:06:00,60,38,59,50,21.9,0.84,0.288,0.45,0,0.07
Box-11,3,27,63.3,0.708,C57Bl6j,chow,2017-03-16 11:16:00,17,13,60,51,21.8,0.85,0.294,0.45,0,0.04
Box-11,3,27,63.3,0.708,C57Bl6j,chow,2017-03-16 11:26:00,310,262,63,55,21.9,0.869,0.308,0.44,0.03,0
Box-11,3,27,63.3,0.708,C57Bl6j,chow,2017-03-16 11:36:00,562,327,118,102,21.8,0.861,0.58,0.45,0.13,0.11
Box-11,3,27,63.3,0.708,C57Bl6j,chow,2017-03-16 11:46:00,950,536,83,71,21.9,0.855,0.404,0.45,0,0.03
Box-11,3,27,63.3,0.708,C57Bl6j,chow,2017-03-16 11:56:00,234,171,81,70,22,0.872,0.396,0.44,0,0
Box-11,3,27,63.3,0.708,C57Bl6j,chow,2017-03-16 12:06:00,87,39,69,61,22.1,0.885,0.337,0.45,0,0
Box-11,3,27,63.3,0.708,C57Bl6j,chow,2017-03-16 12:16:00,69,62,63,55,21.9,0.873,0.309,0.46,0,0
Box-11,3,27,63.3,0.708,C57Bl6j,chow,2017-03-16 12:26:00,100,79,66,56,22,0.849,0.323,0.46,0,0.08
Box-11,3,27,63.3,0.708,C57Bl6j,chow,2017-03-16 12:36:00,120,34,66,55,22.2,0.837,0.32,0.44,0,0
Box-11,3,27,63.3,0.708,C57Bl6j,chow,2017-03-16 12:46:00,69,57,65,54,22.1,0.834,0.315,0.45,0,0
Box-11,3,27,63.3,0.708,C57Bl6j,chow,2017-03-16 12:56:00,17,7,65,54,22,0.825,0.317,0.46,0,0
Box-11,3,27,63.3,0.708,C57Bl6j,chow,2017-03-16 13:06:00,65,53,64,52,22.1,0.824,0.308,0.44,0,0.07
Box-11,3,27,63.3,0.708,C57Bl6j,chow,2017-03-16 13:16:00,36,12,63,51,22.1,0.821,0.303,0.44,0,0
Box-11,3,27,63.3,0.708,C57Bl6j,chow,2017-03-16 13:26:00,267,143,64,53,22,0.833,0.31,0.46,0,0
Box-11,3,27,63.3,0.708,C57Bl6j,chow,2017-03-16 13:36:00,285,246,74,64,22.2,0.857,0.363,0.46,0.13,0.07
Box-11,3,27,63.3,0.708,C57Bl6j,chow,2017-03-16 13:46:00,607,391,78,68,22.3,0.879,0.382,0.44,0.13,0.07
Box-11,3,27,63.3,0.708,C57Bl6j,chow,2017-03-16 13:56:00,313,153,76,68,22,0.891,0.376,0.46,0,0
Box-11,3,27,63.3,0.708,C57Bl6j,chow,2017-03-16 14:06:00,102,41,72,64,21.8,0.886,0.356,0.47,0,0
Box-11,3,27,63.3,0.708,C57Bl6j,chow,2017-03-16 14:16:00,37,28,69,62,22.1,0.897,0.342,0.45,0,0
Box-11,3,27,63.3,0.708,C57Bl6j,chow,2017-03-16 14:26:00,88,88,60,55,21.9,0.919,0.298,0.44,0,0
Box-11,3,27,63.3,0.708,C57Bl6j,chow,2017-03-16 14:36:00,96,84,60,55,21.8,0.916,0.299,0.45,0,0
Box-11,3,27,63.3,0.708,C57Bl6j,chow,2017-03-16 14:46:00,321,310,59,54,21.8,0.913,0.292,0.45,0,0
Box-11,3,27,63.3,0.708,C57Bl6j,chow,2017-03-16 14:56:00,535,406,68,63,22,0.919,0.338,0.47,0.06,0.11
Box-11,3,27,63.3,0.708,C57Bl6j,chow,2017-03-16 15:06:00,141,107,68,64,21.9,0.94,0.339,0.43,0,0.11
Box-11,3,27,63.3,0.708,C57Bl6j,chow,2017-03-16 15:16:00,65,48,62,57,21.8,0.925,0.306,0.45,0,0
Box-11,3,27,63.3,0.708,C57Bl6j,chow,2017-03-16 15:26:00,48,47,61,57,21.8,0.928,0.305,0.46,0,0
Box-11,3,27,63.3,0.708,C57Bl6j,chow,2017-03-16 15:36:00,91,77,59,55,22,0.942,0.293,0.44,0,0
Box-11,3,27,63.3,0.708,C57Bl6j,chow,2017-03-16 15:46:00,48,26,57,53,21.8,0.93,0.283,0.45,0,0
Box-11,3,27,63.3,0.708,C57Bl6j,chow,2017-03-16 15:56:00,42,36,58,52,21.8,0.9,0.287,0.45,0,0
Box-11,3,27,63.3,0.708,C57Bl6j,chow,2017-03-16 16:06:00,55,39,59,53,21.8,0.895,0.292,0.46,0,0
Box-11,3,27,63.3,0.708,C57Bl6j,chow,2017-03-16 16:16:00,32,18,62,56,22,0.903,0.304,0.46,0,0.02
Box-11,3,27,63.3,0.708,C57Bl6j,chow,2017-03-16 16:26:00,305,214,67,61,21.8,0.907,0.33,0.45,0,0
Box-11,3,27,63.3,0.708,C57Bl6j,chow,2017-03-16 16:36:00,433,279,110,101,22,0.911,0.546,0.45,0.14,0.1
Box-11,3,27,63.3,0.708,C57Bl6j,chow,2017-03-16 16:46:00,495,300,79,72,22.2,0.915,0.392,0.46,0,0.04
Box-11,3,27,63.3,0.708,C57Bl6j,chow,2017-03-16 16:56:00,269,237,75,69,21.8,0.921,0.372,0.44,0,0
Box-11,3,27,63.3,0.708,C57Bl6j,chow,2017-03-16 17:06:00,69,52,74,68,22,0.917,0.368,0.44,0,0
Box-11,3,27,63.3,0.708,C57Bl6j,chow,2017-03-16 17:16:00,22,16,65,60,22.2,0.924,0.323,0.45,0,0
Box-11,3,27,63.3,0.708,C57Bl6j,chow,2017-03-16 17:26:00,47,32,66,61,22.1,0.916,0.327,0.46,0,0
Box-11,3,27,63.3,0.708,C57Bl6j,chow,2017-03-16 17:36:00,49,49,66,60,22,0.908,0.329,0.46,0,0
Box-11,3,27,63.3,0.708,C57Bl6j,chow,2017-03-16 17:46:00,335,216,95,88,22.2,0.928,0.472,0.44,0.09,0.08
Box-11,3,27,63.3,0.708,C57Bl6j,chow,2017-03-16 17:56:00,68,42,68,62,22.1,0.905,0.336,0.45,0,0
Box-11,3,27,63.3,0.708,C57Bl6j,chow,2017-03-16 18:06:00,77,65,63,59,21.9,0.936,0.316,0.46,0,0
Box-11,3,27,63.3,0.708,C57Bl6j,chow,2017-03-16 18:16:00,559,365,75,71,22.2,0.941,0.374,0.45,0,0
Box-11,3,27,63.3,0.708,C57Bl6j,chow,2017-03-16 18:26:00,478,279,94,91,21.9,0.964,0.473,0.46,0,0.03
Box-11,3,27,63.3,0.708,C57Bl6j,chow,2017-03-16 18:36:00,276,204,78,74,21.9,0.942,0.39,0.45,0,0
Box-11,3,27,63.3,0.708,C57Bl6j,chow,2017-03-16 18:46:00,1442,884,102,91,21.8,0.893,0.502,0.46,0.08,0.03
Box-11,3,27,63.3,0.708,C57Bl6j,chow,2017-03-16 18:56:00,1225,748,122,108,22.1,0.891,0.599,0.46,0.24,0.13
Box-11,3,27,63.3,0.708,C57Bl6j,chow,2017-03-16 19:06:00,1193,702,89,81,22.1,0.911,0.439,0.44,0,0
Box-11,3,27,63.3,0.708,C57Bl6j,chow,2017-03-16 19:16:00,533,367,91,83,21.9,0.905,0.451,0.45,0,0.02
Box-11,3,27,63.3,0.708,C57Bl6j,chow,2017-03-16 19:26:00,59,47,72,66,21.9,0.907,0.358,0.45,0,0
Box-11,3,27,63.3,0.708,C57Bl6j,chow,2017-03-16 19:36:00,555,315,82,75,22.1,0.913,0.408,0.46,0,0
Box-11,3,27,63.3,0.708,C57Bl6j,chow,2017-03-16 19:46:00,283,136,73,68,22.1,0.928,0.362,0.45,0,0.03
Box-11,3,27,63.3,0.708,C57Bl6j,chow,2017-03-16 19:56:00,554,160,75,69,21.9,0.928,0.371,0.45,0,0
Box-11,3,27,63.3,0.708,C57Bl6j,chow,2017-03-16 20:06:00,188,107,87,83,21.9,0.956,0.434,0.45,0,0.04
Box-11,3,27,63.3,0.708,C57Bl6j,chow,2017-03-16 20:16:00,249,153,83,79,22.1,0.95,0.417,0.46,0,0.01
Box-11,3,27,63.3,0.708,C57Bl6j,chow,2017-03-16 20:26:00,398,223,81,76,22,0.938,0.403,0.45,0,0
Box-11,3,27,63.3,0.708,C57Bl6j,chow,2017-03-16 20:36:00,1156,682,102,95,22.1,0.932,0.506,0.45,0.01,0.01
Box-11,3,27,63.3,0.708,C57Bl6j,chow,2017-03-16 20:46:00,1371,795,94,87,22,0.925,0.467,0.46,0.1,0.03
Box-11,3,27,63.3,0.708,C57Bl6j,chow,2017-03-16 20:56:00,544,453,91,84,22.1,0.921,0.45,0.46,0,0
Box-11,3,27,63.3,0.708,C57Bl6j,chow,2017-03-16 21:06:00,325,210,88,81,22.1,0.923,0.438,0.44,0.05,0
Box-11,3,27,63.3,0.708,C57Bl6j,chow,2017-03-16 21:16:00,1216,697,97,90,22.3,0.928,0.484,0.46,0.14,0.12
Box-11,3,27,63.3,0.708,C57Bl6j,chow,2017-03-16 21:26:00,2507,1581,107,100,22.2,0.933,0.533,0.46,0,0.04
Box-11,3,27,63.3,0.708,C57Bl6j,chow,2017-03-16 21:36:00,1051,633,108,101,22.1,0.934,0.538,0.47,0,0.08
Box-11,3,27,63.3,0.708,C57Bl6j,chow,2017-03-16 21:46:00,1134,733,100,93,22.3,0.93,0.498,0.45,0,0
Box-11,3,27,63.3,0.708,C57Bl6j,chow,2017-03-16 21:56:00,544,359,103,94,22.3,0.91,0.511,0.47,0.22,0.01
Box-11,3,27,63.3,0.708,C57Bl6j,chow,2017-03-16 22:06:00,1433,863,87,81,22.3,0.929,0.434,0.47,0,0.1
Box-11,3,27,63.3,0.708,C57Bl6j,chow,2017-03-16 22:16:00,1160,717,73,65,22.1,0.901,0.359,0.46,0.14,0.03
Box-11,3,27,63.3,0.708,C57Bl6j,chow,2017-03-16 22:26:00,1572,946,89,82,22.1,0.923,0.44,0.46,0,0.03
Box-11,3,27,63.3,0.708,C57Bl6j,chow,2017-03-16 22:36:00,819,469,110,103,22.2,0.934,0.548,0.46,0,0
Box-11,3,27,63.3,0.708,C57Bl6j,chow,2017-03-16 22:46:00,134,83,86,79,22.2,0.918,0.428,0.44,0,0
Box-11,3,27,63.3,0.708,C57Bl6j,chow,2017-03-16 22:56:00,139,91,81,74,22,0.917,0.4,0.47,0,0
Box-11,3,27,63.3,0.708,C57Bl6j,chow,2017-03-16 23:06:00,510,258,89,82,22,0.923,0.442,0.45,0.03,0.07
Box-11,3,27,63.3,0.708,C57Bl6j,chow,2017-03-16 23:16:00,2244,1247,86,81,22.2,0.942,0.43,0.45,0,0.07
Box-11,3,27,63.3,0.708,C57Bl6j,chow,2017-03-16 23:26:00,553,311,93,88,22.3,0.945,0.462,0.46,0.03,0.07
Box-11,3,27,63.3,0.708,C57Bl6j,chow,2017-03-16 23:36:00,861,519,103,97,22,0.947,0.513,0.48,0.15,0.04
Box-11,3,27,63.3,0.708,C57Bl6j,chow,2017-03-16 23:46:00,1038,611,93,88,22,0.941,0.464,0.47,0,0.01
Box-11,3,27,63.3,0.708,C57Bl6j,chow,2017-03-16 23:56:00,302,138,72,65,22.1,0.911,0.356,0.44,0,0.03
Box-11,3,27,63.3,0.708,C57Bl6j,chow,2017-03-17 00:06:00,245,119,98,93,22.2,0.949,0.491,0.45,0,0
Box-11,3,27,63.3,0.708,C57Bl6j,chow,2017-03-17 00:16:00,276,192,109,104,22,0.95,0.546,0.45,0.04,0.09
Box-11,3,27,63.3,0.708,C57Bl6j,chow,2017-03-17 00:26:00,60,39,61,56,22,0.918,0.3,0.44,0,0
Box-11,3,27,63.3,0.708,C57Bl6j,chow,2017-03-17 00:36:00,332,242,70,66,22.2,0.946,0.351,0.45,0,0.03
Box-11,3,27,63.3,0.708,C57Bl6j,chow,2017-03-17 00:46:00,154,112,86,83,22.2,0.965,0.432,0.46,0,0.03
Box-11,3,27,63.3,0.708,C57Bl6j,chow,2017-03-17 00:56:00,189,137,73,70,21.9,0.955,0.366,0.45,0,0
Box-11,3,27,63.3,0.708,C57Bl6j,chow,2017-03-17 01:06:00,667,491,86,83,22,0.962,0.431,0.45,0,0
Box-11,3,27,63.3,0.708,C57Bl6j,chow,2017-03-17 01:16:00,1149,711,100,95,22.2,0.957,0.498,0.46,0.17,0.08
Box-11,3,27,63.3,0.708,C57Bl6j,chow,2017-03-17 01:26:00,1323,765,106,101,22.2,0.953,0.531,0.46,0.18,0.1
Box-11,3,27,63.3,0.708,C57Bl6j,chow,2017-03-17 01:36:00,661,353,74,69,22,0.939,0.366,0.45,0,0.03
Box-11,3,27,63.3,0.708,C57Bl6j,chow,2017-03-17 01:46:00,1413,900,112,105,22.2,0.937,0.558,0.47,0,0.15
Box-11,3,27,63.3,0.708,C57Bl6j,chow,2017-03-17 01:56:00,327,250,93,87,22.3,0.938,0.463,0.45,0,0
Box-11,3,27,63.3,0.708,C57Bl6j,chow,2017-03-17 02:06:00,163,123,80,76,22.1,0.943,0.4,0.45,0,0
Box-11,3,27,63.3,0.708,C57Bl6j,chow,2017-03-17 02:16:00,89,62,72,66,22.1,0.917,0.357,0.48,0,0
Box-11,3,27,63.3,0.708,C57Bl6j,chow,2017-03-17 02:26:00,855,557,84,80,22.1,0.953,0.421,0.45,0.07,0
Box-11,3,27,63.3,0.708,C57Bl6j,chow,2017-03-17 02:36:00,169,137,78,73,22.2,0.941,0.388,0.44,0,0
Box-11,3,27,63.3,0.708,C57Bl6j,chow,2017-03-17 02:46:00,57,34,73,67,22,0.921,0.363,0.45,0,0
Box-11,3,27,63.3,0.708,C57Bl6j,chow,2017-03-17 02:56:00,242,183,75,70,22.1,0.937,0.373,0.45,0,0
Box-11,3,27,63.3,0.708,C57Bl6j,chow,2017-03-17 03:06:00,319,235,81,74,22.2,0.917,0.402,0.44,0,0
Box-11,3,27,63.3,0.708,C57Bl6j,chow,2017-03-17 03:16:00,162,113,74,68,22,0.922,0.368,0.45,0,0
Box-11,3,27,63.3,0.708,C57Bl6j,chow,2017-03-17 03:26:00,316,198,106,100,21.9,0.941,0.529,0.46,0.15,0.09
Box-11,3,27,63.3,0.708,C57Bl6j,chow,2017-03-17 03:36:00,1660,1142,78,74,22.2,0.944,0.391,0.45,0,0.09
Box-11,3,27,63.3,0.708,C57Bl6j,chow,2017-03-17 03:46:00,258,179,77,72,22,0.938,0.384,0.45,0,0
Box-11,3,27,63.3,0.708,C57Bl6j,chow,2017-03-17 03:56:00,161,155,75,69,21.8,0.92,0.371,0.45,0,0
Box-11,3,27,63.3,0.708,C57Bl6j,chow,2017-03-17 04:06:00,148,114,69,64,21.8,0.927,0.342,0.45,0,0
Box-11,3,27,63.3,0.708,C57Bl6j,chow,2017-03-17 04:16:00,356,255,67,62,21.8,0.93,0.333,0.45,0,0
Box-11,3,27,63.3,0.708,C57Bl6j,chow,2017-03-17 04:26:00,743,486,122,114,21.8,0.938,0.607,0.46,0.12,0.06
Box-11,3,27,63.3,0.708,C57Bl6j,chow,2017-03-17 04:36:00,1311,821,66,60,22,0.915,0.327,0.44,0,0.03
Box-11,3,27,63.3,0.708,C57Bl6j,chow,2017-03-17 04:46:00,185,141,75,70,22.1,0.934,0.371,0.46,0,0.04
Box-11,3,27,63.3,0.708,C57Bl6j,chow,2017-03-17 04:56:00,82,76,74,69,21.8,0.932,0.369,0.45,0,0
Box-11,3,27,63.3,0.708,C57Bl6j,chow,2017-03-17 05:06:00,377,261,63,58,21.9,0.918,0.311,0.44,0,0.03
Box-11,3,27,63.3,0.708,C57Bl6j,chow,2017-03-17 05:16:00,908,538,83,79,22.2,0.952,0.414,0.44,0.16,0.15
Box-11,3,27,63.3,0.708,C57Bl6j,chow,2017-03-17 05:26:00,1363,782,106,101,22.2,0.954,0.529,0.45,0,0.03
Box-11,3,27,63.3,0.708,C57Bl6j,chow,2017-03-17 05:36:00,159,116,75,69,22,0.913,0.372,0.45,0,0
Box-11,3,27,63.3,0.708,C57Bl6j,chow,2017-03-17 05:46:00,246,198,79,73,22.1,0.935,0.391,0.46,0,0
Box-11,3,27,63.3,0.708,C57Bl6j,chow,2017-03-17 05:56:00,67,63,72,68,22.2,0.942,0.359,0.43,0,0
Box-11,3,27,63.3,0.708,C57Bl6j,chow,2017-03-17 06:06:00,95,71,67,62,22.1,0.925,0.332,0.44,0,0
Box-11,3,27,63.3,0.708,C57Bl6j,chow,2017-03-17 06:16:00,39,24,66,61,22.1,0.921,0.329,0.45,0,0
Box-11,3,27,63.3,0.708,C57Bl6j,chow,2017-03-17 06:26:00,59,48,68,59,22.2,0.874,0.334,0.45,0,0
Box-11,3,27,63.3,0.708,C57Bl6j,chow,2017-03-17 06:36:00,42,36,70,61,22,0.866,0.344,0.45,0,0
Box-11,3,27,63.3,0.708,C57Bl6j,chow,2017-03-17 06:46:00,265,209,65,58,22,0.888,0.322,0.45,0,0
Box-11,3,27,63.3,0.708,C57Bl6j,chow,2017-03-17 06:56:00,194,139,70,62,22.2,0.888,0.345,0.46,0,0
Box-11,3,27,63.3,0.708,C57Bl6j,chow,2017-03-17 07:06:00,100,94,74,66,22.1,0.892,0.364,0.46,0.11,0
Box-11,3,27,63.3,0.708,C57Bl6j,chow,2017-03-17 07:16:00,424,261,96,88,22.2,0.921,0.475,0.46,0.11,0.05
Box-11,3,27,63.3,0.708,C57Bl6j,chow,2017-03-17 07:26:00,1072,637,102,92,22.1,0.901,0.503,0.44,0.05,0.14
Box-11,3,27,63.3,0.708,C57Bl6j,chow,2017-03-17 07:36:00,700,483,83,78,22.3,0.933,0.413,0.46,0,0
Box-11,3,27,63.3,0.708,C57Bl6j,chow,2017-03-17 07:46:00,327,279,94,87,22.2,0.934,0.466,0.45,0,0
Box-11,3,27,63.3,0.708,C57Bl6j,chow,2017-03-17 07:56:00,100,91,82,76,22.1,0.927,0.406,0.45,0,0
Box-11,3,27,63.3,0.708,C57Bl6j,chow,2017-03-17 08:06:00,34,19,64,59,22,0.92,0.319,0.46,0,0
Box-11,3,27,63.3,0.708,C57Bl6j,chow,2017-03-17 08:16:00,37,26,65,59,22.2,0.917,0.321,0.45,0,0
Box-11,3,27,63.3,0.708,C57Bl6j,chow,2017-03-17 08:26:00,50,19,62,56,22.1,0.904,0.304,0.45,0,0
Box-11,3,27,63.3,0.708,C57Bl6j,chow,2017-03-17 08:36:00,59,44,59,53,22,0.891,0.291,0.44,0,0
Box-11,3,27,63.3,0.708,C57Bl6j,chow,2017-03-17 08:46:00,24,23,56,50,21.9,0.889,0.275,0.45,0,0
Box-11,3,27,63.3,0.708,C57Bl6j,chow,2017-03-17 08:56:00,210,210,62,55,22.2,0.886,0.307,0.46,0,0
Box-11,3,27,63.3,0.708,C57Bl6j,chow,2017-03-17 09:06:00,191,185,59,52,22.1,0.879,0.29,0.44,0,0
Box-11,3,27,63.3,0.708,C57Bl6j,chow,2017-03-17 09:16:00,14,14,63,55,21.9,0.874,0.307,0.45,0,0
Box-11,3,27,63.3,0.708,C57Bl6j,chow,2017-03-17 09:26:00,100,90,61,53,21.8,0.865,0.301,0.45,0,0
Box-11,3,27,63.3,0.708,C57Bl6j,chow,2017-03-17 09:36:00,129,107,70,60,22.1,0.857,0.341,0.45,0,0
Box-11,3,27,63.3,0.708,C57Bl6j,chow,2017-03-17 09:46:00,65,50,68,58,22,0.849,0.332,0.46,0,0
Box-11,3,27,63.3,0.708,C57Bl6j,chow,2017-03-17 09:56:00,140,90,63,54,21.9,0.85,0.308,0.46,0,0
Box-11,3,27,63.3,0.708,C57Bl6j,chow,2017-03-17 10:06:00,253,144,95,81,21.9,0.858,0.464,0.44,0.08,0
Box-11,3,27,63.3,0.708,C57Bl6j,chow,2017-03-17 10:16:00,666,385,65,56,22.2,0.859,0.32,0.45,0,0.05
Box-11,3,27,63.3,0.708,C57Bl6j,chow,2017-03-17 10:26:00,388,250,81,72,22,0.889,0.398,0.45,0,0.07
Box-11,3,27,63.3,0.708,C57Bl6j,chow,2017-03-17 10:36:00,135,74,77,70,21.9,0.912,0.382,0.45,0,0
Box-11,3,27,63.3,0.708,C57Bl6j,chow,2017-03-17 10:46:00,94,46,62,56,21.8,0.908,0.305,0.46,0,0
Box-11,3,27,63.3,0.708,C57Bl6j,chow,2017-03-17 10:56:00,29,13,60,55,22.1,0.913,0.297,0.43,0,0
Box-11,3,27,63.3,0.708,C57Bl6j,chow,2017-03-17 11:06:00,66,16,53,47,21.9,0.886,0.263,0.42,0,0
Box-11,3,27,63.3,0.708,C57Bl6j,chow,2017-03-17 11:16:00,95,48,54,48,21.8,0.884,0.265,0.45,0,0
Box-11,3,27,63.3,0.708,C57Bl6j,chow,2017-03-17 11:26:00,58,48,56,49,21.9,0.872,0.276,0.45,0,0
Box-11,3,27,63.3,0.708,C57Bl6j,chow,2017-03-17 11:36:00,154,97,58,51,21.9,0.869,0.286,0.45,0,0
Box-11,3,27,63.3,0.708,C57Bl6j,chow,2017-03-17 11:46:00,146,83,59,50,21.8,0.852,0.288,0.45,0,0
Box-11,3,27,63.3,0.708,C57Bl6j,chow,2017-03-17 11:56:00,575,371,72,64,21.9,0.897,0.353,0.44,0.04,0
Box-11,3,27,63.3,0.708,C57Bl6j,chow,2017-03-17 12:06:00,520,346,81,72,22.1,0.891,0.398,0.45,0.13,0.07
Box-11,3,27,63.3,0.708,C57Bl6j,chow,2017-03-17 12:16:00,197,190,72,63,21.8,0.876,0.355,0.46,0,0
Box-11,3,27,63.3,0.708,C57Bl6j,chow,2017-03-17 12:26:00,39,39,71,63,22,0.897,0.348,0.46,0,0
Box-11,3,27,63.3,0.708,C57Bl6j,chow,2017-03-17 12:36:00,32,32,67,61,22.1,0.914,0.331,0.44,0,0
Box-11,3,27,63.3,0.708,C57Bl6j,chow,2017-03-17 12:46:00,23,23,68,62,22.2,0.913,0.337,0.44,0,0
Box-11,3,27,63.3,0.708,C57Bl6j,chow,2017-03-17 12:56:00,47,47,65,59,21.9,0.911,0.321,0.47,0,0
Box-11,3,27,63.3,0.708,C57Bl6j,chow,2017-03-17 13:06:00,28,24,73,65,22.1,0.896,0.359,0.47,0,0
Box-11,3,27,63.3,0.708,C57Bl6j,chow,2017-03-17 13:16:00,66,64,66,58,22.1,0.881,0.324,0.45,0,0
Box-11,3,27,63.3,0.708,C57Bl6j,chow,2017-03-17 13:26:00,43,43,64,56,22.1,0.875,0.314,0.47,0,0
Box-11,3,27,63.3,0.708,C57Bl6j,chow,2017-03-17 13:36:00,6,6,59,51,22,0.869,0.289,0.45,0,0
Box-11,3,27,63.3,0.708,C57Bl6j,chow,2017-03-17 13:46:00,62,54,60,52,22.1,0.865,0.294,0.45,0,0
Box-11,3,27,63.3,0.708,C57Bl6j,chow,2017-03-17 13:56:00,240,195,74,67,22.1,0.908,0.367,0.45,0.03,0
Box-11,3,27,63.3,0.708,C57Bl6j,chow,2017-03-17 14:06:00,242,210,75,67,22.1,0.885,0.371,0.46,0.05,0
Box-11,3,27,63.3,0.708,C57Bl6j,chow,2017-03-17 14:16:00,83,82,76,68,22.1,0.893,0.374,0.44,0,0
Box-11,3,27,63.3,0.708,C57Bl6j,chow,2017-03-17 14:26:00,380,373,68,61,22.1,0.901,0.334,0.45,0,0
Box-11,3,27,63.3,0.708,C57Bl6j,chow,2017-03-17 14:36:00,29,29,63,57,22,0.902,0.311,0.45,0,0
Box-11,3,27,63.3,0.708,C57Bl6j,chow,2017-03-17 14:46:00,78,70,65,58,21.9,0.887,0.319,0.47,0,0
Box-11,3,27,63.3,0.708,C57Bl6j,chow,2017-03-17 14:56:00,32,32,66,59,22.1,0.892,0.326,0.45,0,0
Box-11,3,27,63.3,0.708,C57Bl6j,chow,2017-03-17 15:06:00,32,32,65,57,22.1,0.88,0.32,0.45,0,0
Box-11,3,27,63.3,0.708,C57Bl6j,chow,2017-03-17 15:16:00,46,46,67,57,22,0.856,0.327,0.45,0,0
Box-11,3,27,63.3,0.708,C57Bl6j,chow,2017-03-17 15:26:00,174,136,61,52,21.9,0.863,0.297,0.44,0,0
Box-13,20,27.9,53,0.614,C57Bl6n,chow,2017-03-14 14:36:00,38,38,76,61,21.1,0.798,0.368,0.45,0,0
Box-13,20,27.9,53,0.614,C57Bl6n,chow,2017-03-14 14:46:00,18,15,72,57,21,0.786,0.348,0.47,0,0
Box-13,20,27.9,53,0.614,C57Bl6n,chow,2017-03-14 14:56:00,18,18,72,57,21.1,0.796,0.348,0.44,0,0
Box-13,20,27.9,53,0.614,C57Bl6n,chow,2017-03-14 15:06:00,222,159,76,61,21.2,0.8,0.368,0.45,0,0
Box-13,20,27.9,53,0.614,C57Bl6n,chow,2017-03-14 15:16:00,210,125,76,61,21.1,0.804,0.368,0.45,0,0
Box-13,20,27.9,53,0.614,C57Bl6n,chow,2017-03-14 15:26:00,33,28,80,66,21.1,0.827,0.386,0.45,0,0
Box-13,20,27.9,53,0.614,C57Bl6n,chow,2017-03-14 15:36:00,32,21,73,57,21.2,0.785,0.351,0.45,0,0
Box-13,20,27.9,53,0.614,C57Bl6n,chow,2017-03-14 15:46:00,68,55,74,58,21.2,0.782,0.354,0.46,0,0
Box-13,20,27.9,53,0.614,C57Bl6n,chow,2017-03-14 15:56:00,16,12,66,52,21.1,0.79,0.317,0.43,0,0
Box-13,20,27.9,53,0.614,C57Bl6n,chow,2017-03-14 16:06:00,198,130,66,52,21.1,0.791,0.317,0.43,0,0
Box-13,20,27.9,53,0.614,C57Bl6n,chow,2017-03-14 16:16:00,747,272,135,111,21.3,0.824,0.656,0.47,0.12,0
Box-13,20,27.9,53,0.614,C57Bl6n,chow,2017-03-14 16:26:00,271,181,92,77,21.3,0.837,0.446,0.47,0,0
Box-13,20,27.9,53,0.614,C57Bl6n,chow,2017-03-14 16:36:00,29,22,92,77,21.3,0.841,0.447,0.46,0,0
Box-13,20,27.9,53,0.614,C57Bl6n,chow,2017-03-14 16:46:00,17,14,83,73,21.2,0.879,0.409,0.47,0,0
Box-13,20,27.9,53,0.614,C57Bl6n,chow,2017-03-14 16:56:00,23,16,81,72,21.2,0.889,0.401,0.47,0,0
Box-13,20,27.9,53,0.614,C57Bl6n,chow,2017-03-14 17:06:00,38,16,83,74,21.2,0.889,0.409,0.47,0,0
Box-13,20,27.9,53,0.614,C57Bl6n,chow,2017-03-14 17:16:00,244,184,84,74,21.2,0.881,0.415,0.47,0,0
Box-13,20,27.9,53,0.614,C57Bl6n,chow,2017-03-14 17:26:00,22,21,89,81,21.3,0.916,0.439,0.46,0,0
Box-13,20,27.9,53,0.614,C57Bl6n,chow,2017-03-14 17:36:00,61,36,76,68,21.2,0.887,0.375,0.44,0,0
Box-13,20,27.9,53,0.614,C57Bl6n,chow,2017-03-14 17:46:00,196,98,87,78,21.2,0.903,0.428,0.43,0,0
Box-13,20,27.9,53,0.614,C57Bl6n,chow,2017-03-14 17:56:00,627,249,93,85,21.2,0.912,0.462,0.44,0.1,0
Box-13,20,27.9,53,0.614,C57Bl6n,chow,2017-03-14 18:06:00,58,31,89,77,21.2,0.87,0.436,0.46,0,0
Box-13,20,27.9,53,0.614,C57Bl6n,chow,2017-03-14 18:16:00,1500,914,108,98,21.3,0.905,0.535,0.45,0.03,0
Box-13,20,27.9,53,0.614,C57Bl6n,chow,2017-03-14 18:26:00,1149,509,125,115,21.4,0.919,0.618,0.47,0.19,0.04
Box-13,20,27.9,53,0.614,C57Bl6n,chow,2017-03-14 18:36:00,340,225,114,104,21.4,0.919,0.563,0.47,0,0
Box-13,20,27.9,53,0.614,C57Bl6n,chow,2017-03-14 18:46:00,54,26,100,93,21.2,0.931,0.498,0.44,0,0
Box-13,20,27.9,53,0.614,C57Bl6n,chow,2017-03-14 18:56:00,1375,801,102,97,21.2,0.949,0.509,0.45,0,0
Box-13,20,27.9,53,0.614,C57Bl6n,chow,2017-03-14 19:06:00,2007,982,118,112,21.3,0.947,0.591,0.46,0.12,0.22
Box-13,20,27.9,53,0.614,C57Bl6n,chow,2017-03-14 19:16:00,195,147,103,98,21.2,0.945,0.515,0.44,0,0
Box-13,20,27.9,53,0.614,C57Bl6n,chow,2017-03-14 19:26:00,34,20,93,87,21.1,0.937,0.461,0.44,0,0
Box-13,20,27.9,53,0.614,C57Bl6n,chow,2017-03-14 19:36:00,1477,504,121,116,21.2,0.956,0.605,0.47,0.13,0
Box-13,20,27.9,53,0.614,C57Bl6n,chow,2017-03-14 19:46:00,106,77,95,91,21.2,0.954,0.476,0.46,0,0
Box-13,20,27.9,53,0.614,C57Bl6n,chow,2017-03-14 19:56:00,250,88,85,82,21.1,0.959,0.428,0.44,0,0
Box-13,20,27.9,53,0.614,C57Bl6n,chow,2017-03-14 20:06:00,1178,439,113,110,21,0.975,0.565,0.44,0.2,0
Box-13,20,27.9,53,0.614,C57Bl6n,chow,2017-03-14 20:16:00,2051,1237,115,113,21.2,0.979,0.577,0.46,0,0.28
Box-13,20,27.9,53,0.614,C57Bl6n,chow,2017-03-14 20:26:00,2249,1546,146,141,21.2,0.965,0.731,0.45,0.09,0
Box-13,20,27.9,53,0.614,C57Bl6n,chow,2017-03-14 20:36:00,1297,792,144,139,21.2,0.966,0.721,0.45,0.08,0
Box-13,20,27.9,53,0.614,C57Bl6n,chow,2017-03-14 20:46:00,555,303,111,106,21.1,0.957,0.553,0.45,0,0
Box-13,20,27.9,53,0.614,C57Bl6n,chow,2017-03-14 20:56:00,64,40,93,89,21.1,0.954,0.467,0.45,0,0
Box-13,20,27.9,53,0.614,C57Bl6n,chow,2017-03-14 21:06:00,472,155,128,126,21.1,0.98,0.646,0.47,0.05,0
Box-13,20,27.9,53,0.614,C57Bl6n,chow,2017-03-14 21:16:00,1667,682,139,138,21.1,0.992,0.702,0.47,0.17,0
Box-13,20,27.9,53,0.614,C57Bl6n,chow,2017-03-14 21:26:00,780,502,110,109,21.3,0.99,0.554,0.45,0,0.08
Box-13,20,27.9,53,0.614,C57Bl6n,chow,2017-03-14 21:36:00,125,68,89,87,21.1,0.977,0.445,0.44,0,0
Box-13,20,27.9,53,0.614,C57Bl6n,chow,2017-03-14 21:46:00,630,344,118,117,21.1,0.994,0.596,0.43,0.14,0
Box-13,20,27.9,53,0.614,C57Bl6n,chow,2017-03-14 21:56:00,1320,835,127,125,21.3,0.989,0.637,0.45,0.01,0.46
Box-13,20,27.9,53,0.614,C57Bl6n,chow,2017-03-14 22:06:00,1567,920,115,114,21.3,0.984,0.581,0.45,0.07,0
Box-13,20,27.9,53,0.614,C57Bl6n,chow,2017-03-14 22:16:00,796,571,144,141,21.3,0.979,0.724,0.43,0.16,0
Box-13,20,27.9,53,0.614,C57Bl6n,chow,2017-03-14 22:26:00,1111,686,115,113,21.4,0.978,0.579,0.45,0.07,0.26
Box-13,20,27.9,53,0.614,C57Bl6n,chow,2017-03-14 22:36:00,105,89,111,108,21.4,0.977,0.557,0.45,0,0
Box-13,20,27.9,53,0.614,C57Bl6n,chow,2017-03-14 22:46:00,114,75,96,93,21.3,0.967,0.483,0.44,0,0
Box-13,20,27.9,53,0.614,C57Bl6n,chow,2017-03-14 22:56:00,74,45,94,91,21.3,0.97,0.472,0.46,0,0
Box-13,20,27.9,53,0.614,C57Bl6n,chow,2017-03-14 23:06:00,1439,874,120,119,21.3,0.992,0.606,0.44,0.04,0
Box-13,20,27.9,53,0.614,C57Bl6n,chow,2017-03-14 23:16:00,1490,1054,136,135,21.3,0.998,0.684,0.45,0.19,0
Box-13,20,27.9,53,0.614,C57Bl6n,chow,2017-03-14 23:26:00,1555,752,112,111,21.3,0.988,0.563,0.45,0.1,0.02
Box-13,20,27.9,53,0.614,C57Bl6n,chow,2017-03-14 23:36:00,854,335,129,125,21.4,0.969,0.648,0.44,0,0.09
Box-13,20,27.9,53,0.614,C57Bl6n,chow,2017-03-14 23:46:00,1129,919,122,120,21.3,0.986,0.612,0.46,0.17,0.33
Box-13,20,27.9,53,0.614,C57Bl6n,chow,2017-03-14 23:56:00,93,73,117,115,21.3,0.984,0.586,0.45,0,0
Box-13,20,27.9,53,0.614,C57Bl6n,chow,2017-03-15 00:06:00,1397,883,111,109,21.3,0.979,0.558,0.44,0,0.09
Box-13,20,27.9,53,0.614,C57Bl6n,chow,2017-03-15 00:16:00,839,520,127,124,21.4,0.971,0.639,0.45,0.15,0
Box-13,20,27.9,53,0.614,C57Bl6n,chow,2017-03-15 00:26:00,1410,807,133,130,21.4,0.978,0.669,0.47,0.08,0.05
Box-13,20,27.9,53,0.614,C57Bl6n,chow,2017-03-15 00:36:00,1618,890,133,130,21.5,0.977,0.666,0.46,0,0
Box-13,20,27.9,53,0.614,C57Bl6n,chow,2017-03-15 00:46:00,925,391,134,128,21.6,0.959,0.669,0.44,0.09,0.09
Box-13,20,27.9,53,0.614,C57Bl6n,chow,2017-03-15 00:56:00,1161,565,120,117,21.7,0.974,0.604,0.44,0.03,0.47
Box-13,20,27.9,53,0.614,C57Bl6n,chow,2017-03-15 01:06:00,1746,1282,122,119,21.6,0.977,0.611,0.44,0.03,0
Box-13,20,27.9,53,0.614,C57Bl6n,chow,2017-03-15 01:16:00,1921,1211,118,115,21.5,0.978,0.59,0.47,0,0
Box-13,20,27.9,53,0.614,C57Bl6n,chow,2017-03-15 01:26:00,1775,1116,112,108,21.3,0.969,0.559,0.44,0,0
Box-13,20,27.9,53,0.614,C57Bl6n,chow,2017-03-15 01:36:00,500,345,112,110,21.3,0.976,0.563,0.44,0,0
Box-13,20,27.9,53,0.614,C57Bl6n,chow,2017-03-15 01:46:00,308,235,106,103,21.3,0.967,0.531,0.45,0,0
Box-13,20,27.9,53,0.614,C57Bl6n,chow,2017-03-15 01:56:00,67,47,107,102,21.2,0.96,0.533,0.45,0,0
Box-13,20,27.9,53,0.614,C57Bl6n,chow,2017-03-15 02:06:00,92,54,75,71,21.2,0.936,0.375,0.46,0,0
Box-13,20,27.9,53,0.614,C57Bl6n,chow,2017-03-15 02:16:00,241,78,87,84,21.2,0.965,0.436,0.45,0.13,0
Box-13,20,27.9,53,0.614,C57Bl6n,chow,2017-03-15 02:26:00,1569,1001,106,104,21.3,0.986,0.532,0.43,0.05,0
Box-13,20,27.9,53,0.614,C57Bl6n,chow,2017-03-15 02:36:00,1452,971,126,123,21.4,0.979,0.633,0.44,0.18,0
Box-13,20,27.9,53,0.614,C57Bl6n,chow,2017-03-15 02:46:00,1861,1154,112,110,21.5,0.979,0.563,0.43,0,0
Box-13,20,27.9,53,0.614,C57Bl6n,chow,2017-03-15 02:56:00,779,506,127,124,21.5,0.974,0.638,0.44,0.23,0.28
Box-13,20,27.9,53,0.614,C57Bl6n,chow,2017-03-15 03:06:00,448,336,108,106,21.5,0.982,0.545,0.46,0.03,0
Box-13,20,27.9,53,0.614,C57Bl6n,chow,2017-03-15 03:16:00,166,129,107,104,21.6,0.973,0.535,0.46,0,0
Box-13,20,27.9,53,0.614,C57Bl6n,chow,2017-03-15 03:26:00,50,29,91,88,21.4,0.967,0.454,0.45,0,0
Box-13,20,27.9,53,0.614,C57Bl6n,chow,2017-03-15 03:36:00,44,27,84,82,21.3,0.981,0.42,0.47,0,0
Box-13,20,27.9,53,0.614,C57Bl6n,chow,2017-03-15 03:46:00,36,9,82,81,21.3,0.989,0.414,0.46,0,0
Box-13,20,27.9,53,0.614,C57Bl6n,chow,2017-03-15 03:56:00,127,82,82,80,21.3,0.98,0.413,0.47,0,0
Box-13,20,27.9,53,0.614,C57Bl6n,chow,2017-03-15 04:06:00,53,31,82,80,21.1,0.986,0.41,0.47,0,0
Box-13,20,27.9,53,0.614,C57Bl6n,chow,2017-03-15 04:16:00,30,30,78,77,21.2,0.992,0.392,0.47,0,0
Box-13,20,27.9,53,0.614,C57Bl6n,chow,2017-03-15 04:26:00,33,28,79,77,21.2,0.975,0.397,0.45,0,0
Box-13,20,27.9,53,0.614,C57Bl6n,chow,2017-03-15 04:36:00,336,269,76,74,21.1,0.975,0.38,0.45,0,0
Box-13,20,27.9,53,0.614,C57Bl6n,chow,2017-03-15 04:46:00,85,68,75,73,21.1,0.981,0.374,0.44,0,0
Box-13,20,27.9,53,0.614,C57Bl6n,chow,2017-03-15 04:56:00,44,26,76,74,21.1,0.974,0.382,0.46,0,0
Box-13,20,27.9,53,0.614,C57Bl6n,chow,2017-03-15 05:06:00,995,671,108,107,21.2,0.987,0.545,0.47,0.21,0
Box-13,20,27.9,53,0.614,C57Bl6n,chow,2017-03-15 05:16:00,1712,1017,100,99,21.2,0.984,0.505,0.46,0.03,0
Box-13,20,27.9,53,0.614,C57Bl6n,chow,2017-03-15 05:26:00,2042,1382,104,102,21.3,0.982,0.522,0.45,0,0
Box-13,20,27.9,53,0.614,C57Bl6n,chow,2017-03-15 05:36:00,2039,1398,129,125,21.2,0.967,0.647,0.45,0,0
Box-13,20,27.9,53,0.614,C57Bl6n,chow,2017-03-15 05:46:00,260,218,97,93,21.1,0.956,0.486,0.44,0,0
Box-13,20,27.9,53,0.614,C57Bl6n,chow,2017-03-15 05:56:00,79,76,106,101,21.2,0.957,0.528,0.44,0,0
Box-13,20,27.9,53,0.614,C57Bl6n,chow,2017-03-15 06:06:00,124,122,92,86,21.2,0.944,0.457,0.47,0,0
Box-13,20,27.9,53,0.614,C57Bl6n,chow,2017-03-15 06:16:00,127,122,81,75,21.1,0.921,0.403,0.47,0,0
Box-13,20,27.9,53,0.614,C57Bl6n,chow,2017-03-15 06:26:00,233,160,77,70,21,0.907,0.379,0.46,0,0
Box-13,20,27.9,53,0.614,C57Bl6n,chow,2017-03-15 06:36:00,65,48,89,81,21.1,0.91,0.439,0.47,0,0
Box-13,20,27.9,53,0.614,C57Bl6n,chow,2017-03-15 06:46:00,206,133,81,72,21.2,0.896,0.398,0.46,0,0
Box-13,20,27.9,53,0.614,C57Bl6n,chow,2017-03-15 06:56:00,368,257,92,84,21.1,0.91,0.455,0.46,0,0
Box-13,20,27.9,53,0.614,C57Bl6n,chow,2017-03-15 07:06:00,732,489,117,108,21.2,0.922,0.581,0.45,0.21,0
Box-13,20,27.9,53,0.614,C57Bl6n,chow,2017-03-15 07:16:00,1717,1188,110,102,21.3,0.93,0.546,0.45,0,0.13
Box-13,20,27.9,53,0.614,C57Bl6n,chow,2017-03-15 07:26:00,1351,916,111,103,21.3,0.927,0.552,0.45,0.03,0
Box-13,20,27.9,53,0.614,C57Bl6n,chow,2017-03-15 07:36:00,574,359,104,99,21.2,0.951,0.519,0.47,0,0
Box-13,20,27.9,53,0.614,C57Bl6n,chow,2017-03-15 07:46:00,80,19,78,71,21,0.905,0.387,0.44,0,0
Box-13,20,27.9,53,0.614,C57Bl6n,chow,2017-03-15 07:56:00,14,14,83,76,21.1,0.915,0.411,0.44,0,0
Box-13,20,27.9,53,0.614,C57Bl6n,chow,2017-03-15 08:06:00,35,21,90,80,21.1,0.896,0.443,0.47,0,0
Box-13,20,27.9,53,0.614,C57Bl6n,chow,2017-03-15 08:16:00,56,41,72,63,21,0.87,0.353,0.44,0,0
Box-13,20,27.9,53,0.614,C57Bl6n,chow,2017-03-15 08:26:00,99,72,72,62,21,0.863,0.354,0.46,0,0
Box-13,20,27.9,53,0.614,C57Bl6n,chow,2017-03-15 08:36:00,31,24,69,59,20.9,0.862,0.337,0.44,0,0
Box-13,20,27.9,53,0.614,C57Bl6n,chow,2017-03-15 08:46:00,4,4,68,60,20.9,0.88,0.335,0.46,0,0
Box-13,20,27.9,53,0.614,C57Bl6n,chow,2017-03-15 08:56:00,47,14,67,57,20.9,0.846,0.327,0.44,0,0
Box-13,20,27.9,53,0.614,C57Bl6n,chow,2017-03-15 09:06:00,54,20,71,59,21.1,0.835,0.346,0.44,0,0
Box-13,20,27.9,53,0.614,C57Bl6n,chow,2017-03-15 09:16:00,191,158,67,56,20.9,0.829,0.326,0.43,0,0
Box-13,20,27.9,53,0.614,C57Bl6n,chow,2017-03-15 09:26:00,340,303,116,101,21,0.871,0.567,0.47,0.23,0
Box-13,20,27.9,53,0.614,C57Bl6n,chow,2017-03-15 09:36:00,1325,906,108,96,21.2,0.893,0.532,0.46,0.04,0
Box-13,20,27.9,53,0.614,C57Bl6n,chow,2017-03-15 09:46:00,1889,1270,120,111,21.4,0.924,0.594,0.45,0,0.14
Box-13,20,27.9,53,0.614,C57Bl6n,chow,2017-03-15 09:56:00,576,425,109,100,21.2,0.919,0.54,0.45,0,0
Box-13,20,27.9,53,0.614,C57Bl6n,chow,2017-03-15 10:06:00,167,155,92,84,21.1,0.908,0.456,0.44,0,0
Box-13,20,27.9,53,0.614,C57Bl6n,chow,2017-03-15 10:16:00,118,93,84,75,21.3,0.9,0.414,0.44,0,0
Box-13,20,27.9,53,0.614,C57Bl6n,chow,2017-03-15 10:26:00,92,76,76,68,21.2,0.895,0.375,0.44,0,0
Box-13,20,27.9,53,0.614,C57Bl6n,chow,2017-03-15 10:36:00,39,26,81,73,21.2,0.9,0.399,0.46,0,0
Box-13,20,27.9,53,0.614,C57Bl6n,chow,2017-03-15 10:46:00,35,27,81,71,21.1,0.877,0.397,0.46,0,0
Box-13,20,27.9,53,0.614,C57Bl6n,chow,2017-03-15 10:56:00,38,28,80,69,21.2,0.87,0.39,0.47,0,0
Box-13,20,27.9,53,0.614,C57Bl6n,chow,2017-03-15 11:06:00,132,125,77,67,21.2,0.873,0.379,0.47,0,0
Box-13,20,27.9,53,0.614,C57Bl6n,chow,2017-03-15 11:16:00,362,348,77,67,21.2,0.875,0.376,0.46,0,0
Box-13,20,27.9,53,0.614,C57Bl6n,chow,2017-03-15 11:26:00,133,65,72,62,21.2,0.859,0.351,0.44,0,0
Box-13,20,27.9,53,0.614,C57Bl6n,chow,2017-03-15 11:36:00,408,357,81,70,21.1,0.868,0.397,0.47,0,0
Box-13,20,27.9,53,0.614,C57Bl6n,chow,2017-03-15 11:46:00,164,156,70,60,21,0.855,0.341,0.45,0,0
Box-13,20,27.9,53,0.614,C57Bl6n,chow,2017-03-15 11:56:00,148,104,67,58,21,0.86,0.329,0.43,0,0
Box-13,20,27.9,53,0.614,C57Bl6n,chow,2017-03-15 12:06:00,51,43,73,63,21.1,0.859,0.358,0.45,0,0
Box-13,20,27.9,53,0.614,C57Bl6n,chow,2017-03-15 12:16:00,185,174,74,62,21,0.834,0.36,0.45,0,0
Box-13,20,27.9,53,0.614,C57Bl6n,chow,2017-03-15 12:26:00,7,7,69,58,20.9,0.843,0.335,0.45,0,0
Box-13,20,27.9,53,0.614,C57Bl6n,chow,2017-03-15 12:36:00,21,17,74,62,21,0.835,0.361,0.45,0,0
Box-13,20,27.9,53,0.614,C57Bl6n,chow,2017-03-15 12:46:00,26,24,74,62,21,0.839,0.361,0.46,0,0
Box-13,20,27.9,53,0.614,C57Bl6n,chow,2017-03-15 12:56:00,31,14,68,58,20.9,0.845,0.332,0.44,0,0
Box-13,20,27.9,53,0.614,C57Bl6n,chow,2017-03-15 13:06:00,300,207,65,53,20.8,0.821,0.314,0.43,0,0
Box-13,20,27.9,53,0.614,C57Bl6n,chow,2017-03-15 13:16:00,449,264,74,61,20.9,0.837,0.358,0.44,0.02,0.04
Box-13,20,27.9,53,0.614,C57Bl6n,chow,2017-03-15 13:26:00,1635,1132,111,96,21,0.864,0.546,0.45,0.14,0.02
Box-13,20,27.9,53,0.614,C57Bl6n,chow,2017-03-15 13:36:00,768,496,93,81,21,0.871,0.454,0.44,0,0.05
Box-13,20,27.9,53,0.614,C57Bl6n,chow,2017-03-15 13:46:00,32,24,85,75,20.9,0.878,0.418,0.44,0,0
Box-13,20,27.9,53,0.614,C57Bl6n,chow,2017-03-15 13:56:00,8,6,81,71,20.9,0.878,0.397,0.44,0,0
Box-13,20,27.9,53,0.614,C57Bl6n,chow,2017-03-15 14:06:00,79,16,81,71,20.9,0.876,0.396,0.46,0,0
Box-13,20,27.9,53,0.614,C57Bl6n,chow,2017-03-15 14:16:00,87,11,71,62,20.8,0.866,0.35,0.47,0,0
Box-13,20,27.9,53,0.614,C57Bl6n,chow,2017-03-15 14:26:00,61,47,72,62,20.9,0.869,0.352,0.46,0,0
Box-13,20,27.9,53,0.614,C57Bl6n,chow,2017-03-15 14:36:00,621,22,67,58,20.9,0.86,0.329,0.44,0,0
Box-13,20,27.9,53,0.614,C57Bl6n,chow,2017-03-15 14:46:00,27,14,63,54,20.8,0.85,0.31,0.43,0,0
Box-13,20,27.9,53,0.614,C57Bl6n,chow,2017-03-15 14:56:00,78,46,75,63,20.8,0.85,0.364,0.47,0,0
Box-13,20,27.9,53,0.614,C57Bl6n,chow,2017-03-15 15:06:00,35,28,74,63,20.9,0.848,0.363,0.46,0,0
Box-13,20,27.9,53,0.614,C57Bl6n,chow,2017-03-15 15:16:00,27,21,70,59,20.9,0.85,0.34,0.45,0,0
Box-13,20,27.9,53,0.614,C57Bl6n,chow,2017-03-15 15:26:00,69,61,71,60,20.8,0.845,0.346,0.46,0,0
Box-13,20,27.9,53,0.614,C57Bl6n,chow,2017-03-15 15:36:00,112,82,69,58,20.8,0.842,0.336,0.46,0,0
Box-13,20,27.9,53,0.614,C57Bl6n,chow,2017-03-15 15:46:00,332,160,81,71,20.9,0.879,0.399,0.46,0,0
Box-13,20,27.9,53,0.614,C57Bl6n,chow,2017-03-15 15:56:00,103,37,79,68,20.8,0.867,0.386,0.46,0,0
Box-13,20,27.9,53,0.614,C57Bl6n,chow,2017-03-15 16:06:00,6,6,72,61,20.8,0.843,0.351,0.47,0,0
Box-13,20,27.9,53,0.614,C57Bl6n,chow,2017-03-15 16:16:00,26,23,68,55,20.8,0.813,0.327,0.44,0,0
Box-13,20,27.9,53,0.614,C57Bl6n,chow,2017-03-15 16:26:00,66,38,69,55,20.8,0.803,0.332,0.45,0,0
Box-13,20,27.9,53,0.614,C57Bl6n,chow,2017-03-15 16:36:00,28,28,67,54,20.8,0.799,0.324,0.47,0,0
Box-13,20,27.9,53,0.614,C57Bl6n,chow,2017-03-15 16:46:00,281,240,70,55,20.8,0.783,0.338,0.47,0.11,0
Box-13,20,27.9,53,0.614,C57Bl6n,chow,2017-03-15 16:56:00,669,487,100,85,20.9,0.852,0.488,0.46,0.07,0.08
Box-13,20,27.9,53,0.614,C57Bl6n,chow,2017-03-15 17:06:00,114,81,80,71,20.8,0.894,0.394,0.44,0,0
Box-13,20,27.9,53,0.614,C57Bl6n,chow,2017-03-15 17:16:00,4,4,74,67,20.8,0.902,0.365,0.43,0,0
Box-13,20,27.9,53,0.614,C57Bl6n,chow,2017-03-15 17:26:00,73,61,76,68,20.8,0.897,0.373,0.46,0,0
Box-13,20,27.9,53,0.614,C57Bl6n,chow,2017-03-15 17:36:00,65,52,70,63,20.8,0.9,0.345,0.45,0,0
Box-13,20,27.9,53,0.614,C57Bl6n,chow,2017-03-15 17:46:00,64,33,70,63,20.8,0.897,0.345,0.45,0,0
Box-13,20,27.9,53,0.614,C57Bl6n,chow,2017-03-15 17:56:00,353,263,75,68,20.9,0.905,0.371,0.45,0,0
Box-13,20,27.9,53,0.614,C57Bl6n,chow,2017-03-15 18:06:00,755,512,112,103,21,0.923,0.554,0.46,0.16,0
Box-13,20,27.9,53,0.614,C57Bl6n,chow,2017-03-15 18:16:00,19,7,83,76,21,0.912,0.412,0.44,0,0
Box-13,20,27.9,53,0.614,C57Bl6n,chow,2017-03-15 18:26:00,537,311,92,87,21,0.943,0.458,0.45,0,0.15
Box-13,20,27.9,53,0.614,C57Bl6n,chow,2017-03-15 18:36:00,540,371,95,90,21,0.946,0.475,0.45,0.07,0
Box-13,20,27.9,53,0.614,C57Bl6n,chow,2017-03-15 18:46:00,384,261,124,117,21.1,0.948,0.616,0.45,0.16,0.07
Box-13,20,27.9,53,0.614,C57Bl6n,chow,2017-03-15 18:56:00,77,59,83,78,21.1,0.939,0.413,0.43,0,0
Box-13,20,27.9,53,0.614,C57Bl6n,chow,2017-03-15 19:06:00,1158,761,133,130,21.1,0.978,0.669,0.46,0.03,0
Box-13,20,27.9,53,0.614,C57Bl6n,chow,2017-03-15 19:16:00,650,444,133,129,21.1,0.972,0.668,0.44,0.16,0.07
Box-13,20,27.9,53,0.614,C57Bl6n,chow,2017-03-15 19:26:00,125,36,103,99,21,0.961,0.518,0.45,0,0
Box-13,20,27.9,53,0.614,C57Bl6n,chow,2017-03-15 19:36:00,19,9,92,90,21,0.973,0.462,0.44,0,0
Box-13,20,27.9,53,0.614,C57Bl6n,chow,2017-03-15 19:46:00,243,163,95,93,21,0.985,0.476,0.46,0,0
Box-13,20,27.9,53,0.614,C57Bl6n,chow,2017-03-15 19:56:00,1402,900,99,99,21,0.997,0.501,0.46,0.1,0.03
Box-13,20,27.9,53,0.614,C57Bl6n,chow,2017-03-15 20:06:00,798,459,98,96,21,0.988,0.492,0.43,0,0.12
Box-13,20,27.9,53,0.614,C57Bl6n,chow,2017-03-15 20:16:00,76,32,86,83,21,0.97,0.429,0.43,0,0
Box-13,20,27.9,53,0.614,C57Bl6n,chow,2017-03-15 20:26:00,233,171,143,143,21,0.998,0.722,0.46,0.15,0
Box-13,20,27.9,53,0.614,C57Bl6n,chow,2017-03-15 20:36:00,1324,821,149,148,21.1,0.994,0.75,0.46,0.11,0.09
Box-13,20,27.9,53,0.614,C57Bl6n,chow,2017-03-15 20:46:00,569,303,134,131,21.4,0.981,0.672,0.43,0.21,0.18
Box-13,20,27.9,53,0.614,C57Bl6n,chow,2017-03-15 20:56:00,104,52,105,103,21.3,0.981,0.527,0.44,0,0
Box-13,20,27.9,53,0.614,C57Bl6n,chow,2017-03-15 21:06:00,128,79,84,82,21.2,0.974,0.424,0.43,0,0
Box-13,20,27.9,53,0.614,C57Bl6n,chow,2017-03-15 21:16:00,120,78,86,84,21.2,0.976,0.431,0.44,0,0
Box-13,20,27.9,53,0.614,C57Bl6n,chow,2017-03-15 21:26:00,250,185,88,87,21.2,0.993,0.443,0.45,0,0
Box-13,20,27.9,53,0.614,C57Bl6n,chow,2017-03-15 21:36:00,988,589,138,138,21.3,0.997,0.698,0.46,0.17,0.1
Box-13,20,27.9,53,0.614,C57Bl6n,chow,2017-03-15 21:46:00,467,287,97,96,21.2,0.99,0.491,0.43,0,0
Box-13,20,27.9,53,0.614,C57Bl6n,chow,2017-03-15 21:56:00,107,45,100,99,21.2,0.989,0.505,0.45,0,0
Box-13,20,27.9,53,0.614,C57Bl6n,chow,2017-03-15 22:06:00,363,245,117,116,21.1,0.989,0.591,0.46,0.12,0
Box-13,20,27.9,53,0.614,C57Bl6n,chow,2017-03-15 22:16:00,1059,669,138,136,21.3,0.987,0.695,0.45,0.08,0.24
Box-13,20,27.9,53,0.614,C57Bl6n,chow,2017-03-15 22:26:00,794,520,144,142,21.4,0.983,0.726,0.47,0.22,0.07
Box-13,20,27.9,53,0.614,C57Bl6n,chow,2017-03-15 22:36:00,735,469,134,133,21.4,0.991,0.674,0.47,0,0.1
Box-13,20,27.9,53,0.614,C57Bl6n,chow,2017-03-15 22:46:00,609,367,130,129,21.4,0.993,0.657,0.44,0.19,0.06
Box-13,20,27.9,53,0.614,C57Bl6n,chow,2017-03-15 22:56:00,561,356,117,115,21.4,0.983,0.588,0.45,0,0.12
Box-13,20,27.9,53,0.614,C57Bl6n,chow,2017-03-15 23:06:00,102,85,107,104,21.3,0.969,0.538,0.47,0,0
Box-13,20,27.9,53,0.614,C57Bl6n,chow,2017-03-15 23:16:00,136,92,101,98,21.3,0.972,0.505,0.46,0,0
Box-13,20,27.9,53,0.614,C57Bl6n,chow,2017-03-15 23:26:00,39,27,90,89,21.3,0.986,0.455,0.46,0,0
Box-13,20,27.9,53,0.614,C57Bl6n,chow,2017-03-15 23:36:00,248,150,92,91,21.2,0.993,0.464,0.46,0,0
Box-13,20,27.9,53,0.614,C57Bl6n,chow,2017-03-15 23:46:00,446,327,145,146,21.3,1.007,0.733,0.46,0.16,0
Box-13,20,27.9,53,0.614,C57Bl6n,chow,2017-03-15 23:56:00,1166,701,150,151,21.3,1.006,0.758,0.46,0,0.16
Box-13,20,27.9,53,0.614,C57Bl6n,chow,2017-03-16 00:06:00,1125,662,141,139,21.3,0.986,0.709,0.46,0.08,0.09
Box-13,20,27.9,53,0.614,C57Bl6n,chow,2017-03-16 00:16:00,1015,606,116,115,21.3,0.991,0.585,0.44,0,0
Box-13,20,27.9,53,0.614,C57Bl6n,chow,2017-03-16 00:26:00,427,224,112,109,21.3,0.975,0.563,0.47,0.01,0
Box-13,20,27.9,53,0.614,C57Bl6n,chow,2017-03-16 00:36:00,635,410,109,107,21.2,0.978,0.547,0.47,0.18,0.01
Box-13,20,27.9,53,0.614,C57Bl6n,chow,2017-03-16 00:46:00,320,183,105,103,21.3,0.976,0.529,0.44,0.03,0.11
Box-13,20,27.9,53,0.614,C57Bl6n,chow,2017-03-16 00:56:00,81,47,88,86,21.2,0.972,0.442,0.45,0,0
Box-13,20,27.9,53,0.614,C57Bl6n,chow,2017-03-16 01:06:00,165,79,74,73,21.2,0.977,0.373,0.43,0,0
Box-13,20,27.9,53,0.614,C57Bl6n,chow,2017-03-16 01:16:00,313,180,81,79,21.2,0.978,0.408,0.44,0,0
Box-13,20,27.9,53,0.614,C57Bl6n,chow,2017-03-16 01:26:00,927,553,104,102,21.3,0.988,0.521,0.47,0,0.05
Box-13,20,27.9,53,0.614,C57Bl6n,chow,2017-03-16 01:36:00,907,549,111,111,21.4,0.999,0.56,0.46,0.09,0.06
Box-13,20,27.9,53,0.614,C57Bl6n,chow,2017-03-16 01:46:00,1974,1238,128,127,21.4,0.993,0.643,0.46,0,0.05
Box-13,20,27.9,53,0.614,C57Bl6n,chow,2017-03-16 01:56:00,1182,710,127,126,21.5,0.992,0.638,0.45,0.04,0
Box-13,20,27.9,53,0.614,C57Bl6n,chow,2017-03-16 02:06:00,755,486,147,142,21.5,0.971,0.735,0.46,0.14,0.11
Box-13,20,27.9,53,0.614,C57Bl6n,chow,2017-03-16 02:16:00,1008,655,129,125,21.5,0.969,0.647,0.45,0,0.03
Box-13,20,27.9,53,0.614,C57Bl6n,chow,2017-03-16 02:26:00,2777,2017,116,111,21.5,0.956,0.578,0.46,0.03,0.03
Box-13,20,27.9,53,0.614,C57Bl6n,chow,2017-03-16 02:36:00,1958,1263,127,123,21.4,0.969,0.636,0.47,0,0
Box-13,20,27.9,53,0.614,C57Bl6n,chow,2017-03-16 02:46:00,432,297,148,141,21.5,0.949,0.741,0.47,0.23,0
Box-13,20,27.9,53,0.614,C57Bl6n,chow,2017-03-16 02:56:00,1732,974,122,118,21.5,0.967,0.613,0.47,0,0.07
Box-13,20,27.9,53,0.614,C57Bl6n,chow,2017-03-16 03:06:00,1008,661,109,104,21.4,0.961,0.544,0.46,0,0.1
Box-13,20,27.9,53,0.614,C57Bl6n,chow,2017-03-16 03:16:00,202,99,111,106,21.4,0.96,0.555,0.47,0,0
Box-13,20,27.9,53,0.614,C57Bl6n,chow,2017-03-16 03:26:00,100,37,84,78,21.2,0.935,0.416,0.44,0,0
Box-13,20,27.9,53,0.614,C57Bl6n,chow,2017-03-16 03:36:00,150,92,85,81,21.2,0.953,0.422,0.43,0,0
Box-13,20,27.9,53,0.614,C57Bl6n,chow,2017-03-16 03:46:00,926,572,105,102,21.2,0.97,0.528,0.46,0.03,0
Box-13,20,27.9,53,0.614,C57Bl6n,chow,2017-03-16 03:56:00,198,123,98,94,21.2,0.967,0.49,0.46,0,0
Box-13,20,27.9,53,0.614,C57Bl6n,chow,2017-03-16 04:06:00,70,32,76,72,21.1,0.945,0.38,0.44,0,0
Box-13,20,27.9,53,0.614,C57Bl6n,chow,2017-03-16 04:16:00,589,374,82,77,21.1,0.947,0.407,0.45,0,0
Box-13,20,27.9,53,0.614,C57Bl6n,chow,2017-03-16 04:26:00,1246,754,104,102,21.3,0.976,0.523,0.44,0.17,0.17
Box-13,20,27.9,53,0.614,C57Bl6n,chow,2017-03-16 04:36:00,1043,567,115,111,21.2,0.971,0.576,0.44,0.03,0.02
Box-13,20,27.9,53,0.614,C57Bl6n,chow,2017-03-16 04:46:00,470,256,108,104,21.2,0.962,0.541,0.45,0,0
Box-13,20,27.9,53,0.614,C57Bl6n,chow,2017-03-16 04:56:00,145,75,87,82,21.1,0.936,0.434,0.44,0,0
Box-13,20,27.9,53,0.614,C57Bl6n,chow,2017-03-16 05:06:00,1,1,72,67,21.1,0.926,0.359,0.44,0,0
Box-13,20,27.9,53,0.614,C57Bl6n,chow,2017-03-16 05:16:00,50,43,72,66,21.1,0.91,0.357,0.44,0,0
Box-13,20,27.9,53,0.614,C57Bl6n,chow,2017-03-16 05:26:00,520,316,83,77,21.1,0.928,0.412,0.47,0.16,0
Box-13,20,27.9,53,0.614,C57Bl6n,chow,2017-03-16 05:36:00,1018,604,114,109,21.3,0.954,0.569,0.46,0.05,0.06
Box-13,20,27.9,53,0.614,C57Bl6n,chow,2017-03-16 05:46:00,1390,843,102,97,21.3,0.943,0.51,0.46,0,0.13
Box-13,20,27.9,53,0.614,C57Bl6n,chow,2017-03-16 05:56:00,1876,1119,102,96,21.2,0.947,0.507,0.46,0,0
Box-13,20,27.9,53,0.614,C57Bl6n,chow,2017-03-16 06:06:00,945,483,130,119,21.2,0.917,0.643,0.43,0.05,0
Box-13,20,27.9,53,0.614,C57Bl6n,chow,2017-03-16 06:16:00,2090,1157,101,94,21.2,0.935,0.501,0.43,0,0.03
Box-13,20,27.9,53,0.614,C57Bl6n,chow,2017-03-16 06:26:00,320,199,104,97,21.3,0.931,0.518,0.44,0.04,0
Box-13,20,27.9,53,0.614,C57Bl6n,chow,2017-03-16 06:36:00,21,14,98,91,21.3,0.931,0.489,0.43,0,0
Box-13,20,27.9,53,0.614,C57Bl6n,chow,2017-03-16 06:46:00,40,5,79,73,21.1,0.929,0.39,0.43,0,0
Box-13,20,27.9,53,0.614,C57Bl6n,chow,2017-03-16 06:56:00,176,131,75,69,21.1,0.915,0.372,0.46,0,0
Box-13,20,27.9,53,0.614,C57Bl6n,chow,2017-03-16 07:06:00,59,33,79,73,21.1,0.929,0.393,0.47,0,0
Box-13,20,27.9,53,0.614,C57Bl6n,chow,2017-03-16 07:16:00,253,180,77,71,21.1,0.928,0.382,0.45,0,0
Box-13,20,27.9,53,0.614,C57Bl6n,chow,2017-03-16 07:26:00,1021,645,88,83,21.2,0.946,0.439,0.44,0.03,0
Box-13,20,27.9,53,0.614,C57Bl6n,chow,2017-03-16 07:36:00,1247,744,88,82,21.2,0.93,0.439,0.46,0,0.05
Box-13,20,27.9,53,0.614,C57Bl6n,chow,2017-03-16 07:46:00,106,76,84,75,21.1,0.896,0.415,0.47,0,0
Box-13,20,27.9,53,0.614,C57Bl6n,chow,2017-03-16 07:56:00,66,46,83,75,21.1,0.908,0.411,0.46,0,0
Box-13,20,27.9,53,0.614,C57Bl6n,chow,2017-03-16 08:06:00,92,60,86,73,21.1,0.856,0.418,0.46,0,0
Box-13,20,27.9,53,0.614,C57Bl6n,chow,2017-03-16 08:16:00,134,81,75,64,21,0.85,0.367,0.46,0,0
Box-13,20,27.9,53,0.614,C57Bl6n,chow,2017-03-16 08:26:00,297,165,126,114,21.1,0.904,0.624,0.44,0.13,0
Box-13,20,27.9,53,0.614,C57Bl6n,chow,2017-03-16 08:36:00,161,90,123,109,21.1,0.888,0.606,0.45,0.05,0
Box-13,20,27.9,53,0.614,C57Bl6n,chow,2017-03-16 08:46:00,27,8,80,71,21.1,0.888,0.395,0.46,0,0
Box-13,20,27.9,53,0.614,C57Bl6n,chow,2017-03-16 08:56:00,29,12,77,70,21,0.908,0.382,0.45,0,0
Box-13,20,27.9,53,0.614,C57Bl6n,chow,2017-03-16 09:06:00,38,23,76,68,21,0.901,0.375,0.46,0,0
Box-13,20,27.9,53,0.614,C57Bl6n,chow,2017-03-16 09:16:00,38,38,76,68,21,0.898,0.375,0.47,0,0
Box-13,20,27.9,53,0.614,C57Bl6n,chow,2017-03-16 09:26:00,90,73,71,64,21,0.909,0.35,0.44,0,0
Box-13,20,27.9,53,0.614,C57Bl6n,chow,2017-03-16 09:36:00,59,42,68,60,20.9,0.876,0.334,0.45,0,0
Box-13,20,27.9,53,0.614,C57Bl6n,chow,2017-03-16 09:46:00,45,23,72,63,21.1,0.872,0.352,0.43,0,0
Box-13,20,27.9,53,0.614,C57Bl6n,chow,2017-03-16 09:56:00,61,43,68,59,21,0.873,0.333,0.43,0,0
Box-13,20,27.9,53,0.614,C57Bl6n,chow,2017-03-16 10:06:00,85,53,69,60,20.9,0.866,0.338,0.46,0,0
Box-13,20,27.9,53,0.614,C57Bl6n,chow,2017-03-16 10:16:00,344,146,65,56,21.1,0.863,0.32,0.44,0,0
Box-13,20,27.9,53,0.614,C57Bl6n,chow,2017-03-16 10:26:00,153,54,77,68,21.2,0.89,0.379,0.43,0,0
Box-13,20,27.9,53,0.614,C57Bl6n,chow,2017-03-16 10:36:00,183,94,73,65,21,0.889,0.359,0.44,0,0
Box-13,20,27.9,53,0.614,C57Bl6n,chow,2017-03-16 10:46:00,66,66,70,61,21,0.872,0.343,0.45,0,0
Box-13,20,27.9,53,0.614,C57Bl6n,chow,2017-03-16 10:56:00,20,12,72,59,21.2,0.823,0.347,0.44,0,0
Box-13,20,27.9,53,0.614,C57Bl6n,chow,2017-03-16 11:06:00,88,72,81,68,21.2,0.835,0.396,0.47,0,0
Box-13,20,27.9,53,0.614,C57Bl6n,chow,2017-03-16 11:16:00,258,161,84,69,21.2,0.823,0.407,0.46,0,0
Box-13,20,27.9,53,0.614,C57Bl6n,chow,2017-03-16 11:26:00,187,144,90,76,21.1,0.848,0.439,0.47,0,0
Box-13,20,27.9,53,0.614,C57Bl6n,chow,2017-03-16 11:36:00,41,23,78,64,21.1,0.82,0.377,0.46,0,0
Box-13,20,27.9,53,0.614,C57Bl6n,chow,2017-03-16 11:46:00,96,28,73,58,21,0.791,0.351,0.46,0,0
Box-13,20,27.9,53,0.614,C57Bl6n,chow,2017-03-16 11:56:00,8,4,76,60,21.1,0.793,0.364,0.46,0,0
Box-13,20,27.9,53,0.614,C57Bl6n,chow,2017-03-16 12:06:00,46,22,78,62,21.1,0.802,0.375,0.46,0,0
Box-13,20,27.9,53,0.614,C57Bl6n,chow,2017-03-16 12:16:00,47,40,76,60,20.8,0.788,0.364,0.46,0,0
Box-13,20,27.9,53,0.614,C57Bl6n,chow,2017-03-16 12:26:00,0,0,67,53,20.8,0.789,0.321,0.44,0,0
Box-13,20,27.9,53,0.614,C57Bl6n,chow,2017-03-16 12:36:00,267,148,74,59,20.9,0.794,0.355,0.45,0,0
Box-13,20,27.9,53,0.614,C57Bl6n,chow,2017-03-16 12:46:00,721,431,105,88,20.9,0.836,0.513,0.43,0.11,0.22
Box-13,20,27.9,53,0.614,C57Bl6n,chow,2017-03-16 12:56:00,1667,953,98,82,21,0.84,0.477,0.46,0,0
Box-13,20,27.9,53,0.614,C57Bl6n,chow,2017-03-16 13:06:00,606,351,90,76,21,0.842,0.439,0.46,0,0
Box-13,20,27.9,53,0.614,C57Bl6n,chow,2017-03-16 13:16:00,39,14,88,75,20.9,0.854,0.429,0.45,0,0
Box-13,20,27.9,53,0.614,C57Bl6n,chow,2017-03-16 13:26:00,51,14,70,60,20.8,0.847,0.343,0.43,0,0
Box-13,20,27.9,53,0.614,C57Bl6n,chow,2017-03-16 13:36:00,28,15,77,65,20.9,0.842,0.373,0.46,0,0
Box-13,20,27.9,53,0.614,C57Bl6n,chow,2017-03-16 13:46:00,26,3,80,67,21.1,0.836,0.391,0.45,0,0
Box-13,20,27.9,53,0.614,C57Bl6n,chow,2017-03-16 13:56:00,32,17,71,60,20.9,0.837,0.348,0.45,0,0
Box-13,20,27.9,53,0.614,C57Bl6n,chow,2017-03-16 14:06:00,51,50,70,59,20.9,0.832,0.342,0.46,0,0
Box-13,20,27.9,53,0.614,C57Bl6n,chow,2017-03-16 14:16:00,33,19,72,60,21,0.835,0.349,0.43,0,0
Box-13,20,27.9,53,0.614,C57Bl6n,chow,2017-03-16 14:26:00,22,18,74,62,21.1,0.831,0.362,0.44,0,0
Box-13,20,27.9,53,0.614,C57Bl6n,chow,2017-03-16 14:36:00,10,9,73,61,21,0.837,0.355,0.44,0,0
Box-13,20,27.9,53,0.614,C57Bl6n,chow,2017-03-16 14:46:00,45,34,69,57,21,0.826,0.337,0.43,0,0
Box-13,20,27.9,53,0.614,C57Bl6n,chow,2017-03-16 14:56:00,43,31,75,62,21,0.827,0.366,0.46,0,0
Box-13,20,27.9,53,0.614,C57Bl6n,chow,2017-03-16 15:06:00,86,62,76,63,21,0.82,0.37,0.46,0,0
Box-13,20,27.9,53,0.614,C57Bl6n,chow,2017-03-16 15:16:00,107,39,80,66,21,0.821,0.389,0.47,0,0
Box-13,20,27.9,53,0.614,C57Bl6n,chow,2017-03-16 15:26:00,53,44,76,62,21,0.823,0.368,0.44,0,0
Box-13,20,27.9,53,0.614,C57Bl6n,chow,2017-03-16 15:36:00,131,128,79,65,21,0.816,0.383,0.46,0,0
Box-13,20,27.9,53,0.614,C57Bl6n,chow,2017-03-16 15:46:00,359,204,80,66,21,0.822,0.39,0.44,0,0
Box-13,20,27.9,53,0.614,C57Bl6n,chow,2017-03-16 15:56:00,233,140,82,70,21,0.856,0.401,0.43,0,0
Box-13,20,27.9,53,0.614,C57Bl6n,chow,2017-03-16 16:06:00,392,217,87,75,20.9,0.857,0.425,0.45,0,0
Box-13,20,27.9,53,0.614,C57Bl6n,chow,2017-03-16 16:16:00,9,9,82,69,21,0.839,0.4,0.46,0,0
Box-13,20,27.9,53,0.614,C57Bl6n,chow,2017-03-16 16:26:00,458,304,127,104,21,0.817,0.616,0.45,0.11,0
Box-13,20,27.9,53,0.614,C57Bl6n,chow,2017-03-16 16:36:00,658,376,117,96,21.1,0.821,0.569,0.43,0.06,0
Box-13,20,27.9,53,0.614,C57Bl6n,chow,2017-03-16 16:46:00,116,48,90,76,20.9,0.841,0.439,0.45,0,0
Box-13,20,27.9,53,0.614,C57Bl6n,chow,2017-03-16 16:56:00,32,17,78,68,20.7,0.866,0.383,0.45,0,0
Box-13,20,27.9,53,0.614,C57Bl6n,chow,2017-03-16 17:06:00,35,9,76,67,20.5,0.878,0.374,0.46,0,0
Box-13,20,27.9,53,0.614,C57Bl6n,chow,2017-03-16 17:16:00,59,36,74,65,20.7,0.872,0.365,0.45,0,0
Box-13,20,27.9,53,0.614,C57Bl6n,chow,2017-03-16 17:26:00,23,14,77,69,20.6,0.896,0.38,0.45,0,0
Box-13,20,27.9,53,0.614,C57Bl6n,chow,2017-03-16 17:36:00,409,235,78,70,20.6,0.894,0.384,0.44,0,0
Box-13,20,27.9,53,0.614,C57Bl6n,chow,2017-03-16 17:46:00,346,152,122,112,20.8,0.919,0.605,0.45,0.12,0
Box-13,20,27.9,53,0.614,C57Bl6n,chow,2017-03-16 17:56:00,134,82,128,116,20.7,0.906,0.631,0.45,0.03,0
Box-13,20,27.9,53,0.614,C57Bl6n,chow,2017-03-16 18:06:00,100,25,71,65,20.7,0.911,0.351,0.43,0,0
Box-13,20,27.9,53,0.614,C57Bl6n,chow,2017-03-16 18:16:00,1248,767,117,111,20.9,0.956,0.583,0.45,0.06,0.16
Box-13,20,27.9,53,0.614,C57Bl6n,chow,2017-03-16 18:26:00,461,278,103,97,21,0.949,0.512,0.45,0,0.05
Box-13,20,27.9,53,0.614,C57Bl6n,chow,2017-03-16 18:36:00,679,391,97,91,20.9,0.939,0.482,0.46,0.03,0
Box-13,20,27.9,53,0.614,C57Bl6n,chow,2017-03-16 18:46:00,347,194,104,98,20.9,0.946,0.518,0.43,0.11,0.07
Box-13,20,27.9,53,0.614,C57Bl6n,chow,2017-03-16 18:56:00,61,32,84,79,20.9,0.944,0.417,0.43,0,0
Box-13,20,27.9,53,0.614,C57Bl6n,chow,2017-03-16 19:06:00,455,244,101,98,21,0.973,0.506,0.44,0.03,0
Box-13,20,27.9,53,0.614,C57Bl6n,chow,2017-03-16 19:16:00,625,359,111,107,20.9,0.967,0.555,0.45,0.13,0.08
Box-13,20,27.9,53,0.614,C57Bl6n,chow,2017-03-16 19:26:00,72,50,92,87,20.9,0.943,0.458,0.47,0,0
Box-13,20,27.9,53,0.614,C57Bl6n,chow,2017-03-16 19:36:00,332,209,85,82,20.9,0.969,0.427,0.44,0,0
Box-13,20,27.9,53,0.614,C57Bl6n,chow,2017-03-16 19:46:00,1016,640,146,143,21.1,0.98,0.735,0.47,0.11,0.05
Box-13,20,27.9,53,0.614,C57Bl6n,chow,2017-03-16 19:56:00,390,175,147,144,21,0.983,0.739,0.46,0.1,0.05
Box-13,20,27.9,53,0.614,C57Bl6n,chow,2017-03-16 20:06:00,75,33,101,97,20.9,0.961,0.504,0.47,0,0
Box-13,20,27.9,53,0.614,C57Bl6n,chow,2017-03-16 20:16:00,186,121,85,83,20.9,0.974,0.426,0.45,0,0
Box-13,20,27.9,53,0.614,C57Bl6n,chow,2017-03-16 20:26:00,210,86,85,83,20.9,0.975,0.426,0.46,0,0
Box-13,20,27.9,53,0.614,C57Bl6n,chow,2017-03-16 20:36:00,815,477,86,84,20.8,0.979,0.431,0.46,0.18,0.15
Box-13,20,27.9,53,0.614,C57Bl6n,chow,2017-03-16 20:46:00,314,164,99,98,21,0.992,0.497,0.45,0,0
Box-13,20,27.9,53,0.614,C57Bl6n,chow,2017-03-16 20:56:00,123,77,82,80,20.9,0.983,0.41,0.43,0,0
Box-13,20,27.9,53,0.614,C57Bl6n,chow,2017-03-16 21:06:00,396,166,86,84,21,0.978,0.433,0.44,0,0
Box-13,20,27.9,53,0.614,C57Bl6n,chow,2017-03-16 21:16:00,419,245,137,136,20.9,0.995,0.69,0.47,0.25,0.1
Box-13,20,27.9,53,0.614,C57Bl6n,chow,2017-03-16 21:26:00,570,346,108,107,21.1,0.99,0.545,0.45,0.01,0.05
Box-13,20,27.9,53,0.614,C57Bl6n,chow,2017-03-16 21:36:00,95,66,90,87,21,0.965,0.45,0.44,0,0
Box-13,20,27.9,53,0.614,C57Bl6n,chow,2017-03-16 21:46:00,118,73,85,84,20.9,0.981,0.429,0.46,0,0.03
Box-13,20,27.9,53,0.614,C57Bl6n,chow,2017-03-16 21:56:00,381,225,84,83,20.9,0.988,0.422,0.46,0.09,0
Box-13,20,27.9,53,0.614,C57Bl6n,chow,2017-03-16 22:06:00,644,342,112,113,21.1,1.002,0.568,0.46,0.08,0.06
Box-13,20,27.9,53,0.614,C57Bl6n,chow,2017-03-16 22:16:00,603,311,124,121,21,0.977,0.622,0.43,0.17,0.1
Box-13,20,27.9,53,0.614,C57Bl6n,chow,2017-03-16 22:26:00,1257,738,126,124,21.1,0.984,0.635,0.47,0.07,0.2
Box-13,20,27.9,53,0.614,C57Bl6n,chow,2017-03-16 22:36:00,1376,808,122,120,21.2,0.986,0.613,0.46,0,0.06
Box-13,20,27.9,53,0.614,C57Bl6n,chow,2017-03-16 22:46:00,774,406,116,113,21.3,0.979,0.581,0.44,0.16,0.06
Box-13,20,27.9,53,0.614,C57Bl6n,chow,2017-03-16 22:56:00,571,360,116,112,21.3,0.969,0.58,0.45,0.1,0.07
Box-13,20,27.9,53,0.614,C57Bl6n,chow,2017-03-16 23:06:00,224,185,108,105,21.1,0.98,0.541,0.47,0,0
Box-13,20,27.9,53,0.614,C57Bl6n,chow,2017-03-16 23:16:00,99,53,98,95,21.3,0.964,0.492,0.47,0,0
Box-13,20,27.9,53,0.614,C57Bl6n,chow,2017-03-16 23:26:00,575,283,86,83,21.3,0.974,0.43,0.44,0,0.04
Box-13,20,27.9,53,0.614,C57Bl6n,chow,2017-03-16 23:36:00,763,412,121,121,21.3,0.999,0.61,0.47,0.24,0.11
Box-13,20,27.9,53,0.614,C57Bl6n,chow,2017-03-16 23:46:00,807,459,110,110,21.2,0.996,0.556,0.44,0.07,0.07
Box-13,20,27.9,53,0.614,C57Bl6n,chow,2017-03-16 23:56:00,108,79,104,104,21.3,0.995,0.525,0.44,0,0
Box-13,20,27.9,53,0.614,C57Bl6n,chow,2017-03-17 00:06:00,113,72,91,89,21.2,0.978,0.459,0.46,0,0
Box-13,20,27.9,53,0.614,C57Bl6n,chow,2017-03-17 00:16:00,313,203,87,87,21,0.994,0.441,0.45,0,0
Box-13,20,27.9,53,0.614,C57Bl6n,chow,2017-03-17 00:26:00,1691,991,137,138,21,1.002,0.693,0.46,0,0.06
Box-13,20,27.9,53,0.614,C57Bl6n,chow,2017-03-17 00:36:00,729,434,119,119,21.1,1.002,0.6,0.46,0.18,0.22
Box-13,20,27.9,53,0.614,C57Bl6n,chow,2017-03-17 00:46:00,676,369,131,128,21.2,0.978,0.657,0.43,0.17,0.09
Box-13,20,27.9,53,0.614,C57Bl6n,chow,2017-03-17 00:56:00,1071,598,114,113,21.2,0.993,0.576,0.44,0,0.06
Box-13,20,27.9,53,0.614,C57Bl6n,chow,2017-03-17 01:06:00,731,427,99,96,21,0.975,0.496,0.43,0,0
Box-13,20,27.9,53,0.614,C57Bl6n,chow,2017-03-17 01:16:00,945,491,109,106,21.2,0.976,0.546,0.44,0,0
Box-13,20,27.9,53,0.614,C57Bl6n,chow,2017-03-17 01:26:00,635,394,116,114,21.2,0.981,0.584,0.47,0.04,0.01
Box-13,20,27.9,53,0.614,C57Bl6n,chow,2017-03-17 01:36:00,57,25,100,97,21,0.971,0.502,0.45,0,0
Box-13,20,27.9,53,0.614,C57Bl6n,chow,2017-03-17 01:46:00,93,65,78,77,20.9,0.979,0.394,0.47,0,0
Box-13,20,27.9,53,0.614,C57Bl6n,chow,2017-03-17 01:56:00,134,93,87,86,21,0.99,0.437,0.47,0,0
Box-13,20,27.9,53,0.614,C57Bl6n,chow,2017-03-17 02:06:00,197,110,86,84,21,0.979,0.433,0.43,0,0
Box-13,20,27.9,53,0.614,C57Bl6n,chow,2017-03-17 02:16:00,639,397,119,118,21,0.99,0.601,0.46,0.03,0
Box-13,20,27.9,53,0.614,C57Bl6n,chow,2017-03-17 02:26:00,637,347,115,115,21.2,1,0.579,0.46,0.25,0.16
Box-13,20,27.9,53,0.614,C57Bl6n,chow,2017-03-17 02:36:00,1101,670,117,116,21.1,0.994,0.591,0.46,0,0.07
Box-13,20,27.9,53,0.614,C57Bl6n,chow,2017-03-17 02:46:00,494,289,133,130,21.2,0.98,0.669,0.44,0.13,0.09
Box-13,20,27.9,53,0.614,C57Bl6n,chow,2017-03-17 02:56:00,98,54,100,97,21.1,0.966,0.502,0.46,0,0
Box-13,20,27.9,53,0.614,C57Bl6n,chow,2017-03-17 03:06:00,29,29,82,81,21.2,0.987,0.413,0.44,0,0
Box-13,20,27.9,53,0.614,C57Bl6n,chow,2017-03-17 03:16:00,765,489,78,77,21,0.99,0.393,0.43,0,0.11
Box-13,20,27.9,53,0.614,C57Bl6n,chow,2017-03-17 03:26:00,933,654,124,121,21,0.975,0.622,0.47,0.06,0
Box-13,20,27.9,53,0.614,C57Bl6n,chow,2017-03-17 03:36:00,327,246,96,95,21.2,0.985,0.484,0.44,0,0
Box-13,20,27.9,53,0.614,C57Bl6n,chow,2017-03-17 03:46:00,192,176,79,77,21.3,0.972,0.398,0.43,0,0
Box-13,20,27.9,53,0.614,C57Bl6n,chow,2017-03-17 03:56:00,154,77,88,86,21.2,0.972,0.444,0.46,0,0
Box-13,20,27.9,53,0.614,C57Bl6n,chow,2017-03-17 04:06:00,81,5,82,78,21.2,0.957,0.409,0.44,0,0
Box-13,20,27.9,53,0.614,C57Bl6n,chow,2017-03-17 04:16:00,127,69,74,72,21.2,0.972,0.369,0.43,0,0
Box-13,20,27.9,53,0.614,C57Bl6n,chow,2017-03-17 04:26:00,93,67,80,76,21.1,0.952,0.398,0.44,0,0
Box-13,20,27.9,53,0.614,C57Bl6n,chow,2017-03-17 04:36:00,697,480,85,82,21.2,0.955,0.427,0.46,0,0
Box-13,20,27.9,53,0.614,C57Bl6n,chow,2017-03-17 04:46:00,475,313,140,133,21.3,0.948,0.701,0.45,0.18,0
Box-13,20,27.9,53,0.614,C57Bl6n,chow,2017-03-17 04:56:00,276,180,101,95,21.3,0.946,0.502,0.46,0,0.11
Box-13,20,27.9,53,0.614,C57Bl6n,chow,2017-03-17 05:06:00,96,54,89,87,21.1,0.978,0.448,0.46,0,0
Box-13,20,27.9,53,0.614,C57Bl6n,chow,2017-03-17 05:16:00,323,163,81,78,21.2,0.966,0.403,0.44,0,0
Box-13,20,27.9,53,0.614,C57Bl6n,chow,2017-03-17 05:26:00,457,325,92,90,21.2,0.977,0.463,0.44,0.12,0.27
Box-13,20,27.9,53,0.614,C57Bl6n,chow,2017-03-17 05:36:00,995,660,101,98,21.2,0.97,0.509,0.46,0.07,0
Box-13,20,27.9,53,0.614,C57Bl6n,chow,2017-03-17 05:46:00,1524,900,112,107,21.1,0.959,0.56,0.47,0,0
Box-13,20,27.9,53,0.614,C57Bl6n,chow,2017-03-17 05:56:00,754,431,121,116,21.2,0.958,0.606,0.46,0.01,0
Box-13,20,27.9,53,0.614,C57Bl6n,chow,2017-03-17 06:06:00,253,188,101,96,21.2,0.954,0.503,0.44,0,0
Box-13,20,27.9,53,0.614,C57Bl6n,chow,2017-03-17 06:16:00,94,54,81,75,21.1,0.926,0.402,0.44,0,0
Box-13,20,27.9,53,0.614,C57Bl6n,chow,2017-03-17 06:26:00,71,37,73,67,21.1,0.924,0.362,0.46,0,0
Box-13,20,27.9,53,0.614,C57Bl6n,chow,2017-03-17 06:36:00,91,54,68,63,21,0.92,0.337,0.45,0,0
Box-13,20,27.9,53,0.614,C57Bl6n,chow,2017-03-17 06:46:00,64,12,67,61,21.1,0.912,0.331,0.45,0,0
Box-13,20,27.9,53,0.614,C57Bl6n,chow,2017-03-17 06:56:00,319,188,74,65,21.1,0.878,0.365,0.47,0,0
Box-13,20,27.9,53,0.614,C57Bl6n,chow,2017-03-17 07:06:00,91,80,73,66,21.2,0.903,0.359,0.44,0,0
Box-13,20,27.9,53,0.614,C57Bl6n,chow,2017-03-17 07:16:00,66,64,71,63,21,0.894,0.348,0.45,0,0
Box-13,20,27.9,53,0.614,C57Bl6n,chow,2017-03-17 07:26:00,223,177,70,61,21,0.871,0.343,0.43,0,0
Box-13,20,27.9,53,0.614,C57Bl6n,chow,2017-03-17 07:36:00,215,213,68,60,21.1,0.877,0.333,0.46,0,0
Box-13,20,27.9,53,0.614,C57Bl6n,chow,2017-03-17 07:46:00,103,86,70,61,21.1,0.875,0.344,0.45,0,0
Box-13,20,27.9,53,0.614,C57Bl6n,chow,2017-03-17 07:56:00,31,14,67,58,21,0.866,0.33,0.45,0,0
Box-13,20,27.9,53,0.614,C57Bl6n,chow,2017-03-17 08:06:00,76,67,73,60,21,0.825,0.353,0.46,0,0
Box-13,20,27.9,53,0.614,C57Bl6n,chow,2017-03-17 08:16:00,360,206,79,65,21.1,0.828,0.383,0.44,0,0
Box-13,20,27.9,53,0.614,C57Bl6n,chow,2017-03-17 08:26:00,675,463,110,98,21.3,0.886,0.543,0.44,0.19,0.09
Box-13,20,27.9,53,0.614,C57Bl6n,chow,2017-03-17 08:36:00,437,297,106,94,21.2,0.888,0.522,0.46,0,0
Box-13,20,27.9,53,0.614,C57Bl6n,chow,2017-03-17 08:46:00,58,38,86,77,21.1,0.891,0.424,0.46,0,0
Box-13,20,27.9,53,0.614,C57Bl6n,chow,2017-03-17 08:56:00,20,6,73,68,21.1,0.921,0.364,0.43,0,0
Box-13,20,27.9,53,0.614,C57Bl6n,chow,2017-03-17 09:06:00,6,6,80,73,21.2,0.917,0.395,0.46,0,0
Box-13,20,27.9,53,0.614,C57Bl6n,chow,2017-03-17 09:16:00,63,61,77,70,21.1,0.914,0.379,0.47,0,0
Box-13,20,27.9,53,0.614,C57Bl6n,chow,2017-03-17 09:26:00,37,34,73,65,21,0.89,0.358,0.46,0,0
Box-13,20,27.9,53,0.614,C57Bl6n,chow,2017-03-17 09:36:00,50,47,70,62,21.1,0.886,0.342,0.43,0,0
Box-13,20,27.9,53,0.614,C57Bl6n,chow,2017-03-17 09:46:00,121,108,76,67,21.2,0.876,0.374,0.46,0,0
Box-13,20,27.9,53,0.614,C57Bl6n,chow,2017-03-17 09:56:00,94,81,71,61,21.1,0.871,0.346,0.45,0,0
Box-13,20,27.9,53,0.614,C57Bl6n,chow,2017-03-17 10:06:00,183,143,75,63,21,0.841,0.366,0.44,0,0
Box-13,20,27.9,53,0.614,C57Bl6n,chow,2017-03-17 10:16:00,286,177,127,114,21.2,0.9,0.625,0.45,0.24,0
Box-13,20,27.9,53,0.614,C57Bl6n,chow,2017-03-17 10:26:00,1466,904,91,83,21.3,0.912,0.452,0.44,0.04,0.17
Box-13,20,27.9,53,0.614,C57Bl6n,chow,2017-03-17 10:36:00,1320,781,97,90,21.3,0.925,0.482,0.45,0,0.1
Box-13,20,27.9,53,0.614,C57Bl6n,chow,2017-03-17 10:46:00,2021,1222,111,103,21.1,0.925,0.552,0.44,0,0.05
Box-13,20,27.9,53,0.614,C57Bl6n,chow,2017-03-17 10:56:00,297,171,105,96,21.2,0.913,0.522,0.46,0,0
Box-13,20,27.9,53,0.614,C57Bl6n,chow,2017-03-17 11:06:00,138,34,92,84,21.2,0.905,0.456,0.44,0,0
Box-13,20,27.9,53,0.614,C57Bl6n,chow,2017-03-17 11:16:00,84,71,89,80,21.2,0.9,0.439,0.44,0,0
Box-13,20,27.9,53,0.614,C57Bl6n,chow,2017-03-17 11:26:00,40,30,88,78,21.2,0.885,0.434,0.47,0,0
Box-13,20,27.9,53,0.614,C57Bl6n,chow,2017-03-17 11:36:00,31,26,80,70,21.1,0.873,0.392,0.44,0,0
Box-13,20,27.9,53,0.614,C57Bl6n,chow,2017-03-17 11:46:00,73,17,75,66,21,0.877,0.368,0.45,0,0
Box-13,20,27.9,53,0.614,C57Bl6n,chow,2017-03-17 11:56:00,280,253,81,70,21.1,0.865,0.398,0.46,0,0
Box-13,20,27.9,53,0.614,C57Bl6n,chow,2017-03-17 12:06:00,70,25,77,66,21,0.865,0.376,0.45,0,0
Box-13,20,27.9,53,0.614,C57Bl6n,chow,2017-03-17 12:16:00,67,60,73,61,20.9,0.842,0.356,0.46,0,0
Box-13,20,27.9,53,0.614,C57Bl6n,chow,2017-03-17 12:26:00,152,96,77,66,20.8,0.854,0.376,0.47,0,0
Box-13,20,27.9,53,0.614,C57Bl6n,chow,2017-03-17 12:36:00,54,30,75,63,20.9,0.836,0.367,0.47,0,0
Box-13,20,27.9,53,0.614,C57Bl6n,chow,2017-03-17 12:46:00,90,68,77,63,20.8,0.821,0.372,0.46,0,0.03
Box-13,20,27.9,53,0.614,C57Bl6n,chow,2017-03-17 12:56:00,306,194,73,62,20.7,0.842,0.356,0.44,0,0
Box-13,20,27.9,53,0.614,C57Bl6n,chow,2017-03-17 13:06:00,4,3,72,60,20.7,0.832,0.35,0.45,0,0
Box-13,20,27.9,53,0.614,C57Bl6n,chow,2017-03-17 13:16:00,34,13,72,60,20.7,0.835,0.348,0.47,0,0
Box-13,20,27.9,53,0.614,C57Bl6n,chow,2017-03-17 13:26:00,39,24,70,58,20.7,0.83,0.342,0.44,0,0
Box-13,20,27.9,53,0.614,C57Bl6n,chow,2017-03-17 13:36:00,298,179,73,60,20.7,0.821,0.354,0.43,0,0
Box-13,20,27.9,53,0.614,C57Bl6n,chow,2017-03-17 13:46:00,138,89,77,64,20.7,0.829,0.376,0.47,0,0
Box-13,20,27.9,53,0.614,C57Bl6n,chow,2017-03-17 13:56:00,57,31,67,56,20.7,0.823,0.327,0.43,0,0
Box-13,20,27.9,53,0.614,C57Bl6n,chow,2017-03-17 14:06:00,24,15,70,56,20.6,0.805,0.338,0.46,0,0
Box-13,20,27.9,53,0.614,C57Bl6n,chow,2017-03-17 14:16:00,87,67,69,54,20.6,0.788,0.331,0.44,0,0
Box-13,20,27.9,53,0.614,C57Bl6n,chow,2017-03-17 14:26:00,108,58,73,58,20.7,0.792,0.353,0.44,0,0
Box-13,20,27.9,53,0.614,C57Bl6n,chow,2017-03-17 14:36:00,116,68,73,57,20.6,0.79,0.35,0.46,0,0
Box-13,20,27.9,53,0.614,C57Bl6n,chow,2017-03-17 14:46:00,40,28,68,53,20.6,0.79,0.325,0.44,0,0
Box-13,20,27.9,53,0.614,C57Bl6n,chow,2017-03-17 14:56:00,69,56,69,54,20.6,0.786,0.331,0.44,0,0
Box-13,20,27.9,53,0.614,C57Bl6n,chow,2017-03-17 15:06:00,34,15,70,56,20.7,0.805,0.336,0.44,0,0
Box-13,20,27.9,53,0.614,C57Bl6n,chow,2017-03-17 15:16:00,496,228,63,50,20.6,0.797,0.305,0.43,0,0
Box-13,20,27.9,53,0.614,C57Bl6n,chow,2017-03-17 15:26:00,412,267,88,73,20.6,0.828,0.429,0.47,0,0
Box-15,4,29.5,73.6,0.795,C57Bl6j,chow,2017-03-14 14:36:00,14,14,75,61,21.5,0.809,0.364,0.47,0,0
Box-15,4,29.5,73.6,0.795,C57Bl6j,chow,2017-03-14 14:46:00,357,244,81,68,21.4,0.837,0.395,0.47,0,0
Box-15,4,29.5,73.6,0.795,C57Bl6j,chow,2017-03-14 14:56:00,533,282,85,71,21.6,0.837,0.413,0.46,0.07,0.02
Box-15,4,29.5,73.6,0.795,C57Bl6j,chow,2017-03-14 15:06:00,408,223,84,71,21.7,0.844,0.41,0.46,0.01,0.04
Box-15,4,29.5,73.6,0.795,C57Bl6j,chow,2017-03-14 15:16:00,134,67,81,69,21.5,0.859,0.395,0.45,0,0.03
Box-15,4,29.5,73.6,0.795,C57Bl6j,chow,2017-03-14 15:26:00,84,10,67,57,21.5,0.85,0.327,0.45,0,0
Box-15,4,29.5,73.6,0.795,C57Bl6j,chow,2017-03-14 15:36:00,26,17,69,58,21.5,0.849,0.336,0.44,0,0
Box-15,4,29.5,73.6,0.795,C57Bl6j,chow,2017-03-14 15:46:00,88,53,64,53,21.6,0.83,0.312,0.44,0,0
Box-15,4,29.5,73.6,0.795,C57Bl6j,chow,2017-03-14 15:56:00,84,24,64,53,21.5,0.839,0.31,0.44,0,0
Box-15,4,29.5,73.6,0.795,C57Bl6j,chow,2017-03-14 16:06:00,155,69,67,57,21.5,0.858,0.327,0.43,0,0
Box-15,4,29.5,73.6,0.795,C57Bl6j,chow,2017-03-14 16:16:00,73,40,68,58,21.5,0.843,0.333,0.45,0,0
Box-15,4,29.5,73.6,0.795,C57Bl6j,chow,2017-03-14 16:26:00,73,41,73,62,21.6,0.845,0.356,0.45,0,0
Box-15,4,29.5,73.6,0.795,C57Bl6j,chow,2017-03-14 16:36:00,791,566,109,95,22.3,0.873,0.537,0.46,0.03,0.01
Box-15,4,29.5,73.6,0.795,C57Bl6j,chow,2017-03-14 16:46:00,1147,535,106,92,23.5,0.863,0.52,0.46,0.12,0.16
Box-15,4,29.5,73.6,0.795,C57Bl6j,chow,2017-03-14 16:56:00,550,207,127,109,23.5,0.858,0.623,0.47,0.02,0
Box-15,4,29.5,73.6,0.795,C57Bl6j,chow,2017-03-14 17:06:00,918,388,111,100,23.3,0.899,0.549,0.43,0.07,0.17
Box-15,4,29.5,73.6,0.795,C57Bl6j,chow,2017-03-14 17:16:00,389,172,85,76,23.1,0.897,0.421,0.44,0,0.04
Box-15,4,29.5,73.6,0.795,C57Bl6j,chow,2017-03-14 17:26:00,42,26,78,70,22.9,0.895,0.386,0.47,0,0.03
Box-15,4,29.5,73.6,0.795,C57Bl6j,chow,2017-03-14 17:36:00,38,22,75,68,22.8,0.909,0.372,0.45,0,0
Box-15,4,29.5,73.6,0.795,C57Bl6j,chow,2017-03-14 17:46:00,89,41,71,64,22.6,0.912,0.349,0.45,0,0
Box-15,4,29.5,73.6,0.795,C57Bl6j,chow,2017-03-14 17:56:00,129,58,71,65,22.3,0.916,0.351,0.45,0,0.03
Box-15,4,29.5,73.6,0.795,C57Bl6j,chow,2017-03-14 18:06:00,1458,799,125,117,22.3,0.936,0.624,0.46,0.08,0
Box-15,4,29.5,73.6,0.795,C57Bl6j,chow,2017-03-14 18:16:00,1864,923,116,108,22.3,0.931,0.575,0.43,0.2,0.12
Box-15,4,29.5,73.6,0.795,C57Bl6j,chow,2017-03-14 18:26:00,2686,1322,122,115,22.3,0.936,0.609,0.44,0,0.13
Box-15,4,29.5,73.6,0.795,C57Bl6j,chow,2017-03-14 18:36:00,1413,681,126,116,22.2,0.922,0.623,0.46,0.11,0.02
Box-15,4,29.5,73.6,0.795,C57Bl6j,chow,2017-03-14 18:46:00,2602,1429,118,109,22,0.923,0.583,0.46,0.02,0.09
Box-15,4,29.5,73.6,0.795,C57Bl6j,chow,2017-03-14 18:56:00,937,452,116,109,22.1,0.945,0.576,0.43,0,0
Box-15,4,29.5,73.6,0.795,C57Bl6j,chow,2017-03-14 19:06:00,1600,384,96,89,22.1,0.927,0.477,0.44,0,0.09
Box-15,4,29.5,73.6,0.795,C57Bl6j,chow,2017-03-14 19:16:00,1232,112,95,87,21.8,0.923,0.47,0.47,0,0
Box-15,4,29.5,73.6,0.795,C57Bl6j,chow,2017-03-14 19:26:00,63,29,77,70,21.7,0.915,0.381,0.44,0,0
Box-15,4,29.5,73.6,0.795,C57Bl6j,chow,2017-03-14 19:36:00,1246,643,77,70,21.8,0.912,0.379,0.44,0.1,0.02
Box-15,4,29.5,73.6,0.795,C57Bl6j,chow,2017-03-14 19:46:00,1463,430,94,86,22,0.907,0.467,0.47,0.05,0
Box-15,4,29.5,73.6,0.795,C57Bl6j,chow,2017-03-14 19:56:00,1252,591,129,121,21.9,0.94,0.642,0.47,0.15,0.19
Box-15,4,29.5,73.6,0.795,C57Bl6j,chow,2017-03-14 20:06:00,1698,713,90,84,21.8,0.936,0.448,0.45,0.03,0
Box-15,4,29.5,73.6,0.795,C57Bl6j,chow,2017-03-14 20:16:00,596,132,100,94,21.9,0.94,0.5,0.44,0,0.03
Box-15,4,29.5,73.6,0.795,C57Bl6j,chow,2017-03-14 20:26:00,568,98,95,87,21.9,0.919,0.47,0.47,0,0
Box-15,4,29.5,73.6,0.795,C57Bl6j,chow,2017-03-14 20:36:00,259,31,78,72,21.7,0.925,0.385,0.44,0,0
Box-15,4,29.5,73.6,0.795,C57Bl6j,chow,2017-03-14 20:46:00,392,23,77,72,21.7,0.937,0.384,0.45,0,0
Box-15,4,29.5,73.6,0.795,C57Bl6j,chow,2017-03-14 20:56:00,811,291,83,78,21.7,0.939,0.414,0.46,0.17,0
Box-15,4,29.5,73.6,0.795,C57Bl6j,chow,2017-03-14 21:06:00,1321,403,88,82,21.9,0.928,0.439,0.47,0,0.02
Box-15,4,29.5,73.6,0.795,C57Bl6j,chow,2017-03-14 21:16:00,1475,850,128,121,22,0.949,0.638,0.44,0.12,0.14
Box-15,4,29.5,73.6,0.795,C57Bl6j,chow,2017-03-14 21:26:00,397,142,93,85,21.9,0.922,0.459,0.46,0,0.04
Box-15,4,29.5,73.6,0.795,C57Bl6j,chow,2017-03-14 21:36:00,235,63,103,98,21.9,0.946,0.515,0.46,0,0.04
Box-15,4,29.5,73.6,0.795,C57Bl6j,chow,2017-03-14 21:46:00,310,76,91,85,21.7,0.932,0.452,0.46,0,0
Box-15,4,29.5,73.6,0.795,C57Bl6j,chow,2017-03-14 21:56:00,785,152,87,82,21.7,0.945,0.432,0.46,0,0
Box-15,4,29.5,73.6,0.795,C57Bl6j,chow,2017-03-14 22:06:00,1509,673,137,132,21.9,0.959,0.687,0.46,0.15,0.04
Box-15,4,29.5,73.6,0.795,C57Bl6j,chow,2017-03-14 22:16:00,2124,1113,117,113,21.8,0.97,0.585,0.46,0.03,0.11
Box-15,4,29.5,73.6,0.795,C57Bl6j,chow,2017-03-14 22:26:00,2158,1130,117,112,21.8,0.959,0.584,0.43,0.17,0.07
Box-15,4,29.5,73.6,0.795,C57Bl6j,chow,2017-03-14 22:36:00,2814,1346,135,128,21.9,0.946,0.675,0.44,0.05,0.15
Box-15,4,29.5,73.6,0.795,C57Bl6j,chow,2017-03-14 22:46:00,1798,866,135,127,21.8,0.942,0.674,0.44,0.1,0
Box-15,4,29.5,73.6,0.795,C57Bl6j,chow,2017-03-14 22:56:00,2221,1018,139,130,21.8,0.935,0.692,0.43,0,0.14
Box-15,4,29.5,73.6,0.795,C57Bl6j,chow,2017-03-14 23:06:00,908,394,105,98,21.9,0.933,0.522,0.44,0.2,0.06
Box-15,4,29.5,73.6,0.795,C57Bl6j,chow,2017-03-14 23:16:00,1506,740,114,107,22,0.938,0.568,0.46,0,0.09
Box-15,4,29.5,73.6,0.795,C57Bl6j,chow,2017-03-14 23:26:00,1370,656,141,133,22,0.946,0.704,0.46,0,0.12
Box-15,4,29.5,73.6,0.795,C57Bl6j,chow,2017-03-14 23:36:00,606,272,115,109,22.1,0.948,0.575,0.47,0,0
Box-15,4,29.5,73.6,0.795,C57Bl6j,chow,2017-03-14 23:46:00,963,539,142,132,22,0.931,0.705,0.44,0.12,0
Box-15,4,29.5,73.6,0.795,C57Bl6j,chow,2017-03-14 23:56:00,1872,994,112,103,22,0.921,0.555,0.44,0.01,0.13
Box-15,4,29.5,73.6,0.795,C57Bl6j,chow,2017-03-15 00:06:00,1337,741,133,124,22.1,0.932,0.663,0.47,0.04,0.08
Box-15,4,29.5,73.6,0.795,C57Bl6j,chow,2017-03-15 00:16:00,918,401,134,124,22,0.92,0.666,0.45,0.1,0
Box-15,4,29.5,73.6,0.795,C57Bl6j,chow,2017-03-15 00:26:00,820,301,136,126,21.8,0.928,0.676,0.47,0.04,0
Box-15,4,29.5,73.6,0.795,C57Bl6j,chow,2017-03-15 00:36:00,671,250,111,104,21.8,0.939,0.551,0.47,0.07,0.15
Box-15,4,29.5,73.6,0.795,C57Bl6j,chow,2017-03-15 00:46:00,2303,1128,118,112,21.8,0.942,0.59,0.45,0.06,0.08
Box-15,4,29.5,73.6,0.795,C57Bl6j,chow,2017-03-15 00:56:00,2984,1236,124,116,21.8,0.936,0.619,0.44,0,0.03
Box-15,4,29.5,73.6,0.795,C57Bl6j,chow,2017-03-15 01:06:00,2207,1268,124,117,21.8,0.941,0.618,0.45,0,0.03
Box-15,4,29.5,73.6,0.795,C57Bl6j,chow,2017-03-15 01:16:00,597,373,101,92,21.7,0.914,0.499,0.44,0,0
Box-15,4,29.5,73.6,0.795,C57Bl6j,chow,2017-03-15 01:26:00,1523,860,128,119,21.8,0.93,0.638,0.45,0.18,0.01
Box-15,4,29.5,73.6,0.795,C57Bl6j,chow,2017-03-15 01:36:00,233,113,118,110,22,0.932,0.585,0.46,0,0
Box-15,4,29.5,73.6,0.795,C57Bl6j,chow,2017-03-15 01:46:00,305,174,92,85,21.9,0.931,0.456,0.44,0,0.19
Box-15,4,29.5,73.6,0.795,C57Bl6j,chow,2017-03-15 01:56:00,29,10,91,86,21.9,0.936,0.455,0.45,0,0
Box-15,4,29.5,73.6,0.795,C57Bl6j,chow,2017-03-15 02:06:00,79,53,85,78,21.9,0.922,0.421,0.44,0,0
Box-15,4,29.5,73.6,0.795,C57Bl6j,chow,2017-03-15 02:16:00,77,42,92,84,21.8,0.913,0.457,0.46,0,0
Box-15,4,29.5,73.6,0.795,C57Bl6j,chow,2017-03-15 02:26:00,38,23,80,73,21.7,0.919,0.395,0.44,0,0
Box-15,4,29.5,73.6,0.795,C57Bl6j,chow,2017-03-15 02:36:00,145,103,77,71,21.7,0.923,0.382,0.45,0,0
Box-15,4,29.5,73.6,0.795,C57Bl6j,chow,2017-03-15 02:46:00,318,189,82,75,21.7,0.914,0.407,0.44,0,0
Box-15,4,29.5,73.6,0.795,C57Bl6j,chow,2017-03-15 02:56:00,438,282,82,77,21.6,0.936,0.408,0.43,0.04,0
Box-15,4,29.5,73.6,0.795,C57Bl6j,chow,2017-03-15 03:06:00,35,25,82,77,21.6,0.936,0.408,0.44,0,0.02
Box-15,4,29.5,73.6,0.795,C57Bl6j,chow,2017-03-15 03:16:00,642,307,94,87,21.6,0.919,0.468,0.46,0,0
Box-15,4,29.5,73.6,0.795,C57Bl6j,chow,2017-03-15 03:26:00,409,248,90,83,21.6,0.929,0.446,0.46,0,0
Box-15,4,29.5,73.6,0.795,C57Bl6j,chow,2017-03-15 03:36:00,1007,622,117,109,21.6,0.925,0.582,0.46,0.1,0.05
Box-15,4,29.5,73.6,0.795,C57Bl6j,chow,2017-03-15 03:46:00,1309,783,116,108,22,0.924,0.578,0.46,0,0.19
Box-15,4,29.5,73.6,0.795,C57Bl6j,chow,2017-03-15 03:56:00,271,158,95,87,21.8,0.915,0.473,0.45,0,0
Box-15,4,29.5,73.6,0.795,C57Bl6j,chow,2017-03-15 04:06:00,21,21,79,71,21.7,0.9,0.39,0.44,0,0
Box-15,4,29.5,73.6,0.795,C57Bl6j,chow,2017-03-15 04:16:00,89,60,79,71,21.9,0.9,0.391,0.44,0,0
Box-15,4,29.5,73.6,0.795,C57Bl6j,chow,2017-03-15 04:26:00,107,64,87,76,21.9,0.879,0.427,0.45,0,0
Box-15,4,29.5,73.6,0.795,C57Bl6j,chow,2017-03-15 04:36:00,515,319,106,94,22,0.885,0.521,0.45,0.18,0.01
Box-15,4,29.5,73.6,0.795,C57Bl6j,chow,2017-03-15 04:46:00,254,100,86,75,21.9,0.866,0.424,0.46,0,0
Box-15,4,29.5,73.6,0.795,C57Bl6j,chow,2017-03-15 04:56:00,51,34,85,75,21.9,0.888,0.417,0.44,0,0
Box-15,4,29.5,73.6,0.795,C57Bl6j,chow,2017-03-15 05:06:00,863,548,97,87,21.8,0.898,0.477,0.45,0.02,0.09
Box-15,4,29.5,73.6,0.795,C57Bl6j,chow,2017-03-15 05:16:00,2104,1348,130,119,22.1,0.917,0.646,0.46,0.04,0.09
Box-15,4,29.5,73.6,0.795,C57Bl6j,chow,2017-03-15 05:26:00,1668,1015,134,122,22.3,0.913,0.663,0.46,0.05,0.1
Box-15,4,29.5,73.6,0.795,C57Bl6j,chow,2017-03-15 05:36:00,1017,593,127,115,22.2,0.904,0.627,0.44,0.11,0.02
Box-15,4,29.5,73.6,0.795,C57Bl6j,chow,2017-03-15 05:46:00,1555,904,116,106,22.2,0.919,0.574,0.45,0.02,0.1
Box-15,4,29.5,73.6,0.795,C57Bl6j,chow,2017-03-15 05:56:00,193,103,102,90,22.1,0.887,0.5,0.46,0,0
Box-15,4,29.5,73.6,0.795,C57Bl6j,chow,2017-03-15 06:06:00,503,271,111,101,22,0.912,0.549,0.46,0,0
Box-15,4,29.5,73.6,0.795,C57Bl6j,chow,2017-03-15 06:16:00,476,288,111,101,21.9,0.912,0.55,0.45,0.09,0
Box-15,4,29.5,73.6,0.795,C57Bl6j,chow,2017-03-15 06:26:00,1029,615,122,109,21.9,0.897,0.6,0.47,0.17,0.12
Box-15,4,29.5,73.6,0.795,C57Bl6j,chow,2017-03-15 06:36:00,1237,699,108,97,22.1,0.9,0.531,0.45,0,0
Box-15,4,29.5,73.6,0.795,C57Bl6j,chow,2017-03-15 06:46:00,936,626,94,83,22.1,0.89,0.461,0.46,0,0
Box-15,4,29.5,73.6,0.795,C57Bl6j,chow,2017-03-15 06:56:00,281,209,89,78,21.9,0.877,0.435,0.45,0,0
Box-15,4,29.5,73.6,0.795,C57Bl6j,chow,2017-03-15 07:06:00,4,3,89,79,21.8,0.887,0.439,0.46,0,0
Box-15,4,29.5,73.6,0.795,C57Bl6j,chow,2017-03-15 07:16:00,10,5,88,76,21.8,0.865,0.43,0.46,0,0
Box-15,4,29.5,73.6,0.795,C57Bl6j,chow,2017-03-15 07:26:00,27,24,88,74,21.9,0.848,0.427,0.44,0,0
Box-15,4,29.5,73.6,0.795,C57Bl6j,chow,2017-03-15 07:36:00,16,12,82,69,21.8,0.849,0.399,0.45,0,0
Box-15,4,29.5,73.6,0.795,C57Bl6j,chow,2017-03-15 07:46:00,41,35,76,62,21.7,0.819,0.367,0.43,0,0
Box-15,4,29.5,73.6,0.795,C57Bl6j,chow,2017-03-15 07:56:00,152,110,80,66,21.9,0.817,0.388,0.43,0,0
Box-15,4,29.5,73.6,0.795,C57Bl6j,chow,2017-03-15 08:06:00,324,143,120,102,22,0.853,0.586,0.45,0,0
Box-15,4,29.5,73.6,0.795,C57Bl6j,chow,2017-03-15 08:16:00,408,214,121,104,22.1,0.858,0.594,0.46,0,0
Box-15,4,29.5,73.6,0.795,C57Bl6j,chow,2017-03-15 08:26:00,77,58,93,81,21.9,0.863,0.457,0.47,0,0.03
Box-15,4,29.5,73.6,0.795,C57Bl6j,chow,2017-03-15 08:36:00,33,22,79,70,21.9,0.882,0.389,0.46,0,0
Box-15,4,29.5,73.6,0.795,C57Bl6j,chow,2017-03-15 08:46:00,28,7,77,68,21.8,0.89,0.378,0.47,0,0
Box-15,4,29.5,73.6,0.795,C57Bl6j,chow,2017-03-15 08:56:00,53,34,79,71,21.9,0.901,0.388,0.45,0,0
Box-15,4,29.5,73.6,0.795,C57Bl6j,chow,2017-03-15 09:06:00,72,38,84,75,21.9,0.89,0.414,0.46,0,0
Box-15,4,29.5,73.6,0.795,C57Bl6j,chow,2017-03-15 09:16:00,0,0,74,64,21.8,0.864,0.363,0.45,0,0
Box-15,4,29.5,73.6,0.795,C57Bl6j,chow,2017-03-15 09:26:00,38,26,73,64,21.6,0.874,0.36,0.45,0,0
Box-15,4,29.5,73.6,0.795,C57Bl6j,chow,2017-03-15 09:36:00,427,177,72,62,21.8,0.862,0.35,0.44,0,0
Box-15,4,29.5,73.6,0.795,C57Bl6j,chow,2017-03-15 09:46:00,1180,664,125,113,21.9,0.904,0.618,0.45,0.09,0.19
Box-15,4,29.5,73.6,0.795,C57Bl6j,chow,2017-03-15 09:56:00,292,201,84,74,21.7,0.885,0.412,0.44,0,0.02
Box-15,4,29.5,73.6,0.795,C57Bl6j,chow,2017-03-15 10:06:00,41,7,75,68,21.5,0.901,0.372,0.44,0,0
Box-15,4,29.5,73.6,0.795,C57Bl6j,chow,2017-03-15 10:16:00,30,24,80,72,21.7,0.903,0.393,0.47,0,0
Box-15,4,29.5,73.6,0.795,C57Bl6j,chow,2017-03-15 10:26:00,35,24,74,66,21.6,0.897,0.363,0.46,0,0
Box-15,4,29.5,73.6,0.795,C57Bl6j,chow,2017-03-15 10:36:00,17,17,74,67,21.5,0.903,0.368,0.47,0,0
Box-15,4,29.5,73.6,0.795,C57Bl6j,chow,2017-03-15 10:46:00,116,91,67,60,21.4,0.892,0.329,0.45,0,0
Box-15,4,29.5,73.6,0.795,C57Bl6j,chow,2017-03-15 10:56:00,188,93,72,65,21.5,0.901,0.354,0.43,0,0
Box-15,4,29.5,73.6,0.795,C57Bl6j,chow,2017-03-15 11:06:00,373,179,76,67,21.5,0.883,0.374,0.43,0,0
Box-15,4,29.5,73.6,0.795,C57Bl6j,chow,2017-03-15 11:16:00,650,320,110,98,21.5,0.896,0.54,0.43,0.21,0.08
Box-15,4,29.5,73.6,0.795,C57Bl6j,chow,2017-03-15 11:26:00,1681,1048,102,92,21.8,0.908,0.503,0.43,0,0.14
Box-15,4,29.5,73.6,0.795,C57Bl6j,chow,2017-03-15 11:36:00,2240,1104,80,72,21.6,0.899,0.395,0.44,0.01,0.03
Box-15,4,29.5,73.6,0.795,C57Bl6j,chow,2017-03-15 11:46:00,918,533,96,86,21.5,0.895,0.473,0.45,0,0
Box-15,4,29.5,73.6,0.795,C57Bl6j,chow,2017-03-15 11:56:00,310,122,97,87,21.7,0.899,0.479,0.45,0,0
Box-15,4,29.5,73.6,0.795,C57Bl6j,chow,2017-03-15 12:06:00,35,30,96,87,21.9,0.908,0.476,0.47,0,0
Box-15,4,29.5,73.6,0.795,C57Bl6j,chow,2017-03-15 12:16:00,131,125,81,72,21.6,0.897,0.397,0.44,0,0
Box-15,4,29.5,73.6,0.795,C57Bl6j,chow,2017-03-15 12:26:00,17,13,71,62,21.6,0.867,0.35,0.44,0,0
Box-15,4,29.5,73.6,0.795,C57Bl6j,chow,2017-03-15 12:36:00,27,18,79,68,21.8,0.865,0.387,0.43,0,0
Box-15,4,29.5,73.6,0.795,C57Bl6j,chow,2017-03-15 12:46:00,66,38,84,72,21.9,0.86,0.412,0.47,0,0
Box-15,4,29.5,73.6,0.795,C57Bl6j,chow,2017-03-15 12:56:00,38,25,81,70,21.8,0.86,0.396,0.47,0,0
Box-15,4,29.5,73.6,0.795,C57Bl6j,chow,2017-03-15 13:06:00,2,2,75,64,21.7,0.852,0.365,0.44,0,0
Box-15,4,29.5,73.6,0.795,C57Bl6j,chow,2017-03-15 13:16:00,123,80,81,69,21.8,0.849,0.394,0.45,0,0
Box-15,4,29.5,73.6,0.795,C57Bl6j,chow,2017-03-15 13:26:00,321,209,97,87,22,0.899,0.477,0.44,0.24,0
Box-15,4,29.5,73.6,0.795,C57Bl6j,chow,2017-03-15 13:36:00,395,211,81,73,21.9,0.901,0.402,0.44,0,0
Box-15,4,29.5,73.6,0.795,C57Bl6j,chow,2017-03-15 13:46:00,43,41,83,75,21.8,0.901,0.411,0.44,0,0
Box-15,4,29.5,73.6,0.795,C57Bl6j,chow,2017-03-15 13:56:00,46,35,84,78,21.8,0.923,0.418,0.45,0,0
Box-15,4,29.5,73.6,0.795,C57Bl6j,chow,2017-03-15 14:06:00,14,3,71,64,21.8,0.905,0.349,0.44,0,0
Box-15,4,29.5,73.6,0.795,C57Bl6j,chow,2017-03-15 14:16:00,94,58,89,82,21.9,0.915,0.442,0.47,0,0
Box-15,4,29.5,73.6,0.795,C57Bl6j,chow,2017-03-15 14:26:00,40,33,81,74,21.9,0.914,0.399,0.47,0,0.03
Box-15,4,29.5,73.6,0.795,C57Bl6j,chow,2017-03-15 14:36:00,156,61,73,65,21.8,0.894,0.359,0.46,0,0
Box-15,4,29.5,73.6,0.795,C57Bl6j,chow,2017-03-15 14:46:00,285,146,99,94,21.7,0.948,0.496,0.43,0.05,0
Box-15,4,29.5,73.6,0.795,C57Bl6j,chow,2017-03-15 14:56:00,1348,876,110,104,21.9,0.942,0.547,0.45,0.09,0.3
Box-15,4,29.5,73.6,0.795,C57Bl6j,chow,2017-03-15 15:06:00,491,283,96,90,21.9,0.936,0.48,0.46,0,0
Box-15,4,29.5,73.6,0.795,C57Bl6j,chow,2017-03-15 15:16:00,68,22,83,77,21.8,0.924,0.411,0.46,0,0
Box-15,4,29.5,73.6,0.795,C57Bl6j,chow,2017-03-15 15:26:00,99,25,70,64,21.7,0.921,0.347,0.45,0,0
Box-15,4,29.5,73.6,0.795,C57Bl6j,chow,2017-03-15 15:36:00,33,23,76,70,21.8,0.921,0.376,0.47,0,0
Box-15,4,29.5,73.6,0.795,C57Bl6j,chow,2017-03-15 15:46:00,29,15,71,66,21.8,0.921,0.354,0.43,0,0.04
Box-15,4,29.5,73.6,0.795,C57Bl6j,chow,2017-03-15 15:56:00,74,56,69,61,21.7,0.886,0.341,0.47,0,0
Box-15,4,29.5,73.6,0.795,C57Bl6j,chow,2017-03-15 16:06:00,31,20,66,59,21.6,0.899,0.324,0.45,0,0
Box-15,4,29.5,73.6,0.795,C57Bl6j,chow,2017-03-15 16:16:00,23,20,70,63,21.7,0.902,0.347,0.46,0,0
Box-15,4,29.5,73.6,0.795,C57Bl6j,chow,2017-03-15 16:26:00,426,208,80,71,21.7,0.887,0.396,0.45,0,0
Box-15,4,29.5,73.6,0.795,C57Bl6j,chow,2017-03-15 16:36:00,631,378,95,89,21.8,0.933,0.472,0.45,0,0
Box-15,4,29.5,73.6,0.795,C57Bl6j,chow,2017-03-15 16:46:00,730,497,97,90,21.9,0.935,0.481,0.46,0.11,0
Box-15,4,29.5,73.6,0.795,C57Bl6j,chow,2017-03-15 16:56:00,441,292,104,93,21.9,0.897,0.513,0.43,0.13,0.11
Box-15,4,29.5,73.6,0.795,C57Bl6j,chow,2017-03-15 17:06:00,182,113,98,90,21.9,0.921,0.485,0.43,0,0
Box-15,4,29.5,73.6,0.795,C57Bl6j,chow,2017-03-15 17:16:00,35,34,88,82,21.9,0.932,0.438,0.44,0,0
Box-15,4,29.5,73.6,0.795,C57Bl6j,chow,2017-03-15 17:26:00,25,18,81,74,21.8,0.911,0.4,0.45,0,0
Box-15,4,29.5,73.6,0.795,C57Bl6j,chow,2017-03-15 17:36:00,37,36,82,75,21.8,0.924,0.405,0.44,0,0
Box-15,4,29.5,73.6,0.795,C57Bl6j,chow,2017-03-15 17:46:00,131,53,76,71,21.6,0.931,0.38,0.45,0,0
Box-15,4,29.5,73.6,0.795,C57Bl6j,chow,2017-03-15 17:56:00,757,400,81,77,21.7,0.946,0.404,0.44,0,0
Box-15,4,29.5,73.6,0.795,C57Bl6j,chow,2017-03-15 18:06:00,1725,893,113,108,21.8,0.953,0.567,0.43,0.08,0.1
Box-15,4,29.5,73.6,0.795,C57Bl6j,chow,2017-03-15 18:16:00,897,499,117,110,21.7,0.941,0.582,0.43,0.06,0
Box-15,4,29.5,73.6,0.795,C57Bl6j,chow,2017-03-15 18:26:00,1777,1099,132,125,21.6,0.947,0.658,0.45,0.1,0.17
Box-15,4,29.5,73.6,0.795,C57Bl6j,chow,2017-03-15 18:36:00,1917,1201,132,125,21.7,0.946,0.657,0.46,0,0.08
Box-15,4,29.5,73.6,0.795,C57Bl6j,chow,2017-03-15 18:46:00,556,286,111,103,21.6,0.933,0.551,0.45,0,0
Box-15,4,29.5,73.6,0.795,C57Bl6j,chow,2017-03-15 18:56:00,100,42,104,97,21.6,0.934,0.517,0.45,0,0
Box-15,4,29.5,73.6,0.795,C57Bl6j,chow,2017-03-15 19:06:00,819,437,89,82,21.6,0.928,0.441,0.43,0.03,0
Box-15,4,29.5,73.6,0.795,C57Bl6j,chow,2017-03-15 19:16:00,1484,958,112,105,21.7,0.938,0.559,0.45,0.16,0.01
Box-15,4,29.5,73.6,0.795,C57Bl6j,chow,2017-03-15 19:26:00,918,547,137,129,21.7,0.941,0.682,0.45,0.16,0.07
Box-15,4,29.5,73.6,0.795,C57Bl6j,chow,2017-03-15 19:36:00,1068,644,103,97,21.9,0.936,0.514,0.45,0,0.13
Box-15,4,29.5,73.6,0.795,C57Bl6j,chow,2017-03-15 19:46:00,1292,757,142,132,21.9,0.93,0.704,0.47,0.16,0.14
Box-15,4,29.5,73.6,0.795,C57Bl6j,chow,2017-03-15 19:56:00,355,188,96,90,21.9,0.933,0.479,0.43,0,0
Box-15,4,29.5,73.6,0.795,C57Bl6j,chow,2017-03-15 20:06:00,2,2,91,85,21.8,0.932,0.452,0.44,0,0
Box-15,4,29.5,73.6,0.795,C57Bl6j,chow,2017-03-15 20:16:00,399,170,96,90,21.7,0.933,0.478,0.44,0,0.03
Box-15,4,29.5,73.6,0.795,C57Bl6j,chow,2017-03-15 20:26:00,22,7,94,89,21.6,0.943,0.469,0.46,0,0
Box-15,4,29.5,73.6,0.795,C57Bl6j,chow,2017-03-15 20:36:00,74,41,78,74,21.6,0.947,0.39,0.45,0,0
Box-15,4,29.5,73.6,0.795,C57Bl6j,chow,2017-03-15 20:46:00,38,18,70,65,21.6,0.938,0.347,0.43,0,0
Box-15,4,29.5,73.6,0.795,C57Bl6j,chow,2017-03-15 20:56:00,131,71,71,66,21.5,0.939,0.353,0.45,0.21,0
Box-15,4,29.5,73.6,0.795,C57Bl6j,chow,2017-03-15 21:06:00,1016,623,75,71,21.5,0.945,0.376,0.43,0,0.04
Box-15,4,29.5,73.6,0.795,C57Bl6j,chow,2017-03-15 21:16:00,2038,1219,111,106,21.6,0.956,0.556,0.43,0.03,0.14
Box-15,4,29.5,73.6,0.795,C57Bl6j,chow,2017-03-15 21:26:00,1632,972,143,135,21.7,0.941,0.713,0.44,0.12,0.1
Box-15,4,29.5,73.6,0.795,C57Bl6j,chow,2017-03-15 21:36:00,1941,1199,122,116,21.8,0.955,0.608,0.44,0,0.04
Box-15,4,29.5,73.6,0.795,C57Bl6j,chow,2017-03-15 21:46:00,1277,883,143,135,21.9,0.945,0.714,0.45,0.05,0.09
Box-15,4,29.5,73.6,0.795,C57Bl6j,chow,2017-03-15 21:56:00,83,73,93,85,21.9,0.922,0.459,0.45,0,0
Box-15,4,29.5,73.6,0.795,C57Bl6j,chow,2017-03-15 22:06:00,37,30,97,90,21.8,0.93,0.481,0.46,0,0
Box-15,4,29.5,73.6,0.795,C57Bl6j,chow,2017-03-15 22:16:00,38,15,108,103,21.8,0.95,0.541,0.47,0,0
Box-15,4,29.5,73.6,0.795,C57Bl6j,chow,2017-03-15 22:26:00,552,292,94,89,21.7,0.942,0.471,0.46,0,0
Box-15,4,29.5,73.6,0.795,C57Bl6j,chow,2017-03-15 22:36:00,897,489,118,111,21.8,0.943,0.589,0.44,0.14,0.01
Box-15,4,29.5,73.6,0.795,C57Bl6j,chow,2017-03-15 22:46:00,1785,1098,123,116,21.9,0.936,0.614,0.43,0.1,0.1
Box-15,4,29.5,73.6,0.795,C57Bl6j,chow,2017-03-15 22:56:00,2078,995,105,99,21.8,0.937,0.524,0.45,0.01,0.11
Box-15,4,29.5,73.6,0.795,C57Bl6j,chow,2017-03-15 23:06:00,2186,969,133,125,21.8,0.933,0.664,0.47,0,0.05
Box-15,4,29.5,73.6,0.795,C57Bl6j,chow,2017-03-15 23:16:00,2108,976,138,128,21.8,0.927,0.687,0.46,0.03,0.1
Box-15,4,29.5,73.6,0.795,C57Bl6j,chow,2017-03-15 23:26:00,2125,961,129,120,21.8,0.93,0.64,0.44,0.1,0.08
Box-15,4,29.5,73.6,0.795,C57Bl6j,chow,2017-03-15 23:36:00,1446,409,116,109,21.8,0.938,0.577,0.45,0,0.05
Box-15,4,29.5,73.6,0.795,C57Bl6j,chow,2017-03-15 23:46:00,206,15,96,88,21.8,0.909,0.477,0.43,0,0
Box-15,4,29.5,73.6,0.795,C57Bl6j,chow,2017-03-15 23:56:00,320,65,86,79,21.7,0.925,0.425,0.45,0,0
Box-15,4,29.5,73.6,0.795,C57Bl6j,chow,2017-03-16 00:06:00,350,63,79,72,21.6,0.914,0.389,0.45,0,0
Box-15,4,29.5,73.6,0.795,C57Bl6j,chow,2017-03-16 00:16:00,219,36,83,74,21.8,0.892,0.407,0.44,0,0
Box-15,4,29.5,73.6,0.795,C57Bl6j,chow,2017-03-16 00:26:00,394,96,98,85,21.8,0.864,0.48,0.46,0,0
Box-15,4,29.5,73.6,0.795,C57Bl6j,chow,2017-03-16 00:36:00,1121,358,119,108,21.8,0.908,0.587,0.47,0.19,0.02
Box-15,4,29.5,73.6,0.795,C57Bl6j,chow,2017-03-16 00:46:00,997,423,87,77,21.9,0.894,0.427,0.46,0,0.09
Box-15,4,29.5,73.6,0.795,C57Bl6j,chow,2017-03-16 00:56:00,1365,626,91,83,21.9,0.908,0.45,0.47,0.07,0.09
Box-15,4,29.5,73.6,0.795,C57Bl6j,chow,2017-03-16 01:06:00,1496,766,123,114,21.9,0.923,0.61,0.43,0.05,0.21
Box-15,4,29.5,73.6,0.795,C57Bl6j,chow,2017-03-16 01:16:00,403,91,98,90,21.8,0.911,0.486,0.46,0,0
Box-15,4,29.5,73.6,0.795,C57Bl6j,chow,2017-03-16 01:26:00,64,48,98,90,21.8,0.923,0.485,0.45,0,0
Box-15,4,29.5,73.6,0.795,C57Bl6j,chow,2017-03-16 01:36:00,135,64,91,84,21.6,0.916,0.452,0.47,0,0
Box-15,4,29.5,73.6,0.795,C57Bl6j,chow,2017-03-16 01:46:00,803,377,113,103,21.6,0.918,0.558,0.46,0.13,0.01
Box-15,4,29.5,73.6,0.795,C57Bl6j,chow,2017-03-16 01:56:00,477,181,99,91,21.6,0.926,0.489,0.47,0,0
Box-15,4,29.5,73.6,0.795,C57Bl6j,chow,2017-03-16 02:06:00,1325,773,116,108,21.7,0.928,0.578,0.46,0.05,0.17
Box-15,4,29.5,73.6,0.795,C57Bl6j,chow,2017-03-16 02:16:00,15,14,97,90,21.7,0.926,0.482,0.46,0,0.03
Box-15,4,29.5,73.6,0.795,C57Bl6j,chow,2017-03-16 02:26:00,102,32,90,83,21.7,0.927,0.447,0.46,0,0
Box-15,4,29.5,73.6,0.795,C57Bl6j,chow,2017-03-16 02:36:00,108,46,83,76,21.6,0.922,0.411,0.47,0,0
Box-15,4,29.5,73.6,0.795,C57Bl6j,chow,2017-03-16 02:46:00,754,355,99,92,21.6,0.926,0.493,0.45,0,0
Box-15,4,29.5,73.6,0.795,C57Bl6j,chow,2017-03-16 02:56:00,1141,574,104,97,21.7,0.933,0.518,0.44,0.22,0.03
Box-15,4,29.5,73.6,0.795,C57Bl6j,chow,2017-03-16 03:06:00,1786,820,103,94,21.8,0.919,0.509,0.46,0,0.12
Box-15,4,29.5,73.6,0.795,C57Bl6j,chow,2017-03-16 03:16:00,1174,551,111,103,21.9,0.92,0.553,0.43,0,0
Box-15,4,29.5,73.6,0.795,C57Bl6j,chow,2017-03-16 03:26:00,1475,737,105,96,21.8,0.92,0.519,0.43,0.07,0.09
Box-15,4,29.5,73.6,0.795,C57Bl6j,chow,2017-03-16 03:36:00,1836,697,107,98,21.9,0.913,0.529,0.44,0,0.08
Box-15,4,29.5,73.6,0.795,C57Bl6j,chow,2017-03-16 03:46:00,290,68,100,89,21.9,0.897,0.492,0.46,0,0
Box-15,4,29.5,73.6,0.795,C57Bl6j,chow,2017-03-16 03:56:00,182,12,80,73,21.8,0.906,0.396,0.45,0,0
Box-15,4,29.5,73.6,0.795,C57Bl6j,chow,2017-03-16 04:06:00,187,20,77,71,21.7,0.919,0.383,0.44,0,0
Box-15,4,29.5,73.6,0.795,C57Bl6j,chow,2017-03-16 04:16:00,309,77,81,74,21.8,0.914,0.4,0.46,0,0
Box-15,4,29.5,73.6,0.795,C57Bl6j,chow,2017-03-16 04:26:00,1363,466,98,88,21.9,0.903,0.482,0.46,0,0
Box-15,4,29.5,73.6,0.795,C57Bl6j,chow,2017-03-16 04:36:00,850,365,95,86,21.9,0.913,0.468,0.45,0,0
Box-15,4,29.5,73.6,0.795,C57Bl6j,chow,2017-03-16 04:46:00,387,111,82,73,21.9,0.883,0.404,0.47,0.05,0
Box-15,4,29.5,73.6,0.795,C57Bl6j,chow,2017-03-16 04:56:00,281,56,93,84,22,0.904,0.459,0.46,0,0.03
Box-15,4,29.5,73.6,0.795,C57Bl6j,chow,2017-03-16 05:06:00,1189,599,92,80,21.9,0.874,0.452,0.45,0,0
Box-15,4,29.5,73.6,0.795,C57Bl6j,chow,2017-03-16 05:16:00,1462,740,132,116,22.1,0.874,0.65,0.46,0.07,0.08
Box-15,4,29.5,73.6,0.795,C57Bl6j,chow,2017-03-16 05:26:00,828,404,88,78,22.1,0.883,0.432,0.44,0.04,0.1
Box-15,4,29.5,73.6,0.795,C57Bl6j,chow,2017-03-16 05:36:00,132,62,81,71,22.1,0.873,0.397,0.43,0,0
Box-15,4,29.5,73.6,0.795,C57Bl6j,chow,2017-03-16 05:46:00,513,182,93,85,22,0.912,0.461,0.43,0,0
Box-15,4,29.5,73.6,0.795,C57Bl6j,chow,2017-03-16 05:56:00,580,264,97,87,22,0.898,0.48,0.44,0,0
Box-15,4,29.5,73.6,0.795,C57Bl6j,chow,2017-03-16 06:06:00,1074,585,111,99,22.1,0.892,0.546,0.47,0.13,0.13
Box-15,4,29.5,73.6,0.795,C57Bl6j,chow,2017-03-16 06:16:00,1013,423,120,108,22.1,0.897,0.594,0.46,0.05,0.03
Box-15,4,29.5,73.6,0.795,C57Bl6j,chow,2017-03-16 06:26:00,821,308,102,92,22.1,0.903,0.504,0.45,0.02,0.11
Box-15,4,29.5,73.6,0.795,C57Bl6j,chow,2017-03-16 06:36:00,745,220,96,86,22,0.898,0.471,0.46,0,0
Box-15,4,29.5,73.6,0.795,C57Bl6j,chow,2017-03-16 06:46:00,342,56,89,80,21.8,0.896,0.438,0.47,0,0
Box-15,4,29.5,73.6,0.795,C57Bl6j,chow,2017-03-16 06:56:00,62,26,97,88,21.9,0.906,0.478,0.46,0,0
Box-15,4,29.5,73.6,0.795,C57Bl6j,chow,2017-03-16 07:06:00,27,9,85,73,21.9,0.857,0.415,0.46,0,0
Box-15,4,29.5,73.6,0.795,C57Bl6j,chow,2017-03-16 07:16:00,333,239,79,65,21.9,0.828,0.382,0.45,0,0
Box-15,4,29.5,73.6,0.795,C57Bl6j,chow,2017-03-16 07:26:00,64,36,74,61,21.9,0.818,0.359,0.46,0,0
Box-15,4,29.5,73.6,0.795,C57Bl6j,chow,2017-03-16 07:36:00,512,204,79,64,21.8,0.816,0.383,0.44,0,0
Box-15,4,29.5,73.6,0.795,C57Bl6j,chow,2017-03-16 07:46:00,507,123,89,75,21.9,0.834,0.435,0.46,0,0
Box-15,4,29.5,73.6,0.795,C57Bl6j,chow,2017-03-16 07:56:00,129,3,82,69,21.9,0.833,0.4,0.47,0,0
Box-15,4,29.5,73.6,0.795,C57Bl6j,chow,2017-03-16 08:06:00,137,29,66,54,21.9,0.818,0.322,0.43,0,0
Box-15,4,29.5,73.6,0.795,C57Bl6j,chow,2017-03-16 08:16:00,20,5,77,63,21.9,0.827,0.373,0.45,0,0
Box-15,4,29.5,73.6,0.795,C57Bl6j,chow,2017-03-16 08:26:00,109,44,76,61,21.8,0.8,0.367,0.43,0,0
Box-15,4,29.5,73.6,0.795,C57Bl6j,chow,2017-03-16 08:36:00,295,82,79,63,21.9,0.8,0.379,0.45,0,0
Box-15,4,29.5,73.6,0.795,C57Bl6j,chow,2017-03-16 08:46:00,433,199,113,94,21.9,0.835,0.55,0.46,0.13,0
Box-15,4,29.5,73.6,0.795,C57Bl6j,chow,2017-03-16 08:56:00,867,435,105,88,22,0.84,0.51,0.44,0,0.09
Box-15,4,29.5,73.6,0.795,C57Bl6j,chow,2017-03-16 09:06:00,1548,848,112,97,22,0.86,0.55,0.46,0.04,0.09
Box-15,4,29.5,73.6,0.795,C57Bl6j,chow,2017-03-16 09:16:00,2354,958,89,77,22,0.868,0.438,0.44,0,0
Box-15,4,29.5,73.6,0.795,C57Bl6j,chow,2017-03-16 09:26:00,501,227,95,82,21.9,0.86,0.465,0.45,0,0
Box-15,4,29.5,73.6,0.795,C57Bl6j,chow,2017-03-16 09:36:00,205,55,113,99,22,0.877,0.554,0.47,0,0
Box-15,4,29.5,73.6,0.795,C57Bl6j,chow,2017-03-16 09:46:00,90,13,87,76,22,0.869,0.428,0.45,0,0
Box-15,4,29.5,73.6,0.795,C57Bl6j,chow,2017-03-16 09:56:00,107,14,71,60,21.8,0.849,0.347,0.46,0,0
Box-15,4,29.5,73.6,0.795,C57Bl6j,chow,2017-03-16 10:06:00,196,3,65,54,21.6,0.83,0.317,0.43,0,0
Box-15,4,29.5,73.6,0.795,C57Bl6j,chow,2017-03-16 10:16:00,354,12,71,59,21.8,0.83,0.346,0.46,0,0
Box-15,4,29.5,73.6,0.795,C57Bl6j,chow,2017-03-16 10:26:00,499,22,71,58,21.8,0.822,0.343,0.46,0,0
Box-15,4,29.5,73.6,0.795,C57Bl6j,chow,2017-03-16 10:36:00,212,0,66,54,21.6,0.825,0.32,0.44,0,0
Box-15,4,29.5,73.6,0.795,C57Bl6j,chow,2017-03-16 10:46:00,1361,35,67,56,21.5,0.839,0.326,0.44,0,0
Box-15,4,29.5,73.6,0.795,C57Bl6j,chow,2017-03-16 10:56:00,1579,19,67,55,21.7,0.827,0.326,0.44,0,0
Box-15,4,29.5,73.6,0.795,C57Bl6j,chow,2017-03-16 11:06:00,1888,81,69,58,21.6,0.835,0.338,0.43,0,0
Box-15,4,29.5,73.6,0.795,C57Bl6j,chow,2017-03-16 11:16:00,611,206,113,97,21.5,0.854,0.552,0.44,0.1,0
Box-15,4,29.5,73.6,0.795,C57Bl6j,chow,2017-03-16 11:26:00,109,25,71,60,21.5,0.84,0.346,0.44,0,0.03
Box-15,4,29.5,73.6,0.795,C57Bl6j,chow,2017-03-16 11:36:00,692,234,71,60,21.4,0.838,0.347,0.45,0,0
Box-15,4,29.5,73.6,0.795,C57Bl6j,chow,2017-03-16 11:46:00,175,12,71,62,21.4,0.874,0.348,0.46,0,0
Box-15,4,29.5,73.6,0.795,C57Bl6j,chow,2017-03-16 11:56:00,69,6,69,59,21.6,0.861,0.337,0.44,0,0
Box-15,4,29.5,73.6,0.795,C57Bl6j,chow,2017-03-16 12:06:00,217,15,83,71,21.8,0.859,0.407,0.45,0,0
Box-15,4,29.5,73.6,0.795,C57Bl6j,chow,2017-03-16 12:16:00,184,16,73,63,21.6,0.856,0.359,0.43,0,0
Box-15,4,29.5,73.6,0.795,C57Bl6j,chow,2017-03-16 12:26:00,196,2,77,63,21.6,0.827,0.372,0.46,0,0
Box-15,4,29.5,73.6,0.795,C57Bl6j,chow,2017-03-16 12:36:00,215,0,82,67,21.8,0.823,0.396,0.46,0,0
Box-15,4,29.5,73.6,0.795,C57Bl6j,chow,2017-03-16 12:46:00,314,57,99,85,21.8,0.856,0.483,0.45,0.1,0
Box-15,4,29.5,73.6,0.795,C57Bl6j,chow,2017-03-16 12:56:00,565,180,99,85,21.8,0.865,0.484,0.45,0,0
Box-15,4,29.5,73.6,0.795,C57Bl6j,chow,2017-03-16 13:06:00,155,19,88,77,21.8,0.871,0.432,0.45,0,0
Box-15,4,29.5,73.6,0.795,C57Bl6j,chow,2017-03-16 13:16:00,76,8,76,68,21.8,0.897,0.374,0.45,0,0
Box-15,4,29.5,73.6,0.795,C57Bl6j,chow,2017-03-16 13:26:00,187,16,66,59,21.6,0.887,0.326,0.44,0,0.03
Box-15,4,29.5,73.6,0.795,C57Bl6j,chow,2017-03-16 13:36:00,457,133,73,65,21.8,0.894,0.358,0.45,0.03,0.02
Box-15,4,29.5,73.6,0.795,C57Bl6j,chow,2017-03-16 13:46:00,1910,1096,103,94,21.9,0.913,0.508,0.47,0.1,0.18
Box-15,4,29.5,73.6,0.795,C57Bl6j,chow,2017-03-16 13:56:00,1190,666,92,82,21.6,0.891,0.452,0.45,0.11,0
Box-15,4,29.5,73.6,0.795,C57Bl6j,chow,2017-03-16 14:06:00,315,161,84,75,21.5,0.894,0.416,0.45,0.04,0
Box-15,4,29.5,73.6,0.795,C57Bl6j,chow,2017-03-16 14:16:00,46,34,81,71,21.6,0.88,0.396,0.44,0,0
Box-15,4,29.5,73.6,0.795,C57Bl6j,chow,2017-03-16 14:26:00,51,39,72,64,21.6,0.894,0.354,0.45,0,0
Box-15,4,29.5,73.6,0.795,C57Bl6j,chow,2017-03-16 14:36:00,38,24,68,63,21.5,0.927,0.336,0.46,0,0
Box-15,4,29.5,73.6,0.795,C57Bl6j,chow,2017-03-16 14:46:00,48,40,62,57,21.4,0.915,0.308,0.45,0,0
Box-15,4,29.5,73.6,0.795,C57Bl6j,chow,2017-03-16 14:56:00,85,61,64,59,21.5,0.927,0.318,0.44,0,0
Box-15,4,29.5,73.6,0.795,C57Bl6j,chow,2017-03-16 15:06:00,18,14,66,60,21.5,0.909,0.326,0.44,0,0
Box-15,4,29.5,73.6,0.795,C57Bl6j,chow,2017-03-16 15:16:00,42,18,66,60,21.4,0.904,0.327,0.46,0,0
Box-15,4,29.5,73.6,0.795,C57Bl6j,chow,2017-03-16 15:26:00,269,172,68,62,21.4,0.903,0.338,0.45,0,0
Box-15,4,29.5,73.6,0.795,C57Bl6j,chow,2017-03-16 15:36:00,221,143,76,69,21.4,0.919,0.375,0.46,0,0
Box-15,4,29.5,73.6,0.795,C57Bl6j,chow,2017-03-16 15:46:00,31,28,80,73,21.5,0.921,0.395,0.47,0,0
Box-15,4,29.5,73.6,0.795,C57Bl6j,chow,2017-03-16 15:56:00,54,14,68,61,21.4,0.902,0.335,0.46,0,0
Box-15,4,29.5,73.6,0.795,C57Bl6j,chow,2017-03-16 16:06:00,77,41,68,60,21.4,0.894,0.333,0.45,0,0
Box-15,4,29.5,73.6,0.795,C57Bl6j,chow,2017-03-16 16:16:00,337,81,70,64,21.5,0.912,0.346,0.43,0,0
Box-15,4,29.5,73.6,0.795,C57Bl6j,chow,2017-03-16 16:26:00,657,342,105,96,21.5,0.92,0.519,0.45,0.13,0
Box-15,4,29.5,73.6,0.795,C57Bl6j,chow,2017-03-16 16:36:00,748,423,90,80,21.7,0.889,0.443,0.46,0,0.08
Box-15,4,29.5,73.6,0.795,C57Bl6j,chow,2017-03-16 16:46:00,34,22,97,87,21.9,0.898,0.478,0.46,0,0
Box-15,4,29.5,73.6,0.795,C57Bl6j,chow,2017-03-16 16:56:00,32,14,82,73,21.7,0.901,0.402,0.45,0,0
Box-15,4,29.5,73.6,0.795,C57Bl6j,chow,2017-03-16 17:06:00,46,19,77,67,21.7,0.88,0.377,0.46,0,0
Box-15,4,29.5,73.6,0.795,C57Bl6j,chow,2017-03-16 17:16:00,163,68,82,73,21.9,0.894,0.404,0.44,0,0
Box-15,4,29.5,73.6,0.795,C57Bl6j,chow,2017-03-16 17:26:00,459,251,84,75,22,0.893,0.415,0.44,0.13,0
Box-15,4,29.5,73.6,0.795,C57Bl6j,chow,2017-03-16 17:36:00,279,110,97,87,21.9,0.896,0.479,0.45,0,0
Box-15,4,29.5,73.6,0.795,C57Bl6j,chow,2017-03-16 17:46:00,101,25,93,85,22,0.922,0.459,0.44,0,0
Box-15,4,29.5,73.6,0.795,C57Bl6j,chow,2017-03-16 17:56:00,1130,643,113,107,21.9,0.943,0.563,0.45,0.11,0.06
Box-15,4,29.5,73.6,0.795,C57Bl6j,chow,2017-03-16 18:06:00,1668,919,129,119,21.8,0.922,0.642,0.45,0,0.1
Box-15,4,29.5,73.6,0.795,C57Bl6j,chow,2017-03-16 18:16:00,1326,715,142,131,22,0.923,0.706,0.46,0.2,0.17
Box-15,4,29.5,73.6,0.795,C57Bl6j,chow,2017-03-16 18:26:00,390,191,104,95,21.9,0.911,0.514,0.46,0,0
Box-15,4,29.5,73.6,0.795,C57Bl6j,chow,2017-03-16 18:36:00,221,108,90,81,21.7,0.906,0.443,0.44,0,0
Box-15,4,29.5,73.6,0.795,C57Bl6j,chow,2017-03-16 18:46:00,1268,676,119,111,21.7,0.93,0.592,0.43,0.03,0.03
Box-15,4,29.5,73.6,0.795,C57Bl6j,chow,2017-03-16 18:56:00,1400,765,133,124,21.8,0.927,0.662,0.46,0.08,0.04
Box-15,4,29.5,73.6,0.795,C57Bl6j,chow,2017-03-16 19:06:00,1285,710,142,131,22,0.924,0.706,0.46,0.03,0
Box-15,4,29.5,73.6,0.795,C57Bl6j,chow,2017-03-16 19:16:00,1560,783,120,111,22,0.929,0.595,0.46,0.1,0.07
Box-15,4,29.5,73.6,0.795,C57Bl6j,chow,2017-03-16 19:26:00,1056,513,111,104,21.9,0.933,0.552,0.43,0.07,0.04
Box-15,4,29.5,73.6,0.795,C57Bl6j,chow,2017-03-16 19:36:00,1542,879,128,120,22,0.936,0.638,0.44,0.08,0.13
Box-15,4,29.5,73.6,0.795,C57Bl6j,chow,2017-03-16 19:46:00,2138,1064,116,108,22,0.934,0.577,0.46,0.02,0
Box-15,4,29.5,73.6,0.795,C57Bl6j,chow,2017-03-16 19:56:00,1715,907,144,135,21.9,0.935,0.717,0.46,0.04,0.08
Box-15,4,29.5,73.6,0.795,C57Bl6j,chow,2017-03-16 20:06:00,1839,1041,136,126,21.8,0.927,0.675,0.46,0.09,0.04
Box-15,4,29.5,73.6,0.795,C57Bl6j,chow,2017-03-16 20:16:00,1502,793,159,147,22,0.927,0.788,0.46,0.12,0.13
Box-15,4,29.5,73.6,0.795,C57Bl6j,chow,2017-03-16 20:26:00,658,245,100,92,22,0.918,0.495,0.46,0,0.04
Box-15,4,29.5,73.6,0.795,C57Bl6j,chow,2017-03-16 20:36:00,100,29,109,100,21.9,0.921,0.54,0.46,0,0
Box-15,4,29.5,73.6,0.795,C57Bl6j,chow,2017-03-16 20:46:00,41,19,84,77,21.7,0.921,0.414,0.44,0,0
Box-15,4,29.5,73.6,0.795,C57Bl6j,chow,2017-03-16 20:56:00,222,59,94,86,21.9,0.92,0.464,0.47,0,0
Box-15,4,29.5,73.6,0.795,C57Bl6j,chow,2017-03-16 21:06:00,439,255,105,97,21.9,0.921,0.52,0.44,0,0
Box-15,4,29.5,73.6,0.795,C57Bl6j,chow,2017-03-16 21:16:00,59,29,83,77,21.8,0.926,0.414,0.44,0,0
Box-15,4,29.5,73.6,0.795,C57Bl6j,chow,2017-03-16 21:26:00,79,19,78,70,21.8,0.898,0.387,0.43,0,0
Box-15,4,29.5,73.6,0.795,C57Bl6j,chow,2017-03-16 21:36:00,986,379,86,77,21.8,0.893,0.426,0.44,0.22,0.03
Box-15,4,29.5,73.6,0.795,C57Bl6j,chow,2017-03-16 21:46:00,799,290,102,94,21.9,0.922,0.507,0.46,0.04,0.07
Box-15,4,29.5,73.6,0.795,C57Bl6j,chow,2017-03-16 21:56:00,123,26,102,95,21.9,0.934,0.505,0.44,0,0
Box-15,4,29.5,73.6,0.795,C57Bl6j,chow,2017-03-16 22:06:00,777,388,117,112,21.9,0.951,0.586,0.47,0,0.02
Box-15,4,29.5,73.6,0.795,C57Bl6j,chow,2017-03-16 22:16:00,2297,1289,121,114,21.9,0.946,0.602,0.45,0.11,0.2
Box-15,4,29.5,73.6,0.795,C57Bl6j,chow,2017-03-16 22:26:00,1512,715,135,127,21.9,0.946,0.671,0.47,0.15,0.23
Box-15,4,29.5,73.6,0.795,C57Bl6j,chow,2017-03-16 22:36:00,2722,1072,112,107,22,0.951,0.56,0.44,0.03,0.03
Box-15,4,29.5,73.6,0.795,C57Bl6j,chow,2017-03-16 22:46:00,589,265,106,99,21.9,0.93,0.527,0.45,0,0
Box-15,4,29.5,73.6,0.795,C57Bl6j,chow,2017-03-16 22:56:00,195,104,132,125,21.8,0.952,0.657,0.45,0.05,0
Box-15,4,29.5,73.6,0.795,C57Bl6j,chow,2017-03-16 23:06:00,519,232,101,96,21.7,0.951,0.502,0.44,0,0
Box-15,4,29.5,73.6,0.795,C57Bl6j,chow,2017-03-16 23:16:00,432,149,92,86,21.8,0.935,0.458,0.44,0,0
Box-15,4,29.5,73.6,0.795,C57Bl6j,chow,2017-03-16 23:26:00,1766,1108,116,110,21.9,0.947,0.579,0.45,0.11,0.04
Box-15,4,29.5,73.6,0.795,C57Bl6j,chow,2017-03-16 23:36:00,1735,1052,119,112,21.8,0.943,0.592,0.46,0.1,0.07
Box-15,4,29.5,73.6,0.795,C57Bl6j,chow,2017-03-16 23:46:00,2149,1154,135,126,21.8,0.933,0.67,0.47,0,0.22
Box-15,4,29.5,73.6,0.795,C57Bl6j,chow,2017-03-16 23:56:00,1856,885,126,119,21.9,0.943,0.629,0.44,0.13,0
Box-15,4,29.5,73.6,0.795,C57Bl6j,chow,2017-03-17 00:06:00,807,327,124,117,22.1,0.944,0.617,0.47,0,0
Box-15,4,29.5,73.6,0.795,C57Bl6j,chow,2017-03-17 00:16:00,1483,673,107,100,21.9,0.935,0.533,0.47,0,0.08
Box-15,4,29.5,73.6,0.795,C57Bl6j,chow,2017-03-17 00:26:00,271,164,100,92,21.8,0.926,0.496,0.46,0.03,0
Box-15,4,29.5,73.6,0.795,C57Bl6j,chow,2017-03-17 00:36:00,180,65,103,97,21.9,0.941,0.512,0.46,0,0
Box-15,4,29.5,73.6,0.795,C57Bl6j,chow,2017-03-17 00:46:00,130,28,96,91,21.9,0.947,0.478,0.46,0,0
Box-15,4,29.5,73.6,0.795,C57Bl6j,chow,2017-03-17 00:56:00,159,33,89,85,21.8,0.952,0.444,0.45,0,0
Box-15,4,29.5,73.6,0.795,C57Bl6j,chow,2017-03-17 01:06:00,227,78,82,74,21.7,0.905,0.404,0.45,0,0
Box-15,4,29.5,73.6,0.795,C57Bl6j,chow,2017-03-17 01:16:00,540,256,98,88,21.9,0.905,0.483,0.46,0.04,0
Box-15,4,29.5,73.6,0.795,C57Bl6j,chow,2017-03-17 01:26:00,483,254,101,94,21.9,0.929,0.502,0.45,0.05,0
Box-15,4,29.5,73.6,0.795,C57Bl6j,chow,2017-03-17 01:36:00,1815,1006,103,97,21.9,0.934,0.514,0.43,0,0.06
Box-15,4,29.5,73.6,0.795,C57Bl6j,chow,2017-03-17 01:46:00,597,281,98,91,21.9,0.93,0.485,0.43,0.09,0.13
Box-15,4,29.5,73.6,0.795,C57Bl6j,chow,2017-03-17 01:56:00,94,33,103,96,22,0.937,0.512,0.46,0,0
Box-15,4,29.5,73.6,0.795,C57Bl6j,chow,2017-03-17 02:06:00,190,64,97,90,22,0.925,0.481,0.46,0,0
Box-15,4,29.5,73.6,0.795,C57Bl6j,chow,2017-03-17 02:16:00,744,404,108,101,21.9,0.934,0.538,0.46,0.19,0
Box-15,4,29.5,73.6,0.795,C57Bl6j,chow,2017-03-17 02:26:00,1392,644,131,123,22.1,0.941,0.651,0.47,0.05,0.22
Box-15,4,29.5,73.6,0.795,C57Bl6j,chow,2017-03-17 02:36:00,2768,1385,116,108,22.1,0.932,0.577,0.46,0,0
Box-15,4,29.5,73.6,0.795,C57Bl6j,chow,2017-03-17 02:46:00,1013,397,119,111,22.1,0.929,0.591,0.43,0.18,0.09
Box-15,4,29.5,73.6,0.795,C57Bl6j,chow,2017-03-17 02:56:00,1218,697,116,108,22.2,0.928,0.576,0.46,0,0.06
Box-15,4,29.5,73.6,0.795,C57Bl6j,chow,2017-03-17 03:06:00,1133,564,120,111,22.1,0.926,0.597,0.46,0,0
Box-15,4,29.5,73.6,0.795,C57Bl6j,chow,2017-03-17 03:16:00,104,55,108,99,21.9,0.915,0.533,0.45,0,0
Box-15,4,29.5,73.6,0.795,C57Bl6j,chow,2017-03-17 03:26:00,36,18,87,82,21.6,0.942,0.432,0.44,0,0
Box-15,4,29.5,73.6,0.795,C57Bl6j,chow,2017-03-17 03:36:00,34,19,82,75,21.8,0.912,0.408,0.44,0,0
Box-15,4,29.5,73.6,0.795,C57Bl6j,chow,2017-03-17 03:46:00,73,41,83,75,21.8,0.911,0.408,0.44,0,0
Box-15,4,29.5,73.6,0.795,C57Bl6j,chow,2017-03-17 03:56:00,529,336,92,86,21.6,0.937,0.459,0.44,0.12,0.09
Box-15,4,29.5,73.6,0.795,C57Bl6j,chow,2017-03-17 04:06:00,70,38,76,68,21.6,0.9,0.373,0.46,0,0.03
Box-15,4,29.5,73.6,0.795,C57Bl6j,chow,2017-03-17 04:16:00,58,40,78,72,21.6,0.914,0.389,0.46,0,0
Box-15,4,29.5,73.6,0.795,C57Bl6j,chow,2017-03-17 04:26:00,241,151,79,73,21.5,0.918,0.392,0.47,0,0
Box-15,4,29.5,73.6,0.795,C57Bl6j,chow,2017-03-17 04:36:00,970,475,92,86,21.6,0.933,0.459,0.46,0,0
Box-15,4,29.5,73.6,0.795,C57Bl6j,chow,2017-03-17 04:46:00,1509,759,116,108,22,0.932,0.575,0.46,0.21,0.19
Box-15,4,29.5,73.6,0.795,C57Bl6j,chow,2017-03-17 04:56:00,120,40,108,100,21.8,0.925,0.537,0.46,0,0
Box-15,4,29.5,73.6,0.795,C57Bl6j,chow,2017-03-17 05:06:00,732,413,83,76,21.7,0.918,0.412,0.47,0,0.01
Box-15,4,29.5,73.6,0.795,C57Bl6j,chow,2017-03-17 05:16:00,1932,1003,116,109,22,0.941,0.576,0.44,0,0.11
Box-15,4,29.5,73.6,0.795,C57Bl6j,chow,2017-03-17 05:26:00,1591,850,126,116,22.2,0.914,0.626,0.44,0,0.09
Box-15,4,29.5,73.6,0.795,C57Bl6j,chow,2017-03-17 05:36:00,1501,794,119,110,22.1,0.924,0.592,0.45,0.1,0.06
Box-15,4,29.5,73.6,0.795,C57Bl6j,chow,2017-03-17 05:46:00,1582,872,98,90,22.1,0.919,0.486,0.46,0,0.01
Box-15,4,29.5,73.6,0.795,C57Bl6j,chow,2017-03-17 05:56:00,703,306,104,94,22.1,0.906,0.514,0.44,0,0
Box-15,4,29.5,73.6,0.795,C57Bl6j,chow,2017-03-17 06:06:00,235,133,91,81,22,0.893,0.448,0.45,0,0
Box-15,4,29.5,73.6,0.795,C57Bl6j,chow,2017-03-17 06:16:00,36,17,102,93,22,0.908,0.504,0.47,0,0
Box-15,4,29.5,73.6,0.795,C57Bl6j,chow,2017-03-17 06:26:00,48,26,87,77,22,0.893,0.428,0.46,0,0
Box-15,4,29.5,73.6,0.795,C57Bl6j,chow,2017-03-17 06:36:00,165,88,79,68,21.9,0.86,0.387,0.46,0,0
Box-15,4,29.5,73.6,0.795,C57Bl6j,chow,2017-03-17 06:46:00,52,27,77,67,21.8,0.867,0.377,0.46,0,0
Box-15,4,29.5,73.6,0.795,C57Bl6j,chow,2017-03-17 06:56:00,49,20,78,67,21.9,0.853,0.382,0.47,0,0
Box-15,4,29.5,73.6,0.795,C57Bl6j,chow,2017-03-17 07:06:00,644,316,101,87,21.9,0.863,0.493,0.46,0.02,0
Box-15,4,29.5,73.6,0.795,C57Bl6j,chow,2017-03-17 07:16:00,56,24,80,69,21.9,0.867,0.391,0.44,0,0
Box-15,4,29.5,73.6,0.795,C57Bl6j,chow,2017-03-17 07:26:00,20,8,80,69,21.7,0.866,0.391,0.47,0,0
Box-15,4,29.5,73.6,0.795,C57Bl6j,chow,2017-03-17 07:36:00,107,64,77,67,21.9,0.864,0.379,0.45,0,0
Box-15,4,29.5,73.6,0.795,C57Bl6j,chow,2017-03-17 07:46:00,127,45,77,66,21.9,0.855,0.375,0.46,0,0
Box-15,4,29.5,73.6,0.795,C57Bl6j,chow,2017-03-17 07:56:00,133,70,87,72,21.8,0.834,0.422,0.47,0.12,0
Box-15,4,29.5,73.6,0.795,C57Bl6j,chow,2017-03-17 08:06:00,709,422,124,106,21.8,0.857,0.607,0.45,0,0.05
Box-15,4,29.5,73.6,0.795,C57Bl6j,chow,2017-03-17 08:16:00,1705,955,129,114,22,0.886,0.633,0.44,0.08,0.16
Box-15,4,29.5,73.6,0.795,C57Bl6j,chow,2017-03-17 08:26:00,1591,967,94,83,22,0.876,0.462,0.45,0,0
Box-15,4,29.5,73.6,0.795,C57Bl6j,chow,2017-03-17 08:36:00,1690,863,107,96,21.8,0.898,0.529,0.45,0,0.05
Box-15,4,29.5,73.6,0.795,C57Bl6j,chow,2017-03-17 08:46:00,265,55,100,89,21.7,0.889,0.491,0.46,0,0
Box-15,4,29.5,73.6,0.795,C57Bl6j,chow,2017-03-17 08:56:00,219,7,97,86,21.9,0.889,0.476,0.46,0,0
Box-15,4,29.5,73.6,0.795,C57Bl6j,chow,2017-03-17 09:06:00,89,10,75,64,21.8,0.857,0.365,0.45,0,0
Box-15,4,29.5,73.6,0.795,C57Bl6j,chow,2017-03-17 09:16:00,112,5,72,61,21.7,0.848,0.351,0.45,0,0
Box-15,4,29.5,73.6,0.795,C57Bl6j,chow,2017-03-17 09:26:00,81,11,80,68,21.6,0.844,0.392,0.47,0,0
Box-15,4,29.5,73.6,0.795,C57Bl6j,chow,2017-03-17 09:36:00,90,9,73,60,21.7,0.827,0.354,0.45,0,0
Box-15,4,29.5,73.6,0.795,C57Bl6j,chow,2017-03-17 09:46:00,107,32,68,56,21.8,0.823,0.331,0.45,0,0
Box-15,4,29.5,73.6,0.795,C57Bl6j,chow,2017-03-17 09:56:00,271,101,82,69,21.6,0.844,0.399,0.47,0.1,0
Box-15,4,29.5,73.6,0.795,C57Bl6j,chow,2017-03-17 10:06:00,1471,839,92,79,21.6,0.86,0.45,0.46,0.06,0
Box-15,4,29.5,73.6,0.795,C57Bl6j,chow,2017-03-17 10:16:00,1034,454,102,87,21.7,0.857,0.499,0.45,0,0.08
Box-15,4,29.5,73.6,0.795,C57Bl6j,chow,2017-03-17 10:26:00,249,43,85,74,21.7,0.867,0.417,0.45,0,0
Box-15,4,29.5,73.6,0.795,C57Bl6j,chow,2017-03-17 10:36:00,58,16,84,75,21.6,0.894,0.416,0.45,0,0
Box-15,4,29.5,73.6,0.795,C57Bl6j,chow,2017-03-17 10:46:00,33,1,72,62,21.4,0.863,0.353,0.46,0,0
Box-15,4,29.5,73.6,0.795,C57Bl6j,chow,2017-03-17 10:56:00,95,13,75,64,21.6,0.856,0.366,0.47,0,0
Box-15,4,29.5,73.6,0.795,C57Bl6j,chow,2017-03-17 11:06:00,35,6,69,58,21.6,0.841,0.338,0.46,0,0
Box-15,4,29.5,73.6,0.795,C57Bl6j,chow,2017-03-17 11:16:00,254,32,70,59,21.4,0.839,0.34,0.45,0,0
Box-15,4,29.5,73.6,0.795,C57Bl6j,chow,2017-03-17 11:26:00,494,124,99,87,21.5,0.877,0.485,0.47,0.12,0
Box-15,4,29.5,73.6,0.795,C57Bl6j,chow,2017-03-17 11:36:00,1171,528,74,65,21.4,0.881,0.364,0.43,0,0.11
Box-15,4,29.5,73.6,0.795,C57Bl6j,chow,2017-03-17 11:46:00,177,92,81,72,21.5,0.89,0.399,0.45,0,0
Box-15,4,29.5,73.6,0.795,C57Bl6j,chow,2017-03-17 11:56:00,56,36,70,62,21.5,0.886,0.344,0.45,0,0
Box-15,4,29.5,73.6,0.795,C57Bl6j,chow,2017-03-17 12:06:00,99,39,73,66,21.7,0.904,0.36,0.46,0,0
Box-15,4,29.5,73.6,0.795,C57Bl6j,chow,2017-03-17 12:16:00,5,3,62,55,21.5,0.893,0.304,0.43,0,0
Box-15,4,29.5,73.6,0.795,C57Bl6j,chow,2017-03-17 12:26:00,72,41,61,54,21.5,0.879,0.3,0.45,0,0
Box-15,4,29.5,73.6,0.795,C57Bl6j,chow,2017-03-17 12:36:00,42,17,71,63,21.7,0.883,0.349,0.45,0,0
Box-15,4,29.5,73.6,0.795,C57Bl6j,chow,2017-03-17 12:46:00,54,17,76,67,21.8,0.879,0.375,0.47,0,0
Box-15,4,29.5,73.6,0.795,C57Bl6j,chow,2017-03-17 12:56:00,298,130,76,66,21.7,0.873,0.372,0.46,0,0
Box-15,4,29.5,73.6,0.795,C57Bl6j,chow,2017-03-17 13:06:00,199,164,75,67,21.7,0.888,0.369,0.44,0,0
Box-15,4,29.5,73.6,0.795,C57Bl6j,chow,2017-03-17 13:16:00,24,2,65,58,21.7,0.886,0.322,0.43,0,0
Box-15,4,29.5,73.6,0.795,C57Bl6j,chow,2017-03-17 13:26:00,101,25,66,56,21.7,0.856,0.323,0.45,0,0
Box-15,4,29.5,73.6,0.795,C57Bl6j,chow,2017-03-17 13:36:00,78,31,74,64,21.8,0.873,0.362,0.46,0,0
Box-15,4,29.5,73.6,0.795,C57Bl6j,chow,2017-03-17 13:46:00,184,120,81,69,21.7,0.855,0.397,0.47,0.18,0
Box-15,4,29.5,73.6,0.795,C57Bl6j,chow,2017-03-17 13:56:00,696,401,77,66,21.8,0.864,0.376,0.46,0.06,0
Box-15,4,29.5,73.6,0.795,C57Bl6j,chow,2017-03-17 14:06:00,1398,778,97,89,21.7,0.914,0.482,0.44,0,0.08
Box-15,4,29.5,73.6,0.795,C57Bl6j,chow,2017-03-17 14:16:00,927,656,104,96,21.9,0.92,0.515,0.43,0,0.07
Box-15,4,29.5,73.6,0.795,C57Bl6j,chow,2017-03-17 14:26:00,91,38,105,96,21.8,0.915,0.52,0.47,0,0
Box-15,4,29.5,73.6,0.795,C57Bl6j,chow,2017-03-17 14:36:00,6,2,78,70,21.7,0.894,0.386,0.46,0,0
Box-15,4,29.5,73.6,0.795,C57Bl6j,chow,2017-03-17 14:46:00,5,2,70,62,21.6,0.889,0.346,0.45,0,0
Box-15,4,29.5,73.6,0.795,C57Bl6j,chow,2017-03-17 14:56:00,3,0,74,65,21.7,0.886,0.363,0.46,0,0.03
Box-15,4,29.5,73.6,0.795,C57Bl6j,chow,2017-03-17 15:06:00,13,4,68,61,21.8,0.9,0.336,0.44,0,0
Box-15,4,29.5,73.6,0.795,C57Bl6j,chow,2017-03-17 15:16:00,13,12,69,61,21.7,0.885,0.338,0.46,0,0
Box-15,4,29.5,73.6,0.795,C57Bl6j,chow,2017-03-17 15:26:00,15,10,66,61,21.5,0.917,0.328,0.45,0,0
Box-17,5,29.8,45,0.536,C57Bl6j,chow,2017-03-14 14:36:00,269,105,62,54,0,0.864,0.305,0.45,0,0
Box-17,5,29.8,45,0.536,C57Bl6j,chow,2017-03-14 14:46:00,226,125,71,61,0,0.857,0.348,0.46,0.02,0
Box-17,5,29.8,45,0.536,C57Bl6j,chow,2017-03-14 14:56:00,737,354,100,90,0,0.9,0.495,0.46,0.22,0.09
Box-17,5,29.8,45,0.536,C57Bl6j,chow,2017-03-14 15:06:00,532,263,87,79,0,0.91,0.429,0.44,0,0.05
Box-17,5,29.8,45,0.536,C57Bl6j,chow,2017-03-14 15:16:00,647,248,102,94,0,0.926,0.505,0.47,0.03,0.02
Box-17,5,29.8,45,0.536,C57Bl6j,chow,2017-03-14 15:26:00,133,34,88,81,0,0.924,0.436,0.46,0,0
Box-17,5,29.8,45,0.536,C57Bl6j,chow,2017-03-14 15:36:00,67,53,69,63,0,0.916,0.341,0.45,0,0
Box-17,5,29.8,45,0.536,C57Bl6j,chow,2017-03-14 15:46:00,39,21,63,58,0,0.912,0.314,0.44,0,0
Box-17,5,29.8,45,0.536,C57Bl6j,chow,2017-03-14 15:56:00,77,27,65,59,0,0.906,0.323,0.46,0,0
Box-17,5,29.8,45,0.536,C57Bl6j,chow,2017-03-14 16:06:00,496,183,64,57,0,0.887,0.314,0.44,0,0.03
Box-17,5,29.8,45,0.536,C57Bl6j,chow,2017-03-14 16:16:00,678,330,98,90,0,0.916,0.485,0.43,0.04,0.07
Box-17,5,29.8,45,0.536,C57Bl6j,chow,2017-03-14 16:26:00,158,76,73,67,0,0.913,0.362,0.45,0,0
Box-17,5,29.8,45,0.536,C57Bl6j,chow,2017-03-14 16:36:00,486,236,74,69,0,0.924,0.369,0.45,0.04,0.07
Box-17,5,29.8,45,0.536,C57Bl6j,chow,2017-03-14 16:46:00,1250,603,116,108,0,0.933,0.576,0.46,0.07,0.26
Box-17,5,29.8,45,0.536,C57Bl6j,chow,2017-03-14 16:56:00,989,496,103,96,0,0.933,0.512,0.43,0.14,0
Box-17,5,29.8,45,0.536,C57Bl6j,chow,2017-03-14 17:06:00,116,50,88,82,0,0.926,0.439,0.46,0,0
Box-17,5,29.8,45,0.536,C57Bl6j,chow,2017-03-14 17:16:00,209,101,84,78,0,0.929,0.419,0.47,0,0.02
Box-17,5,29.8,45,0.536,C57Bl6j,chow,2017-03-14 17:26:00,283,255,70,66,0,0.941,0.347,0.44,0,0.03
Box-17,5,29.8,45,0.536,C57Bl6j,chow,2017-03-14 17:36:00,117,60,70,66,0,0.95,0.349,0.47,0,0.07
Box-17,5,29.8,45,0.536,C57Bl6j,chow,2017-03-14 17:46:00,821,370,84,81,0,0.965,0.418,0.47,0,0
Box-17,5,29.8,45,0.536,C57Bl6j,chow,2017-03-14 17:56:00,978,529,110,109,0,0.99,0.554,0.44,0.17,0.21
Box-17,5,29.8,45,0.536,C57Bl6j,chow,2017-03-14 18:06:00,133,50,94,91,0,0.964,0.471,0.46,0,0
Box-17,5,29.8,45,0.536,C57Bl6j,chow,2017-03-14 18:16:00,129,77,77,73,0,0.946,0.384,0.45,0,0
Box-17,5,29.8,45,0.536,C57Bl6j,chow,2017-03-14 18:26:00,80,45,72,69,0,0.961,0.359,0.46,0,0.06
Box-17,5,29.8,45,0.536,C57Bl6j,chow,2017-03-14 18:36:00,746,378,71,69,0,0.967,0.357,0.45,0.08,0.06
Box-17,5,29.8,45,0.536,C57Bl6j,chow,2017-03-14 18:46:00,2325,1311,114,112,0,0.986,0.574,0.46,0,0.03
Box-17,5,29.8,45,0.536,C57Bl6j,chow,2017-03-14 18:56:00,916,469,120,112,0,0.941,0.596,0.43,0.12,0
Box-17,5,29.8,45,0.536,C57Bl6j,chow,2017-03-14 19:06:00,1436,804,110,104,0,0.945,0.549,0.44,0.03,0.05
Box-17,5,29.8,45,0.536,C57Bl6j,chow,2017-03-14 19:16:00,1986,1035,106,99,0,0.941,0.526,0.44,0,0.2
Box-17,5,29.8,45,0.536,C57Bl6j,chow,2017-03-14 19:26:00,1373,680,109,103,0,0.945,0.541,0.44,0,0
Box-17,5,29.8,45,0.536,C57Bl6j,chow,2017-03-14 19:36:00,1100,559,137,127,0,0.93,0.679,0.46,0.14,0
Box-17,5,29.8,45,0.536,C57Bl6j,chow,2017-03-14 19:46:00,1979,1037,113,107,0,0.946,0.564,0.46,0.04,0
Box-17,5,29.8,45,0.536,C57Bl6j,chow,2017-03-14 19:56:00,501,213,100,95,0,0.949,0.501,0.42,0,0
Box-17,5,29.8,45,0.536,C57Bl6j,chow,2017-03-14 20:06:00,33,14,97,90,0,0.927,0.48,0.47,0,0
Box-17,5,29.8,45,0.536,C57Bl6j,chow,2017-03-14 20:16:00,90,45,73,67,0,0.924,0.362,0.44,0,0.01
Box-17,5,29.8,45,0.536,C57Bl6j,chow,2017-03-14 20:26:00,96,49,69,64,0,0.923,0.341,0.43,0,0
Box-17,5,29.8,45,0.536,C57Bl6j,chow,2017-03-14 20:36:00,439,201,70,64,0,0.913,0.349,0.44,0.06,0
Box-17,5,29.8,45,0.536,C57Bl6j,chow,2017-03-14 20:46:00,2447,1370,112,104,0,0.933,0.556,0.46,0.19,0.21
Box-17,5,29.8,45,0.536,C57Bl6j,chow,2017-03-14 20:56:00,2860,1513,120,114,0,0.955,0.597,0.45,0,0.07
Box-17,5,29.8,45,0.536,C57Bl6j,chow,2017-03-14 21:06:00,1946,1158,126,119,0,0.945,0.626,0.46,0,0.01
Box-17,5,29.8,45,0.536,C57Bl6j,chow,2017-03-14 21:16:00,1732,1114,129,122,0,0.949,0.642,0.46,0,0.04
Box-17,5,29.8,45,0.536,C57Bl6j,chow,2017-03-14 21:26:00,2400,1544,119,112,0,0.936,0.594,0.43,0.13,0.02
Box-17,5,29.8,45,0.536,C57Bl6j,chow,2017-03-14 21:36:00,2859,1681,112,104,0,0.929,0.558,0.44,0,0.06
Box-17,5,29.8,45,0.536,C57Bl6j,chow,2017-03-14 21:46:00,2324,1394,115,107,0,0.932,0.572,0.46,0,0
Box-17,5,29.8,45,0.536,C57Bl6j,chow,2017-03-14 21:56:00,1932,1042,108,101,0,0.931,0.538,0.44,0,0.04
Box-17,5,29.8,45,0.536,C57Bl6j,chow,2017-03-14 22:06:00,1534,814,125,117,0,0.936,0.624,0.45,0,0.01
Box-17,5,29.8,45,0.536,C57Bl6j,chow,2017-03-14 22:16:00,1739,998,118,108,0,0.92,0.585,0.46,0.04,0.07
Box-17,5,29.8,45,0.536,C57Bl6j,chow,2017-03-14 22:26:00,3092,1727,112,104,0,0.928,0.556,0.43,0.03,0.07
Box-17,5,29.8,45,0.536,C57Bl6j,chow,2017-03-14 22:36:00,2501,1544,123,115,0,0.93,0.612,0.46,0,0.04
Box-17,5,29.8,45,0.536,C57Bl6j,chow,2017-03-14 22:46:00,1917,1038,131,121,0,0.922,0.65,0.46,0,0.03
Box-17,5,29.8,45,0.536,C57Bl6j,chow,2017-03-14 22:56:00,2418,1454,109,100,0,0.921,0.54,0.43,0.03,0
Box-17,5,29.8,45,0.536,C57Bl6j,chow,2017-03-14 23:06:00,1677,1200,98,89,0,0.908,0.485,0.42,0,0.03
Box-17,5,29.8,45,0.536,C57Bl6j,chow,2017-03-14 23:16:00,614,421,99,90,0,0.905,0.489,0.42,0.21,0.03
Box-17,5,29.8,45,0.536,C57Bl6j,chow,2017-03-14 23:26:00,191,143,93,83,0,0.895,0.456,0.46,0,0.03
Box-17,5,29.8,45,0.536,C57Bl6j,chow,2017-03-14 23:36:00,708,391,90,84,0,0.924,0.449,0.44,0,0.18
Box-17,5,29.8,45,0.536,C57Bl6j,chow,2017-03-14 23:46:00,2239,1243,110,103,0,0.939,0.548,0.47,0.04,0
Box-17,5,29.8,45,0.536,C57Bl6j,chow,2017-03-14 23:56:00,560,222,101,94,0,0.926,0.503,0.47,0,0.03
Box-17,5,29.8,45,0.536,C57Bl6j,chow,2017-03-15 00:06:00,438,310,90,83,0,0.919,0.448,0.45,0,0
Box-17,5,29.8,45,0.536,C57Bl6j,chow,2017-03-15 00:16:00,226,117,71,65,0,0.905,0.353,0.46,0,0
Box-17,5,29.8,45,0.536,C57Bl6j,chow,2017-03-15 00:26:00,115,43,71,63,0,0.889,0.349,0.46,0,0
Box-17,5,29.8,45,0.536,C57Bl6j,chow,2017-03-15 00:36:00,181,54,66,58,0,0.878,0.323,0.43,0,0
Box-17,5,29.8,45,0.536,C57Bl6j,chow,2017-03-15 00:46:00,301,124,69,58,0,0.843,0.338,0.45,0,0
Box-17,5,29.8,45,0.536,C57Bl6j,chow,2017-03-15 00:56:00,281,188,127,115,0,0.902,0.628,0.47,0.23,0.07
Box-17,5,29.8,45,0.536,C57Bl6j,chow,2017-03-15 01:06:00,1883,1216,98,91,0,0.921,0.488,0.44,0.04,0.25
Box-17,5,29.8,45,0.536,C57Bl6j,chow,2017-03-15 01:16:00,2375,1208,111,104,0,0.936,0.551,0.47,0,0.09
Box-17,5,29.8,45,0.536,C57Bl6j,chow,2017-03-15 01:26:00,1233,767,116,108,0,0.935,0.577,0.46,0,0.03
Box-17,5,29.8,45,0.536,C57Bl6j,chow,2017-03-15 01:36:00,347,169,96,88,0,0.919,0.475,0.47,0,0
Box-17,5,29.8,45,0.536,C57Bl6j,chow,2017-03-15 01:46:00,191,149,82,76,0,0.922,0.409,0.46,0,0
Box-17,5,29.8,45,0.536,C57Bl6j,chow,2017-03-15 01:56:00,165,138,77,71,0,0.92,0.381,0.45,0,0
Box-17,5,29.8,45,0.536,C57Bl6j,chow,2017-03-15 02:06:00,13,7,67,61,0,0.906,0.333,0.43,0,0
Box-17,5,29.8,45,0.536,C57Bl6j,chow,2017-03-15 02:16:00,342,236,69,62,0,0.905,0.34,0.46,0,0
Box-17,5,29.8,45,0.536,C57Bl6j,chow,2017-03-15 02:26:00,656,480,86,80,0,0.934,0.426,0.45,0,0
Box-17,5,29.8,45,0.536,C57Bl6j,chow,2017-03-15 02:36:00,490,475,81,75,0,0.928,0.404,0.45,0,0.03
Box-17,5,29.8,45,0.536,C57Bl6j,chow,2017-03-15 02:46:00,972,794,67,60,0,0.901,0.33,0.43,0.03,0
Box-17,5,29.8,45,0.536,C57Bl6j,chow,2017-03-15 02:56:00,1426,989,93,84,0,0.907,0.46,0.44,0.12,0.33
Box-17,5,29.8,45,0.536,C57Bl6j,chow,2017-03-15 03:06:00,824,478,104,95,0,0.914,0.513,0.43,0,0
Box-17,5,29.8,45,0.536,C57Bl6j,chow,2017-03-15 03:16:00,38,16,93,85,0,0.908,0.461,0.45,0,0
Box-17,5,29.8,45,0.536,C57Bl6j,chow,2017-03-15 03:26:00,112,70,75,67,0,0.899,0.37,0.44,0,0
Box-17,5,29.8,45,0.536,C57Bl6j,chow,2017-03-15 03:36:00,1063,553,87,79,0,0.91,0.428,0.43,0,0
Box-17,5,29.8,45,0.536,C57Bl6j,chow,2017-03-15 03:46:00,925,546,91,82,0,0.907,0.448,0.43,0.08,0
Box-17,5,29.8,45,0.536,C57Bl6j,chow,2017-03-15 03:56:00,456,247,93,84,0,0.903,0.459,0.44,0,0
Box-17,5,29.8,45,0.536,C57Bl6j,chow,2017-03-15 04:06:00,137,90,83,76,0,0.915,0.41,0.43,0,0
Box-17,5,29.8,45,0.536,C57Bl6j,chow,2017-03-15 04:16:00,710,349,83,77,0,0.928,0.41,0.45,0.02,0
Box-17,5,29.8,45,0.536,C57Bl6j,chow,2017-03-15 04:26:00,139,83,76,70,0,0.923,0.377,0.44,0,0
Box-17,5,29.8,45,0.536,C57Bl6j,chow,2017-03-15 04:36:00,465,263,78,71,0,0.907,0.385,0.46,0,0
Box-17,5,29.8,45,0.536,C57Bl6j,chow,2017-03-15 04:46:00,954,549,111,100,0,0.899,0.547,0.46,0.09,0
Box-17,5,29.8,45,0.536,C57Bl6j,chow,2017-03-15 04:56:00,2273,1476,126,115,0,0.913,0.622,0.46,0.03,0.05
Box-17,5,29.8,45,0.536,C57Bl6j,chow,2017-03-15 05:06:00,2856,1845,115,106,0,0.916,0.571,0.46,0.02,0.02
Box-17,5,29.8,45,0.536,C57Bl6j,chow,2017-03-15 05:16:00,2705,1656,115,105,0,0.916,0.568,0.44,0,0
Box-17,5,29.8,45,0.536,C57Bl6j,chow,2017-03-15 05:26:00,2010,1270,119,107,0,0.9,0.586,0.43,0,0
Box-17,5,29.8,45,0.536,C57Bl6j,chow,2017-03-15 05:36:00,1146,771,119,104,0,0.875,0.584,0.44,0.24,0.1
Box-17,5,29.8,45,0.536,C57Bl6j,chow,2017-03-15 05:46:00,2757,1794,115,104,0,0.903,0.569,0.45,0,0.1
Box-17,5,29.8,45,0.536,C57Bl6j,chow,2017-03-15 05:56:00,3318,2189,124,113,0,0.908,0.613,0.46,0.01,0
Box-17,5,29.8,45,0.536,C57Bl6j,chow,2017-03-15 06:06:00,2902,1944,121,110,0,0.909,0.598,0.44,0,0.03
Box-17,5,29.8,45,0.536,C57Bl6j,chow,2017-03-15 06:16:00,3154,1334,118,107,0,0.902,0.583,0.44,0,0.06
Box-17,5,29.8,45,0.536,C57Bl6j,chow,2017-03-15 06:26:00,3504,1841,104,94,0,0.9,0.514,0.44,0,0.04
Box-17,5,29.8,45,0.536,C57Bl6j,chow,2017-03-15 06:36:00,2873,1729,104,93,0,0.895,0.513,0.42,0.03,0
Box-17,5,29.8,45,0.536,C57Bl6j,chow,2017-03-15 06:46:00,1484,996,112,98,0,0.88,0.548,0.46,0,0.01
Box-17,5,29.8,45,0.536,C57Bl6j,chow,2017-03-15 06:56:00,1328,549,105,93,0,0.888,0.515,0.44,0.2,0
Box-17,5,29.8,45,0.536,C57Bl6j,chow,2017-03-15 07:06:00,2788,1616,110,100,0,0.908,0.546,0.43,0,0.14
Box-17,5,29.8,45,0.536,C57Bl6j,chow,2017-03-15 07:16:00,2485,1654,111,101,0,0.911,0.548,0.46,0,0
Box-17,5,29.8,45,0.536,C57Bl6j,chow,2017-03-15 07:26:00,824,596,107,99,0,0.923,0.532,0.45,0,0.02
Box-17,5,29.8,45,0.536,C57Bl6j,chow,2017-03-15 07:36:00,49,44,84,75,0,0.896,0.413,0.42,0,0
Box-17,5,29.8,45,0.536,C57Bl6j,chow,2017-03-15 07:46:00,29,21,65,57,0,0.879,0.321,0.44,0,0
Box-17,5,29.8,45,0.536,C57Bl6j,chow,2017-03-15 07:56:00,60,41,66,58,0,0.874,0.326,0.47,0,0
Box-17,5,29.8,45,0.536,C57Bl6j,chow,2017-03-15 08:06:00,26,25,73,60,0,0.826,0.355,0.46,0,0.04
Box-17,5,29.8,45,0.536,C57Bl6j,chow,2017-03-15 08:16:00,51,48,81,65,0,0.806,0.39,0.47,0,0
Box-17,5,29.8,45,0.536,C57Bl6j,chow,2017-03-15 08:26:00,231,117,118,100,0,0.846,0.575,0.47,0.13,0
Box-17,5,29.8,45,0.536,C57Bl6j,chow,2017-03-15 08:36:00,658,402,102,86,0,0.843,0.496,0.45,0.12,0.07
Box-17,5,29.8,45,0.536,C57Bl6j,chow,2017-03-15 08:46:00,2514,1672,103,93,0,0.907,0.509,0.45,0,0.03
Box-17,5,29.8,45,0.536,C57Bl6j,chow,2017-03-15 08:56:00,650,311,114,105,0,0.926,0.565,0.45,0,0
Box-17,5,29.8,45,0.536,C57Bl6j,chow,2017-03-15 09:06:00,46,38,86,80,0,0.925,0.427,0.45,0,0
Box-17,5,29.8,45,0.536,C57Bl6j,chow,2017-03-15 09:16:00,85,46,77,71,0,0.923,0.384,0.43,0,0
Box-17,5,29.8,45,0.536,C57Bl6j,chow,2017-03-15 09:26:00,35,28,71,65,0,0.924,0.351,0.44,0,0
Box-17,5,29.8,45,0.536,C57Bl6j,chow,2017-03-15 09:36:00,24,15,71,65,0,0.905,0.353,0.45,0,0
Box-17,5,29.8,45,0.536,C57Bl6j,chow,2017-03-15 09:46:00,23,14,76,67,0,0.888,0.373,0.45,0,0
Box-17,5,29.8,45,0.536,C57Bl6j,chow,2017-03-15 09:56:00,400,192,79,72,0,0.905,0.391,0.44,0.15,0.17
Box-17,5,29.8,45,0.536,C57Bl6j,chow,2017-03-15 10:06:00,1119,785,91,86,0,0.941,0.453,0.44,0.06,0.03
Box-17,5,29.8,45,0.536,C57Bl6j,chow,2017-03-15 10:16:00,1711,1080,97,93,0,0.953,0.485,0.47,0,0
Box-17,5,29.8,45,0.536,C57Bl6j,chow,2017-03-15 10:26:00,927,471,95,90,0,0.945,0.473,0.46,0,0
Box-17,5,29.8,45,0.536,C57Bl6j,chow,2017-03-15 10:36:00,190,62,96,90,0,0.938,0.478,0.47,0,0.03
Box-17,5,29.8,45,0.536,C57Bl6j,chow,2017-03-15 10:46:00,91,46,76,72,0,0.939,0.38,0.46,0,0
Box-17,5,29.8,45,0.536,C57Bl6j,chow,2017-03-15 10:56:00,112,13,68,62,0,0.912,0.337,0.47,0,0
Box-17,5,29.8,45,0.536,C57Bl6j,chow,2017-03-15 11:06:00,223,124,67,60,0,0.899,0.33,0.44,0,0
Box-17,5,29.8,45,0.536,C57Bl6j,chow,2017-03-15 11:16:00,76,50,67,60,0,0.889,0.332,0.44,0,0
Box-17,5,29.8,45,0.536,C57Bl6j,chow,2017-03-15 11:26:00,136,103,69,61,0,0.888,0.339,0.44,0,0
Box-17,5,29.8,45,0.536,C57Bl6j,chow,2017-03-15 11:36:00,91,30,66,58,0,0.875,0.325,0.44,0,0
Box-17,5,29.8,45,0.536,C57Bl6j,chow,2017-03-15 11:46:00,39,24,68,60,0,0.884,0.333,0.45,0,0
Box-17,5,29.8,45,0.536,C57Bl6j,chow,2017-03-15 11:56:00,116,67,69,61,0,0.879,0.341,0.47,0,0
Box-17,5,29.8,45,0.536,C57Bl6j,chow,2017-03-15 12:06:00,668,284,80,72,0,0.906,0.393,0.47,0.01,0.05
Box-17,5,29.8,45,0.536,C57Bl6j,chow,2017-03-15 12:16:00,115,60,73,65,0,0.896,0.361,0.45,0,0
Box-17,5,29.8,45,0.536,C57Bl6j,chow,2017-03-15 12:26:00,103,66,71,61,0,0.863,0.348,0.48,0,0
Box-17,5,29.8,45,0.536,C57Bl6j,chow,2017-03-15 12:36:00,281,186,71,62,0,0.867,0.349,0.46,0,0
Box-17,5,29.8,45,0.536,C57Bl6j,chow,2017-03-15 12:46:00,434,241,117,102,0,0.877,0.573,0.43,0.18,0
Box-17,5,29.8,45,0.536,C57Bl6j,chow,2017-03-15 12:56:00,844,477,85,73,0,0.858,0.414,0.46,0,0.05
Box-17,5,29.8,45,0.536,C57Bl6j,chow,2017-03-15 13:06:00,131,30,84,75,0,0.896,0.415,0.48,0,0
Box-17,5,29.8,45,0.536,C57Bl6j,chow,2017-03-15 13:16:00,44,29,70,63,0,0.892,0.347,0.43,0,0
Box-17,5,29.8,45,0.536,C57Bl6j,chow,2017-03-15 13:26:00,65,34,70,64,0,0.923,0.345,0.47,0,0
Box-17,5,29.8,45,0.536,C57Bl6j,chow,2017-03-15 13:36:00,225,201,65,58,0,0.902,0.319,0.45,0,0
Box-17,5,29.8,45,0.536,C57Bl6j,chow,2017-03-15 13:46:00,126,101,67,60,0,0.886,0.331,0.45,0,0
Box-17,5,29.8,45,0.536,C57Bl6j,chow,2017-03-15 13:56:00,43,33,64,57,0,0.888,0.314,0.43,0,0
Box-17,5,29.8,45,0.536,C57Bl6j,chow,2017-03-15 14:06:00,7,6,63,55,0,0.88,0.308,0.46,0,0
Box-17,5,29.8,45,0.536,C57Bl6j,chow,2017-03-15 14:16:00,1554,69,63,55,0,0.869,0.31,0.44,0,0
Box-17,5,29.8,45,0.536,C57Bl6j,chow,2017-03-15 14:26:00,228,128,71,62,0,0.873,0.346,0.46,0,0
Box-17,5,29.8,45,0.536,C57Bl6j,chow,2017-03-15 14:36:00,144,86,70,62,0,0.88,0.346,0.46,0.03,0
Box-17,5,29.8,45,0.536,C57Bl6j,chow,2017-03-15 14:46:00,400,215,111,102,0,0.917,0.551,0.43,0.16,0.08
Box-17,5,29.8,45,0.536,C57Bl6j,chow,2017-03-15 14:56:00,485,287,92,86,0,0.931,0.457,0.46,0,0
Box-17,5,29.8,45,0.536,C57Bl6j,chow,2017-03-15 15:06:00,522,326,94,88,0,0.939,0.467,0.45,0,0.06
Box-17,5,29.8,45,0.536,C57Bl6j,chow,2017-03-15 15:16:00,577,361,100,93,0,0.937,0.496,0.44,0.12,0.08
Box-17,5,29.8,45,0.536,C57Bl6j,chow,2017-03-15 15:26:00,44,20,79,73,0,0.923,0.393,0.44,0,0
Box-17,5,29.8,45,0.536,C57Bl6j,chow,2017-03-15 15:36:00,12,3,72,66,0,0.925,0.356,0.46,0,0
Box-17,5,29.8,45,0.536,C57Bl6j,chow,2017-03-15 15:46:00,56,30,63,59,0,0.932,0.315,0.45,0,0
Box-17,5,29.8,45,0.536,C57Bl6j,chow,2017-03-15 15:56:00,74,27,65,60,0,0.932,0.321,0.46,0,0
Box-17,5,29.8,45,0.536,C57Bl6j,chow,2017-03-15 16:06:00,65,9,61,56,0,0.919,0.303,0.43,0,0
Box-17,5,29.8,45,0.536,C57Bl6j,chow,2017-03-15 16:16:00,84,41,66,59,0,0.901,0.324,0.45,0,0.03
Box-17,5,29.8,45,0.536,C57Bl6j,chow,2017-03-15 16:26:00,139,10,68,62,0,0.91,0.335,0.45,0,0
Box-17,5,29.8,45,0.536,C57Bl6j,chow,2017-03-15 16:36:00,326,126,68,62,0,0.912,0.335,0.46,0,0
Box-17,5,29.8,45,0.536,C57Bl6j,chow,2017-03-15 16:46:00,1083,672,114,106,0,0.932,0.566,0.46,0,0.09
Box-17,5,29.8,45,0.536,C57Bl6j,chow,2017-03-15 16:56:00,448,258,97,89,0,0.913,0.48,0.47,0,0
Box-17,5,29.8,45,0.536,C57Bl6j,chow,2017-03-15 17:06:00,78,33,76,70,0,0.921,0.377,0.45,0,0
Box-17,5,29.8,45,0.536,C57Bl6j,chow,2017-03-15 17:16:00,104,59,73,68,0,0.928,0.362,0.45,0,0
Box-17,5,29.8,45,0.536,C57Bl6j,chow,2017-03-15 17:26:00,282,174,69,65,0,0.941,0.343,0.46,0.12,0
Box-17,5,29.8,45,0.536,C57Bl6j,chow,2017-03-15 17:36:00,519,364,85,80,0,0.935,0.423,0.45,0.1,0.11
Box-17,5,29.8,45,0.536,C57Bl6j,chow,2017-03-15 17:46:00,157,110,82,78,0,0.949,0.408,0.43,0,0
Box-17,5,29.8,45,0.536,C57Bl6j,chow,2017-03-15 17:56:00,69,38,79,74,0,0.939,0.392,0.43,0,0
Box-17,5,29.8,45,0.536,C57Bl6j,chow,2017-03-15 18:06:00,552,236,78,74,0,0.955,0.39,0.46,0,0
Box-17,5,29.8,45,0.536,C57Bl6j,chow,2017-03-15 18:16:00,914,602,135,131,0,0.969,0.679,0.47,0.12,0.08
Box-17,5,29.8,45,0.536,C57Bl6j,chow,2017-03-15 18:26:00,1735,1060,125,119,0,0.953,0.624,0.43,0.06,0.09
Box-17,5,29.8,45,0.536,C57Bl6j,chow,2017-03-15 18:36:00,2011,1126,111,107,0,0.965,0.554,0.43,0.13,0.1
Box-17,5,29.8,45,0.536,C57Bl6j,chow,2017-03-15 18:46:00,966,482,111,106,0,0.956,0.553,0.46,0.02,0.03
Box-17,5,29.8,45,0.536,C57Bl6j,chow,2017-03-15 18:56:00,123,95,104,99,0,0.95,0.518,0.47,0,0
Box-17,5,29.8,45,0.536,C57Bl6j,chow,2017-03-15 19:06:00,194,63,80,75,0,0.938,0.397,0.45,0,0
Box-17,5,29.8,45,0.536,C57Bl6j,chow,2017-03-15 19:16:00,477,214,81,76,0,0.941,0.401,0.45,0.17,0
Box-17,5,29.8,45,0.536,C57Bl6j,chow,2017-03-15 19:26:00,2463,1463,113,110,0,0.97,0.568,0.46,0.06,0.19
Box-17,5,29.8,45,0.536,C57Bl6j,chow,2017-03-15 19:36:00,2554,1572,121,117,0,0.97,0.606,0.47,0,0.03
Box-17,5,29.8,45,0.536,C57Bl6j,chow,2017-03-15 19:46:00,2493,1299,118,113,0,0.958,0.589,0.43,0,0.03
Box-17,5,29.8,45,0.536,C57Bl6j,chow,2017-03-15 19:56:00,988,614,147,139,0,0.948,0.733,0.45,0.05,0.06
Box-17,5,29.8,45,0.536,C57Bl6j,chow,2017-03-15 20:06:00,578,326,108,103,0,0.949,0.54,0.46,0.08,0
Box-17,5,29.8,45,0.536,C57Bl6j,chow,2017-03-15 20:16:00,295,175,99,94,0,0.945,0.495,0.46,0,0
Box-17,5,29.8,45,0.536,C57Bl6j,chow,2017-03-15 20:26:00,538,502,79,75,0,0.954,0.394,0.44,0,0
Box-17,5,29.8,45,0.536,C57Bl6j,chow,2017-03-15 20:36:00,183,118,79,75,0,0.951,0.395,0.46,0,0
Box-17,5,29.8,45,0.536,C57Bl6j,chow,2017-03-15 20:46:00,44,30,72,68,0,0.945,0.357,0.46,0,0
Box-17,5,29.8,45,0.536,C57Bl6j,chow,2017-03-15 20:56:00,541,355,82,79,0,0.959,0.411,0.46,0.02,0
Box-17,5,29.8,45,0.536,C57Bl6j,chow,2017-03-15 21:06:00,1347,752,92,88,0,0.953,0.46,0.43,0.16,0.1
Box-17,5,29.8,45,0.536,C57Bl6j,chow,2017-03-15 21:16:00,992,585,110,107,0,0.968,0.552,0.44,0.19,0.12
Box-17,5,29.8,45,0.536,C57Bl6j,chow,2017-03-15 21:26:00,1667,1043,114,110,0,0.97,0.571,0.45,0,0.09
Box-17,5,29.8,45,0.536,C57Bl6j,chow,2017-03-15 21:36:00,1341,758,105,100,0,0.959,0.523,0.44,0,0.06
Box-17,5,29.8,45,0.536,C57Bl6j,chow,2017-03-15 21:46:00,283,141,94,89,0,0.947,0.471,0.45,0,0
Box-17,5,29.8,45,0.536,C57Bl6j,chow,2017-03-15 21:56:00,883,542,99,96,0,0.961,0.498,0.44,0.14,0.08
Box-17,5,29.8,45,0.536,C57Bl6j,chow,2017-03-15 22:06:00,1757,1059,124,121,0,0.977,0.623,0.45,0.02,0.13
Box-17,5,29.8,45,0.536,C57Bl6j,chow,2017-03-15 22:16:00,1889,1159,118,114,0,0.968,0.592,0.46,0,0.07
Box-17,5,29.8,45,0.536,C57Bl6j,chow,2017-03-15 22:26:00,2173,1497,122,117,0,0.958,0.611,0.46,0,0
Box-17,5,29.8,45,0.536,C57Bl6j,chow,2017-03-15 22:36:00,1871,1233,120,114,0,0.949,0.6,0.47,0,0.02
Box-17,5,29.8,45,0.536,C57Bl6j,chow,2017-03-15 22:46:00,1309,785,119,113,0,0.95,0.592,0.47,0,0.01
Box-17,5,29.8,45,0.536,C57Bl6j,chow,2017-03-15 22:56:00,1505,1014,120,114,0,0.945,0.6,0.46,0.09,0.07
Box-17,5,29.8,45,0.536,C57Bl6j,chow,2017-03-15 23:06:00,1031,751,111,105,0,0.946,0.556,0.47,0,0
Box-17,5,29.8,45,0.536,C57Bl6j,chow,2017-03-15 23:16:00,395,199,111,106,0,0.955,0.555,0.46,0.04,0.03
Box-17,5,29.8,45,0.536,C57Bl6j,chow,2017-03-15 23:26:00,444,144,88,83,0,0.943,0.438,0.47,0,0
Box-17,5,29.8,45,0.536,C57Bl6j,chow,2017-03-15 23:36:00,103,73,78,74,0,0.945,0.39,0.46,0,0
Box-17,5,29.8,45,0.536,C57Bl6j,chow,2017-03-15 23:46:00,71,16,65,60,0,0.922,0.324,0.44,0,0.04
Box-17,5,29.8,45,0.536,C57Bl6j,chow,2017-03-15 23:56:00,243,134,69,62,0,0.908,0.34,0.46,0,0
Box-17,5,29.8,45,0.536,C57Bl6j,chow,2017-03-16 00:06:00,428,203,104,97,0,0.931,0.517,0.42,0.28,0.05
Box-17,5,29.8,45,0.536,C57Bl6j,chow,2017-03-16 00:16:00,122,73,82,76,0,0.927,0.406,0.45,0,0
Box-17,5,29.8,45,0.536,C57Bl6j,chow,2017-03-16 00:26:00,210,124,81,77,0,0.952,0.404,0.46,0,0
Box-17,5,29.8,45,0.536,C57Bl6j,chow,2017-03-16 00:36:00,612,393,76,72,0,0.946,0.378,0.44,0,0.03
Box-17,5,29.8,45,0.536,C57Bl6j,chow,2017-03-16 00:46:00,2194,1313,112,109,0,0.97,0.561,0.45,0,0.19
Box-17,5,29.8,45,0.536,C57Bl6j,chow,2017-03-16 00:56:00,2461,1513,123,118,0,0.956,0.616,0.48,0,0
Box-17,5,29.8,45,0.536,C57Bl6j,chow,2017-03-16 01:06:00,2695,1694,128,120,0,0.94,0.638,0.47,0.02,0
Box-17,5,29.8,45,0.536,C57Bl6j,chow,2017-03-16 01:16:00,2091,1307,131,122,0,0.935,0.652,0.45,0.1,0
Box-17,5,29.8,45,0.536,C57Bl6j,chow,2017-03-16 01:26:00,2056,1175,112,104,0,0.931,0.554,0.44,0,0
Box-17,5,29.8,45,0.536,C57Bl6j,chow,2017-03-16 01:36:00,768,365,105,97,0,0.924,0.521,0.44,0,0.01
Box-17,5,29.8,45,0.536,C57Bl6j,chow,2017-03-16 01:46:00,112,70,83,76,0,0.915,0.414,0.44,0,0
Box-17,5,29.8,45,0.536,C57Bl6j,chow,2017-03-16 01:56:00,35,24,82,75,0,0.917,0.406,0.47,0,0
Box-17,5,29.8,45,0.536,C57Bl6j,chow,2017-03-16 02:06:00,76,52,68,60,0,0.889,0.334,0.46,0,0
Box-17,5,29.8,45,0.536,C57Bl6j,chow,2017-03-16 02:16:00,27,18,67,58,0,0.864,0.329,0.45,0,0
Box-17,5,29.8,45,0.536,C57Bl6j,chow,2017-03-16 02:26:00,393,207,93,82,0,0.883,0.455,0.47,0,0.04
Box-17,5,29.8,45,0.536,C57Bl6j,chow,2017-03-16 02:36:00,1149,705,106,92,0,0.864,0.52,0.44,0.05,0.06
Box-17,5,29.8,45,0.536,C57Bl6j,chow,2017-03-16 02:46:00,1105,645,114,100,0,0.877,0.559,0.45,0.02,0.06
Box-17,5,29.8,45,0.536,C57Bl6j,chow,2017-03-16 02:56:00,2236,1285,97,88,0,0.902,0.481,0.43,0,0.07
Box-17,5,29.8,45,0.536,C57Bl6j,chow,2017-03-16 03:06:00,2481,1536,102,91,0,0.895,0.502,0.43,0,0.06
Box-17,5,29.8,45,0.536,C57Bl6j,chow,2017-03-16 03:16:00,2970,1863,97,88,0,0.905,0.479,0.43,0,0
Box-17,5,29.8,45,0.536,C57Bl6j,chow,2017-03-16 03:26:00,1563,1131,111,99,0,0.886,0.547,0.45,0,0
Box-17,5,29.8,45,0.536,C57Bl6j,chow,2017-03-16 03:36:00,1971,1465,105,93,0,0.885,0.517,0.46,0,0
Box-17,5,29.8,45,0.536,C57Bl6j,chow,2017-03-16 03:46:00,474,411,90,78,0,0.86,0.441,0.44,0,0
Box-17,5,29.8,45,0.536,C57Bl6j,chow,2017-03-16 03:56:00,382,382,83,72,0,0.863,0.408,0.45,0,0
Box-17,5,29.8,45,0.536,C57Bl6j,chow,2017-03-16 04:06:00,56,56,73,61,0,0.838,0.356,0.47,0,0
Box-17,5,29.8,45,0.536,C57Bl6j,chow,2017-03-16 04:16:00,61,59,76,62,0,0.816,0.368,0.45,0,0
Box-17,5,29.8,45,0.536,C57Bl6j,chow,2017-03-16 04:26:00,1294,994,87,74,0,0.851,0.426,0.46,0.25,0
Box-17,5,29.8,45,0.536,C57Bl6j,chow,2017-03-16 04:36:00,1874,1753,86,74,0,0.856,0.42,0.44,0,0
Box-17,5,29.8,45,0.536,C57Bl6j,chow,2017-03-16 04:46:00,326,323,88,78,0,0.884,0.435,0.45,0,0
Box-17,5,29.8,45,0.536,C57Bl6j,chow,2017-03-16 04:56:00,1185,1095,101,91,0,0.908,0.497,0.46,0,0.12
Box-17,5,29.8,45,0.536,C57Bl6j,chow,2017-03-16 05:06:00,1725,1356,87,79,0,0.903,0.432,0.42,0,0.06
Box-17,5,29.8,45,0.536,C57Bl6j,chow,2017-03-16 05:16:00,2828,1950,116,103,0,0.892,0.57,0.46,0,0.06
Box-17,5,29.8,45,0.536,C57Bl6j,chow,2017-03-16 05:26:00,2512,1868,116,102,0,0.877,0.571,0.46,0,0
Box-17,5,29.8,45,0.536,C57Bl6j,chow,2017-03-16 05:36:00,2054,1374,120,104,0,0.862,0.589,0.43,0.13,0
Box-17,5,29.8,45,0.536,C57Bl6j,chow,2017-03-16 05:46:00,2139,1356,115,102,0,0.883,0.566,0.43,0.03,0.1
Box-17,5,29.8,45,0.536,C57Bl6j,chow,2017-03-16 05:56:00,2427,1287,127,114,0,0.893,0.627,0.47,0,0.07
Box-17,5,29.8,45,0.536,C57Bl6j,chow,2017-03-16 06:06:00,2266,1484,122,113,0,0.919,0.607,0.44,0.04,0.06
Box-17,5,29.8,45,0.536,C57Bl6j,chow,2017-03-16 06:16:00,1642,971,131,118,0,0.906,0.646,0.45,0,0.07
Box-17,5,29.8,45,0.536,C57Bl6j,chow,2017-03-16 06:26:00,824,408,91,81,0,0.893,0.45,0.43,0,0.03
Box-17,5,29.8,45,0.536,C57Bl6j,chow,2017-03-16 06:36:00,494,228,105,95,0,0.898,0.52,0.46,0.19,0.03
Box-17,5,29.8,45,0.536,C57Bl6j,chow,2017-03-16 06:46:00,375,162,88,79,0,0.891,0.436,0.46,0.02,0.08
Box-17,5,29.8,45,0.536,C57Bl6j,chow,2017-03-16 06:56:00,338,21,72,64,0,0.88,0.355,0.45,0,0
Box-17,5,29.8,45,0.536,C57Bl6j,chow,2017-03-16 07:06:00,356,43,75,69,0,0.927,0.371,0.47,0,0
Box-17,5,29.8,45,0.536,C57Bl6j,chow,2017-03-16 07:16:00,677,32,71,66,0,0.919,0.354,0.44,0,0
Box-17,5,29.8,45,0.536,C57Bl6j,chow,2017-03-16 07:26:00,59,48,67,62,0,0.921,0.332,0.44,0,0
Box-17,5,29.8,45,0.536,C57Bl6j,chow,2017-03-16 07:36:00,1724,226,95,89,0,0.933,0.474,0.45,0.28,0
Box-17,5,29.8,45,0.536,C57Bl6j,chow,2017-03-16 07:46:00,364,186,76,68,0,0.906,0.373,0.47,0,0.02
Box-17,5,29.8,45,0.536,C57Bl6j,chow,2017-03-16 07:56:00,44,15,69,62,0,0.904,0.339,0.43,0,0
Box-17,5,29.8,45,0.536,C57Bl6j,chow,2017-03-16 08:06:00,551,271,88,84,0,0.958,0.441,0.44,0,0.07
Box-17,5,29.8,45,0.536,C57Bl6j,chow,2017-03-16 08:16:00,166,91,72,67,0,0.925,0.359,0.46,0,0
Box-17,5,29.8,45,0.536,C57Bl6j,chow,2017-03-16 08:26:00,64,27,73,68,0,0.942,0.361,0.46,0,0
Box-17,5,29.8,45,0.536,C57Bl6j,chow,2017-03-16 08:36:00,108,52,70,67,0,0.952,0.35,0.46,0,0
Box-17,5,29.8,45,0.536,C57Bl6j,chow,2017-03-16 08:46:00,62,35,69,65,0,0.95,0.344,0.46,0,0
Box-17,5,29.8,45,0.536,C57Bl6j,chow,2017-03-16 08:56:00,37,27,70,65,0,0.938,0.348,0.45,0,0
Box-17,5,29.8,45,0.536,C57Bl6j,chow,2017-03-16 09:06:00,84,63,66,61,0,0.934,0.327,0.46,0,0
Box-17,5,29.8,45,0.536,C57Bl6j,chow,2017-03-16 09:16:00,79,54,64,59,0,0.93,0.317,0.46,0,0
Box-17,5,29.8,45,0.536,C57Bl6j,chow,2017-03-16 09:26:00,549,318,68,64,0,0.942,0.338,0.45,0,0.06
Box-17,5,29.8,45,0.536,C57Bl6j,chow,2017-03-16 09:36:00,1157,704,91,87,0,0.954,0.456,0.44,0.07,0.04
Box-17,5,29.8,45,0.536,C57Bl6j,chow,2017-03-16 09:46:00,1330,743,88,82,0,0.927,0.438,0.43,0,0
Box-17,5,29.8,45,0.536,C57Bl6j,chow,2017-03-16 09:56:00,1195,220,91,84,0,0.919,0.452,0.46,0,0.07
Box-17,5,29.8,45,0.536,C57Bl6j,chow,2017-03-16 10:06:00,736,104,88,80,0,0.905,0.437,0.46,0,0
Box-17,5,29.8,45,0.536,C57Bl6j,chow,2017-03-16 10:16:00,116,20,70,62,0,0.885,0.345,0.47,0,0
Box-17,5,29.8,45,0.536,C57Bl6j,chow,2017-03-16 10:26:00,2924,18,69,58,0,0.846,0.335,0.46,0,0
Box-17,5,29.8,45,0.536,C57Bl6j,chow,2017-03-16 10:36:00,142,127,66,55,0,0.831,0.322,0.44,0,0
Box-17,5,29.8,45,0.536,C57Bl6j,chow,2017-03-16 10:46:00,39,21,66,54,0,0.821,0.321,0.47,0,0
Box-17,5,29.8,45,0.536,C57Bl6j,chow,2017-03-16 10:56:00,593,29,60,49,0,0.811,0.291,0.44,0,0
Box-17,5,29.8,45,0.536,C57Bl6j,chow,2017-03-16 11:06:00,36,16,67,55,0,0.828,0.325,0.46,0,0
Box-17,5,29.8,45,0.536,C57Bl6j,chow,2017-03-16 11:16:00,17,4,68,56,0,0.819,0.331,0.47,0,0
Box-17,5,29.8,45,0.536,C57Bl6j,chow,2017-03-16 11:26:00,815,312,65,52,0,0.801,0.313,0.44,0,0
Box-17,5,29.8,45,0.536,C57Bl6j,chow,2017-03-16 11:36:00,817,361,105,89,0,0.844,0.513,0.46,0,0
Box-17,5,29.8,45,0.536,C57Bl6j,chow,2017-03-16 11:46:00,618,176,87,71,0,0.822,0.421,0.47,0,0
Box-17,5,29.8,45,0.536,C57Bl6j,chow,2017-03-16 11:56:00,276,13,75,62,0,0.822,0.364,0.45,0,0
Box-17,5,29.8,45,0.536,C57Bl6j,chow,2017-03-16 12:06:00,574,10,69,56,0,0.813,0.334,0.46,0,0
Box-17,5,29.8,45,0.536,C57Bl6j,chow,2017-03-16 12:16:00,411,75,68,54,0,0.804,0.328,0.47,0,0
Box-17,5,29.8,45,0.536,C57Bl6j,chow,2017-03-16 12:26:00,255,10,61,49,0,0.802,0.294,0.42,0,0
Box-17,5,29.8,45,0.536,C57Bl6j,chow,2017-03-16 12:36:00,256,52,69,55,0,0.793,0.332,0.47,0,0.02
Box-17,5,29.8,45,0.536,C57Bl6j,chow,2017-03-16 12:46:00,1606,71,61,48,0,0.795,0.294,0.44,0,0
Box-17,5,29.8,45,0.536,C57Bl6j,chow,2017-03-16 12:56:00,470,48,64,51,0,0.795,0.308,0.44,0,0
Box-17,5,29.8,45,0.536,C57Bl6j,chow,2017-03-16 13:06:00,525,51,65,52,0,0.799,0.311,0.44,0,0
Box-17,5,29.8,45,0.536,C57Bl6j,chow,2017-03-16 13:16:00,1293,372,61,49,0,0.803,0.294,0.43,0,0
Box-17,5,29.8,45,0.536,C57Bl6j,chow,2017-03-16 13:26:00,1122,517,122,105,0,0.863,0.595,0.47,0.09,0.09
Box-17,5,29.8,45,0.536,C57Bl6j,chow,2017-03-16 13:36:00,754,148,89,76,0,0.856,0.434,0.46,0.1,0.07
Box-17,5,29.8,45,0.536,C57Bl6j,chow,2017-03-16 13:46:00,2034,980,98,89,0,0.913,0.483,0.45,0.04,0.09
Box-17,5,29.8,45,0.536,C57Bl6j,chow,2017-03-16 13:56:00,694,308,95,86,0,0.913,0.468,0.45,0,0
Box-17,5,29.8,45,0.536,C57Bl6j,chow,2017-03-16 14:06:00,31,22,84,77,0,0.911,0.417,0.44,0,0
Box-17,5,29.8,45,0.536,C57Bl6j,chow,2017-03-16 14:16:00,79,57,68,62,0,0.913,0.336,0.46,0,0
Box-17,5,29.8,45,0.536,C57Bl6j,chow,2017-03-16 14:26:00,16,13,61,55,0,0.899,0.302,0.44,0,0
Box-17,5,29.8,45,0.536,C57Bl6j,chow,2017-03-16 14:36:00,64,37,60,53,0,0.888,0.294,0.44,0,0
Box-17,5,29.8,45,0.536,C57Bl6j,chow,2017-03-16 14:46:00,21,19,64,56,0,0.881,0.314,0.46,0,0
Box-17,5,29.8,45,0.536,C57Bl6j,chow,2017-03-16 14:56:00,89,71,63,55,0,0.872,0.31,0.45,0,0
Box-17,5,29.8,45,0.536,C57Bl6j,chow,2017-03-16 15:06:00,76,60,59,52,0,0.88,0.288,0.45,0,0
Box-17,5,29.8,45,0.536,C57Bl6j,chow,2017-03-16 15:16:00,44,19,65,57,0,0.88,0.319,0.47,0,0
Box-17,5,29.8,45,0.536,C57Bl6j,chow,2017-03-16 15:26:00,343,319,62,54,0,0.872,0.303,0.43,0,0
Box-17,5,29.8,45,0.536,C57Bl6j,chow,2017-03-16 15:36:00,591,267,82,74,0,0.902,0.406,0.47,0.02,0
Box-17,5,29.8,45,0.536,C57Bl6j,chow,2017-03-16 15:46:00,446,206,77,69,0,0.899,0.378,0.42,0.15,0.03
Box-17,5,29.8,45,0.536,C57Bl6j,chow,2017-03-16 15:56:00,243,144,80,71,0,0.89,0.393,0.43,0,0
Box-17,5,29.8,45,0.536,C57Bl6j,chow,2017-03-16 16:06:00,61,33,74,68,0,0.917,0.367,0.46,0,0
Box-17,5,29.8,45,0.536,C57Bl6j,chow,2017-03-16 16:16:00,91,54,63,59,0,0.935,0.314,0.46,0,0
Box-17,5,29.8,45,0.536,C57Bl6j,chow,2017-03-16 16:26:00,224,151,66,63,0,0.952,0.329,0.42,0,0
Box-17,5,29.8,45,0.536,C57Bl6j,chow,2017-03-16 16:36:00,252,217,64,61,0,0.947,0.321,0.43,0,0
Box-17,5,29.8,45,0.536,C57Bl6j,chow,2017-03-16 16:46:00,177,113,69,63,0,0.916,0.342,0.46,0,0.04
Box-17,5,29.8,45,0.536,C57Bl6j,chow,2017-03-16 16:56:00,562,359,97,94,0,0.973,0.485,0.46,0.14,0
Box-17,5,29.8,45,0.536,C57Bl6j,chow,2017-03-16 17:06:00,1290,757,98,92,0,0.945,0.487,0.45,0.13,0.16
Box-17,5,29.8,45,0.536,C57Bl6j,chow,2017-03-16 17:16:00,110,39,79,72,0,0.916,0.39,0.43,0,0
Box-17,5,29.8,45,0.536,C57Bl6j,chow,2017-03-16 17:26:00,133,91,80,75,0,0.937,0.398,0.47,0,0
Box-17,5,29.8,45,0.536,C57Bl6j,chow,2017-03-16 17:36:00,68,40,68,64,0,0.952,0.338,0.43,0,0
Box-17,5,29.8,45,0.536,C57Bl6j,chow,2017-03-16 17:46:00,107,67,75,72,0,0.96,0.377,0.48,0,0
Box-17,5,29.8,45,0.536,C57Bl6j,chow,2017-03-16 17:56:00,376,203,71,68,0,0.953,0.356,0.46,0.25,0.07
Box-17,5,29.8,45,0.536,C57Bl6j,chow,2017-03-16 18:06:00,782,467,82,78,0,0.954,0.408,0.47,0,0.04
Box-17,5,29.8,45,0.536,C57Bl6j,chow,2017-03-16 18:16:00,1796,856,111,109,0,0.979,0.558,0.44,0.07,0.05
Box-17,5,29.8,45,0.536,C57Bl6j,chow,2017-03-16 18:26:00,1607,732,118,115,0,0.976,0.594,0.46,0.1,0.18
Box-17,5,29.8,45,0.536,C57Bl6j,chow,2017-03-16 18:36:00,248,129,101,98,0,0.967,0.506,0.45,0,0
Box-17,5,29.8,45,0.536,C57Bl6j,chow,2017-03-16 18:46:00,507,301,94,91,0,0.966,0.47,0.44,0,0
Box-17,5,29.8,45,0.536,C57Bl6j,chow,2017-03-16 18:56:00,2130,1045,124,120,0,0.969,0.621,0.47,0.06,0.09
Box-17,5,29.8,45,0.536,C57Bl6j,chow,2017-03-16 19:06:00,593,378,88,84,0,0.95,0.441,0.44,0,0
Box-17,5,29.8,45,0.536,C57Bl6j,chow,2017-03-16 19:16:00,273,146,87,84,0,0.961,0.435,0.42,0,0
Box-17,5,29.8,45,0.536,C57Bl6j,chow,2017-03-16 19:26:00,413,253,88,85,0,0.968,0.44,0.46,0.14,0
Box-17,5,29.8,45,0.536,C57Bl6j,chow,2017-03-16 19:36:00,2459,1250,100,98,0,0.985,0.502,0.46,0.13,0.13
Box-17,5,29.8,45,0.536,C57Bl6j,chow,2017-03-16 19:46:00,1997,831,110,107,0,0.977,0.55,0.45,0,0.02
Box-17,5,29.8,45,0.536,C57Bl6j,chow,2017-03-16 19:56:00,1895,796,115,112,0,0.973,0.579,0.44,0.07,0.12
Box-17,5,29.8,45,0.536,C57Bl6j,chow,2017-03-16 20:06:00,138,55,94,92,0,0.977,0.471,0.43,0,0
Box-17,5,29.8,45,0.536,C57Bl6j,chow,2017-03-16 20:16:00,902,463,115,113,0,0.98,0.578,0.46,0,0.07
Box-17,5,29.8,45,0.536,C57Bl6j,chow,2017-03-16 20:26:00,252,132,85,82,0,0.967,0.424,0.43,0,0
Box-17,5,29.8,45,0.536,C57Bl6j,chow,2017-03-16 20:36:00,499,245,104,101,0,0.974,0.521,0.44,0,0.06
Box-17,5,29.8,45,0.536,C57Bl6j,chow,2017-03-16 20:46:00,396,118,83,81,0,0.973,0.415,0.44,0.17,0
Box-17,5,29.8,45,0.536,C57Bl6j,chow,2017-03-16 20:56:00,2733,1323,107,106,0,0.99,0.537,0.45,0.13,0.12
Box-17,5,29.8,45,0.536,C57Bl6j,chow,2017-03-16 21:06:00,2801,1438,119,117,0,0.986,0.599,0.46,0,0.03
Box-17,5,29.8,45,0.536,C57Bl6j,chow,2017-03-16 21:16:00,1560,875,120,119,0,0.985,0.606,0.46,0,0.17
Box-17,5,29.8,45,0.536,C57Bl6j,chow,2017-03-16 21:26:00,216,152,99,95,0,0.965,0.493,0.44,0,0
Box-17,5,29.8,45,0.536,C57Bl6j,chow,2017-03-16 21:36:00,547,358,89,84,0,0.949,0.442,0.45,0,0
Box-17,5,29.8,45,0.536,C57Bl6j,chow,2017-03-16 21:46:00,772,438,116,113,0,0.973,0.581,0.46,0.22,0.1
Box-17,5,29.8,45,0.536,C57Bl6j,chow,2017-03-16 21:56:00,1299,719,107,104,0,0.974,0.535,0.45,0.03,0.09
Box-17,5,29.8,45,0.536,C57Bl6j,chow,2017-03-16 22:06:00,194,109,96,92,0,0.958,0.481,0.46,0,0
Box-17,5,29.8,45,0.536,C57Bl6j,chow,2017-03-16 22:16:00,862,534,89,85,0,0.96,0.445,0.42,0,0.07
Box-17,5,29.8,45,0.536,C57Bl6j,chow,2017-03-16 22:26:00,245,134,92,88,0,0.963,0.46,0.46,0,0.04
Box-17,5,29.8,45,0.536,C57Bl6j,chow,2017-03-16 22:36:00,1213,734,94,91,0,0.965,0.472,0.46,0,0
Box-17,5,29.8,45,0.536,C57Bl6j,chow,2017-03-16 22:46:00,1777,1009,119,115,0,0.972,0.595,0.45,0.05,0.02
Box-17,5,29.8,45,0.536,C57Bl6j,chow,2017-03-16 22:56:00,1629,887,116,114,0,0.982,0.583,0.47,0.02,0.02
Box-17,5,29.8,45,0.536,C57Bl6j,chow,2017-03-16 23:06:00,1903,1017,109,106,0,0.968,0.547,0.45,0,0.06
Box-17,5,29.8,45,0.536,C57Bl6j,chow,2017-03-16 23:16:00,1904,1029,119,113,0,0.953,0.595,0.46,0.03,0
Box-17,5,29.8,45,0.536,C57Bl6j,chow,2017-03-16 23:26:00,1478,816,116,110,0,0.945,0.578,0.43,0.01,0.03
Box-17,5,29.8,45,0.536,C57Bl6j,chow,2017-03-16 23:36:00,2211,1267,117,111,0,0.95,0.583,0.48,0,0.06
Box-17,5,29.8,45,0.536,C57Bl6j,chow,2017-03-16 23:46:00,847,475,107,101,0,0.937,0.534,0.45,0,0
Box-17,5,29.8,45,0.536,C57Bl6j,chow,2017-03-16 23:56:00,2033,1020,119,112,0,0.945,0.593,0.45,0.26,0.19
Box-17,5,29.8,45,0.536,C57Bl6j,chow,2017-03-17 00:06:00,1822,915,107,101,0,0.941,0.533,0.44,0,0
Box-17,5,29.8,45,0.536,C57Bl6j,chow,2017-03-17 00:16:00,1058,516,91,84,0,0.919,0.452,0.43,0,0
Box-17,5,29.8,45,0.536,C57Bl6j,chow,2017-03-17 00:26:00,1924,889,110,100,0,0.914,0.543,0.44,0,0
Box-17,5,29.8,45,0.536,C57Bl6j,chow,2017-03-17 00:36:00,1353,916,104,95,0,0.913,0.514,0.44,0,0
Box-17,5,29.8,45,0.536,C57Bl6j,chow,2017-03-17 00:46:00,2605,1347,101,92,0,0.91,0.498,0.44,0,0
Box-17,5,29.8,45,0.536,C57Bl6j,chow,2017-03-17 00:56:00,2683,1733,98,87,0,0.888,0.484,0.46,0,0
Box-17,5,29.8,45,0.536,C57Bl6j,chow,2017-03-17 01:06:00,2254,1341,104,90,0,0.873,0.508,0.44,0,0.01
Box-17,5,29.8,45,0.536,C57Bl6j,chow,2017-03-17 01:16:00,1981,835,107,91,0,0.856,0.522,0.44,0,0
Box-17,5,29.8,45,0.536,C57Bl6j,chow,2017-03-17 01:26:00,1886,936,90,77,0,0.862,0.438,0.45,0,0
Box-17,5,29.8,45,0.536,C57Bl6j,chow,2017-03-17 01:36:00,2367,1527,93,79,0,0.853,0.455,0.44,0,0
Box-17,5,29.8,45,0.536,C57Bl6j,chow,2017-03-17 01:46:00,851,667,91,76,0,0.836,0.443,0.46,0,0
Box-17,5,29.8,45,0.536,C57Bl6j,chow,2017-03-17 01:56:00,255,255,82,68,0,0.833,0.397,0.46,0,0
Box-17,5,29.8,45,0.536,C57Bl6j,chow,2017-03-17 02:06:00,846,846,76,62,0,0.813,0.368,0.45,0,0
Box-17,5,29.8,45,0.536,C57Bl6j,chow,2017-03-17 02:16:00,577,574,73,59,0,0.806,0.355,0.43,0,0
Box-17,5,29.8,45,0.536,C57Bl6j,chow,2017-03-17 02:26:00,748,739,103,83,0,0.809,0.498,0.46,0,0
Box-17,5,29.8,45,0.536,C57Bl6j,chow,2017-03-17 02:36:00,1363,1155,94,77,0,0.824,0.456,0.44,0,0.18
Box-17,5,29.8,45,0.536,C57Bl6j,chow,2017-03-17 02:46:00,250,249,88,75,0,0.854,0.429,0.42,0,0
Box-17,5,29.8,45,0.536,C57Bl6j,chow,2017-03-17 02:56:00,416,416,78,68,0,0.879,0.381,0.42,0,0
Box-17,5,29.8,45,0.536,C57Bl6j,chow,2017-03-17 03:06:00,251,216,95,85,0,0.896,0.469,0.48,0,0.09
Box-17,5,29.8,45,0.536,C57Bl6j,chow,2017-03-17 03:16:00,837,816,91,83,0,0.908,0.451,0.46,0.01,0.07
Box-17,5,29.8,45,0.536,C57Bl6j,chow,2017-03-17 03:26:00,258,210,96,87,0,0.914,0.474,0.46,0.12,0.04
Box-17,5,29.8,45,0.536,C57Bl6j,chow,2017-03-17 03:36:00,59,53,85,78,0,0.911,0.421,0.48,0,0
Box-17,5,29.8,45,0.536,C57Bl6j,chow,2017-03-17 03:46:00,1424,1410,75,71,0,0.935,0.375,0.46,0,0
Box-17,5,29.8,45,0.536,C57Bl6j,chow,2017-03-17 03:56:00,547,539,76,71,0,0.932,0.378,0.45,0,0.07
Box-17,5,29.8,45,0.536,C57Bl6j,chow,2017-03-17 04:06:00,378,332,74,69,0,0.935,0.368,0.44,0,0
Box-17,5,29.8,45,0.536,C57Bl6j,chow,2017-03-17 04:16:00,23,23,72,66,0,0.919,0.355,0.46,0,0
Box-17,5,29.8,45,0.536,C57Bl6j,chow,2017-03-17 04:26:00,30,30,63,59,0,0.925,0.314,0.45,0,0
Box-17,5,29.8,45,0.536,C57Bl6j,chow,2017-03-17 04:36:00,191,188,64,59,0,0.922,0.32,0.44,0.09,0
Box-17,5,29.8,45,0.536,C57Bl6j,chow,2017-03-17 04:46:00,191,191,71,65,0,0.916,0.351,0.44,0,0
Box-17,5,29.8,45,0.536,C57Bl6j,chow,2017-03-17 04:56:00,1786,1786,77,71,0,0.928,0.382,0.44,0,0
Box-17,5,29.8,45,0.536,C57Bl6j,chow,2017-03-17 05:06:00,1601,1298,118,112,0,0.945,0.59,0.46,0.11,0.1
Box-17,5,29.8,45,0.536,C57Bl6j,chow,2017-03-17 05:16:00,2273,1715,107,101,0,0.941,0.532,0.44,0.05,0.1
Box-17,5,29.8,45,0.536,C57Bl6j,chow,2017-03-17 05:26:00,2864,1912,120,113,0,0.934,0.599,0.45,0.01,0.08
Box-17,5,29.8,45,0.536,C57Bl6j,chow,2017-03-17 05:36:00,2897,1844,133,124,0,0.934,0.66,0.46,0,0.01
Box-17,5,29.8,45,0.536,C57Bl6j,chow,2017-03-17 05:46:00,4473,2773,114,106,0,0.929,0.569,0.43,0,0
Box-17,5,29.8,45,0.536,C57Bl6j,chow,2017-03-17 05:56:00,2338,1411,123,113,0,0.914,0.611,0.42,0.08,0
Box-17,5,29.8,45,0.536,C57Bl6j,chow,2017-03-17 06:06:00,2761,1652,117,106,0,0.911,0.577,0.43,0,0.09
Box-17,5,29.8,45,0.536,C57Bl6j,chow,2017-03-17 06:16:00,946,589,111,101,0,0.914,0.547,0.47,0,0
Box-17,5,29.8,45,0.536,C57Bl6j,chow,2017-03-17 06:26:00,728,384,108,101,0,0.938,0.536,0.44,0.24,0.07
Box-17,5,29.8,45,0.536,C57Bl6j,chow,2017-03-17 06:36:00,264,196,87,80,0,0.913,0.433,0.44,0,0
Box-17,5,29.8,45,0.536,C57Bl6j,chow,2017-03-17 06:46:00,49,45,89,83,0,0.93,0.442,0.46,0,0.03
Box-17,5,29.8,45,0.536,C57Bl6j,chow,2017-03-17 06:56:00,190,144,69,64,0,0.928,0.342,0.43,0,0
Box-17,5,29.8,45,0.536,C57Bl6j,chow,2017-03-17 07:06:00,143,91,71,66,0,0.932,0.354,0.46,0,0
Box-17,5,29.8,45,0.536,C57Bl6j,chow,2017-03-17 07:16:00,127,79,68,63,0,0.926,0.34,0.45,0,0
Box-17,5,29.8,45,0.536,C57Bl6j,chow,2017-03-17 07:26:00,78,49,63,57,0,0.905,0.31,0.43,0,0
Box-17,5,29.8,45,0.536,C57Bl6j,chow,2017-03-17 07:36:00,687,460,78,73,0,0.936,0.387,0.46,0.1,0
Box-17,5,29.8,45,0.536,C57Bl6j,chow,2017-03-17 07:46:00,435,211,77,70,0,0.919,0.38,0.45,0.08,0.07
Box-17,5,29.8,45,0.536,C57Bl6j,chow,2017-03-17 07:56:00,118,107,74,67,0,0.913,0.365,0.45,0,0
Box-17,5,29.8,45,0.536,C57Bl6j,chow,2017-03-17 08:06:00,33,31,79,75,0,0.948,0.393,0.46,0,0
Box-17,5,29.8,45,0.536,C57Bl6j,chow,2017-03-17 08:16:00,38,25,65,62,0,0.953,0.323,0.44,0,0.03
Box-17,5,29.8,45,0.536,C57Bl6j,chow,2017-03-17 08:26:00,80,36,66,63,0,0.948,0.332,0.47,0,0
Box-17,5,29.8,45,0.536,C57Bl6j,chow,2017-03-17 08:36:00,67,30,62,59,0,0.947,0.31,0.44,0,0
Box-17,5,29.8,45,0.536,C57Bl6j,chow,2017-03-17 08:46:00,30,15,59,54,0,0.921,0.292,0.43,0,0
Box-17,5,29.8,45,0.536,C57Bl6j,chow,2017-03-17 08:56:00,76,75,60,55,0,0.921,0.299,0.43,0,0
Box-17,5,29.8,45,0.536,C57Bl6j,chow,2017-03-17 09:06:00,445,284,91,85,0,0.929,0.454,0.44,0.02,0
Box-17,5,29.8,45,0.536,C57Bl6j,chow,2017-03-17 09:16:00,1067,542,113,104,0,0.919,0.563,0.47,0.08,0.07
Box-17,5,29.8,45,0.536,C57Bl6j,chow,2017-03-17 09:26:00,1320,819,99,93,0,0.931,0.494,0.46,0.04,0.11
Box-17,5,29.8,45,0.536,C57Bl6j,chow,2017-03-17 09:36:00,1106,724,94,87,0,0.935,0.466,0.46,0,0.03
Box-17,5,29.8,45,0.536,C57Bl6j,chow,2017-03-17 09:46:00,1306,959,92,86,0,0.94,0.458,0.43,0,0
Box-17,5,29.8,45,0.536,C57Bl6j,chow,2017-03-17 09:56:00,274,182,94,88,0,0.935,0.469,0.44,0,0
Box-17,5,29.8,45,0.536,C57Bl6j,chow,2017-03-17 10:06:00,43,39,69,63,0,0.904,0.342,0.44,0,0
Box-17,5,29.8,45,0.536,C57Bl6j,chow,2017-03-17 10:16:00,249,247,57,51,0,0.887,0.282,0.45,0,0
Box-17,5,29.8,45,0.536,C57Bl6j,chow,2017-03-17 10:26:00,2332,2332,56,48,0,0.855,0.274,0.46,0,0
Box-17,5,29.8,45,0.536,C57Bl6j,chow,2017-03-17 10:36:00,159,143,55,47,0,0.866,0.268,0.44,0,0
Box-17,5,29.8,45,0.536,C57Bl6j,chow,2017-03-17 10:46:00,36,31,64,54,0,0.839,0.312,0.45,0,0
Box-17,5,29.8,45,0.536,C57Bl6j,chow,2017-03-17 10:56:00,22,16,58,47,0,0.807,0.282,0.43,0,0
Box-17,5,29.8,45,0.536,C57Bl6j,chow,2017-03-17 11:06:00,9,8,58,48,0,0.824,0.281,0.43,0,0
Box-17,5,29.8,45,0.536,C57Bl6j,chow,2017-03-17 11:16:00,226,152,61,51,0,0.842,0.297,0.45,0,0
Box-17,5,29.8,45,0.536,C57Bl6j,chow,2017-03-17 11:26:00,308,216,80,70,0,0.87,0.395,0.46,0,0
Box-17,5,29.8,45,0.536,C57Bl6j,chow,2017-03-17 11:36:00,175,107,75,65,0,0.869,0.366,0.46,0,0
Box-17,5,29.8,45,0.536,C57Bl6j,chow,2017-03-17 11:46:00,21,19,66,55,0,0.838,0.321,0.46,0,0
Box-17,5,29.8,45,0.536,C57Bl6j,chow,2017-03-17 11:56:00,294,279,62,51,0,0.824,0.303,0.45,0,0
Box-17,5,29.8,45,0.536,C57Bl6j,chow,2017-03-17 12:06:00,337,324,61,51,0,0.829,0.296,0.43,0,0
Box-17,5,29.8,45,0.536,C57Bl6j,chow,2017-03-17 12:16:00,107,102,67,54,0,0.812,0.325,0.46,0,0
Box-17,5,29.8,45,0.536,C57Bl6j,chow,2017-03-17 12:26:00,73,46,61,49,0,0.807,0.293,0.46,0,0
Box-17,5,29.8,45,0.536,C57Bl6j,chow,2017-03-17 12:36:00,206,161,75,64,0,0.854,0.365,0.46,0,0
Box-17,5,29.8,45,0.536,C57Bl6j,chow,2017-03-17 12:46:00,89,67,67,57,0,0.839,0.328,0.46,0,0
Box-17,5,29.8,45,0.536,C57Bl6j,chow,2017-03-17 12:56:00,42,24,64,53,0,0.828,0.312,0.46,0,0
Box-17,5,29.8,45,0.536,C57Bl6j,chow,2017-03-17 13:06:00,110,70,69,58,0,0.837,0.336,0.48,0,0
Box-17,5,29.8,45,0.536,C57Bl6j,chow,2017-03-17 13:16:00,37,23,65,55,0,0.846,0.315,0.45,0,0
Box-17,5,29.8,45,0.536,C57Bl6j,chow,2017-03-17 13:26:00,472,308,87,73,0,0.838,0.424,0.45,0.24,0.03
Box-17,5,29.8,45,0.536,C57Bl6j,chow,2017-03-17 13:36:00,1672,1056,87,77,0,0.883,0.43,0.44,0,0.11
Box-17,5,29.8,45,0.536,C57Bl6j,chow,2017-03-17 13:46:00,913,611,93,84,0,0.901,0.461,0.46,0,0.06
Box-17,5,29.8,45,0.536,C57Bl6j,chow,2017-03-17 13:56:00,124,95,94,85,0,0.906,0.466,0.47,0,0
Box-17,5,29.8,45,0.536,C57Bl6j,chow,2017-03-17 14:06:00,106,84,66,61,0,0.926,0.326,0.41,0,0
Box-17,5,29.8,45,0.536,C57Bl6j,chow,2017-03-17 14:16:00,79,67,61,56,0,0.917,0.301,0.44,0,0
Box-17,5,29.8,45,0.536,C57Bl6j,chow,2017-03-17 14:26:00,1072,1071,59,55,0,0.936,0.293,0.44,0,0
Box-17,5,29.8,45,0.536,C57Bl6j,chow,2017-03-17 14:36:00,2532,2532,63,59,0,0.934,0.315,0.46,0,0
Box-17,5,29.8,45,0.536,C57Bl6j,chow,2017-03-17 14:46:00,148,131,63,57,0,0.913,0.311,0.46,0,0
Box-17,5,29.8,45,0.536,C57Bl6j,chow,2017-03-17 14:56:00,95,84,60,54,0,0.9,0.296,0.46,0,0
Box-17,5,29.8,45,0.536,C57Bl6j,chow,2017-03-17 15:06:00,19,12,54,49,0,0.9,0.267,0.43,0,0
Box-17,5,29.8,45,0.536,C57Bl6j,chow,2017-03-17 15:16:00,61,47,58,54,0,0.931,0.288,0.46,0,0
Box-17,5,29.8,45,0.536,C57Bl6j,chow,2017-03-17 15:26:00,399,311,68,64,0,0.943,0.338,0.45,0,0
Box-19,21,30.6,55.7,0.639,C57Bl6n,chow,2017-03-14 14:36:00,0,0,66,53,23,0.805,0.318,0.43,0,0
Box-19,21,30.6,55.7,0.639,C57Bl6n,chow,2017-03-14 14:46:00,9,8,75,61,23.1,0.816,0.361,0.46,0,0
Box-19,21,30.6,55.7,0.639,C57Bl6n,chow,2017-03-14 14:56:00,0,0,70,57,23,0.817,0.337,0.45,0,0
Box-19,21,30.6,55.7,0.639,C57Bl6n,chow,2017-03-14 15:06:00,37,15,70,56,23,0.805,0.336,0.45,0.08,0
Box-19,21,30.6,55.7,0.639,C57Bl6n,chow,2017-03-14 15:16:00,1748,951,85,74,23,0.879,0.416,0.47,0,0
Box-19,21,30.6,55.7,0.639,C57Bl6n,chow,2017-03-14 15:26:00,80,54,89,79,23.2,0.882,0.439,0.44,0,0
Box-19,21,30.6,55.7,0.639,C57Bl6n,chow,2017-03-14 15:36:00,11,9,84,73,23.2,0.863,0.412,0.45,0,0
Box-19,21,30.6,55.7,0.639,C57Bl6n,chow,2017-03-14 15:46:00,0,0,80,66,23.1,0.823,0.39,0.46,0,0
Box-19,21,30.6,55.7,0.639,C57Bl6n,chow,2017-03-14 15:56:00,1,1,68,55,23.1,0.81,0.33,0.44,0,0
Box-19,21,30.6,55.7,0.639,C57Bl6n,chow,2017-03-14 16:06:00,34,14,71,58,23.1,0.815,0.345,0.46,0,0
Box-19,21,30.6,55.7,0.639,C57Bl6n,chow,2017-03-14 16:16:00,2,2,69,56,23.1,0.805,0.333,0.46,0,0
Box-19,21,30.6,55.7,0.639,C57Bl6n,chow,2017-03-14 16:26:00,1,1,67,52,23.1,0.78,0.32,0.44,0,0
Box-19,21,30.6,55.7,0.639,C57Bl6n,chow,2017-03-14 16:36:00,404,249,76,65,23.1,0.858,0.372,0.46,0,0
Box-19,21,30.6,55.7,0.639,C57Bl6n,chow,2017-03-14 16:46:00,54,49,100,85,23.2,0.851,0.487,0.45,0.05,0
Box-19,21,30.6,55.7,0.639,C57Bl6n,chow,2017-03-14 16:56:00,123,52,86,74,23.2,0.868,0.419,0.43,0,0
Box-19,21,30.6,55.7,0.639,C57Bl6n,chow,2017-03-14 17:06:00,0,0,77,67,23.2,0.867,0.379,0.45,0,0
Box-19,21,30.6,55.7,0.639,C57Bl6n,chow,2017-03-14 17:16:00,0,0,73,61,23.1,0.833,0.357,0.45,0,0
Box-19,21,30.6,55.7,0.639,C57Bl6n,chow,2017-03-14 17:26:00,16,16,69,60,23.1,0.862,0.339,0.46,0,0
Box-19,21,30.6,55.7,0.639,C57Bl6n,chow,2017-03-14 17:36:00,34,20,70,59,23.1,0.847,0.342,0.46,0.07,0
Box-19,21,30.6,55.7,0.639,C57Bl6n,chow,2017-03-14 17:46:00,171,107,87,78,23.1,0.898,0.428,0.45,0,0
Box-19,21,30.6,55.7,0.639,C57Bl6n,chow,2017-03-14 17:56:00,0,0,81,72,23.1,0.889,0.4,0.46,0,0
Box-19,21,30.6,55.7,0.639,C57Bl6n,chow,2017-03-14 18:06:00,399,232,88,79,23.1,0.904,0.433,0.45,0.02,0.02
Box-19,21,30.6,55.7,0.639,C57Bl6n,chow,2017-03-14 18:16:00,1785,847,93,84,23.1,0.907,0.458,0.44,0.07,0.08
Box-19,21,30.6,55.7,0.639,C57Bl6n,chow,2017-03-14 18:26:00,601,338,122,112,23,0.914,0.606,0.45,0.09,0.04
Box-19,21,30.6,55.7,0.639,C57Bl6n,chow,2017-03-14 18:36:00,442,264,120,111,23,0.926,0.594,0.45,0,0
Box-19,21,30.6,55.7,0.639,C57Bl6n,chow,2017-03-14 18:46:00,138,81,98,90,23,0.919,0.485,0.45,0.12,0
Box-19,21,30.6,55.7,0.639,C57Bl6n,chow,2017-03-14 18:56:00,40,23,90,82,23,0.917,0.445,0.44,0,0
Box-19,21,30.6,55.7,0.639,C57Bl6n,chow,2017-03-14 19:06:00,16,9,77,69,23,0.895,0.378,0.45,0.12,0
Box-19,21,30.6,55.7,0.639,C57Bl6n,chow,2017-03-14 19:16:00,1074,522,85,81,23,0.954,0.424,0.44,0.03,0.01
Box-19,21,30.6,55.7,0.639,C57Bl6n,chow,2017-03-14 19:26:00,1945,1148,109,104,23,0.958,0.544,0.45,0.01,0.17
Box-19,21,30.6,55.7,0.639,C57Bl6n,chow,2017-03-14 19:36:00,561,282,126,120,22.9,0.95,0.629,0.45,0.14,0.16
Box-19,21,30.6,55.7,0.639,C57Bl6n,chow,2017-03-14 19:46:00,1823,1033,110,105,22.9,0.953,0.548,0.47,0,0.04
Box-19,21,30.6,55.7,0.639,C57Bl6n,chow,2017-03-14 19:56:00,406,203,106,101,22.9,0.953,0.531,0.45,0.23,0
Box-19,21,30.6,55.7,0.639,C57Bl6n,chow,2017-03-14 20:06:00,900,471,91,87,22.8,0.953,0.455,0.45,0,0.14
Box-19,21,30.6,55.7,0.639,C57Bl6n,chow,2017-03-14 20:16:00,332,178,100,95,22.8,0.946,0.5,0.44,0.14,0
Box-19,21,30.6,55.7,0.639,C57Bl6n,chow,2017-03-14 20:26:00,1256,829,95,93,22.8,0.972,0.478,0.47,0,0.15
Box-19,21,30.6,55.7,0.639,C57Bl6n,chow,2017-03-14 20:36:00,408,243,116,111,23,0.959,0.578,0.47,0,0
Box-19,21,30.6,55.7,0.639,C57Bl6n,chow,2017-03-14 20:46:00,95,35,90,86,22.9,0.952,0.449,0.44,0,0
Box-19,21,30.6,55.7,0.639,C57Bl6n,chow,2017-03-14 20:56:00,27,14,83,79,22.9,0.95,0.415,0.45,0,0
Box-19,21,30.6,55.7,0.639,C57Bl6n,chow,2017-03-14 21:06:00,18,12,98,96,22.9,0.976,0.492,0.47,0.31,0
Box-19,21,30.6,55.7,0.639,C57Bl6n,chow,2017-03-14 21:16:00,656,453,106,104,22.9,0.981,0.533,0.46,0,0.11
Box-19,21,30.6,55.7,0.639,C57Bl6n,chow,2017-03-14 21:26:00,55,35,90,88,22.9,0.974,0.451,0.46,0,0
Box-19,21,30.6,55.7,0.639,C57Bl6n,chow,2017-03-14 21:36:00,0,0,84,82,22.9,0.977,0.42,0.45,0,0
Box-19,21,30.6,55.7,0.639,C57Bl6n,chow,2017-03-14 21:46:00,7,4,78,75,22.9,0.964,0.391,0.47,0,0
Box-19,21,30.6,55.7,0.639,C57Bl6n,chow,2017-03-14 21:56:00,403,303,73,73,22.9,1.004,0.368,0.43,0,0
Box-19,21,30.6,55.7,0.639,C57Bl6n,chow,2017-03-14 22:06:00,1275,820,119,118,22.8,0.99,0.602,0.47,0.08,0.11
Box-19,21,30.6,55.7,0.639,C57Bl6n,chow,2017-03-14 22:16:00,1140,577,100,98,22.8,0.983,0.502,0.45,0.09,0.11
Box-19,21,30.6,55.7,0.639,C57Bl6n,chow,2017-03-14 22:26:00,619,375,117,115,22.8,0.98,0.588,0.46,0.01,0.09
Box-19,21,30.6,55.7,0.639,C57Bl6n,chow,2017-03-14 22:36:00,788,512,105,103,22.8,0.987,0.527,0.43,0.04,0
Box-19,21,30.6,55.7,0.639,C57Bl6n,chow,2017-03-14 22:46:00,302,206,120,118,22.8,0.98,0.604,0.44,0.05,0
Box-19,21,30.6,55.7,0.639,C57Bl6n,chow,2017-03-14 22:56:00,612,352,106,103,22.8,0.977,0.53,0.45,0.05,0.06
Box-19,21,30.6,55.7,0.639,C57Bl6n,chow,2017-03-14 23:06:00,49,34,104,100,22.9,0.964,0.518,0.45,0,0.01
Box-19,21,30.6,55.7,0.639,C57Bl6n,chow,2017-03-14 23:16:00,30,11,82,79,22.9,0.963,0.409,0.46,0,0
Box-19,21,30.6,55.7,0.639,C57Bl6n,chow,2017-03-14 23:26:00,28,15,72,71,22.9,0.979,0.363,0.43,0,0
Box-19,21,30.6,55.7,0.639,C57Bl6n,chow,2017-03-14 23:36:00,41,23,74,72,22.9,0.967,0.371,0.45,0,0
Box-19,21,30.6,55.7,0.639,C57Bl6n,chow,2017-03-14 23:46:00,482,297,79,78,22.9,0.989,0.398,0.46,0.07,0
Box-19,21,30.6,55.7,0.639,C57Bl6n,chow,2017-03-14 23:56:00,1522,959,86,84,22.8,0.979,0.43,0.44,0,0.09
Box-19,21,30.6,55.7,0.639,C57Bl6n,chow,2017-03-15 00:06:00,942,602,102,101,22.7,0.99,0.512,0.45,0.06,0.09
Box-19,21,30.6,55.7,0.639,C57Bl6n,chow,2017-03-15 00:16:00,1028,797,116,113,22.7,0.974,0.583,0.46,0.27,0.13
Box-19,21,30.6,55.7,0.639,C57Bl6n,chow,2017-03-15 00:26:00,1522,989,112,110,22.8,0.979,0.563,0.45,0,0.09
Box-19,21,30.6,55.7,0.639,C57Bl6n,chow,2017-03-15 00:36:00,344,177,119,115,22.9,0.962,0.598,0.45,0,0
Box-19,21,30.6,55.7,0.639,C57Bl6n,chow,2017-03-15 00:46:00,1213,775,96,93,22.9,0.968,0.483,0.44,0,0.03
Box-19,21,30.6,55.7,0.639,C57Bl6n,chow,2017-03-15 00:56:00,2059,1303,112,107,22.9,0.957,0.559,0.45,0,0
Box-19,21,30.6,55.7,0.639,C57Bl6n,chow,2017-03-15 01:06:00,244,69,111,106,23,0.953,0.554,0.44,0,0
Box-19,21,30.6,55.7,0.639,C57Bl6n,chow,2017-03-15 01:16:00,31,15,89,83,22.9,0.929,0.441,0.45,0,0
Box-19,21,30.6,55.7,0.639,C57Bl6n,chow,2017-03-15 01:26:00,40,16,74,68,22.9,0.914,0.367,0.46,0,0
Box-19,21,30.6,55.7,0.639,C57Bl6n,chow,2017-03-15 01:36:00,55,13,69,64,22.9,0.922,0.342,0.45,0,0
Box-19,21,30.6,55.7,0.639,C57Bl6n,chow,2017-03-15 01:46:00,34,15,68,60,22.9,0.884,0.334,0.42,0,0
Box-19,21,30.6,55.7,0.639,C57Bl6n,chow,2017-03-15 01:56:00,31,12,79,69,22.9,0.876,0.388,0.45,0,0
Box-19,21,30.6,55.7,0.639,C57Bl6n,chow,2017-03-15 02:06:00,223,81,77,68,22.9,0.879,0.377,0.45,0,0
Box-19,21,30.6,55.7,0.639,C57Bl6n,chow,2017-03-15 02:16:00,2025,1170,88,80,22.9,0.905,0.437,0.47,0,0.02
Box-19,21,30.6,55.7,0.639,C57Bl6n,chow,2017-03-15 02:26:00,177,62,105,100,22.9,0.945,0.525,0.45,0.03,0
Box-19,21,30.6,55.7,0.639,C57Bl6n,chow,2017-03-15 02:36:00,11,7,86,82,22.9,0.951,0.428,0.45,0,0
Box-19,21,30.6,55.7,0.639,C57Bl6n,chow,2017-03-15 02:46:00,20,18,84,79,22.9,0.936,0.42,0.46,0,0
Box-19,21,30.6,55.7,0.639,C57Bl6n,chow,2017-03-15 02:56:00,21,15,90,85,22.9,0.936,0.45,0.46,0,0
Box-19,21,30.6,55.7,0.639,C57Bl6n,chow,2017-03-15 03:06:00,3,2,77,70,22.9,0.915,0.38,0.44,0,0
Box-19,21,30.6,55.7,0.639,C57Bl6n,chow,2017-03-15 03:16:00,1003,686,80,72,22.9,0.896,0.397,0.45,0,0
Box-19,21,30.6,55.7,0.639,C57Bl6n,chow,2017-03-15 03:26:00,917,548,90,82,22.9,0.913,0.446,0.44,0.12,0.03
Box-19,21,30.6,55.7,0.639,C57Bl6n,chow,2017-03-15 03:36:00,544,350,103,94,22.9,0.913,0.508,0.44,0,0.1
Box-19,21,30.6,55.7,0.639,C57Bl6n,chow,2017-03-15 03:46:00,98,96,89,81,22.9,0.909,0.442,0.46,0,0
Box-19,21,30.6,55.7,0.639,C57Bl6n,chow,2017-03-15 03:56:00,98,82,84,77,22.9,0.916,0.417,0.46,0,0
Box-19,21,30.6,55.7,0.639,C57Bl6n,chow,2017-03-15 04:06:00,398,231,93,87,22.9,0.933,0.462,0.45,0.19,0
Box-19,21,30.6,55.7,0.639,C57Bl6n,chow,2017-03-15 04:16:00,81,77,87,80,23,0.92,0.43,0.45,0,0
Box-19,21,30.6,55.7,0.639,C57Bl6n,chow,2017-03-15 04:26:00,84,80,82,76,22.9,0.933,0.406,0.45,0,0
Box-19,21,30.6,55.7,0.639,C57Bl6n,chow,2017-03-15 04:36:00,155,112,84,79,22.9,0.933,0.42,0.45,0,0
Box-19,21,30.6,55.7,0.639,C57Bl6n,chow,2017-03-15 04:46:00,299,172,87,81,23,0.933,0.432,0.45,0,0.04
Box-19,21,30.6,55.7,0.639,C57Bl6n,chow,2017-03-15 04:56:00,2,2,81,76,23,0.931,0.404,0.44,0,0
Box-19,21,30.6,55.7,0.639,C57Bl6n,chow,2017-03-15 05:06:00,421,222,92,85,23,0.932,0.455,0.45,0.09,0.09
Box-19,21,30.6,55.7,0.639,C57Bl6n,chow,2017-03-15 05:16:00,2294,1342,111,107,22.9,0.957,0.557,0.45,0.05,0.15
Box-19,21,30.6,55.7,0.639,C57Bl6n,chow,2017-03-15 05:26:00,1702,953,113,106,22.8,0.939,0.561,0.47,0.04,0.05
Box-19,21,30.6,55.7,0.639,C57Bl6n,chow,2017-03-15 05:36:00,796,349,111,104,22.8,0.939,0.554,0.44,0,0.08
Box-19,21,30.6,55.7,0.639,C57Bl6n,chow,2017-03-15 05:46:00,114,26,102,94,23,0.925,0.507,0.43,0,0
Box-19,21,30.6,55.7,0.639,C57Bl6n,chow,2017-03-15 05:56:00,60,24,80,75,23,0.939,0.399,0.44,0,0
Box-19,21,30.6,55.7,0.639,C57Bl6n,chow,2017-03-15 06:06:00,48,18,73,68,22.9,0.93,0.364,0.46,0,0
Box-19,21,30.6,55.7,0.639,C57Bl6n,chow,2017-03-15 06:16:00,61,0,72,66,22.9,0.923,0.356,0.46,0,0
Box-19,21,30.6,55.7,0.639,C57Bl6n,chow,2017-03-15 06:26:00,311,146,74,65,22.9,0.879,0.365,0.44,0.22,0
Box-19,21,30.6,55.7,0.639,C57Bl6n,chow,2017-03-15 06:36:00,2009,1207,95,90,22.9,0.942,0.475,0.47,0.03,0.04
Box-19,21,30.6,55.7,0.639,C57Bl6n,chow,2017-03-15 06:46:00,2126,1432,97,91,22.9,0.942,0.482,0.46,0,0.17
Box-19,21,30.6,55.7,0.639,C57Bl6n,chow,2017-03-15 06:56:00,65,61,126,120,22.9,0.954,0.63,0.45,0,0
Box-19,21,30.6,55.7,0.639,C57Bl6n,chow,2017-03-15 07:06:00,68,68,84,77,23,0.925,0.415,0.44,0,0
Box-19,21,30.6,55.7,0.639,C57Bl6n,chow,2017-03-15 07:16:00,95,88,80,73,23,0.915,0.398,0.45,0.12,0
Box-19,21,30.6,55.7,0.639,C57Bl6n,chow,2017-03-15 07:26:00,349,229,82,77,23,0.934,0.409,0.45,0.03,0
Box-19,21,30.6,55.7,0.639,C57Bl6n,chow,2017-03-15 07:36:00,68,67,75,71,23,0.943,0.375,0.44,0,0.03
Box-19,21,30.6,55.7,0.639,C57Bl6n,chow,2017-03-15 07:46:00,71,71,74,69,23,0.932,0.37,0.46,0.15,0
Box-19,21,30.6,55.7,0.639,C57Bl6n,chow,2017-03-15 07:56:00,2003,1104,80,77,23,0.96,0.402,0.44,0,0.22
Box-19,21,30.6,55.7,0.639,C57Bl6n,chow,2017-03-15 08:06:00,1718,912,99,94,22.9,0.946,0.494,0.43,0.04,0
Box-19,21,30.6,55.7,0.639,C57Bl6n,chow,2017-03-15 08:16:00,2315,1190,103,98,22.9,0.952,0.513,0.45,0.01,0
Box-19,21,30.6,55.7,0.639,C57Bl6n,chow,2017-03-15 08:26:00,1840,1000,106,99,23,0.94,0.526,0.45,0,0.04
Box-19,21,30.6,55.7,0.639,C57Bl6n,chow,2017-03-15 08:36:00,1055,634,109,102,23.1,0.931,0.544,0.43,0,0
Box-19,21,30.6,55.7,0.639,C57Bl6n,chow,2017-03-15 08:46:00,15,15,84,77,23.1,0.912,0.416,0.45,0,0
Box-19,21,30.6,55.7,0.639,C57Bl6n,chow,2017-03-15 08:56:00,13,13,82,74,23.1,0.908,0.405,0.47,0,0
Box-19,21,30.6,55.7,0.639,C57Bl6n,chow,2017-03-15 09:06:00,22,21,78,73,23.1,0.934,0.386,0.46,0,0
Box-19,21,30.6,55.7,0.639,C57Bl6n,chow,2017-03-15 09:16:00,31,31,79,69,23.1,0.877,0.388,0.45,0,0
Box-19,21,30.6,55.7,0.639,C57Bl6n,chow,2017-03-15 09:26:00,167,101,86,80,23.1,0.923,0.429,0.46,0.09,0
Box-19,21,30.6,55.7,0.639,C57Bl6n,chow,2017-03-15 09:36:00,14,14,81,74,23.1,0.911,0.4,0.46,0,0
Box-19,21,30.6,55.7,0.639,C57Bl6n,chow,2017-03-15 09:46:00,60,49,81,77,23.1,0.958,0.403,0.45,0,0
Box-19,21,30.6,55.7,0.639,C57Bl6n,chow,2017-03-15 09:56:00,12,12,70,64,23.1,0.915,0.345,0.45,0,0
Box-19,21,30.6,55.7,0.639,C57Bl6n,chow,2017-03-15 10:06:00,12,12,74,67,23,0.906,0.363,0.44,0,0
Box-19,21,30.6,55.7,0.639,C57Bl6n,chow,2017-03-15 10:16:00,13,13,70,61,23,0.878,0.344,0.44,0,0
Box-19,21,30.6,55.7,0.639,C57Bl6n,chow,2017-03-15 10:26:00,16,15,74,65,23,0.88,0.361,0.45,0.05,0
Box-19,21,30.6,55.7,0.639,C57Bl6n,chow,2017-03-15 10:36:00,934,604,89,83,23,0.938,0.443,0.45,0.15,0.03
Box-19,21,30.6,55.7,0.639,C57Bl6n,chow,2017-03-15 10:46:00,51,50,84,78,23.1,0.932,0.419,0.46,0,0.03
Box-19,21,30.6,55.7,0.639,C57Bl6n,chow,2017-03-15 10:56:00,47,47,79,74,23.1,0.941,0.391,0.46,0,0
Box-19,21,30.6,55.7,0.639,C57Bl6n,chow,2017-03-15 11:06:00,59,59,74,69,23.1,0.936,0.366,0.45,0,0
Box-19,21,30.6,55.7,0.639,C57Bl6n,chow,2017-03-15 11:16:00,57,57,74,69,23.1,0.932,0.366,0.45,0,0
Box-19,21,30.6,55.7,0.639,C57Bl6n,chow,2017-03-15 11:26:00,66,62,73,67,23.1,0.914,0.363,0.46,0,0.01
Box-19,21,30.6,55.7,0.639,C57Bl6n,chow,2017-03-15 11:36:00,43,43,70,64,23.1,0.921,0.346,0.47,0,0
Box-19,21,30.6,55.7,0.639,C57Bl6n,chow,2017-03-15 11:46:00,39,39,71,64,23,0.9,0.351,0.45,0,0
Box-19,21,30.6,55.7,0.639,C57Bl6n,chow,2017-03-15 11:56:00,56,56,69,62,23,0.893,0.342,0.45,0,0
Box-19,21,30.6,55.7,0.639,C57Bl6n,chow,2017-03-15 12:06:00,49,49,63,56,23,0.888,0.312,0.45,0,0
Box-19,21,30.6,55.7,0.639,C57Bl6n,chow,2017-03-15 12:16:00,188,140,69,63,23,0.92,0.342,0.46,0,0
Box-19,21,30.6,55.7,0.639,C57Bl6n,chow,2017-03-15 12:26:00,56,56,67,61,23,0.912,0.333,0.46,0,0
Box-19,21,30.6,55.7,0.639,C57Bl6n,chow,2017-03-15 12:36:00,58,57,69,60,23,0.875,0.337,0.46,0,0
Box-19,21,30.6,55.7,0.639,C57Bl6n,chow,2017-03-15 12:46:00,46,46,80,72,23,0.9,0.395,0.45,0,0
Box-19,21,30.6,55.7,0.639,C57Bl6n,chow,2017-03-15 12:56:00,1935,1233,70,64,23,0.915,0.345,0.45,0.01,0.04
Box-19,21,30.6,55.7,0.639,C57Bl6n,chow,2017-03-15 13:06:00,1629,1090,87,79,23,0.908,0.43,0.45,0,0
Box-19,21,30.6,55.7,0.639,C57Bl6n,chow,2017-03-15 13:16:00,169,54,105,93,23.1,0.882,0.517,0.46,0,0
Box-19,21,30.6,55.7,0.639,C57Bl6n,chow,2017-03-15 13:26:00,39,5,81,69,23.1,0.849,0.396,0.46,0,0
Box-19,21,30.6,55.7,0.639,C57Bl6n,chow,2017-03-15 13:36:00,53,1,82,69,23.1,0.842,0.4,0.45,0,0
Box-19,21,30.6,55.7,0.639,C57Bl6n,chow,2017-03-15 13:46:00,19,2,74,61,23,0.828,0.359,0.46,0,0
Box-19,21,30.6,55.7,0.639,C57Bl6n,chow,2017-03-15 13:56:00,18,5,76,64,23,0.841,0.369,0.46,0,0
Box-19,21,30.6,55.7,0.639,C57Bl6n,chow,2017-03-15 14:06:00,15,8,67,56,23,0.838,0.326,0.42,0,0
Box-19,21,30.6,55.7,0.639,C57Bl6n,chow,2017-03-15 14:16:00,76,57,75,62,23,0.834,0.362,0.44,0.11,0
Box-19,21,30.6,55.7,0.639,C57Bl6n,chow,2017-03-15 14:26:00,18,15,67,57,23,0.855,0.327,0.44,0,0
Box-19,21,30.6,55.7,0.639,C57Bl6n,chow,2017-03-15 14:36:00,4,4,68,60,23,0.883,0.335,0.44,0,0
Box-19,21,30.6,55.7,0.639,C57Bl6n,chow,2017-03-15 14:46:00,4,4,75,68,23,0.914,0.371,0.46,0,0
Box-19,21,30.6,55.7,0.639,C57Bl6n,chow,2017-03-15 14:56:00,31,28,64,56,23.1,0.879,0.315,0.43,0,0.01
Box-19,21,30.6,55.7,0.639,C57Bl6n,chow,2017-03-15 15:06:00,7,2,66,59,23,0.891,0.324,0.44,0,0
Box-19,21,30.6,55.7,0.639,C57Bl6n,chow,2017-03-15 15:16:00,5,5,74,65,23,0.881,0.365,0.46,0,0
Box-19,21,30.6,55.7,0.639,C57Bl6n,chow,2017-03-15 15:26:00,0,0,72,63,23,0.879,0.354,0.46,0,0
Box-19,21,30.6,55.7,0.639,C57Bl6n,chow,2017-03-15 15:36:00,96,67,74,65,23,0.88,0.365,0.44,0,0
Box-19,21,30.6,55.7,0.639,C57Bl6n,chow,2017-03-15 15:46:00,150,105,78,70,23,0.898,0.384,0.45,0.04,0
Box-19,21,30.6,55.7,0.639,C57Bl6n,chow,2017-03-15 15:56:00,1653,1088,85,77,23,0.907,0.418,0.46,0.05,0.12
Box-19,21,30.6,55.7,0.639,C57Bl6n,chow,2017-03-15 16:06:00,71,66,98,88,23.1,0.903,0.482,0.47,0,0
Box-19,21,30.6,55.7,0.639,C57Bl6n,chow,2017-03-15 16:16:00,3,3,83,76,23.1,0.906,0.413,0.45,0,0
Box-19,21,30.6,55.7,0.639,C57Bl6n,chow,2017-03-15 16:26:00,29,29,66,58,23,0.873,0.326,0.44,0,0
Box-19,21,30.6,55.7,0.639,C57Bl6n,chow,2017-03-15 16:36:00,64,63,72,59,23,0.83,0.348,0.46,0,0
Box-19,21,30.6,55.7,0.639,C57Bl6n,chow,2017-03-15 16:46:00,164,110,74,65,23,0.882,0.361,0.45,0,0
Box-19,21,30.6,55.7,0.639,C57Bl6n,chow,2017-03-15 16:56:00,59,34,74,65,23,0.875,0.364,0.45,0,0
Box-19,21,30.6,55.7,0.639,C57Bl6n,chow,2017-03-15 17:06:00,57,38,70,61,23.1,0.868,0.342,0.46,0,0
Box-19,21,30.6,55.7,0.639,C57Bl6n,chow,2017-03-15 17:16:00,28,20,70,60,23,0.859,0.342,0.46,0,0
Box-19,21,30.6,55.7,0.639,C57Bl6n,chow,2017-03-15 17:26:00,8,8,76,63,23,0.82,0.37,0.46,0,0
Box-19,21,30.6,55.7,0.639,C57Bl6n,chow,2017-03-15 17:36:00,94,56,79,67,23,0.85,0.386,0.44,0.11,0
Box-19,21,30.6,55.7,0.639,C57Bl6n,chow,2017-03-15 17:46:00,103,59,89,79,23.1,0.89,0.438,0.45,0,0
Box-19,21,30.6,55.7,0.639,C57Bl6n,chow,2017-03-15 17:56:00,40,23,78,71,23,0.909,0.388,0.44,0,0
Box-19,21,30.6,55.7,0.639,C57Bl6n,chow,2017-03-15 18:06:00,78,14,80,74,23,0.922,0.399,0.44,0.08,0.05
Box-19,21,30.6,55.7,0.639,C57Bl6n,chow,2017-03-15 18:16:00,586,369,87,84,23,0.974,0.435,0.46,0.03,0.04
Box-19,21,30.6,55.7,0.639,C57Bl6n,chow,2017-03-15 18:26:00,644,370,96,93,23,0.963,0.482,0.44,0.14,0.12
Box-19,21,30.6,55.7,0.639,C57Bl6n,chow,2017-03-15 18:36:00,186,56,106,101,23.1,0.952,0.528,0.45,0,0
Box-19,21,30.6,55.7,0.639,C57Bl6n,chow,2017-03-15 18:46:00,12,8,88,85,23,0.96,0.443,0.46,0,0
Box-19,21,30.6,55.7,0.639,C57Bl6n,chow,2017-03-15 18:56:00,262,172,99,96,23,0.963,0.497,0.45,0.2,0.12
Box-19,21,30.6,55.7,0.639,C57Bl6n,chow,2017-03-15 19:06:00,896,586,83,80,22.9,0.97,0.414,0.44,0,0.12
Box-19,21,30.6,55.7,0.639,C57Bl6n,chow,2017-03-15 19:16:00,1533,936,128,122,22.8,0.952,0.638,0.45,0.11,0
Box-19,21,30.6,55.7,0.639,C57Bl6n,chow,2017-03-15 19:26:00,1647,778,125,121,22.8,0.97,0.626,0.45,0.01,0.11
Box-19,21,30.6,55.7,0.639,C57Bl6n,chow,2017-03-15 19:36:00,2143,1264,111,109,22.9,0.984,0.557,0.46,0,0.01
Box-19,21,30.6,55.7,0.639,C57Bl6n,chow,2017-03-15 19:46:00,597,482,134,129,22.9,0.962,0.671,0.46,0.03,0.14
Box-19,21,30.6,55.7,0.639,C57Bl6n,chow,2017-03-15 19:56:00,227,148,124,120,23,0.972,0.621,0.45,0,0
Box-19,21,30.6,55.7,0.639,C57Bl6n,chow,2017-03-15 20:06:00,64,47,96,91,23,0.953,0.477,0.45,0,0
Box-19,21,30.6,55.7,0.639,C57Bl6n,chow,2017-03-15 20:16:00,419,190,84,81,22.9,0.962,0.419,0.42,0.14,0
Box-19,21,30.6,55.7,0.639,C57Bl6n,chow,2017-03-15 20:26:00,1974,1431,84,82,22.9,0.977,0.421,0.46,0.12,0.06
Box-19,21,30.6,55.7,0.639,C57Bl6n,chow,2017-03-15 20:36:00,329,282,93,90,22.9,0.974,0.465,0.45,0,0.04
Box-19,21,30.6,55.7,0.639,C57Bl6n,chow,2017-03-15 20:46:00,110,74,84,83,22.9,0.987,0.423,0.46,0,0
Box-19,21,30.6,55.7,0.639,C57Bl6n,chow,2017-03-15 20:56:00,452,320,90,89,22.9,0.984,0.454,0.47,0.03,0
Box-19,21,30.6,55.7,0.639,C57Bl6n,chow,2017-03-15 21:06:00,813,674,99,98,22.9,0.992,0.5,0.46,0,0.04
Box-19,21,30.6,55.7,0.639,C57Bl6n,chow,2017-03-15 21:16:00,516,501,84,82,22.9,0.978,0.423,0.44,0,0
Box-19,21,30.6,55.7,0.639,C57Bl6n,chow,2017-03-15 21:26:00,699,495,85,86,22.9,1.014,0.43,0.46,0,0
Box-19,21,30.6,55.7,0.639,C57Bl6n,chow,2017-03-15 21:36:00,1339,1136,99,98,22.9,0.998,0.498,0.45,0.1,0.17
Box-19,21,30.6,55.7,0.639,C57Bl6n,chow,2017-03-15 21:46:00,1436,878,119,119,22.8,0.996,0.6,0.46,0.03,0.06
Box-19,21,30.6,55.7,0.639,C57Bl6n,chow,2017-03-15 21:56:00,1607,727,91,87,22.8,0.959,0.455,0.42,0.1,0.08
Box-19,21,30.6,55.7,0.639,C57Bl6n,chow,2017-03-15 22:06:00,1554,1386,135,132,22.7,0.975,0.677,0.47,0,0
Box-19,21,30.6,55.7,0.639,C57Bl6n,chow,2017-03-15 22:16:00,868,756,145,143,22.8,0.983,0.73,0.46,0.07,0
Box-19,21,30.6,55.7,0.639,C57Bl6n,chow,2017-03-15 22:26:00,1975,1499,122,119,22.7,0.981,0.612,0.45,0.2,0.11
Box-19,21,30.6,55.7,0.639,C57Bl6n,chow,2017-03-15 22:36:00,851,420,99,97,22.7,0.981,0.499,0.43,0,0.08
Box-19,21,30.6,55.7,0.639,C57Bl6n,chow,2017-03-15 22:46:00,2702,1736,91,89,22.8,0.977,0.457,0.45,0,0
Box-19,21,30.6,55.7,0.639,C57Bl6n,chow,2017-03-15 22:56:00,2327,1145,114,112,22.7,0.981,0.572,0.45,0,0.06
Box-19,21,30.6,55.7,0.639,C57Bl6n,chow,2017-03-15 23:06:00,2132,1100,120,116,22.7,0.967,0.599,0.46,0,0.04
Box-19,21,30.6,55.7,0.639,C57Bl6n,chow,2017-03-15 23:16:00,1747,791,114,110,22.7,0.969,0.57,0.46,0.04,0
Box-19,21,30.6,55.7,0.639,C57Bl6n,chow,2017-03-15 23:26:00,971,461,131,125,22.7,0.957,0.655,0.46,0.1,0
Box-19,21,30.6,55.7,0.639,C57Bl6n,chow,2017-03-15 23:36:00,1734,710,122,117,22.8,0.963,0.61,0.46,0.1,0.1
Box-19,21,30.6,55.7,0.639,C57Bl6n,chow,2017-03-15 23:46:00,2727,1623,101,98,22.8,0.971,0.506,0.42,0.03,0
Box-19,21,30.6,55.7,0.639,C57Bl6n,chow,2017-03-15 23:56:00,3840,2744,112,108,22.8,0.963,0.559,0.45,0.09,0.12
Box-19,21,30.6,55.7,0.639,C57Bl6n,chow,2017-03-16 00:06:00,2656,1482,106,103,22.8,0.966,0.532,0.45,0,0.01
Box-19,21,30.6,55.7,0.639,C57Bl6n,chow,2017-03-16 00:16:00,3164,1951,105,102,22.8,0.965,0.527,0.44,0,0.03
Box-19,21,30.6,55.7,0.639,C57Bl6n,chow,2017-03-16 00:26:00,1415,766,121,115,22.7,0.949,0.603,0.45,0,0.03
Box-19,21,30.6,55.7,0.639,C57Bl6n,chow,2017-03-16 00:36:00,261,234,117,112,22.9,0.953,0.585,0.46,0,0
Box-19,21,30.6,55.7,0.639,C57Bl6n,chow,2017-03-16 00:46:00,123,113,87,82,22.9,0.935,0.435,0.45,0,0
Box-19,21,30.6,55.7,0.639,C57Bl6n,chow,2017-03-16 00:56:00,115,114,81,75,22.9,0.924,0.404,0.45,0,0
Box-19,21,30.6,55.7,0.639,C57Bl6n,chow,2017-03-16 01:06:00,115,114,76,70,22.9,0.92,0.376,0.43,0,0
Box-19,21,30.6,55.7,0.639,C57Bl6n,chow,2017-03-16 01:16:00,214,184,81,75,22.9,0.928,0.403,0.42,0,0
Box-19,21,30.6,55.7,0.639,C57Bl6n,chow,2017-03-16 01:26:00,110,110,81,73,22.9,0.906,0.399,0.47,0,0
Box-19,21,30.6,55.7,0.639,C57Bl6n,chow,2017-03-16 01:36:00,153,139,86,77,22.9,0.9,0.422,0.47,0.06,0
Box-19,21,30.6,55.7,0.639,C57Bl6n,chow,2017-03-16 01:46:00,1844,963,85,79,22.9,0.926,0.421,0.45,0.23,0.05
Box-19,21,30.6,55.7,0.639,C57Bl6n,chow,2017-03-16 01:56:00,1130,508,99,94,22.9,0.955,0.494,0.45,0.04,0
Box-19,21,30.6,55.7,0.639,C57Bl6n,chow,2017-03-16 02:06:00,38,19,86,81,22.9,0.949,0.428,0.44,0,0
Box-19,21,30.6,55.7,0.639,C57Bl6n,chow,2017-03-16 02:16:00,19,11,90,84,22.9,0.933,0.446,0.46,0,0
Box-19,21,30.6,55.7,0.639,C57Bl6n,chow,2017-03-16 02:26:00,10,7,73,69,22.9,0.946,0.365,0.45,0,0
Box-19,21,30.6,55.7,0.639,C57Bl6n,chow,2017-03-16 02:36:00,22,7,68,64,22.9,0.943,0.34,0.42,0,0
Box-19,21,30.6,55.7,0.639,C57Bl6n,chow,2017-03-16 02:46:00,219,109,87,83,22.9,0.952,0.433,0.44,0,0.05
Box-19,21,30.6,55.7,0.639,C57Bl6n,chow,2017-03-16 02:56:00,0,0,87,82,22.9,0.942,0.432,0.47,0,0
Box-19,21,30.6,55.7,0.639,C57Bl6n,chow,2017-03-16 03:06:00,25,20,75,68,22.9,0.913,0.371,0.46,0,0
Box-19,21,30.6,55.7,0.639,C57Bl6n,chow,2017-03-16 03:16:00,42,8,66,62,22.9,0.939,0.331,0.44,0,0
Box-19,21,30.6,55.7,0.639,C57Bl6n,chow,2017-03-16 03:26:00,73,30,73,68,22.9,0.93,0.361,0.45,0,0
Box-19,21,30.6,55.7,0.639,C57Bl6n,chow,2017-03-16 03:36:00,212,73,79,71,22.9,0.905,0.39,0.47,0,0
Box-19,21,30.6,55.7,0.639,C57Bl6n,chow,2017-03-16 03:46:00,15,12,72,67,22.9,0.933,0.359,0.46,0,0
Box-19,21,30.6,55.7,0.639,C57Bl6n,chow,2017-03-16 03:56:00,25,15,80,73,22.9,0.922,0.395,0.43,0,0.01
Box-19,21,30.6,55.7,0.639,C57Bl6n,chow,2017-03-16 04:06:00,342,102,95,89,22.9,0.936,0.473,0.46,0.03,0
Box-19,21,30.6,55.7,0.639,C57Bl6n,chow,2017-03-16 04:16:00,1487,615,87,82,22.9,0.943,0.432,0.44,0,0.12
Box-19,21,30.6,55.7,0.639,C57Bl6n,chow,2017-03-16 04:26:00,1126,698,115,105,22.8,0.919,0.569,0.45,0.05,0
Box-19,21,30.6,55.7,0.639,C57Bl6n,chow,2017-03-16 04:36:00,183,87,103,95,22.9,0.916,0.511,0.44,0,0
Box-19,21,30.6,55.7,0.639,C57Bl6n,chow,2017-03-16 04:46:00,73,73,76,69,22.9,0.905,0.374,0.43,0,0
Box-19,21,30.6,55.7,0.639,C57Bl6n,chow,2017-03-16 04:56:00,89,67,82,74,22.9,0.906,0.404,0.46,0,0.03
Box-19,21,30.6,55.7,0.639,C57Bl6n,chow,2017-03-16 05:06:00,133,111,74,65,22.9,0.875,0.366,0.46,0,0
Box-19,21,30.6,55.7,0.639,C57Bl6n,chow,2017-03-16 05:16:00,264,191,77,68,22.9,0.889,0.378,0.44,0.12,0
Box-19,21,30.6,55.7,0.639,C57Bl6n,chow,2017-03-16 05:26:00,90,80,76,71,22.9,0.925,0.378,0.44,0,0.01
Box-19,21,30.6,55.7,0.639,C57Bl6n,chow,2017-03-16 05:36:00,454,347,88,83,22.9,0.939,0.438,0.44,0.14,0
Box-19,21,30.6,55.7,0.639,C57Bl6n,chow,2017-03-16 05:46:00,1908,1219,97,94,22.9,0.969,0.488,0.43,0.01,0.23
Box-19,21,30.6,55.7,0.639,C57Bl6n,chow,2017-03-16 05:56:00,901,813,127,120,22.8,0.939,0.635,0.45,0.05,0.03
Box-19,21,30.6,55.7,0.639,C57Bl6n,chow,2017-03-16 06:06:00,1864,1100,129,122,22.8,0.944,0.642,0.46,0.04,0.09
Box-19,21,30.6,55.7,0.639,C57Bl6n,chow,2017-03-16 06:16:00,806,439,127,118,22.8,0.926,0.633,0.44,0.15,0.1
Box-19,21,30.6,55.7,0.639,C57Bl6n,chow,2017-03-16 06:26:00,83,48,120,111,22.9,0.93,0.596,0.44,0,0
Box-19,21,30.6,55.7,0.639,C57Bl6n,chow,2017-03-16 06:36:00,1,1,87,81,22.9,0.93,0.431,0.46,0,0
Box-19,21,30.6,55.7,0.639,C57Bl6n,chow,2017-03-16 06:46:00,5,4,72,67,23,0.937,0.358,0.45,0,0
Box-19,21,30.6,55.7,0.639,C57Bl6n,chow,2017-03-16 06:56:00,3,3,69,64,23,0.931,0.342,0.44,0,0
Box-19,21,30.6,55.7,0.639,C57Bl6n,chow,2017-03-16 07:06:00,33,15,67,64,22.9,0.952,0.337,0.44,0.06,0
Box-19,21,30.6,55.7,0.639,C57Bl6n,chow,2017-03-16 07:16:00,355,149,87,81,23,0.938,0.432,0.45,0.07,0.03
Box-19,21,30.6,55.7,0.639,C57Bl6n,chow,2017-03-16 07:26:00,1051,600,99,92,23,0.935,0.491,0.46,0.02,0.14
Box-19,21,30.6,55.7,0.639,C57Bl6n,chow,2017-03-16 07:36:00,10,10,84,79,23,0.935,0.419,0.43,0,0
Box-19,21,30.6,55.7,0.639,C57Bl6n,chow,2017-03-16 07:46:00,0,0,79,75,23,0.948,0.394,0.47,0,0
Box-19,21,30.6,55.7,0.639,C57Bl6n,chow,2017-03-16 07:56:00,0,0,76,72,22.9,0.936,0.381,0.44,0,0
Box-19,21,30.6,55.7,0.639,C57Bl6n,chow,2017-03-16 08:06:00,9,3,80,72,22.9,0.906,0.394,0.47,0,0
Box-19,21,30.6,55.7,0.639,C57Bl6n,chow,2017-03-16 08:16:00,31,24,76,68,22.9,0.892,0.377,0.46,0.11,0
Box-19,21,30.6,55.7,0.639,C57Bl6n,chow,2017-03-16 08:26:00,1446,801,83,77,23,0.93,0.412,0.44,0.01,0.13
Box-19,21,30.6,55.7,0.639,C57Bl6n,chow,2017-03-16 08:36:00,952,603,104,97,23,0.936,0.518,0.47,0.04,0
Box-19,21,30.6,55.7,0.639,C57Bl6n,chow,2017-03-16 08:46:00,93,67,92,85,23,0.924,0.456,0.45,0,0
Box-19,21,30.6,55.7,0.639,C57Bl6n,chow,2017-03-16 08:56:00,6,6,82,75,23,0.918,0.404,0.44,0,0
Box-19,21,30.6,55.7,0.639,C57Bl6n,chow,2017-03-16 09:06:00,17,10,72,65,23,0.905,0.354,0.46,0,0
Box-19,21,30.6,55.7,0.639,C57Bl6n,chow,2017-03-16 09:16:00,9,9,69,61,23,0.883,0.341,0.44,0,0
Box-19,21,30.6,55.7,0.639,C57Bl6n,chow,2017-03-16 09:26:00,9,7,71,62,23,0.87,0.35,0.45,0,0.03
Box-19,21,30.6,55.7,0.639,C57Bl6n,chow,2017-03-16 09:36:00,36,27,65,55,23,0.854,0.316,0.44,0.07,0
Box-19,21,30.6,55.7,0.639,C57Bl6n,chow,2017-03-16 09:46:00,768,447,87,79,23,0.904,0.429,0.44,0.07,0
Box-19,21,30.6,55.7,0.639,C57Bl6n,chow,2017-03-16 09:56:00,139,103,95,87,23.1,0.915,0.469,0.47,0,0
Box-19,21,30.6,55.7,0.639,C57Bl6n,chow,2017-03-16 10:06:00,84,75,78,72,23,0.92,0.387,0.44,0,0
Box-19,21,30.6,55.7,0.639,C57Bl6n,chow,2017-03-16 10:16:00,61,58,73,65,23,0.892,0.358,0.45,0,0
Box-19,21,30.6,55.7,0.639,C57Bl6n,chow,2017-03-16 10:26:00,52,50,69,61,23,0.888,0.34,0.45,0,0
Box-19,21,30.6,55.7,0.639,C57Bl6n,chow,2017-03-16 10:36:00,73,62,73,64,23,0.879,0.357,0.46,0,0
Box-19,21,30.6,55.7,0.639,C57Bl6n,chow,2017-03-16 10:46:00,83,78,66,58,23,0.88,0.325,0.43,0,0
Box-19,21,30.6,55.7,0.639,C57Bl6n,chow,2017-03-16 10:56:00,65,65,73,62,23,0.859,0.356,0.45,0,0
Box-19,21,30.6,55.7,0.639,C57Bl6n,chow,2017-03-16 11:06:00,217,161,75,66,23,0.883,0.37,0.46,0.06,0
Box-19,21,30.6,55.7,0.639,C57Bl6n,chow,2017-03-16 11:16:00,48,48,70,63,23,0.893,0.345,0.46,0,0
Box-19,21,30.6,55.7,0.639,C57Bl6n,chow,2017-03-16 11:26:00,67,61,69,60,23,0.874,0.337,0.45,0,0
Box-19,21,30.6,55.7,0.639,C57Bl6n,chow,2017-03-16 11:36:00,63,63,70,62,23,0.888,0.342,0.45,0,0
Box-19,21,30.6,55.7,0.639,C57Bl6n,chow,2017-03-16 11:46:00,71,71,73,64,23,0.876,0.36,0.45,0,0
Box-19,21,30.6,55.7,0.639,C57Bl6n,chow,2017-03-16 11:56:00,52,52,67,60,23,0.899,0.33,0.43,0,0
Box-19,21,30.6,55.7,0.639,C57Bl6n,chow,2017-03-16 12:06:00,90,69,74,67,23,0.895,0.367,0.44,0.08,0
Box-19,21,30.6,55.7,0.639,C57Bl6n,chow,2017-03-16 12:16:00,1050,631,73,66,23,0.907,0.36,0.45,0,0.04
Box-19,21,30.6,55.7,0.639,C57Bl6n,chow,2017-03-16 12:26:00,43,42,84,75,23,0.897,0.413,0.46,0,0
Box-19,21,30.6,55.7,0.639,C57Bl6n,chow,2017-03-16 12:36:00,60,59,78,68,23,0.868,0.384,0.44,0,0
Box-19,21,30.6,55.7,0.639,C57Bl6n,chow,2017-03-16 12:46:00,53,53,73,63,23,0.863,0.359,0.47,0,0
Box-19,21,30.6,55.7,0.639,C57Bl6n,chow,2017-03-16 12:56:00,54,51,71,61,23,0.861,0.346,0.46,0,0
Box-19,21,30.6,55.7,0.639,C57Bl6n,chow,2017-03-16 13:06:00,155,106,72,63,22.9,0.871,0.352,0.44,0,0
Box-19,21,30.6,55.7,0.639,C57Bl6n,chow,2017-03-16 13:16:00,219,133,75,68,23,0.895,0.372,0.44,0.02,0
Box-19,21,30.6,55.7,0.639,C57Bl6n,chow,2017-03-16 13:26:00,56,56,74,65,23,0.879,0.365,0.45,0,0
Box-19,21,30.6,55.7,0.639,C57Bl6n,chow,2017-03-16 13:36:00,62,62,71,61,23,0.864,0.348,0.43,0,0
Box-19,21,30.6,55.7,0.639,C57Bl6n,chow,2017-03-16 13:46:00,74,72,76,67,23,0.879,0.375,0.46,0,0
Box-19,21,30.6,55.7,0.639,C57Bl6n,chow,2017-03-16 13:56:00,84,72,72,63,23,0.87,0.354,0.45,0.03,0
Box-19,21,30.6,55.7,0.639,C57Bl6n,chow,2017-03-16 14:06:00,54,54,66,58,23,0.879,0.326,0.45,0,0
Box-19,21,30.6,55.7,0.639,C57Bl6n,chow,2017-03-16 14:16:00,60,59,67,58,23,0.871,0.329,0.44,0,0
Box-19,21,30.6,55.7,0.639,C57Bl6n,chow,2017-03-16 14:26:00,181,134,65,59,23,0.906,0.323,0.45,0.01,0
Box-19,21,30.6,55.7,0.639,C57Bl6n,chow,2017-03-16 14:36:00,70,67,82,73,23,0.89,0.403,0.46,0,0
Box-19,21,30.6,55.7,0.639,C57Bl6n,chow,2017-03-16 14:46:00,49,49,68,57,23,0.849,0.33,0.45,0,0
Box-19,21,30.6,55.7,0.639,C57Bl6n,chow,2017-03-16 14:56:00,50,50,69,57,23,0.828,0.334,0.46,0,0
Box-19,21,30.6,55.7,0.639,C57Bl6n,chow,2017-03-16 15:06:00,46,46,69,57,23,0.834,0.333,0.43,0,0
Box-19,21,30.6,55.7,0.639,C57Bl6n,chow,2017-03-16 15:16:00,56,55,73,59,23,0.807,0.354,0.45,0,0.03
Box-19,21,30.6,55.7,0.639,C57Bl6n,chow,2017-03-16 15:26:00,49,48,69,57,23,0.822,0.335,0.45,0,0
Box-19,21,30.6,55.7,0.639,C57Bl6n,chow,2017-03-16 15:36:00,51,51,65,53,23,0.817,0.317,0.45,0,0
Box-19,21,30.6,55.7,0.639,C57Bl6n,chow,2017-03-16 15:46:00,63,63,64,53,23,0.828,0.31,0.45,0,0
Box-19,21,30.6,55.7,0.639,C57Bl6n,chow,2017-03-16 15:56:00,63,60,64,56,23,0.87,0.314,0.45,0.02,0
Box-19,21,30.6,55.7,0.639,C57Bl6n,chow,2017-03-16 16:06:00,737,436,78,70,23,0.902,0.384,0.43,0.18,0.04
Box-19,21,30.6,55.7,0.639,C57Bl6n,chow,2017-03-16 16:16:00,1955,1175,82,75,23,0.921,0.405,0.46,0.03,0.16
Box-19,21,30.6,55.7,0.639,C57Bl6n,chow,2017-03-16 16:26:00,225,179,100,92,23,0.923,0.497,0.45,0,0
Box-19,21,30.6,55.7,0.639,C57Bl6n,chow,2017-03-16 16:36:00,76,68,102,94,23.1,0.921,0.506,0.45,0,0
Box-19,21,30.6,55.7,0.639,C57Bl6n,chow,2017-03-16 16:46:00,61,61,80,73,23.1,0.907,0.397,0.45,0,0.01
Box-19,21,30.6,55.7,0.639,C57Bl6n,chow,2017-03-16 16:56:00,55,55,81,76,23,0.93,0.405,0.44,0,0
Box-19,21,30.6,55.7,0.639,C57Bl6n,chow,2017-03-16 17:06:00,56,56,66,58,23,0.88,0.324,0.44,0.16,0
Box-19,21,30.6,55.7,0.639,C57Bl6n,chow,2017-03-16 17:16:00,63,63,67,62,23,0.921,0.332,0.44,0,0
Box-19,21,30.6,55.7,0.639,C57Bl6n,chow,2017-03-16 17:26:00,63,62,80,79,23,0.98,0.404,0.46,0.04,0
Box-19,21,30.6,55.7,0.639,C57Bl6n,chow,2017-03-16 17:36:00,156,120,75,72,23,0.966,0.375,0.44,0,0.02
Box-19,21,30.6,55.7,0.639,C57Bl6n,chow,2017-03-16 17:46:00,51,48,80,77,23,0.964,0.399,0.46,0,0
Box-19,21,30.6,55.7,0.639,C57Bl6n,chow,2017-03-16 17:56:00,230,152,82,78,23,0.951,0.409,0.45,0.02,0
Box-19,21,30.6,55.7,0.639,C57Bl6n,chow,2017-03-16 18:06:00,375,261,79,77,23,0.967,0.397,0.44,0,0
Box-19,21,30.6,55.7,0.639,C57Bl6n,chow,2017-03-16 18:16:00,2132,1636,93,89,23,0.954,0.464,0.45,0.09,0.13
Box-19,21,30.6,55.7,0.639,C57Bl6n,chow,2017-03-16 18:26:00,1313,958,86,82,22.9,0.955,0.432,0.44,0.05,0.09
Box-19,21,30.6,55.7,0.639,C57Bl6n,chow,2017-03-16 18:36:00,640,409,119,112,22.9,0.94,0.595,0.46,0.1,0.04
Box-19,21,30.6,55.7,0.639,C57Bl6n,chow,2017-03-16 18:46:00,227,65,108,102,23,0.944,0.54,0.46,0,0.02
Box-19,21,30.6,55.7,0.639,C57Bl6n,chow,2017-03-16 18:56:00,4,2,90,85,23,0.939,0.451,0.44,0,0
Box-19,21,30.6,55.7,0.639,C57Bl6n,chow,2017-03-16 19:06:00,174,53,75,70,23,0.934,0.374,0.44,0.05,0
Box-19,21,30.6,55.7,0.639,C57Bl6n,chow,2017-03-16 19:16:00,304,111,89,85,23,0.948,0.446,0.44,0.06,0
Box-19,21,30.6,55.7,0.639,C57Bl6n,chow,2017-03-16 19:26:00,8,6,85,83,23,0.978,0.428,0.45,0,0
Box-19,21,30.6,55.7,0.639,C57Bl6n,chow,2017-03-16 19:36:00,535,249,82,81,23,0.989,0.413,0.45,0.16,0.13
Box-19,21,30.6,55.7,0.639,C57Bl6n,chow,2017-03-16 19:46:00,139,84,103,101,23,0.977,0.518,0.46,0,0
Box-19,21,30.6,55.7,0.639,C57Bl6n,chow,2017-03-16 19:56:00,91,36,87,85,23,0.976,0.437,0.45,0,0
Box-19,21,30.6,55.7,0.639,C57Bl6n,chow,2017-03-16 20:06:00,41,15,74,71,23,0.964,0.371,0.46,0,0
Box-19,21,30.6,55.7,0.639,C57Bl6n,chow,2017-03-16 20:16:00,944,263,85,84,23,0.993,0.426,0.43,0.16,0.14
Box-19,21,30.6,55.7,0.639,C57Bl6n,chow,2017-03-16 20:26:00,991,384,119,120,22.9,1.011,0.601,0.43,0,0
Box-19,21,30.6,55.7,0.639,C57Bl6n,chow,2017-03-16 20:36:00,728,379,88,86,22.7,0.972,0.443,0.46,0.01,0.07
Box-19,21,30.6,55.7,0.639,C57Bl6n,chow,2017-03-16 20:46:00,1222,735,129,127,22.8,0.985,0.649,0.46,0.21,0.03
Box-19,21,30.6,55.7,0.639,C57Bl6n,chow,2017-03-16 20:56:00,1821,959,82,80,22.8,0.982,0.411,0.45,0,0.16
Box-19,21,30.6,55.7,0.639,C57Bl6n,chow,2017-03-16 21:06:00,565,305,112,110,22.7,0.976,0.563,0.45,0.1,0.06
Box-19,21,30.6,55.7,0.639,C57Bl6n,chow,2017-03-16 21:16:00,232,97,122,120,22.9,0.985,0.613,0.45,0.03,0.01
Box-19,21,30.6,55.7,0.639,C57Bl6n,chow,2017-03-16 21:26:00,69,26,99,97,22.9,0.982,0.495,0.46,0.04,0
Box-19,21,30.6,55.7,0.639,C57Bl6n,chow,2017-03-16 21:36:00,97,17,89,87,22.9,0.978,0.448,0.43,0.06,0
Box-19,21,30.6,55.7,0.639,C57Bl6n,chow,2017-03-16 21:46:00,12,9,79,77,22.9,0.984,0.396,0.46,0,0
Box-19,21,30.6,55.7,0.639,C57Bl6n,chow,2017-03-16 21:56:00,1,1,81,78,22.9,0.969,0.405,0.46,0,0
Box-19,21,30.6,55.7,0.639,C57Bl6n,chow,2017-03-16 22:06:00,39,22,83,83,22.9,0.997,0.418,0.45,0.07,0
Box-19,21,30.6,55.7,0.639,C57Bl6n,chow,2017-03-16 22:16:00,985,557,84,82,22.9,0.978,0.421,0.46,0.1,0.09
Box-19,21,30.6,55.7,0.639,C57Bl6n,chow,2017-03-16 22:26:00,47,34,89,89,22.9,0.992,0.45,0.42,0,0
Box-19,21,30.6,55.7,0.639,C57Bl6n,chow,2017-03-16 22:36:00,68,45,82,81,22.9,0.995,0.412,0.47,0,0
Box-19,21,30.6,55.7,0.639,C57Bl6n,chow,2017-03-16 22:46:00,888,619,98,99,22.9,1.007,0.496,0.46,0.18,0.22
Box-19,21,30.6,55.7,0.639,C57Bl6n,chow,2017-03-16 22:56:00,1052,597,91,92,22.9,1.013,0.461,0.46,0,0
Box-19,21,30.6,55.7,0.639,C57Bl6n,chow,2017-03-16 23:06:00,1924,1271,115,115,22.8,0.994,0.582,0.46,0,0.09
Box-19,21,30.6,55.7,0.639,C57Bl6n,chow,2017-03-16 23:16:00,1151,765,103,100,22.7,0.975,0.517,0.46,0,0.03
Box-19,21,30.6,55.7,0.639,C57Bl6n,chow,2017-03-16 23:26:00,508,303,128,124,22.8,0.968,0.639,0.44,0.23,0.06
Box-19,21,30.6,55.7,0.639,C57Bl6n,chow,2017-03-16 23:36:00,56,32,129,126,22.9,0.977,0.648,0.46,0,0
Box-19,21,30.6,55.7,0.639,C57Bl6n,chow,2017-03-16 23:46:00,60,30,82,79,22.9,0.964,0.413,0.43,0,0
Box-19,21,30.6,55.7,0.639,C57Bl6n,chow,2017-03-16 23:56:00,30,18,78,76,22.9,0.986,0.39,0.44,0,0
Box-19,21,30.6,55.7,0.639,C57Bl6n,chow,2017-03-17 00:06:00,34,23,77,76,22.9,0.978,0.388,0.45,0,0
Box-19,21,30.6,55.7,0.639,C57Bl6n,chow,2017-03-17 00:16:00,176,71,86,85,22.9,0.99,0.433,0.45,0.13,0
Box-19,21,30.6,55.7,0.639,C57Bl6n,chow,2017-03-17 00:26:00,2547,1564,94,95,22.9,1.002,0.476,0.46,0.03,0.19
Box-19,21,30.6,55.7,0.639,C57Bl6n,chow,2017-03-17 00:36:00,1582,1190,89,87,22.9,0.976,0.447,0.45,0,0.05
Box-19,21,30.6,55.7,0.639,C57Bl6n,chow,2017-03-17 00:46:00,1681,1081,123,120,22.8,0.974,0.617,0.45,0.01,0.02
Box-19,21,30.6,55.7,0.639,C57Bl6n,chow,2017-03-17 00:56:00,182,101,124,120,22.8,0.967,0.62,0.44,0,0
Box-19,21,30.6,55.7,0.639,C57Bl6n,chow,2017-03-17 01:06:00,37,18,108,104,22.9,0.964,0.54,0.44,0.04,0
Box-19,21,30.6,55.7,0.639,C57Bl6n,chow,2017-03-17 01:16:00,2,1,87,82,22.9,0.95,0.433,0.46,0,0
Box-19,21,30.6,55.7,0.639,C57Bl6n,chow,2017-03-17 01:26:00,23,20,77,74,22.9,0.951,0.387,0.45,0,0
Box-19,21,30.6,55.7,0.639,C57Bl6n,chow,2017-03-17 01:36:00,0,0,75,70,22.9,0.944,0.372,0.45,0,0
Box-19,21,30.6,55.7,0.639,C57Bl6n,chow,2017-03-17 01:46:00,12,8,85,82,22.9,0.965,0.428,0.45,0.03,0
Box-19,21,30.6,55.7,0.639,C57Bl6n,chow,2017-03-17 01:56:00,115,82,85,84,22.9,0.981,0.429,0.46,0,0
Box-19,21,30.6,55.7,0.639,C57Bl6n,chow,2017-03-17 02:06:00,0,0,84,80,22.9,0.958,0.419,0.46,0,0
Box-19,21,30.6,55.7,0.639,C57Bl6n,chow,2017-03-17 02:16:00,32,15,79,75,22.9,0.951,0.394,0.45,0.16,0
Box-19,21,30.6,55.7,0.639,C57Bl6n,chow,2017-03-17 02:26:00,917,576,90,87,22.9,0.962,0.451,0.44,0,0.15
Box-19,21,30.6,55.7,0.639,C57Bl6n,chow,2017-03-17 02:36:00,2199,1414,90,88,22.9,0.977,0.453,0.45,0,0.09
Box-19,21,30.6,55.7,0.639,C57Bl6n,chow,2017-03-17 02:46:00,426,263,99,93,22.9,0.943,0.492,0.44,0,0.04
Box-19,21,30.6,55.7,0.639,C57Bl6n,chow,2017-03-17 02:56:00,0,0,91,86,22.9,0.945,0.455,0.46,0,0
Box-19,21,30.6,55.7,0.639,C57Bl6n,chow,2017-03-17 03:06:00,4,2,79,74,22.9,0.936,0.395,0.46,0,0
Box-19,21,30.6,55.7,0.639,C57Bl6n,chow,2017-03-17 03:16:00,29,19,86,81,22.9,0.938,0.429,0.45,0.11,0
Box-19,21,30.6,55.7,0.639,C57Bl6n,chow,2017-03-17 03:26:00,0,0,83,79,22.9,0.954,0.416,0.45,0,0
Box-19,21,30.6,55.7,0.639,C57Bl6n,chow,2017-03-17 03:36:00,26,10,86,82,22.9,0.961,0.429,0.45,0,0
Box-19,21,30.6,55.7,0.639,C57Bl6n,chow,2017-03-17 03:46:00,199,87,100,97,23,0.975,0.5,0.46,0,0
Box-19,21,30.6,55.7,0.639,C57Bl6n,chow,2017-03-17 03:56:00,32,22,80,76,23,0.953,0.398,0.45,0,0
Box-19,21,30.6,55.7,0.639,C57Bl6n,chow,2017-03-17 04:06:00,103,53,79,76,23,0.964,0.396,0.45,0.15,0
Box-19,21,30.6,55.7,0.639,C57Bl6n,chow,2017-03-17 04:16:00,187,129,85,81,23,0.951,0.425,0.44,0,0
Box-19,21,30.6,55.7,0.639,C57Bl6n,chow,2017-03-17 04:26:00,2,1,76,73,23,0.961,0.382,0.43,0,0
Box-19,21,30.6,55.7,0.639,C57Bl6n,chow,2017-03-17 04:36:00,0,0,85,80,22.9,0.948,0.423,0.45,0,0
Box-19,21,30.6,55.7,0.639,C57Bl6n,chow,2017-03-17 04:46:00,6,6,82,79,23,0.958,0.412,0.45,0.12,0
Box-19,21,30.6,55.7,0.639,C57Bl6n,chow,2017-03-17 04:56:00,21,14,82,79,22.9,0.958,0.412,0.45,0,0
Box-19,21,30.6,55.7,0.639,C57Bl6n,chow,2017-03-17 05:06:00,1103,474,88,86,23,0.98,0.44,0.45,0,0.24
Box-19,21,30.6,55.7,0.639,C57Bl6n,chow,2017-03-17 05:16:00,9,9,97,92,23,0.944,0.486,0.47,0,0
Box-19,21,30.6,55.7,0.639,C57Bl6n,chow,2017-03-17 05:26:00,224,96,86,83,23,0.962,0.432,0.48,0.15,0.06
Box-19,21,30.6,55.7,0.639,C57Bl6n,chow,2017-03-17 05:36:00,2025,875,87,85,23,0.975,0.438,0.46,0.01,0.07
Box-19,21,30.6,55.7,0.639,C57Bl6n,chow,2017-03-17 05:46:00,4047,1597,111,108,22.9,0.969,0.559,0.46,0.06,0.05
Box-19,21,30.6,55.7,0.639,C57Bl6n,chow,2017-03-17 05:56:00,1289,789,113,106,22.8,0.942,0.561,0.44,0,0
Box-19,21,30.6,55.7,0.639,C57Bl6n,chow,2017-03-17 06:06:00,1770,1150,120,115,22.8,0.962,0.601,0.46,0,0.11
Box-19,21,30.6,55.7,0.639,C57Bl6n,chow,2017-03-17 06:16:00,571,360,110,104,22.8,0.948,0.547,0.45,0,0.03
Box-19,21,30.6,55.7,0.639,C57Bl6n,chow,2017-03-17 06:26:00,0,0,102,95,23,0.926,0.508,0.45,0,0
Box-19,21,30.6,55.7,0.639,C57Bl6n,chow,2017-03-17 06:36:00,0,0,78,71,23,0.912,0.387,0.47,0,0
Box-19,21,30.6,55.7,0.639,C57Bl6n,chow,2017-03-17 06:46:00,0,0,78,68,23,0.873,0.384,0.46,0,0
Box-19,21,30.6,55.7,0.639,C57Bl6n,chow,2017-03-17 06:56:00,51,20,78,68,23,0.873,0.383,0.47,0.02,0
Box-19,21,30.6,55.7,0.639,C57Bl6n,chow,2017-03-17 07:06:00,660,329,95,85,23,0.891,0.468,0.47,0.16,0.03
Box-19,21,30.6,55.7,0.639,C57Bl6n,chow,2017-03-17 07:16:00,2052,1150,102,95,23,0.932,0.509,0.46,0,0.14
Box-19,21,30.6,55.7,0.639,C57Bl6n,chow,2017-03-17 07:26:00,54,10,99,92,23.1,0.927,0.492,0.44,0,0
Box-19,21,30.6,55.7,0.639,C57Bl6n,chow,2017-03-17 07:36:00,4,0,94,87,23.1,0.925,0.467,0.46,0,0
Box-19,21,30.6,55.7,0.639,C57Bl6n,chow,2017-03-17 07:46:00,179,118,79,73,23.1,0.923,0.392,0.46,0.16,0
Box-19,21,30.6,55.7,0.639,C57Bl6n,chow,2017-03-17 07:56:00,1192,839,89,85,23.1,0.959,0.444,0.46,0.03,0.09
Box-19,21,30.6,55.7,0.639,C57Bl6n,chow,2017-03-17 08:06:00,36,23,85,80,23.1,0.939,0.423,0.43,0,0
Box-19,21,30.6,55.7,0.639,C57Bl6n,chow,2017-03-17 08:16:00,87,0,80,75,23.1,0.934,0.398,0.45,0,0.03
Box-19,21,30.6,55.7,0.639,C57Bl6n,chow,2017-03-17 08:26:00,15,0,73,68,23.1,0.925,0.365,0.44,0,0
Box-19,21,30.6,55.7,0.639,C57Bl6n,chow,2017-03-17 08:36:00,65,8,72,68,23.1,0.943,0.359,0.46,0,0
Box-19,21,30.6,55.7,0.639,C57Bl6n,chow,2017-03-17 08:46:00,3,0,78,73,23.1,0.94,0.389,0.47,0,0
Box-19,21,30.6,55.7,0.639,C57Bl6n,chow,2017-03-17 08:56:00,46,6,78,72,23.1,0.928,0.387,0.45,0,0
Box-19,21,30.6,55.7,0.639,C57Bl6n,chow,2017-03-17 09:06:00,190,174,75,70,23.1,0.932,0.374,0.42,0,0
Box-19,21,30.6,55.7,0.639,C57Bl6n,chow,2017-03-17 09:16:00,0,0,71,64,23.1,0.906,0.351,0.44,0,0
Box-19,21,30.6,55.7,0.639,C57Bl6n,chow,2017-03-17 09:26:00,411,306,76,69,23.1,0.916,0.374,0.45,0.18,0
Box-19,21,30.6,55.7,0.639,C57Bl6n,chow,2017-03-17 09:36:00,59,0,96,89,23.1,0.931,0.476,0.46,0,0
Box-19,21,30.6,55.7,0.639,C57Bl6n,chow,2017-03-17 09:46:00,14,0,74,70,23.1,0.944,0.369,0.46,0,0
Box-19,21,30.6,55.7,0.639,C57Bl6n,chow,2017-03-17 09:56:00,160,156,73,70,23.1,0.96,0.365,0.45,0,0
Box-19,21,30.6,55.7,0.639,C57Bl6n,chow,2017-03-17 10:06:00,108,67,75,73,23.1,0.964,0.377,0.46,0,0.03
Box-19,21,30.6,55.7,0.639,C57Bl6n,chow,2017-03-17 10:16:00,0,0,70,68,23.1,0.966,0.353,0.45,0,0.02
Box-19,21,30.6,55.7,0.639,C57Bl6n,chow,2017-03-17 10:26:00,69,7,84,79,23.1,0.937,0.42,0.45,0,0
Box-19,21,30.6,55.7,0.639,C57Bl6n,chow,2017-03-17 10:36:00,148,92,75,69,23.1,0.921,0.372,0.46,0.01,0
Box-19,21,30.6,55.7,0.639,C57Bl6n,chow,2017-03-17 10:46:00,119,91,77,72,23.1,0.936,0.385,0.47,0.09,0
Box-19,21,30.6,55.7,0.639,C57Bl6n,chow,2017-03-17 10:56:00,1,1,70,65,23.1,0.927,0.349,0.46,0,0
Box-19,21,30.6,55.7,0.639,C57Bl6n,chow,2017-03-17 11:06:00,1,0,67,64,23,0.949,0.334,0.44,0,0
Box-19,21,30.6,55.7,0.639,C57Bl6n,chow,2017-03-17 11:16:00,120,70,73,71,23,0.974,0.368,0.44,0,0
Box-19,21,30.6,55.7,0.639,C57Bl6n,chow,2017-03-17 11:26:00,50,21,71,67,23.1,0.946,0.352,0.46,0,0
Box-19,21,30.6,55.7,0.639,C57Bl6n,chow,2017-03-17 11:36:00,9,1,69,64,23,0.924,0.344,0.46,0,0
Box-19,21,30.6,55.7,0.639,C57Bl6n,chow,2017-03-17 11:46:00,4,0,72,66,23.1,0.921,0.357,0.46,0,0
Box-19,21,30.6,55.7,0.639,C57Bl6n,chow,2017-03-17 11:56:00,338,316,67,62,23.1,0.92,0.332,0.43,0.14,0
Box-19,21,30.6,55.7,0.639,C57Bl6n,chow,2017-03-17 12:06:00,12,2,82,78,23.1,0.959,0.409,0.45,0,0
Box-19,21,30.6,55.7,0.639,C57Bl6n,chow,2017-03-17 12:16:00,56,15,79,75,23.1,0.944,0.395,0.46,0,0
Box-19,21,30.6,55.7,0.639,C57Bl6n,chow,2017-03-17 12:26:00,616,393,89,86,23.1,0.968,0.448,0.46,0,0.05
Box-19,21,30.6,55.7,0.639,C57Bl6n,chow,2017-03-17 12:36:00,2118,1421,86,83,23.1,0.968,0.43,0.47,0.06,0.17
Box-19,21,30.6,55.7,0.639,C57Bl6n,chow,2017-03-17 12:46:00,2275,1691,88,84,23,0.956,0.438,0.44,0,0.01
Box-19,21,30.6,55.7,0.639,C57Bl6n,chow,2017-03-17 12:56:00,447,364,112,105,23,0.932,0.558,0.45,0,0
Box-19,21,30.6,55.7,0.639,C57Bl6n,chow,2017-03-17 13:06:00,2,2,89,81,23,0.913,0.441,0.46,0,0
Box-19,21,30.6,55.7,0.639,C57Bl6n,chow,2017-03-17 13:16:00,1,1,79,68,23.1,0.853,0.387,0.46,0,0
Box-19,21,30.6,55.7,0.639,C57Bl6n,chow,2017-03-17 13:26:00,5,4,68,57,23.1,0.845,0.329,0.42,0,0
Box-19,21,30.6,55.7,0.639,C57Bl6n,chow,2017-03-17 13:36:00,0,0,73,62,23.1,0.847,0.357,0.46,0,0
Box-19,21,30.6,55.7,0.639,C57Bl6n,chow,2017-03-17 13:46:00,37,26,70,58,23.1,0.833,0.339,0.45,0.05,0
Box-19,21,30.6,55.7,0.639,C57Bl6n,chow,2017-03-17 13:56:00,1,1,77,69,23.2,0.892,0.381,0.46,0,0.01
Box-19,21,30.6,55.7,0.639,C57Bl6n,chow,2017-03-17 14:06:00,0,0,78,71,23.1,0.914,0.384,0.45,0,0
Box-19,21,30.6,55.7,0.639,C57Bl6n,chow,2017-03-17 14:16:00,24,16,77,69,23,0.903,0.379,0.47,0.08,0.02
Box-19,21,30.6,55.7,0.639,C57Bl6n,chow,2017-03-17 14:26:00,31,20,77,72,23.1,0.937,0.383,0.45,0,0
Box-19,21,30.6,55.7,0.639,C57Bl6n,chow,2017-03-17 14:36:00,0,0,66,61,23.1,0.922,0.329,0.44,0,0
Box-19,21,30.6,55.7,0.639,C57Bl6n,chow,2017-03-17 14:46:00,1,1,66,62,23.1,0.938,0.329,0.45,0,0
Box-19,21,30.6,55.7,0.639,C57Bl6n,chow,2017-03-17 14:56:00,44,22,72,69,23.1,0.962,0.359,0.47,0,0
Box-19,21,30.6,55.7,0.639,C57Bl6n,chow,2017-03-17 15:06:00,0,0,69,63,23.1,0.916,0.341,0.46,0,0
Box-19,21,30.6,55.7,0.639,C57Bl6n,chow,2017-03-17 15:16:00,0,0,70,64,23.1,0.917,0.345,0.44,0,0
Box-19,21,30.6,55.7,0.639,C57Bl6n,chow,2017-03-17 15:26:00,11,11,71,66,23.1,0.92,0.354,0.46,0,0
Box-21,6,30,55,0.632,C57Bl6j,chow,2017-03-14 14:36:00,58,22,67,60,23.4,0.896,0.329,0.45,0,0
Box-21,6,30,55,0.632,C57Bl6j,chow,2017-03-14 14:46:00,59,57,59,51,23.4,0.877,0.288,0.45,0,0
Box-21,6,30,55,0.632,C57Bl6j,chow,2017-03-14 14:56:00,145,114,60,52,23.4,0.866,0.294,0.46,0,0
Box-21,6,30,55,0.632,C57Bl6j,chow,2017-03-14 15:06:00,566,330,81,74,23.4,0.914,0.399,0.45,0.04,0.1
Box-21,6,30,55,0.632,C57Bl6j,chow,2017-03-14 15:16:00,594,431,94,86,23.5,0.918,0.466,0.44,0.09,0
Box-21,6,30,55,0.632,C57Bl6j,chow,2017-03-14 15:26:00,245,173,93,84,23.5,0.897,0.46,0.46,0,0
Box-21,6,30,55,0.632,C57Bl6j,chow,2017-03-14 15:36:00,92,64,70,62,23.5,0.892,0.345,0.45,0,0
Box-21,6,30,55,0.632,C57Bl6j,chow,2017-03-14 15:46:00,74,54,65,58,23.4,0.901,0.319,0.46,0,0.08
Box-21,6,30,55,0.632,C57Bl6j,chow,2017-03-14 15:56:00,91,60,64,58,23.4,0.906,0.316,0.46,0,0
Box-21,6,30,55,0.632,C57Bl6j,chow,2017-03-14 16:06:00,82,56,60,54,23.4,0.91,0.296,0.45,0,0
Box-21,6,30,55,0.632,C57Bl6j,chow,2017-03-14 16:16:00,853,846,66,58,23.4,0.869,0.325,0.46,0,0.07
Box-21,6,30,55,0.632,C57Bl6j,chow,2017-03-14 16:26:00,94,68,68,57,23.4,0.835,0.332,0.46,0,0
Box-21,6,30,55,0.632,C57Bl6j,chow,2017-03-14 16:36:00,83,58,68,57,23.4,0.84,0.329,0.46,0,0.03
Box-21,6,30,55,0.632,C57Bl6j,chow,2017-03-14 16:46:00,519,321,106,94,24,0.894,0.52,0.46,0.07,0.04
Box-21,6,30,55,0.632,C57Bl6j,chow,2017-03-14 16:56:00,811,494,108,96,24.8,0.891,0.53,0.45,0.08,0.1
Box-21,6,30,55,0.632,C57Bl6j,chow,2017-03-14 17:06:00,547,255,94,87,24.8,0.925,0.468,0.46,0,0.03
Box-21,6,30,55,0.632,C57Bl6j,chow,2017-03-14 17:16:00,389,235,88,82,24.8,0.926,0.437,0.45,0,0
Box-21,6,30,55,0.632,C57Bl6j,chow,2017-03-14 17:26:00,80,37,76,71,24.5,0.936,0.378,0.45,0,0
Box-21,6,30,55,0.632,C57Bl6j,chow,2017-03-14 17:36:00,129,125,61,59,24.3,0.952,0.307,0.44,0,0
Box-21,6,30,55,0.632,C57Bl6j,chow,2017-03-14 17:46:00,114,93,66,62,24.1,0.943,0.328,0.47,0,0
Box-21,6,30,55,0.632,C57Bl6j,chow,2017-03-14 17:56:00,341,180,60,56,24.1,0.943,0.298,0.43,0,0.03
Box-21,6,30,55,0.632,C57Bl6j,chow,2017-03-14 18:06:00,598,403,77,75,24,0.965,0.387,0.45,0.07,0
Box-21,6,30,55,0.632,C57Bl6j,chow,2017-03-14 18:16:00,1644,1149,101,98,24,0.973,0.507,0.44,0.06,0.03
Box-21,6,30,55,0.632,C57Bl6j,chow,2017-03-14 18:26:00,1196,786,105,103,24,0.972,0.529,0.46,0.12,0
Box-21,6,30,55,0.632,C57Bl6j,chow,2017-03-14 18:36:00,275,194,98,95,23.9,0.965,0.491,0.46,0,0.03
Box-21,6,30,55,0.632,C57Bl6j,chow,2017-03-14 18:46:00,73,57,76,71,23.7,0.936,0.377,0.45,0,0
Box-21,6,30,55,0.632,C57Bl6j,chow,2017-03-14 18:56:00,382,271,73,69,23.7,0.942,0.366,0.46,0,0
Box-21,6,30,55,0.632,C57Bl6j,chow,2017-03-14 19:06:00,842,532,103,99,23.8,0.964,0.516,0.43,0.13,0.07
Box-21,6,30,55,0.632,C57Bl6j,chow,2017-03-14 19:16:00,2201,1445,113,109,23.8,0.967,0.564,0.47,0,0
Box-21,6,30,55,0.632,C57Bl6j,chow,2017-03-14 19:26:00,1175,791,127,122,23.8,0.963,0.636,0.46,0.14,0.07
Box-21,6,30,55,0.632,C57Bl6j,chow,2017-03-14 19:36:00,1402,882,133,128,23.9,0.963,0.666,0.44,0.06,0.11
Box-21,6,30,55,0.632,C57Bl6j,chow,2017-03-14 19:46:00,2122,1533,124,120,23.7,0.97,0.62,0.44,0,0.03
Box-21,6,30,55,0.632,C57Bl6j,chow,2017-03-14 19:56:00,1289,849,133,128,23.7,0.967,0.665,0.45,0,0.02
Box-21,6,30,55,0.632,C57Bl6j,chow,2017-03-14 20:06:00,375,249,128,123,23.7,0.958,0.641,0.45,0.2,0.05
Box-21,6,30,55,0.632,C57Bl6j,chow,2017-03-14 20:16:00,1804,1276,110,107,23.7,0.973,0.552,0.46,0.02,0.04
Box-21,6,30,55,0.632,C57Bl6j,chow,2017-03-14 20:26:00,2104,1505,123,120,23.6,0.977,0.617,0.46,0,0.12
Box-21,6,30,55,0.632,C57Bl6j,chow,2017-03-14 20:36:00,1242,886,124,122,23.6,0.979,0.624,0.45,0,0
Box-21,6,30,55,0.632,C57Bl6j,chow,2017-03-14 20:46:00,1620,1057,127,123,23.6,0.967,0.636,0.45,0.01,0.02
Box-21,6,30,55,0.632,C57Bl6j,chow,2017-03-14 20:56:00,277,167,97,93,23.5,0.955,0.486,0.44,0,0
Box-21,6,30,55,0.632,C57Bl6j,chow,2017-03-14 21:06:00,224,192,82,80,23.4,0.971,0.413,0.44,0,0.03
Box-21,6,30,55,0.632,C57Bl6j,chow,2017-03-14 21:16:00,160,92,83,81,23.4,0.968,0.417,0.46,0.04,0
Box-21,6,30,55,0.632,C57Bl6j,chow,2017-03-14 21:26:00,676,405,101,100,23.5,0.988,0.508,0.45,0.16,0.07
Box-21,6,30,55,0.632,C57Bl6j,chow,2017-03-14 21:36:00,689,412,88,87,23.6,0.984,0.445,0.45,0.06,0.03
Box-21,6,30,55,0.632,C57Bl6j,chow,2017-03-14 21:46:00,47,21,85,82,23.4,0.965,0.423,0.45,0,0
Box-21,6,30,55,0.632,C57Bl6j,chow,2017-03-14 21:56:00,79,19,81,78,23.4,0.962,0.406,0.45,0,0.03
Box-21,6,30,55,0.632,C57Bl6j,chow,2017-03-14 22:06:00,59,32,67,65,23.4,0.974,0.336,0.43,0,0
Box-21,6,30,55,0.632,C57Bl6j,chow,2017-03-14 22:16:00,785,474,91,90,23.4,0.989,0.456,0.45,0.02,0
Box-21,6,30,55,0.632,C57Bl6j,chow,2017-03-14 22:26:00,908,619,84,82,23.5,0.975,0.423,0.44,0.08,0.12
Box-21,6,30,55,0.632,C57Bl6j,chow,2017-03-14 22:36:00,1279,891,100,100,23.5,0.991,0.506,0.45,0.06,0
Box-21,6,30,55,0.632,C57Bl6j,chow,2017-03-14 22:46:00,2039,1291,106,104,23.5,0.983,0.531,0.44,0,0.11
Box-21,6,30,55,0.632,C57Bl6j,chow,2017-03-14 22:56:00,1441,901,110,108,23.6,0.98,0.555,0.44,0,0
Box-21,6,30,55,0.632,C57Bl6j,chow,2017-03-14 23:06:00,1702,1137,117,115,23.5,0.984,0.59,0.46,0,0
Box-21,6,30,55,0.632,C57Bl6j,chow,2017-03-14 23:16:00,1084,686,118,115,23.5,0.975,0.594,0.46,0,0.04
Box-21,6,30,55,0.632,C57Bl6j,chow,2017-03-14 23:26:00,444,317,95,89,23.5,0.933,0.473,0.44,0,0.03
Box-21,6,30,55,0.632,C57Bl6j,chow,2017-03-14 23:36:00,85,32,77,73,23.4,0.95,0.384,0.45,0,0
Box-21,6,30,55,0.632,C57Bl6j,chow,2017-03-14 23:46:00,103,66,66,63,23.4,0.954,0.328,0.45,0,0
Box-21,6,30,55,0.632,C57Bl6j,chow,2017-03-14 23:56:00,75,33,63,60,23.4,0.952,0.315,0.44,0,0
Box-21,6,30,55,0.632,C57Bl6j,chow,2017-03-15 00:06:00,42,25,66,60,23.4,0.918,0.326,0.47,0,0
Box-21,6,30,55,0.632,C57Bl6j,chow,2017-03-15 00:16:00,83,41,66,59,23.4,0.889,0.324,0.45,0,0
Box-21,6,30,55,0.632,C57Bl6j,chow,2017-03-15 00:26:00,268,192,71,63,23.4,0.89,0.351,0.46,0,0
Box-21,6,30,55,0.632,C57Bl6j,chow,2017-03-15 00:36:00,238,161,102,92,23.4,0.903,0.502,0.45,0.17,0
Box-21,6,30,55,0.632,C57Bl6j,chow,2017-03-15 00:46:00,1147,771,89,80,23.5,0.903,0.44,0.45,0.1,0.22
Box-21,6,30,55,0.632,C57Bl6j,chow,2017-03-15 00:56:00,1777,1120,98,91,23.5,0.925,0.488,0.46,0,0.09
Box-21,6,30,55,0.632,C57Bl6j,chow,2017-03-15 01:06:00,296,161,94,87,23.5,0.92,0.467,0.46,0,0
Box-21,6,30,55,0.632,C57Bl6j,chow,2017-03-15 01:16:00,64,59,91,84,23.4,0.922,0.45,0.45,0,0
Box-21,6,30,55,0.632,C57Bl6j,chow,2017-03-15 01:26:00,88,76,77,72,23.4,0.937,0.381,0.46,0,0
Box-21,6,30,55,0.632,C57Bl6j,chow,2017-03-15 01:36:00,151,93,68,63,23.4,0.937,0.336,0.45,0,0
Box-21,6,30,55,0.632,C57Bl6j,chow,2017-03-15 01:46:00,134,99,66,62,23.4,0.938,0.327,0.46,0,0
Box-21,6,30,55,0.632,C57Bl6j,chow,2017-03-15 01:56:00,82,60,65,61,23.3,0.934,0.324,0.45,0,0
Box-21,6,30,55,0.632,C57Bl6j,chow,2017-03-15 02:06:00,253,148,66,62,23.3,0.938,0.329,0.45,0,0
Box-21,6,30,55,0.632,C57Bl6j,chow,2017-03-15 02:16:00,301,181,103,97,23.4,0.949,0.512,0.45,0.26,0.03
Box-21,6,30,55,0.632,C57Bl6j,chow,2017-03-15 02:26:00,1723,1158,122,117,23.5,0.954,0.612,0.46,0,0.24
Box-21,6,30,55,0.632,C57Bl6j,chow,2017-03-15 02:36:00,487,295,104,101,23.5,0.965,0.523,0.46,0.37,0.07
Box-21,6,30,55,0.632,C57Bl6j,chow,2017-03-15 02:46:00,223,130,93,89,23.5,0.958,0.464,0.46,0,0
Box-21,6,30,55,0.632,C57Bl6j,chow,2017-03-15 02:56:00,138,128,80,77,23.4,0.956,0.401,0.44,0,0
Box-21,6,30,55,0.632,C57Bl6j,chow,2017-03-15 03:06:00,202,170,77,75,23.4,0.977,0.385,0.44,0,0
Box-21,6,30,55,0.632,C57Bl6j,chow,2017-03-15 03:16:00,109,71,75,73,23.4,0.974,0.377,0.43,0,0
Box-21,6,30,55,0.632,C57Bl6j,chow,2017-03-15 03:26:00,211,149,74,73,23.4,0.979,0.374,0.46,0,0
Box-21,6,30,55,0.632,C57Bl6j,chow,2017-03-15 03:36:00,572,316,87,87,23.4,0.999,0.44,0.46,0,0.03
Box-21,6,30,55,0.632,C57Bl6j,chow,2017-03-15 03:46:00,200,132,91,90,23.4,0.982,0.459,0.45,0,0
Box-21,6,30,55,0.632,C57Bl6j,chow,2017-03-15 03:56:00,710,442,99,98,23.5,0.984,0.5,0.45,0.02,0.25
Box-21,6,30,55,0.632,C57Bl6j,chow,2017-03-15 04:06:00,1345,860,114,112,23.6,0.983,0.574,0.45,0,0.08
Box-21,6,30,55,0.632,C57Bl6j,chow,2017-03-15 04:16:00,1236,820,106,104,23.5,0.978,0.534,0.46,0.11,0.06
Box-21,6,30,55,0.632,C57Bl6j,chow,2017-03-15 04:26:00,727,476,97,95,23.5,0.978,0.487,0.45,0.05,0.04
Box-21,6,30,55,0.632,C57Bl6j,chow,2017-03-15 04:36:00,1322,956,112,109,23.5,0.98,0.561,0.46,0,0.03
Box-21,6,30,55,0.632,C57Bl6j,chow,2017-03-15 04:46:00,360,205,96,93,23.5,0.969,0.479,0.44,0,0
Box-21,6,30,55,0.632,C57Bl6j,chow,2017-03-15 04:56:00,91,75,92,89,23.4,0.968,0.459,0.45,0,0
Box-21,6,30,55,0.632,C57Bl6j,chow,2017-03-15 05:06:00,225,205,73,71,23.4,0.971,0.365,0.44,0,0
Box-21,6,30,55,0.632,C57Bl6j,chow,2017-03-15 05:16:00,314,207,72,69,23.4,0.968,0.359,0.45,0,0
Box-21,6,30,55,0.632,C57Bl6j,chow,2017-03-15 05:26:00,395,248,74,73,23.4,0.984,0.371,0.44,0,0
Box-21,6,30,55,0.632,C57Bl6j,chow,2017-03-15 05:36:00,474,279,104,101,23.5,0.965,0.522,0.44,0.03,0
Box-21,6,30,55,0.632,C57Bl6j,chow,2017-03-15 05:46:00,223,101,74,70,23.4,0.945,0.368,0.45,0,0
Box-21,6,30,55,0.632,C57Bl6j,chow,2017-03-15 05:56:00,117,69,74,70,23.4,0.944,0.37,0.45,0,0
Box-21,6,30,55,0.632,C57Bl6j,chow,2017-03-15 06:06:00,380,254,74,73,23.4,0.986,0.375,0.46,0,0
Box-21,6,30,55,0.632,C57Bl6j,chow,2017-03-15 06:16:00,262,165,74,74,23.4,0.991,0.375,0.44,0,0
Box-21,6,30,55,0.632,C57Bl6j,chow,2017-03-15 06:26:00,39,17,67,64,23.4,0.96,0.333,0.45,0,0
Box-21,6,30,55,0.632,C57Bl6j,chow,2017-03-15 06:36:00,32,17,67,64,23.4,0.956,0.333,0.46,0,0
Box-21,6,30,55,0.632,C57Bl6j,chow,2017-03-15 06:46:00,34,26,59,55,23.4,0.939,0.293,0.44,0,0
Box-21,6,30,55,0.632,C57Bl6j,chow,2017-03-15 06:56:00,425,241,70,66,23.4,0.948,0.349,0.46,0.02,0
Box-21,6,30,55,0.632,C57Bl6j,chow,2017-03-15 07:06:00,461,297,93,90,23.5,0.962,0.468,0.46,0.18,0.03
Box-21,6,30,55,0.632,C57Bl6j,chow,2017-03-15 07:16:00,56,36,80,77,23.5,0.954,0.401,0.46,0,0
Box-21,6,30,55,0.632,C57Bl6j,chow,2017-03-15 07:26:00,90,42,73,69,23.4,0.949,0.365,0.46,0,0
Box-21,6,30,55,0.632,C57Bl6j,chow,2017-03-15 07:36:00,52,41,65,63,23.4,0.956,0.327,0.45,0,0
Box-21,6,30,55,0.632,C57Bl6j,chow,2017-03-15 07:46:00,115,78,66,62,23.4,0.938,0.33,0.44,0,0
Box-21,6,30,55,0.632,C57Bl6j,chow,2017-03-15 07:56:00,100,81,69,65,23.4,0.94,0.342,0.46,0,0.03
Box-21,6,30,55,0.632,C57Bl6j,chow,2017-03-15 08:06:00,119,62,77,72,23.4,0.935,0.381,0.47,0,0
Box-21,6,30,55,0.632,C57Bl6j,chow,2017-03-15 08:16:00,62,43,67,62,23.4,0.92,0.333,0.45,0,0
Box-21,6,30,55,0.632,C57Bl6j,chow,2017-03-15 08:26:00,44,23,64,57,23.4,0.904,0.314,0.45,0,0
Box-21,6,30,55,0.632,C57Bl6j,chow,2017-03-15 08:36:00,40,16,62,56,23.4,0.9,0.306,0.44,0,0
Box-21,6,30,55,0.632,C57Bl6j,chow,2017-03-15 08:46:00,136,89,65,58,23.4,0.886,0.32,0.46,0,0.03
Box-21,6,30,55,0.632,C57Bl6j,chow,2017-03-15 08:56:00,291,199,96,89,23.6,0.931,0.476,0.45,0.05,0
Box-21,6,30,55,0.632,C57Bl6j,chow,2017-03-15 09:06:00,1283,761,84,80,23.7,0.963,0.418,0.45,0,0.19
Box-21,6,30,55,0.632,C57Bl6j,chow,2017-03-15 09:16:00,780,479,98,93,23.6,0.943,0.491,0.47,0,0.08
Box-21,6,30,55,0.632,C57Bl6j,chow,2017-03-15 09:26:00,953,557,101,96,23.6,0.953,0.504,0.47,0,0.03
Box-21,6,30,55,0.632,C57Bl6j,chow,2017-03-15 09:36:00,712,445,83,80,23.6,0.952,0.417,0.44,0,0
Box-21,6,30,55,0.632,C57Bl6j,chow,2017-03-15 09:46:00,197,116,84,79,23.5,0.946,0.418,0.43,0,0
Box-21,6,30,55,0.632,C57Bl6j,chow,2017-03-15 09:56:00,32,29,82,78,23.5,0.944,0.411,0.44,0,0
Box-21,6,30,55,0.632,C57Bl6j,chow,2017-03-15 10:06:00,127,66,66,62,23.4,0.933,0.328,0.46,0,0
Box-21,6,30,55,0.632,C57Bl6j,chow,2017-03-15 10:16:00,2,1,63,58,23.4,0.921,0.314,0.46,0,0
Box-21,6,30,55,0.632,C57Bl6j,chow,2017-03-15 10:26:00,113,105,63,57,23.4,0.896,0.311,0.44,0,0
Box-21,6,30,55,0.632,C57Bl6j,chow,2017-03-15 10:36:00,47,44,62,55,23.4,0.896,0.304,0.43,0,0
Box-21,6,30,55,0.632,C57Bl6j,chow,2017-03-15 10:46:00,54,45,64,57,23.4,0.884,0.315,0.46,0,0.02
Box-21,6,30,55,0.632,C57Bl6j,chow,2017-03-15 10:56:00,149,128,66,58,23.4,0.888,0.323,0.45,0,0
Box-21,6,30,55,0.632,C57Bl6j,chow,2017-03-15 11:06:00,224,209,66,57,23.4,0.866,0.322,0.45,0,0
Box-21,6,30,55,0.632,C57Bl6j,chow,2017-03-15 11:16:00,182,70,64,55,23.4,0.862,0.314,0.44,0,0
Box-21,6,30,55,0.632,C57Bl6j,chow,2017-03-15 11:26:00,214,110,69,62,23.4,0.897,0.342,0.44,0,0
Box-21,6,30,55,0.632,C57Bl6j,chow,2017-03-15 11:36:00,39,28,64,56,23.4,0.886,0.313,0.45,0,0
Box-21,6,30,55,0.632,C57Bl6j,chow,2017-03-15 11:46:00,36,19,59,52,23.4,0.871,0.292,0.44,0,0
Box-21,6,30,55,0.632,C57Bl6j,chow,2017-03-15 11:56:00,278,165,60,52,23.4,0.86,0.296,0.45,0.04,0
Box-21,6,30,55,0.632,C57Bl6j,chow,2017-03-15 12:06:00,524,244,109,97,23.5,0.887,0.537,0.44,0.16,0
Box-21,6,30,55,0.632,C57Bl6j,chow,2017-03-15 12:16:00,98,65,73,63,23.5,0.866,0.358,0.44,0,0
Box-21,6,30,55,0.632,C57Bl6j,chow,2017-03-15 12:26:00,16,7,62,56,23.4,0.904,0.305,0.43,0,0
Box-21,6,30,55,0.632,C57Bl6j,chow,2017-03-15 12:36:00,26,13,62,56,23.4,0.903,0.307,0.45,0,0
Box-21,6,30,55,0.632,C57Bl6j,chow,2017-03-15 12:46:00,45,35,56,52,23.4,0.925,0.279,0.45,0,0
Box-21,6,30,55,0.632,C57Bl6j,chow,2017-03-15 12:56:00,61,44,60,56,23.4,0.945,0.297,0.46,0,0
Box-21,6,30,55,0.632,C57Bl6j,chow,2017-03-15 13:06:00,38,27,59,55,23.4,0.933,0.291,0.46,0,0
Box-21,6,30,55,0.632,C57Bl6j,chow,2017-03-15 13:16:00,79,65,60,55,23.4,0.924,0.296,0.46,0,0
Box-21,6,30,55,0.632,C57Bl6j,chow,2017-03-15 13:26:00,71,53,64,58,23.4,0.906,0.315,0.46,0,0
Box-21,6,30,55,0.632,C57Bl6j,chow,2017-03-15 13:36:00,168,87,61,55,23.4,0.907,0.3,0.46,0,0
Box-21,6,30,55,0.632,C57Bl6j,chow,2017-03-15 13:46:00,477,288,99,93,23.6,0.935,0.493,0.45,0.14,0
Box-21,6,30,55,0.632,C57Bl6j,chow,2017-03-15 13:56:00,1237,796,92,86,23.6,0.941,0.456,0.45,0,0.12
Box-21,6,30,55,0.632,C57Bl6j,chow,2017-03-15 14:06:00,479,228,81,76,23.5,0.933,0.405,0.45,0,0
Box-21,6,30,55,0.632,C57Bl6j,chow,2017-03-15 14:16:00,313,192,88,83,23.5,0.948,0.439,0.46,0,0
Box-21,6,30,55,0.632,C57Bl6j,chow,2017-03-15 14:26:00,48,29,68,64,23.4,0.943,0.34,0.45,0,0
Box-21,6,30,55,0.632,C57Bl6j,chow,2017-03-15 14:36:00,32,20,67,63,23.4,0.946,0.334,0.46,0,0
Box-21,6,30,55,0.632,C57Bl6j,chow,2017-03-15 14:46:00,292,241,64,59,23.4,0.927,0.317,0.46,0,0
Box-21,6,30,55,0.632,C57Bl6j,chow,2017-03-15 14:56:00,24,16,60,55,23.4,0.914,0.298,0.46,0,0.03
Box-21,6,30,55,0.632,C57Bl6j,chow,2017-03-15 15:06:00,27,22,58,53,23.4,0.901,0.288,0.45,0,0
Box-21,6,30,55,0.632,C57Bl6j,chow,2017-03-15 15:16:00,103,73,58,52,23.4,0.899,0.287,0.44,0,0
Box-21,6,30,55,0.632,C57Bl6j,chow,2017-03-15 15:26:00,28,21,61,54,23.4,0.887,0.3,0.46,0,0
Box-21,6,30,55,0.632,C57Bl6j,chow,2017-03-15 15:36:00,30,22,57,51,23.4,0.893,0.282,0.46,0,0
Box-21,6,30,55,0.632,C57Bl6j,chow,2017-03-15 15:46:00,9,8,54,49,23.4,0.903,0.268,0.46,0,0
Box-21,6,30,55,0.632,C57Bl6j,chow,2017-03-15 15:56:00,302,151,54,49,23.4,0.905,0.269,0.46,0,0
Box-21,6,30,55,0.632,C57Bl6j,chow,2017-03-15 16:06:00,518,329,106,99,23.5,0.932,0.526,0.47,0.2,0.04
Box-21,6,30,55,0.632,C57Bl6j,chow,2017-03-15 16:16:00,183,122,73,66,23.5,0.909,0.359,0.43,0,0.03
Box-21,6,30,55,0.632,C57Bl6j,chow,2017-03-15 16:26:00,363,141,84,79,23.5,0.949,0.418,0.45,0,0
Box-21,6,30,55,0.632,C57Bl6j,chow,2017-03-15 16:36:00,14,8,79,75,23.5,0.952,0.394,0.44,0,0
Box-21,6,30,55,0.632,C57Bl6j,chow,2017-03-15 16:46:00,170,82,65,64,23.5,0.98,0.326,0.45,0,0
Box-21,6,30,55,0.632,C57Bl6j,chow,2017-03-15 16:56:00,23,9,60,56,23.4,0.931,0.297,0.45,0,0
Box-21,6,30,55,0.632,C57Bl6j,chow,2017-03-15 17:06:00,123,62,63,57,23.4,0.895,0.312,0.46,0,0
Box-21,6,30,55,0.632,C57Bl6j,chow,2017-03-15 17:16:00,586,325,65,59,23.4,0.907,0.32,0.45,0.08,0
Box-21,6,30,55,0.632,C57Bl6j,chow,2017-03-15 17:26:00,45,21,74,69,23.5,0.933,0.369,0.45,0,0
Box-21,6,30,55,0.632,C57Bl6j,chow,2017-03-15 17:36:00,62,49,71,67,23.5,0.944,0.354,0.47,0,0
Box-21,6,30,55,0.632,C57Bl6j,chow,2017-03-15 17:46:00,72,45,69,68,23.4,0.979,0.348,0.46,0,0
Box-21,6,30,55,0.632,C57Bl6j,chow,2017-03-15 17:56:00,82,56,67,65,23.4,0.979,0.334,0.44,0,0
Box-21,6,30,55,0.632,C57Bl6j,chow,2017-03-15 18:06:00,468,293,75,74,23.4,0.993,0.376,0.45,0,0.03
Box-21,6,30,55,0.632,C57Bl6j,chow,2017-03-15 18:16:00,819,520,118,115,23.6,0.973,0.591,0.46,0.19,0.1
Box-21,6,30,55,0.632,C57Bl6j,chow,2017-03-15 18:26:00,1185,721,87,83,23.6,0.958,0.434,0.45,0,0.08
Box-21,6,30,55,0.632,C57Bl6j,chow,2017-03-15 18:36:00,1003,646,103,101,23.6,0.975,0.517,0.45,0.1,0.06
Box-21,6,30,55,0.632,C57Bl6j,chow,2017-03-15 18:46:00,698,421,107,104,23.6,0.968,0.536,0.46,0,0.04
Box-21,6,30,55,0.632,C57Bl6j,chow,2017-03-15 18:56:00,643,503,94,91,23.5,0.973,0.47,0.46,0,0.03
Box-21,6,30,55,0.632,C57Bl6j,chow,2017-03-15 19:06:00,313,130,108,105,23.5,0.979,0.54,0.43,0.1,0
Box-21,6,30,55,0.632,C57Bl6j,chow,2017-03-15 19:16:00,1237,851,118,115,23.6,0.969,0.592,0.44,0.1,0.1
Box-21,6,30,55,0.632,C57Bl6j,chow,2017-03-15 19:26:00,1388,942,117,115,23.7,0.98,0.59,0.44,0.03,0.15
Box-21,6,30,55,0.632,C57Bl6j,chow,2017-03-15 19:36:00,1150,819,116,114,23.7,0.981,0.583,0.46,0.05,0.08
Box-21,6,30,55,0.632,C57Bl6j,chow,2017-03-15 19:46:00,1496,1021,131,127,23.7,0.97,0.655,0.45,0.13,0.08
Box-21,6,30,55,0.632,C57Bl6j,chow,2017-03-15 19:56:00,527,287,134,131,23.6,0.978,0.672,0.45,0,0
Box-21,6,30,55,0.632,C57Bl6j,chow,2017-03-15 20:06:00,191,132,89,88,23.5,0.982,0.449,0.44,0,0.03
Box-21,6,30,55,0.632,C57Bl6j,chow,2017-03-15 20:16:00,58,33,76,75,23.4,0.989,0.382,0.45,0,0
Box-21,6,30,55,0.632,C57Bl6j,chow,2017-03-15 20:26:00,61,43,67,67,23.4,0.993,0.338,0.45,0,0
Box-21,6,30,55,0.632,C57Bl6j,chow,2017-03-15 20:36:00,230,157,65,65,23.4,0.988,0.329,0.45,0,0
Box-21,6,30,55,0.632,C57Bl6j,chow,2017-03-15 20:46:00,1526,1012,101,102,23.6,1.006,0.51,0.46,0.08,0.09
Box-21,6,30,55,0.632,C57Bl6j,chow,2017-03-15 20:56:00,1958,1346,108,108,23.7,1.005,0.545,0.46,0,0.12
Box-21,6,30,55,0.632,C57Bl6j,chow,2017-03-15 21:06:00,983,655,111,111,23.7,1,0.56,0.44,0.16,0.11
Box-21,6,30,55,0.632,C57Bl6j,chow,2017-03-15 21:16:00,1104,561,117,116,23.7,0.998,0.589,0.46,0,0
Box-21,6,30,55,0.632,C57Bl6j,chow,2017-03-15 21:26:00,1850,1095,130,128,23.6,0.987,0.654,0.44,0.07,0.07
Box-21,6,30,55,0.632,C57Bl6j,chow,2017-03-15 21:36:00,650,257,95,94,23.6,0.99,0.48,0.44,0,0
Box-21,6,30,55,0.632,C57Bl6j,chow,2017-03-15 21:46:00,219,141,84,82,23.5,0.968,0.422,0.45,0,0
Box-21,6,30,55,0.632,C57Bl6j,chow,2017-03-15 21:56:00,477,107,83,81,23.5,0.983,0.416,0.45,0,0
Box-21,6,30,55,0.632,C57Bl6j,chow,2017-03-15 22:06:00,185,16,72,71,23.4,0.988,0.364,0.46,0,0
Box-21,6,30,55,0.632,C57Bl6j,chow,2017-03-15 22:16:00,227,107,66,67,23.4,1.004,0.335,0.45,0,0
Box-21,6,30,55,0.632,C57Bl6j,chow,2017-03-15 22:26:00,531,184,103,102,23.6,0.992,0.519,0.46,0.18,0
Box-21,6,30,55,0.632,C57Bl6j,chow,2017-03-15 22:36:00,1683,951,97,97,23.6,0.999,0.49,0.44,0.14,0.13
Box-21,6,30,55,0.632,C57Bl6j,chow,2017-03-15 22:46:00,2250,986,102,102,23.6,1.002,0.514,0.45,0.18,0.18
Box-21,6,30,55,0.632,C57Bl6j,chow,2017-03-15 22:56:00,991,428,112,114,23.6,1.011,0.569,0.46,0,0.1
Box-21,6,30,55,0.632,C57Bl6j,chow,2017-03-15 23:06:00,2087,1324,122,122,23.6,0.995,0.616,0.44,0,0.04
Box-21,6,30,55,0.632,C57Bl6j,chow,2017-03-15 23:16:00,1337,1071,113,113,23.6,1.004,0.569,0.44,0,0.11
Box-21,6,30,55,0.632,C57Bl6j,chow,2017-03-15 23:26:00,296,253,102,99,23.5,0.972,0.51,0.46,0,0
Box-21,6,30,55,0.632,C57Bl6j,chow,2017-03-15 23:36:00,714,688,83,82,23.4,0.987,0.419,0.45,0,0
Box-21,6,30,55,0.632,C57Bl6j,chow,2017-03-15 23:46:00,281,209,75,75,23.4,0.999,0.381,0.45,0,0.03
Box-21,6,30,55,0.632,C57Bl6j,chow,2017-03-15 23:56:00,272,211,75,75,23.4,1.005,0.377,0.46,0,0
Box-21,6,30,55,0.632,C57Bl6j,chow,2017-03-16 00:06:00,393,306,63,63,23.4,1.004,0.318,0.44,0.05,0
Box-21,6,30,55,0.632,C57Bl6j,chow,2017-03-16 00:16:00,590,446,96,98,23.5,1.021,0.487,0.46,0.13,0
Box-21,6,30,55,0.632,C57Bl6j,chow,2017-03-16 00:26:00,1346,1024,123,121,23.5,0.989,0.618,0.46,0.13,0.12
Box-21,6,30,55,0.632,C57Bl6j,chow,2017-03-16 00:36:00,2471,1787,124,125,23.6,1.007,0.627,0.46,0,0.09
Box-21,6,30,55,0.632,C57Bl6j,chow,2017-03-16 00:46:00,1157,789,118,118,23.6,1.004,0.594,0.44,0.12,0.03
Box-21,6,30,55,0.632,C57Bl6j,chow,2017-03-16 00:56:00,813,576,105,105,23.6,0.995,0.529,0.46,0,0
Box-21,6,30,55,0.632,C57Bl6j,chow,2017-03-16 01:06:00,224,153,90,88,23.4,0.982,0.451,0.44,0,0
Box-21,6,30,55,0.632,C57Bl6j,chow,2017-03-16 01:16:00,94,82,89,87,23.4,0.983,0.447,0.45,0,0
Box-21,6,30,55,0.632,C57Bl6j,chow,2017-03-16 01:26:00,34,18,72,72,23.4,0.989,0.365,0.45,0,0
Box-21,6,30,55,0.632,C57Bl6j,chow,2017-03-16 01:36:00,88,52,67,66,23.4,0.994,0.337,0.46,0,0.03
Box-21,6,30,55,0.632,C57Bl6j,chow,2017-03-16 01:46:00,51,33,63,61,23.4,0.982,0.315,0.44,0,0
Box-21,6,30,55,0.632,C57Bl6j,chow,2017-03-16 01:56:00,179,89,63,61,23.4,0.965,0.317,0.44,0,0
Box-21,6,30,55,0.632,C57Bl6j,chow,2017-03-16 02:06:00,256,177,105,105,23.5,1.001,0.528,0.46,0,0
Box-21,6,30,55,0.632,C57Bl6j,chow,2017-03-16 02:16:00,979,672,105,106,23.5,1.009,0.531,0.45,0,0.12
Box-21,6,30,55,0.632,C57Bl6j,chow,2017-03-16 02:26:00,1332,875,111,109,23.5,0.989,0.557,0.44,0.13,0.07
Box-21,6,30,55,0.632,C57Bl6j,chow,2017-03-16 02:36:00,2216,1429,104,103,23.5,0.99,0.523,0.46,0,0.11
Box-21,6,30,55,0.632,C57Bl6j,chow,2017-03-16 02:46:00,1598,920,89,86,23.5,0.972,0.446,0.46,0,0
Box-21,6,30,55,0.632,C57Bl6j,chow,2017-03-16 02:56:00,36,12,87,85,23.4,0.978,0.438,0.46,0,0
Box-21,6,30,55,0.632,C57Bl6j,chow,2017-03-16 03:06:00,41,24,72,70,23.4,0.972,0.36,0.45,0,0
Box-21,6,30,55,0.632,C57Bl6j,chow,2017-03-16 03:16:00,1641,1202,70,68,23.4,0.971,0.349,0.45,0,0
Box-21,6,30,55,0.632,C57Bl6j,chow,2017-03-16 03:26:00,113,45,72,71,23.4,0.979,0.363,0.45,0,0
Box-21,6,30,55,0.632,C57Bl6j,chow,2017-03-16 03:36:00,264,68,64,63,23.4,0.985,0.323,0.46,0,0
Box-21,6,30,55,0.632,C57Bl6j,chow,2017-03-16 03:46:00,703,536,73,68,23.4,0.937,0.363,0.46,0,0
Box-21,6,30,55,0.632,C57Bl6j,chow,2017-03-16 03:56:00,1168,781,76,71,23.4,0.931,0.378,0.47,0,0
Box-21,6,30,55,0.632,C57Bl6j,chow,2017-03-16 04:06:00,1544,1180,83,79,23.4,0.96,0.413,0.45,0,0
Box-21,6,30,55,0.632,C57Bl6j,chow,2017-03-16 04:16:00,87,45,75,73,23.4,0.963,0.378,0.45,0,0
Box-21,6,30,55,0.632,C57Bl6j,chow,2017-03-16 04:26:00,975,195,72,70,23.4,0.977,0.359,0.44,0,0
Box-21,6,30,55,0.632,C57Bl6j,chow,2017-03-16 04:36:00,856,467,74,72,23.4,0.968,0.372,0.45,0.05,0
Box-21,6,30,55,0.632,C57Bl6j,chow,2017-03-16 04:46:00,1613,790,112,109,23.5,0.972,0.564,0.46,0.02,0.16
Box-21,6,30,55,0.632,C57Bl6j,chow,2017-03-16 04:56:00,2347,1234,104,101,23.6,0.964,0.522,0.44,0,0.04
Box-21,6,30,55,0.632,C57Bl6j,chow,2017-03-16 05:06:00,1677,902,121,115,23.6,0.948,0.605,0.47,0.09,0.03
Box-21,6,30,55,0.632,C57Bl6j,chow,2017-03-16 05:16:00,853,473,137,126,23.6,0.924,0.679,0.47,0.12,0.11
Box-21,6,30,55,0.632,C57Bl6j,chow,2017-03-16 05:26:00,1666,922,107,103,23.6,0.968,0.536,0.46,0,0
Box-21,6,30,55,0.632,C57Bl6j,chow,2017-03-16 05:36:00,930,558,97,90,23.7,0.927,0.483,0.45,0,0
Box-21,6,30,55,0.632,C57Bl6j,chow,2017-03-16 05:46:00,528,311,90,83,23.5,0.926,0.446,0.46,0,0
Box-21,6,30,55,0.632,C57Bl6j,chow,2017-03-16 05:56:00,75,44,87,81,23.5,0.934,0.432,0.45,0,0
Box-21,6,30,55,0.632,C57Bl6j,chow,2017-03-16 06:06:00,279,191,72,67,23.4,0.936,0.357,0.44,0,0.03
Box-21,6,30,55,0.632,C57Bl6j,chow,2017-03-16 06:16:00,45,37,67,63,23.4,0.941,0.332,0.46,0,0
Box-21,6,30,55,0.632,C57Bl6j,chow,2017-03-16 06:26:00,47,27,62,56,23.4,0.902,0.305,0.45,0,0
Box-21,6,30,55,0.632,C57Bl6j,chow,2017-03-16 06:36:00,53,39,63,56,23.4,0.893,0.309,0.46,0,0
Box-21,6,30,55,0.632,C57Bl6j,chow,2017-03-16 06:46:00,208,81,65,56,23.4,0.859,0.32,0.46,0,0
Box-21,6,30,55,0.632,C57Bl6j,chow,2017-03-16 06:56:00,414,236,113,99,23.4,0.877,0.556,0.45,0,0
Box-21,6,30,55,0.632,C57Bl6j,chow,2017-03-16 07:06:00,731,396,100,91,23.6,0.907,0.495,0.46,0.08,0.12
Box-21,6,30,55,0.632,C57Bl6j,chow,2017-03-16 07:16:00,1100,584,102,93,23.6,0.911,0.503,0.46,0,0.07
Box-21,6,30,55,0.632,C57Bl6j,chow,2017-03-16 07:26:00,733,434,89,82,23.6,0.923,0.44,0.46,0,0
Box-21,6,30,55,0.632,C57Bl6j,chow,2017-03-16 07:36:00,106,84,81,74,23.5,0.916,0.402,0.46,0,0
Box-21,6,30,55,0.632,C57Bl6j,chow,2017-03-16 07:46:00,78,76,72,67,23.4,0.928,0.357,0.45,0,0
Box-21,6,30,55,0.632,C57Bl6j,chow,2017-03-16 07:56:00,65,60,70,66,23.4,0.931,0.35,0.45,0,0
Box-21,6,30,55,0.632,C57Bl6j,chow,2017-03-16 08:06:00,88,87,60,57,23.4,0.938,0.3,0.43,0,0
Box-21,6,30,55,0.632,C57Bl6j,chow,2017-03-16 08:16:00,113,92,63,58,23.4,0.923,0.31,0.44,0,0
Box-21,6,30,55,0.632,C57Bl6j,chow,2017-03-16 08:26:00,260,152,73,69,23.4,0.939,0.364,0.46,0,0
Box-21,6,30,55,0.632,C57Bl6j,chow,2017-03-16 08:36:00,82,78,70,66,23.4,0.94,0.348,0.45,0,0
Box-21,6,30,55,0.632,C57Bl6j,chow,2017-03-16 08:46:00,87,70,58,53,23.4,0.921,0.287,0.45,0,0.03
Box-21,6,30,55,0.632,C57Bl6j,chow,2017-03-16 08:56:00,75,65,59,54,23.4,0.93,0.291,0.46,0,0
Box-21,6,30,55,0.632,C57Bl6j,chow,2017-03-16 09:06:00,18,17,65,57,23.4,0.877,0.319,0.46,0,0
Box-21,6,30,55,0.632,C57Bl6j,chow,2017-03-16 09:16:00,74,45,64,56,23.4,0.876,0.313,0.45,0,0
Box-21,6,30,55,0.632,C57Bl6j,chow,2017-03-16 09:26:00,114,63,60,52,23.4,0.873,0.292,0.45,0,0
Box-21,6,30,55,0.632,C57Bl6j,chow,2017-03-16 09:36:00,345,196,64,55,23.4,0.866,0.313,0.45,0,0
Box-21,6,30,55,0.632,C57Bl6j,chow,2017-03-16 09:46:00,668,382,99,90,23.5,0.903,0.491,0.45,0.07,0.04
Box-21,6,30,55,0.632,C57Bl6j,chow,2017-03-16 09:56:00,199,166,94,85,23.6,0.905,0.464,0.45,0,0
Box-21,6,30,55,0.632,C57Bl6j,chow,2017-03-16 10:06:00,127,124,72,64,23.5,0.893,0.354,0.45,0,0
Box-21,6,30,55,0.632,C57Bl6j,chow,2017-03-16 10:16:00,108,80,62,57,23.4,0.922,0.307,0.45,0,0
Box-21,6,30,55,0.632,C57Bl6j,chow,2017-03-16 10:26:00,76,41,60,55,23.4,0.926,0.297,0.45,0,0
Box-21,6,30,55,0.632,C57Bl6j,chow,2017-03-16 10:36:00,77,37,59,55,23.4,0.925,0.293,0.45,0,0
Box-21,6,30,55,0.632,C57Bl6j,chow,2017-03-16 10:46:00,158,112,57,53,23.4,0.928,0.282,0.43,0,0.03
Box-21,6,30,55,0.632,C57Bl6j,chow,2017-03-16 10:56:00,112,93,60,55,23.4,0.926,0.297,0.44,0,0
Box-21,6,30,55,0.632,C57Bl6j,chow,2017-03-16 11:06:00,51,39,62,55,23.4,0.888,0.307,0.45,0,0
Box-21,6,30,55,0.632,C57Bl6j,chow,2017-03-16 11:16:00,81,62,63,57,23.4,0.891,0.313,0.46,0,0
Box-21,6,30,55,0.632,C57Bl6j,chow,2017-03-16 11:26:00,14,7,61,54,23.4,0.877,0.3,0.45,0,0
Box-21,6,30,55,0.632,C57Bl6j,chow,2017-03-16 11:36:00,262,133,67,58,23.4,0.87,0.33,0.46,0,0
Box-21,6,30,55,0.632,C57Bl6j,chow,2017-03-16 11:46:00,678,336,99,92,23.6,0.928,0.491,0.46,0.25,0.05
Box-21,6,30,55,0.632,C57Bl6j,chow,2017-03-16 11:56:00,1172,637,98,91,23.6,0.928,0.488,0.46,0,0.08
Box-21,6,30,55,0.632,C57Bl6j,chow,2017-03-16 12:06:00,289,109,82,76,23.5,0.93,0.408,0.46,0,0
Box-21,6,30,55,0.632,C57Bl6j,chow,2017-03-16 12:16:00,57,25,76,72,23.5,0.947,0.381,0.43,0,0
Box-21,6,30,55,0.632,C57Bl6j,chow,2017-03-16 12:26:00,116,113,66,63,23.4,0.953,0.328,0.46,0,0
Box-21,6,30,55,0.632,C57Bl6j,chow,2017-03-16 12:36:00,95,77,62,59,23.4,0.946,0.31,0.45,0,0
Box-21,6,30,55,0.632,C57Bl6j,chow,2017-03-16 12:46:00,63,62,61,58,23.4,0.951,0.307,0.45,0,0
Box-21,6,30,55,0.632,C57Bl6j,chow,2017-03-16 12:56:00,85,66,65,59,23.4,0.914,0.321,0.45,0,0
Box-21,6,30,55,0.632,C57Bl6j,chow,2017-03-16 13:06:00,74,33,62,57,23.4,0.914,0.308,0.46,0,0
Box-21,6,30,55,0.632,C57Bl6j,chow,2017-03-16 13:16:00,87,41,60,54,23.4,0.904,0.295,0.44,0,0
Box-21,6,30,55,0.632,C57Bl6j,chow,2017-03-16 13:26:00,113,79,56,52,23.4,0.929,0.279,0.45,0,0
Box-21,6,30,55,0.632,C57Bl6j,chow,2017-03-16 13:36:00,82,68,60,56,23.4,0.927,0.3,0.46,0,0.03
Box-21,6,30,55,0.632,C57Bl6j,chow,2017-03-16 13:46:00,598,404,71,67,23.4,0.944,0.355,0.45,0,0
Box-21,6,30,55,0.632,C57Bl6j,chow,2017-03-16 13:56:00,479,281,95,92,23.5,0.965,0.477,0.45,0.19,0.05
Box-21,6,30,55,0.632,C57Bl6j,chow,2017-03-16 14:06:00,449,277,93,88,23.6,0.946,0.462,0.45,0,0.01
Box-21,6,30,55,0.632,C57Bl6j,chow,2017-03-16 14:16:00,293,152,70,64,23.5,0.916,0.344,0.46,0,0
Box-21,6,30,55,0.632,C57Bl6j,chow,2017-03-16 14:26:00,47,27,69,67,23.5,0.965,0.346,0.45,0,0
Box-21,6,30,55,0.632,C57Bl6j,chow,2017-03-16 14:36:00,23,15,67,65,23.5,0.963,0.336,0.45,0,0
Box-21,6,30,55,0.632,C57Bl6j,chow,2017-03-16 14:46:00,65,57,60,58,23.5,0.973,0.3,0.43,0,0
Box-21,6,30,55,0.632,C57Bl6j,chow,2017-03-16 14:56:00,85,59,61,60,23.4,0.979,0.306,0.45,0,0
Box-21,6,30,55,0.632,C57Bl6j,chow,2017-03-16 15:06:00,13,7,59,57,23.4,0.958,0.296,0.45,0,0
Box-21,6,30,55,0.632,C57Bl6j,chow,2017-03-16 15:16:00,100,80,60,58,23.4,0.955,0.302,0.46,0,0
Box-21,6,30,55,0.632,C57Bl6j,chow,2017-03-16 15:26:00,232,129,64,61,23.4,0.955,0.32,0.46,0,0
Box-21,6,30,55,0.632,C57Bl6j,chow,2017-03-16 15:36:00,392,241,89,88,23.6,0.981,0.45,0.44,0.2,0.08
Box-21,6,30,55,0.632,C57Bl6j,chow,2017-03-16 15:46:00,224,151,71,68,23.5,0.964,0.354,0.46,0,0.03
Box-21,6,30,55,0.632,C57Bl6j,chow,2017-03-16 15:56:00,41,20,70,67,23.5,0.962,0.349,0.45,0,0
Box-21,6,30,55,0.632,C57Bl6j,chow,2017-03-16 16:06:00,30,27,69,68,23.5,0.981,0.348,0.46,0,0
Box-21,6,30,55,0.632,C57Bl6j,chow,2017-03-16 16:16:00,321,287,64,64,23.5,0.998,0.324,0.46,0,0
Box-21,6,30,55,0.632,C57Bl6j,chow,2017-03-16 16:26:00,88,78,64,64,23.4,0.998,0.325,0.46,0,0
Box-21,6,30,55,0.632,C57Bl6j,chow,2017-03-16 16:36:00,262,229,62,62,23.5,0.998,0.311,0.45,0,0
Box-21,6,30,55,0.632,C57Bl6j,chow,2017-03-16 16:46:00,78,57,62,62,23.4,0.986,0.314,0.45,0,0
Box-21,6,30,55,0.632,C57Bl6j,chow,2017-03-16 16:56:00,188,152,60,58,23.4,0.969,0.298,0.45,0,0
Box-21,6,30,55,0.632,C57Bl6j,chow,2017-03-16 17:06:00,500,309,87,88,23.5,1.01,0.442,0.44,0,0
Box-21,6,30,55,0.632,C57Bl6j,chow,2017-03-16 17:16:00,640,398,110,109,23.5,0.994,0.553,0.45,0.1,0.03
Box-21,6,30,55,0.632,C57Bl6j,chow,2017-03-16 17:26:00,246,126,90,87,23.5,0.966,0.453,0.46,0,0
Box-21,6,30,55,0.632,C57Bl6j,chow,2017-03-16 17:36:00,124,91,77,75,23.5,0.969,0.388,0.47,0,0.03
Box-21,6,30,55,0.632,C57Bl6j,chow,2017-03-16 17:46:00,50,36,63,61,23.5,0.964,0.318,0.45,0,0
Box-21,6,30,55,0.632,C57Bl6j,chow,2017-03-16 17:56:00,362,226,61,59,23.5,0.966,0.307,0.44,0.16,0.04
Box-21,6,30,55,0.632,C57Bl6j,chow,2017-03-16 18:06:00,288,202,66,64,23.6,0.971,0.333,0.45,0.02,0.03
Box-21,6,30,55,0.632,C57Bl6j,chow,2017-03-16 18:16:00,361,238,82,80,23.5,0.977,0.411,0.46,0,0
Box-21,6,30,55,0.632,C57Bl6j,chow,2017-03-16 18:26:00,730,470,135,133,23.5,0.983,0.681,0.46,0.04,0.08
Box-21,6,30,55,0.632,C57Bl6j,chow,2017-03-16 18:36:00,1382,735,116,114,23.6,0.984,0.585,0.45,0.2,0.17
Box-21,6,30,55,0.632,C57Bl6j,chow,2017-03-16 18:46:00,1400,720,116,114,23.6,0.982,0.582,0.45,0,0.03
Box-21,6,30,55,0.632,C57Bl6j,chow,2017-03-16 18:56:00,757,422,105,102,23.6,0.971,0.524,0.46,0,0.09
Box-21,6,30,55,0.632,C57Bl6j,chow,2017-03-16 19:06:00,138,96,96,93,23.5,0.966,0.482,0.44,0,0
Box-21,6,30,55,0.632,C57Bl6j,chow,2017-03-16 19:16:00,433,345,92,90,23.5,0.971,0.463,0.44,0,0
Box-21,6,30,55,0.632,C57Bl6j,chow,2017-03-16 19:26:00,390,227,109,109,23.5,1,0.551,0.47,0.18,0.03
Box-21,6,30,55,0.632,C57Bl6j,chow,2017-03-16 19:36:00,1549,926,122,118,23.6,0.969,0.609,0.45,0.1,0.03
Box-21,6,30,55,0.632,C57Bl6j,chow,2017-03-16 19:46:00,983,565,127,127,23.7,0.999,0.639,0.46,0.03,0.12
Box-21,6,30,55,0.632,C57Bl6j,chow,2017-03-16 19:56:00,1586,1002,114,114,23.6,0.998,0.577,0.45,0,0.07
Box-21,6,30,55,0.632,C57Bl6j,chow,2017-03-16 20:06:00,1000,543,129,126,23.7,0.983,0.647,0.45,0.12,0.09
Box-21,6,30,55,0.632,C57Bl6j,chow,2017-03-16 20:16:00,304,174,95,94,23.6,0.986,0.478,0.46,0,0.01
Box-21,6,30,55,0.632,C57Bl6j,chow,2017-03-16 20:26:00,884,437,118,118,23.7,1.001,0.596,0.45,0.12,0.19
Box-21,6,30,55,0.632,C57Bl6j,chow,2017-03-16 20:36:00,347,234,113,113,23.7,1.003,0.569,0.45,0,0
Box-21,6,30,55,0.632,C57Bl6j,chow,2017-03-16 20:46:00,135,82,92,92,23.5,0.997,0.464,0.46,0,0
Box-21,6,30,55,0.632,C57Bl6j,chow,2017-03-16 20:56:00,638,382,110,113,23.5,1.022,0.56,0.45,0.01,0
Box-21,6,30,55,0.632,C57Bl6j,chow,2017-03-16 21:06:00,690,284,117,118,23.6,1.006,0.592,0.46,0.14,0.13
Box-21,6,30,55,0.632,C57Bl6j,chow,2017-03-16 21:16:00,1499,856,116,117,23.6,1.006,0.589,0.46,0.16,0.03
Box-21,6,30,55,0.632,C57Bl6j,chow,2017-03-16 21:26:00,1843,976,124,125,23.6,1.003,0.627,0.46,0,0.15
Box-21,6,30,55,0.632,C57Bl6j,chow,2017-03-16 21:36:00,1345,799,127,126,23.6,0.997,0.64,0.46,0.03,0
Box-21,6,30,55,0.632,C57Bl6j,chow,2017-03-16 21:46:00,430,269,99,99,23.6,1,0.499,0.45,0,0.12
Box-21,6,30,55,0.632,C57Bl6j,chow,2017-03-16 21:56:00,276,201,99,98,23.6,0.993,0.499,0.46,0,0
Box-21,6,30,55,0.632,C57Bl6j,chow,2017-03-16 22:06:00,246,195,88,87,23.5,0.99,0.444,0.47,0,0.01
Box-21,6,30,55,0.632,C57Bl6j,chow,2017-03-16 22:16:00,300,172,78,77,23.4,0.994,0.393,0.46,0,0
Box-21,6,30,55,0.632,C57Bl6j,chow,2017-03-16 22:26:00,1387,645,107,110,23.6,1.025,0.543,0.45,0.01,0.08
Box-21,6,30,55,0.632,C57Bl6j,chow,2017-03-16 22:36:00,1676,916,104,107,23.6,1.025,0.527,0.46,0,0.05
Box-21,6,30,55,0.632,C57Bl6j,chow,2017-03-16 22:46:00,605,353,109,109,23.6,1.002,0.548,0.46,0,0.09
Box-21,6,30,55,0.632,C57Bl6j,chow,2017-03-16 22:56:00,190,152,86,85,23.5,0.99,0.433,0.46,0,0
Box-21,6,30,55,0.632,C57Bl6j,chow,2017-03-16 23:06:00,353,282,77,76,23.4,0.986,0.389,0.45,0,0
Box-21,6,30,55,0.632,C57Bl6j,chow,2017-03-16 23:16:00,816,370,76,76,23.4,0.995,0.385,0.45,0,0
Box-21,6,30,55,0.632,C57Bl6j,chow,2017-03-16 23:26:00,831,445,121,120,23.6,0.989,0.609,0.44,0.15,0.11
Box-21,6,30,55,0.632,C57Bl6j,chow,2017-03-16 23:36:00,882,473,102,101,23.6,0.996,0.513,0.45,0.06,0.1
Box-21,6,30,55,0.632,C57Bl6j,chow,2017-03-16 23:46:00,222,66,84,81,23.5,0.97,0.419,0.44,0,0
Box-21,6,30,55,0.632,C57Bl6j,chow,2017-03-16 23:56:00,365,257,83,81,23.5,0.973,0.417,0.45,0,0
Box-21,6,30,55,0.632,C57Bl6j,chow,2017-03-17 00:06:00,1017,598,110,110,23.5,1.008,0.554,0.45,0,0.06
Box-21,6,30,55,0.632,C57Bl6j,chow,2017-03-17 00:16:00,283,169,82,80,23.5,0.975,0.414,0.46,0.02,0
Box-21,6,30,55,0.632,C57Bl6j,chow,2017-03-17 00:26:00,345,190,91,90,23.6,0.987,0.459,0.46,0.17,0.05
Box-21,6,30,55,0.632,C57Bl6j,chow,2017-03-17 00:36:00,268,134,84,82,23.6,0.975,0.42,0.47,0,0.04
Box-21,6,30,55,0.632,C57Bl6j,chow,2017-03-17 00:46:00,217,80,78,77,23.5,0.976,0.394,0.45,0,0
Box-21,6,30,55,0.632,C57Bl6j,chow,2017-03-17 00:56:00,1270,738,114,114,23.5,1.003,0.573,0.44,0,0.04
Box-21,6,30,55,0.632,C57Bl6j,chow,2017-03-17 01:06:00,2637,1545,120,118,23.5,0.984,0.604,0.46,0.01,0.06
Box-21,6,30,55,0.632,C57Bl6j,chow,2017-03-17 01:16:00,1150,639,124,121,23.5,0.971,0.624,0.46,0.08,0.05
Box-21,6,30,55,0.632,C57Bl6j,chow,2017-03-17 01:26:00,1827,991,116,110,23.6,0.951,0.578,0.44,0,0.06
Box-21,6,30,55,0.632,C57Bl6j,chow,2017-03-17 01:36:00,357,197,101,95,23.5,0.941,0.501,0.46,0,0
Box-21,6,30,55,0.632,C57Bl6j,chow,2017-03-17 01:46:00,241,177,82,78,23.4,0.942,0.411,0.45,0,0
Box-21,6,30,55,0.632,C57Bl6j,chow,2017-03-17 01:56:00,181,160,79,74,23.4,0.938,0.391,0.45,0,0
Box-21,6,30,55,0.632,C57Bl6j,chow,2017-03-17 02:06:00,735,448,78,71,23.4,0.92,0.385,0.46,0,0
Box-21,6,30,55,0.632,C57Bl6j,chow,2017-03-17 02:16:00,487,208,114,106,23.6,0.932,0.567,0.45,0.15,0.11
Box-21,6,30,55,0.632,C57Bl6j,chow,2017-03-17 02:26:00,1704,942,105,100,23.6,0.949,0.524,0.45,0,0.14
Box-21,6,30,55,0.632,C57Bl6j,chow,2017-03-17 02:36:00,679,370,118,113,23.6,0.95,0.591,0.46,0.02,0
Box-21,6,30,55,0.632,C57Bl6j,chow,2017-03-17 02:46:00,338,293,93,86,23.5,0.929,0.46,0.44,0,0
Box-21,6,30,55,0.632,C57Bl6j,chow,2017-03-17 02:56:00,280,171,86,81,23.4,0.942,0.428,0.46,0,0.03
Box-21,6,30,55,0.632,C57Bl6j,chow,2017-03-17 03:06:00,770,459,100,96,23.6,0.957,0.5,0.43,0.15,0.08
Box-21,6,30,55,0.632,C57Bl6j,chow,2017-03-17 03:16:00,199,112,87,83,23.6,0.955,0.437,0.45,0,0
Box-21,6,30,55,0.632,C57Bl6j,chow,2017-03-17 03:26:00,1492,842,106,103,23.5,0.971,0.53,0.45,0,0.03
Box-21,6,30,55,0.632,C57Bl6j,chow,2017-03-17 03:36:00,1089,590,91,88,23.5,0.967,0.455,0.44,0.05,0
Box-21,6,30,55,0.632,C57Bl6j,chow,2017-03-17 03:46:00,330,213,85,81,23.4,0.957,0.426,0.45,0,0
Box-21,6,30,55,0.632,C57Bl6j,chow,2017-03-17 03:56:00,558,357,84,80,23.4,0.955,0.419,0.45,0,0.03
Box-21,6,30,55,0.632,C57Bl6j,chow,2017-03-17 04:06:00,690,437,98,93,23.4,0.954,0.488,0.46,0,0
Box-21,6,30,55,0.632,C57Bl6j,chow,2017-03-17 04:16:00,907,565,86,80,23.4,0.925,0.429,0.44,0.04,0
Box-21,6,30,55,0.632,C57Bl6j,chow,2017-03-17 04:26:00,559,265,85,78,23.5,0.922,0.422,0.45,0,0.03
Box-21,6,30,55,0.632,C57Bl6j,chow,2017-03-17 04:36:00,570,332,82,75,23.5,0.916,0.408,0.46,0,0
Box-21,6,30,55,0.632,C57Bl6j,chow,2017-03-17 04:46:00,272,164,80,76,23.4,0.94,0.4,0.45,0,0.03
Box-21,6,30,55,0.632,C57Bl6j,chow,2017-03-17 04:56:00,737,388,101,94,23.5,0.932,0.504,0.46,0.12,0.07
Box-21,6,30,55,0.632,C57Bl6j,chow,2017-03-17 05:06:00,392,216,81,76,23.5,0.946,0.402,0.44,0.03,0.05
Box-21,6,30,55,0.632,C57Bl6j,chow,2017-03-17 05:16:00,550,287,84,79,23.5,0.942,0.419,0.45,0.04,0.04
Box-21,6,30,55,0.632,C57Bl6j,chow,2017-03-17 05:26:00,222,103,84,80,23.4,0.956,0.421,0.45,0,0
Box-21,6,30,55,0.632,C57Bl6j,chow,2017-03-17 05:36:00,1599,931,107,103,23.5,0.966,0.535,0.46,0.06,0.06
Box-21,6,30,55,0.632,C57Bl6j,chow,2017-03-17 05:46:00,1904,1105,106,102,23.5,0.959,0.529,0.46,0,0.01
Box-21,6,30,55,0.632,C57Bl6j,chow,2017-03-17 05:56:00,2212,1199,120,112,23.6,0.934,0.599,0.44,0,0
Box-21,6,30,55,0.632,C57Bl6j,chow,2017-03-17 06:06:00,2018,1186,116,107,23.5,0.921,0.576,0.43,0,0
Box-21,6,30,55,0.632,C57Bl6j,chow,2017-03-17 06:16:00,777,454,100,91,23.6,0.915,0.493,0.45,0,0
Box-21,6,30,55,0.632,C57Bl6j,chow,2017-03-17 06:26:00,1101,570,103,94,23.6,0.911,0.508,0.46,0.03,0.07
Box-21,6,30,55,0.632,C57Bl6j,chow,2017-03-17 06:36:00,253,186,95,86,23.6,0.904,0.469,0.44,0,0
Box-21,6,30,55,0.632,C57Bl6j,chow,2017-03-17 06:46:00,84,66,77,69,23.5,0.892,0.379,0.45,0,0
Box-21,6,30,55,0.632,C57Bl6j,chow,2017-03-17 06:56:00,19,8,70,61,23.5,0.88,0.343,0.45,0,0
Box-21,6,30,55,0.632,C57Bl6j,chow,2017-03-17 07:06:00,43,35,62,55,23.4,0.882,0.307,0.45,0,0
Box-21,6,30,55,0.632,C57Bl6j,chow,2017-03-17 07:16:00,80,57,62,55,23.4,0.875,0.306,0.45,0,0
Box-21,6,30,55,0.632,C57Bl6j,chow,2017-03-17 07:26:00,67,40,66,57,23.4,0.864,0.325,0.47,0,0
Box-21,6,30,55,0.632,C57Bl6j,chow,2017-03-17 07:36:00,142,104,64,54,23.4,0.849,0.312,0.46,0,0
Box-21,6,30,55,0.632,C57Bl6j,chow,2017-03-17 07:46:00,268,191,114,98,23.5,0.86,0.556,0.46,0.02,0
Box-21,6,30,55,0.632,C57Bl6j,chow,2017-03-17 07:56:00,165,102,111,95,23.5,0.856,0.54,0.46,0.04,0.07
Box-21,6,30,55,0.632,C57Bl6j,chow,2017-03-17 08:06:00,110,52,67,57,23.5,0.852,0.327,0.45,0,0
Box-21,6,30,55,0.632,C57Bl6j,chow,2017-03-17 08:16:00,75,21,65,58,23.4,0.897,0.318,0.46,0,0
Box-21,6,30,55,0.632,C57Bl6j,chow,2017-03-17 08:26:00,41,15,65,60,23.4,0.927,0.322,0.44,0,0
Box-21,6,30,55,0.632,C57Bl6j,chow,2017-03-17 08:36:00,258,179,67,62,23.4,0.93,0.331,0.45,0,0
Box-21,6,30,55,0.632,C57Bl6j,chow,2017-03-17 08:46:00,401,219,100,94,23.5,0.939,0.499,0.45,0,0.12
Box-21,6,30,55,0.632,C57Bl6j,chow,2017-03-17 08:56:00,32,22,68,62,23.5,0.915,0.338,0.46,0,0
Box-21,6,30,55,0.632,C57Bl6j,chow,2017-03-17 09:06:00,20,20,64,58,23.4,0.909,0.314,0.45,0,0
Box-21,6,30,55,0.632,C57Bl6j,chow,2017-03-17 09:16:00,31,26,63,57,23.4,0.905,0.313,0.45,0,0
Box-21,6,30,55,0.632,C57Bl6j,chow,2017-03-17 09:26:00,49,39,60,54,23.4,0.898,0.298,0.44,0,0
Box-21,6,30,55,0.632,C57Bl6j,chow,2017-03-17 09:36:00,31,20,59,53,23.4,0.888,0.292,0.46,0,0
Box-21,6,30,55,0.632,C57Bl6j,chow,2017-03-17 09:46:00,90,57,61,54,23.4,0.883,0.302,0.44,0,0
Box-21,6,30,55,0.632,C57Bl6j,chow,2017-03-17 09:56:00,121,76,64,57,23.4,0.887,0.314,0.46,0,0
Box-21,6,30,55,0.632,C57Bl6j,chow,2017-03-17 10:06:00,110,81,62,54,23.4,0.869,0.303,0.45,0,0
Box-21,6,30,55,0.632,C57Bl6j,chow,2017-03-17 10:16:00,318,208,77,69,23.4,0.894,0.379,0.45,0.11,0
Box-21,6,30,55,0.632,C57Bl6j,chow,2017-03-17 10:26:00,1065,594,98,89,23.6,0.907,0.484,0.46,0.1,0.14
Box-21,6,30,55,0.632,C57Bl6j,chow,2017-03-17 10:36:00,1266,724,98,88,23.6,0.906,0.482,0.44,0,0.12
Box-21,6,30,55,0.632,C57Bl6j,chow,2017-03-17 10:46:00,531,403,79,72,23.5,0.912,0.389,0.45,0,0
Box-21,6,30,55,0.632,C57Bl6j,chow,2017-03-17 10:56:00,41,32,81,75,23.5,0.933,0.402,0.46,0,0
Box-21,6,30,55,0.632,C57Bl6j,chow,2017-03-17 11:06:00,64,16,64,59,23.4,0.924,0.319,0.45,0,0
Box-21,6,30,55,0.632,C57Bl6j,chow,2017-03-17 11:16:00,39,29,64,60,23.4,0.927,0.32,0.46,0,0
Box-21,6,30,55,0.632,C57Bl6j,chow,2017-03-17 11:26:00,81,34,64,58,23.4,0.905,0.314,0.46,0,0
Box-21,6,30,55,0.632,C57Bl6j,chow,2017-03-17 11:36:00,37,12,61,55,23.4,0.897,0.301,0.45,0,0
Box-21,6,30,55,0.632,C57Bl6j,chow,2017-03-17 11:46:00,40,30,60,52,23.4,0.869,0.295,0.46,0,0
Box-21,6,30,55,0.632,C57Bl6j,chow,2017-03-17 11:56:00,41,24,58,51,23.4,0.878,0.283,0.45,0,0
Box-21,6,30,55,0.632,C57Bl6j,chow,2017-03-17 12:06:00,56,7,57,50,23.4,0.874,0.282,0.44,0,0
Box-21,6,30,55,0.632,C57Bl6j,chow,2017-03-17 12:16:00,488,292,69,63,23.4,0.915,0.343,0.45,0,0.01
Box-21,6,30,55,0.632,C57Bl6j,chow,2017-03-17 12:26:00,954,548,84,78,23.5,0.932,0.416,0.44,0.1,0.08
Box-21,6,30,55,0.632,C57Bl6j,chow,2017-03-17 12:36:00,235,146,76,70,23.6,0.916,0.378,0.46,0,0
Box-21,6,30,55,0.632,C57Bl6j,chow,2017-03-17 12:46:00,44,22,71,66,23.5,0.929,0.353,0.44,0,0
Box-21,6,30,55,0.632,C57Bl6j,chow,2017-03-17 12:56:00,10,5,63,59,23.4,0.942,0.312,0.45,0,0
Box-21,6,30,55,0.632,C57Bl6j,chow,2017-03-17 13:06:00,56,26,60,58,23.4,0.959,0.301,0.45,0,0.01
Box-21,6,30,55,0.632,C57Bl6j,chow,2017-03-17 13:16:00,110,91,61,59,23.4,0.958,0.307,0.46,0,0
Box-21,6,30,55,0.632,C57Bl6j,chow,2017-03-17 13:26:00,36,21,59,56,23.4,0.952,0.296,0.46,0,0
Box-21,6,30,55,0.632,C57Bl6j,chow,2017-03-17 13:36:00,129,122,56,52,23.4,0.936,0.276,0.44,0,0
Box-21,6,30,55,0.632,C57Bl6j,chow,2017-03-17 13:46:00,274,247,58,54,23.4,0.928,0.287,0.45,0,0
Box-21,6,30,55,0.632,C57Bl6j,chow,2017-03-17 13:56:00,132,26,59,55,23.4,0.921,0.294,0.46,0,0
Box-21,6,30,55,0.632,C57Bl6j,chow,2017-03-17 14:06:00,214,153,64,60,23.4,0.94,0.318,0.45,0,0
Box-21,6,30,55,0.632,C57Bl6j,chow,2017-03-17 14:16:00,45,41,58,54,23.4,0.936,0.288,0.44,0,0
Box-21,6,30,55,0.632,C57Bl6j,chow,2017-03-17 14:26:00,98,64,62,56,23.4,0.898,0.307,0.46,0,0
Box-21,6,30,55,0.632,C57Bl6j,chow,2017-03-17 14:36:00,167,92,61,55,23.4,0.9,0.3,0.46,0,0
Box-21,6,30,55,0.632,C57Bl6j,chow,2017-03-17 14:46:00,174,129,61,55,23.4,0.903,0.3,0.43,0,0.01
Box-21,6,30,55,0.632,C57Bl6j,chow,2017-03-17 14:56:00,117,74,63,56,23.4,0.891,0.308,0.45,0,0
Box-21,6,30,55,0.632,C57Bl6j,chow,2017-03-17 15:06:00,73,48,60,52,23.4,0.867,0.295,0.45,0,0
Box-21,6,30,55,0.632,C57Bl6j,chow,2017-03-17 15:16:00,140,68,62,54,23.4,0.863,0.305,0.47,0,0
Box-21,6,30,55,0.632,C57Bl6j,chow,2017-03-17 15:26:00,216,128,61,53,23.4,0.866,0.301,0.46,0,0
Box-23,22,28.6,47.2,0.558,C57Bl6n,chow,2017-03-14 14:36:00,28,22,62,55,22.2,0.88,0.307,0.46,0,0
Box-23,22,28.6,47.2,0.558,C57Bl6n,chow,2017-03-14 14:46:00,63,31,63,55,22.2,0.88,0.309,0.44,0,0
Box-23,22,28.6,47.2,0.558,C57Bl6n,chow,2017-03-14 14:56:00,41,28,64,56,22.2,0.868,0.314,0.45,0,0.01
Box-23,22,28.6,47.2,0.558,C57Bl6n,chow,2017-03-14 15:06:00,233,162,60,51,22.2,0.855,0.291,0.44,0,0
Box-23,22,28.6,47.2,0.558,C57Bl6n,chow,2017-03-14 15:16:00,554,382,87,79,22.2,0.916,0.429,0.46,0.04,0
Box-23,22,28.6,47.2,0.558,C57Bl6n,chow,2017-03-14 15:26:00,1219,719,76,70,22.3,0.915,0.377,0.45,0.1,0
Box-23,22,28.6,47.2,0.558,C57Bl6n,chow,2017-03-14 15:36:00,121,79,75,69,22.3,0.914,0.372,0.46,0,0
Box-23,22,28.6,47.2,0.558,C57Bl6n,chow,2017-03-14 15:46:00,112,85,75,70,22.3,0.935,0.372,0.46,0,0
Box-23,22,28.6,47.2,0.558,C57Bl6n,chow,2017-03-14 15:56:00,123,90,70,66,22.2,0.939,0.349,0.45,0,0
Box-23,22,28.6,47.2,0.558,C57Bl6n,chow,2017-03-14 16:06:00,589,363,104,99,22.3,0.943,0.521,0.44,0,0.16
Box-23,22,28.6,47.2,0.558,C57Bl6n,chow,2017-03-14 16:16:00,449,328,94,90,22.3,0.957,0.468,0.44,0.11,0
Box-23,22,28.6,47.2,0.558,C57Bl6n,chow,2017-03-14 16:26:00,380,271,74,70,22.3,0.935,0.37,0.44,0,0
Box-23,22,28.6,47.2,0.558,C57Bl6n,chow,2017-03-14 16:36:00,381,218,87,85,22.3,0.983,0.437,0.46,0,0.09
Box-23,22,28.6,47.2,0.558,C57Bl6n,chow,2017-03-14 16:46:00,912,587,86,83,22.3,0.963,0.432,0.45,0,0.01
Box-23,22,28.6,47.2,0.558,C57Bl6n,chow,2017-03-14 16:56:00,342,264,105,100,22.3,0.959,0.524,0.46,0.15,0.04
Box-23,22,28.6,47.2,0.558,C57Bl6n,chow,2017-03-14 17:06:00,86,81,74,70,22.3,0.945,0.369,0.46,0,0
Box-23,22,28.6,47.2,0.558,C57Bl6n,chow,2017-03-14 17:16:00,61,38,69,68,22.3,0.986,0.348,0.44,0,0
Box-23,22,28.6,47.2,0.558,C57Bl6n,chow,2017-03-14 17:26:00,424,291,82,85,22.3,1.032,0.417,0.46,0,0
Box-23,22,28.6,47.2,0.558,C57Bl6n,chow,2017-03-14 17:36:00,62,43,80,83,22.3,1.034,0.407,0.44,0,0
Box-23,22,28.6,47.2,0.558,C57Bl6n,chow,2017-03-14 17:46:00,52,49,77,79,22.3,1.022,0.393,0.46,0,0
Box-23,22,28.6,47.2,0.558,C57Bl6n,chow,2017-03-14 17:56:00,99,78,75,77,22.3,1.025,0.382,0.45,0,0
Box-23,22,28.6,47.2,0.558,C57Bl6n,chow,2017-03-14 18:06:00,263,177,72,74,22.2,1.024,0.367,0.44,0,0
Box-23,22,28.6,47.2,0.558,C57Bl6n,chow,2017-03-14 18:16:00,1235,758,79,81,22.2,1.028,0.402,0.45,0.14,0
Box-23,22,28.6,47.2,0.558,C57Bl6n,chow,2017-03-14 18:26:00,1904,1259,106,106,22.3,1.003,0.534,0.46,0.01,0.02
Box-23,22,28.6,47.2,0.558,C57Bl6n,chow,2017-03-14 18:36:00,1231,707,108,108,22.3,1,0.544,0.46,0.01,0.12
Box-23,22,28.6,47.2,0.558,C57Bl6n,chow,2017-03-14 18:46:00,931,564,126,124,22.4,0.987,0.633,0.46,0.16,0.07
Box-23,22,28.6,47.2,0.558,C57Bl6n,chow,2017-03-14 18:56:00,618,362,127,126,22.4,0.994,0.64,0.46,0.2,0.2
Box-23,22,28.6,47.2,0.558,C57Bl6n,chow,2017-03-14 19:06:00,377,275,94,94,22.3,1.001,0.475,0.45,0,0.03
Box-23,22,28.6,47.2,0.558,C57Bl6n,chow,2017-03-14 19:16:00,147,94,84,83,22.3,0.992,0.424,0.45,0,0
Box-23,22,28.6,47.2,0.558,C57Bl6n,chow,2017-03-14 19:26:00,300,238,84,87,22.3,1.032,0.426,0.46,0,0.01
Box-23,22,28.6,47.2,0.558,C57Bl6n,chow,2017-03-14 19:36:00,73,42,80,82,22.3,1.034,0.406,0.44,0,0
Box-23,22,28.6,47.2,0.558,C57Bl6n,chow,2017-03-14 19:46:00,56,14,74,76,22.2,1.028,0.377,0.45,0,0
Box-23,22,28.6,47.2,0.558,C57Bl6n,chow,2017-03-14 19:56:00,597,307,91,95,22.3,1.048,0.463,0.44,0.08,0
Box-23,22,28.6,47.2,0.558,C57Bl6n,chow,2017-03-14 20:06:00,1316,698,98,104,22.4,1.054,0.503,0.45,0.15,0.08
Box-23,22,28.6,47.2,0.558,C57Bl6n,chow,2017-03-14 20:16:00,1191,695,118,121,22.4,1.03,0.598,0.46,0.01,0.06
Box-23,22,28.6,47.2,0.558,C57Bl6n,chow,2017-03-14 20:26:00,1317,674,106,108,22.5,1.018,0.538,0.46,0.19,0.12
Box-23,22,28.6,47.2,0.558,C57Bl6n,chow,2017-03-14 20:36:00,866,418,106,108,22.5,1.024,0.537,0.44,0.05,0.09
Box-23,22,28.6,47.2,0.558,C57Bl6n,chow,2017-03-14 20:46:00,272,187,103,103,22.3,1.006,0.518,0.45,0,0
Box-23,22,28.6,47.2,0.558,C57Bl6n,chow,2017-03-14 20:56:00,108,66,105,107,22.3,1.015,0.533,0.46,0,0
Box-23,22,28.6,47.2,0.558,C57Bl6n,chow,2017-03-14 21:06:00,209,119,81,83,22.3,1.015,0.413,0.44,0,0
Box-23,22,28.6,47.2,0.558,C57Bl6n,chow,2017-03-14 21:16:00,335,303,75,76,22.3,1.026,0.378,0.45,0,0
Box-23,22,28.6,47.2,0.558,C57Bl6n,chow,2017-03-14 21:26:00,390,336,77,80,22.3,1.035,0.392,0.46,0,0
Box-23,22,28.6,47.2,0.558,C57Bl6n,chow,2017-03-14 21:36:00,384,242,76,78,22.3,1.029,0.384,0.45,0.27,0
Box-23,22,28.6,47.2,0.558,C57Bl6n,chow,2017-03-14 21:46:00,990,648,75,76,22.3,1.015,0.378,0.45,0,0.08
Box-23,22,28.6,47.2,0.558,C57Bl6n,chow,2017-03-14 21:56:00,426,200,98,100,22.3,1.026,0.496,0.46,0.14,0.14
Box-23,22,28.6,47.2,0.558,C57Bl6n,chow,2017-03-14 22:06:00,1629,913,124,127,22.4,1.031,0.628,0.45,0,0.09
Box-23,22,28.6,47.2,0.558,C57Bl6n,chow,2017-03-14 22:16:00,790,382,134,137,22.4,1.019,0.679,0.45,0.12,0.14
Box-23,22,28.6,47.2,0.558,C57Bl6n,chow,2017-03-14 22:26:00,1883,1278,99,100,22.4,1.008,0.502,0.46,0,0
Box-23,22,28.6,47.2,0.558,C57Bl6n,chow,2017-03-14 22:36:00,898,547,106,109,22.3,1.024,0.54,0.45,0,0
Box-23,22,28.6,47.2,0.558,C57Bl6n,chow,2017-03-14 22:46:00,742,601,89,92,22.3,1.033,0.453,0.45,0,0
Box-23,22,28.6,47.2,0.558,C57Bl6n,chow,2017-03-14 22:56:00,2428,2117,85,89,22.3,1.044,0.433,0.44,0,0
Box-23,22,28.6,47.2,0.558,C57Bl6n,chow,2017-03-14 23:06:00,1151,999,76,79,22.3,1.033,0.388,0.46,0,0
Box-23,22,28.6,47.2,0.558,C57Bl6n,chow,2017-03-14 23:16:00,1682,1621,76,78,22.3,1.029,0.386,0.45,0,0
Box-23,22,28.6,47.2,0.558,C57Bl6n,chow,2017-03-14 23:26:00,1469,1223,89,93,22.2,1.036,0.454,0.45,0,0
Box-23,22,28.6,47.2,0.558,C57Bl6n,chow,2017-03-14 23:36:00,984,648,93,97,22.3,1.043,0.474,0.46,0.25,0
Box-23,22,28.6,47.2,0.558,C57Bl6n,chow,2017-03-14 23:46:00,2631,2538,76,77,22.3,1.003,0.385,0.45,0,0
Box-23,22,28.6,47.2,0.558,C57Bl6n,chow,2017-03-14 23:56:00,2244,2189,75,76,22.3,1.018,0.378,0.46,0,0
Box-23,22,28.6,47.2,0.558,C57Bl6n,chow,2017-03-15 00:06:00,1319,1214,81,85,22.3,1.042,0.414,0.46,0,0
Box-23,22,28.6,47.2,0.558,C57Bl6n,chow,2017-03-15 00:16:00,2485,2448,78,81,22.3,1.043,0.397,0.45,0,0
Box-23,22,28.6,47.2,0.558,C57Bl6n,chow,2017-03-15 00:26:00,2203,1900,79,81,22.3,1.033,0.401,0.46,0,0
Box-23,22,28.6,47.2,0.558,C57Bl6n,chow,2017-03-15 00:36:00,1394,792,112,117,22.3,1.042,0.571,0.46,0.09,0.11
Box-23,22,28.6,47.2,0.558,C57Bl6n,chow,2017-03-15 00:46:00,1727,1034,87,89,22.4,1.031,0.441,0.46,0.16,0.14
Box-23,22,28.6,47.2,0.558,C57Bl6n,chow,2017-03-15 00:56:00,623,386,86,88,22.4,1.024,0.438,0.46,0,0
Box-23,22,28.6,47.2,0.558,C57Bl6n,chow,2017-03-15 01:06:00,468,314,104,107,22.3,1.022,0.529,0.44,0,0
Box-23,22,28.6,47.2,0.558,C57Bl6n,chow,2017-03-15 01:16:00,218,137,89,91,22.3,1.023,0.452,0.45,0,0
Box-23,22,28.6,47.2,0.558,C57Bl6n,chow,2017-03-15 01:26:00,146,75,80,82,22.3,1.025,0.407,0.46,0,0
Box-23,22,28.6,47.2,0.558,C57Bl6n,chow,2017-03-15 01:36:00,120,62,79,80,22.2,1.023,0.399,0.46,0,0
Box-23,22,28.6,47.2,0.558,C57Bl6n,chow,2017-03-15 01:46:00,227,121,82,82,22.2,1.008,0.412,0.46,0,0
Box-23,22,28.6,47.2,0.558,C57Bl6n,chow,2017-03-15 01:56:00,288,264,75,75,22.2,0.996,0.38,0.45,0,0
Box-23,22,28.6,47.2,0.558,C57Bl6n,chow,2017-03-15 02:06:00,140,127,81,79,22.2,0.978,0.406,0.46,0,0
Box-23,22,28.6,47.2,0.558,C57Bl6n,chow,2017-03-15 02:16:00,1212,780,79,78,22.3,0.986,0.396,0.45,0.03,0
Box-23,22,28.6,47.2,0.558,C57Bl6n,chow,2017-03-15 02:26:00,1122,636,108,110,22.4,1.02,0.545,0.44,0.21,0.06
Box-23,22,28.6,47.2,0.558,C57Bl6n,chow,2017-03-15 02:36:00,1430,895,107,110,22.4,1.021,0.545,0.45,0,0.08
Box-23,22,28.6,47.2,0.558,C57Bl6n,chow,2017-03-15 02:46:00,448,272,98,98,22.3,0.997,0.495,0.45,0,0
Box-23,22,28.6,47.2,0.558,C57Bl6n,chow,2017-03-15 02:56:00,105,72,101,102,22.3,1.007,0.513,0.46,0,0
Box-23,22,28.6,47.2,0.558,C57Bl6n,chow,2017-03-15 03:06:00,123,100,84,84,22.3,1.004,0.423,0.46,0,0
Box-23,22,28.6,47.2,0.558,C57Bl6n,chow,2017-03-15 03:16:00,465,444,75,74,22.3,0.983,0.377,0.44,0,0
Box-23,22,28.6,47.2,0.558,C57Bl6n,chow,2017-03-15 03:26:00,302,288,76,74,22.2,0.971,0.382,0.44,0,0
Box-23,22,28.6,47.2,0.558,C57Bl6n,chow,2017-03-15 03:36:00,386,249,78,75,22.2,0.963,0.389,0.44,0,0.01
Box-23,22,28.6,47.2,0.558,C57Bl6n,chow,2017-03-15 03:46:00,630,393,91,91,22.2,0.993,0.461,0.44,0,0
Box-23,22,28.6,47.2,0.558,C57Bl6n,chow,2017-03-15 03:56:00,45,15,75,73,22.2,0.982,0.375,0.45,0,0
Box-23,22,28.6,47.2,0.558,C57Bl6n,chow,2017-03-15 04:06:00,330,184,89,84,22.2,0.943,0.442,0.45,0,0
Box-23,22,28.6,47.2,0.558,C57Bl6n,chow,2017-03-15 04:16:00,348,240,88,83,22.2,0.952,0.437,0.45,0,0
Box-23,22,28.6,47.2,0.558,C57Bl6n,chow,2017-03-15 04:26:00,136,78,78,74,22.3,0.959,0.388,0.45,0,0.01
Box-23,22,28.6,47.2,0.558,C57Bl6n,chow,2017-03-15 04:36:00,233,149,79,72,22.2,0.904,0.391,0.46,0,0
Box-23,22,28.6,47.2,0.558,C57Bl6n,chow,2017-03-15 04:46:00,155,107,72,65,22.2,0.897,0.357,0.44,0,0
Box-23,22,28.6,47.2,0.558,C57Bl6n,chow,2017-03-15 04:56:00,381,257,75,67,22.2,0.893,0.37,0.46,0.01,0
Box-23,22,28.6,47.2,0.558,C57Bl6n,chow,2017-03-15 05:06:00,526,308,105,97,22.3,0.918,0.521,0.45,0.2,0
Box-23,22,28.6,47.2,0.558,C57Bl6n,chow,2017-03-15 05:16:00,77,12,71,64,22.3,0.908,0.35,0.44,0,0
Box-23,22,28.6,47.2,0.558,C57Bl6n,chow,2017-03-15 05:26:00,891,470,88,85,22.3,0.973,0.441,0.45,0,0
Box-23,22,28.6,47.2,0.558,C57Bl6n,chow,2017-03-15 05:36:00,892,479,90,87,22.3,0.973,0.45,0.44,0,0.23
Box-23,22,28.6,47.2,0.558,C57Bl6n,chow,2017-03-15 05:46:00,1029,566,122,116,22.3,0.953,0.609,0.45,0.11,0.02
Box-23,22,28.6,47.2,0.558,C57Bl6n,chow,2017-03-15 05:56:00,1114,640,106,102,22.4,0.962,0.533,0.46,0.12,0.13
Box-23,22,28.6,47.2,0.558,C57Bl6n,chow,2017-03-15 06:06:00,981,655,101,100,22.4,0.993,0.506,0.45,0,0
Box-23,22,28.6,47.2,0.558,C57Bl6n,chow,2017-03-15 06:16:00,739,392,131,128,22.4,0.973,0.659,0.44,0.14,0.17
Box-23,22,28.6,47.2,0.558,C57Bl6n,chow,2017-03-15 06:26:00,1076,630,107,107,22.5,0.995,0.542,0.46,0,0
Box-23,22,28.6,47.2,0.558,C57Bl6n,chow,2017-03-15 06:36:00,503,289,92,90,22.4,0.978,0.465,0.45,0,0
Box-23,22,28.6,47.2,0.558,C57Bl6n,chow,2017-03-15 06:46:00,103,72,86,85,22.3,0.992,0.433,0.46,0,0
Box-23,22,28.6,47.2,0.558,C57Bl6n,chow,2017-03-15 06:56:00,183,112,82,81,22.3,0.989,0.412,0.46,0,0
Box-23,22,28.6,47.2,0.558,C57Bl6n,chow,2017-03-15 07:06:00,138,91,82,81,22.3,0.983,0.412,0.46,0,0
Box-23,22,28.6,47.2,0.558,C57Bl6n,chow,2017-03-15 07:16:00,103,71,75,73,22.3,0.981,0.375,0.45,0,0
Box-23,22,28.6,47.2,0.558,C57Bl6n,chow,2017-03-15 07:26:00,235,183,74,70,22.3,0.953,0.369,0.44,0,0
Box-23,22,28.6,47.2,0.558,C57Bl6n,chow,2017-03-15 07:36:00,128,72,77,73,22.3,0.955,0.384,0.46,0,0
Box-23,22,28.6,47.2,0.558,C57Bl6n,chow,2017-03-15 07:46:00,408,254,85,82,22.3,0.964,0.424,0.45,0.04,0
Box-23,22,28.6,47.2,0.558,C57Bl6n,chow,2017-03-15 07:56:00,681,329,105,103,22.4,0.979,0.526,0.44,0.18,0.12
Box-23,22,28.6,47.2,0.558,C57Bl6n,chow,2017-03-15 08:06:00,200,135,80,78,22.4,0.973,0.402,0.45,0,0
Box-23,22,28.6,47.2,0.558,C57Bl6n,chow,2017-03-15 08:16:00,295,119,80,78,22.3,0.97,0.402,0.46,0,0
Box-23,22,28.6,47.2,0.558,C57Bl6n,chow,2017-03-15 08:26:00,180,131,71,71,22.3,0.995,0.359,0.45,0,0
Box-23,22,28.6,47.2,0.558,C57Bl6n,chow,2017-03-15 08:36:00,171,109,74,73,22.3,0.995,0.371,0.44,0.01,0
Box-23,22,28.6,47.2,0.558,C57Bl6n,chow,2017-03-15 08:46:00,86,28,74,72,22.3,0.981,0.37,0.45,0,0
Box-23,22,28.6,47.2,0.558,C57Bl6n,chow,2017-03-15 08:56:00,89,33,71,69,22.3,0.974,0.357,0.44,0,0
Box-23,22,28.6,47.2,0.558,C57Bl6n,chow,2017-03-15 09:06:00,172,59,75,72,22.3,0.961,0.373,0.45,0,0
Box-23,22,28.6,47.2,0.558,C57Bl6n,chow,2017-03-15 09:16:00,454,253,113,111,22.3,0.983,0.569,0.46,0.09,0
Box-23,22,28.6,47.2,0.558,C57Bl6n,chow,2017-03-15 09:26:00,518,253,77,74,22.4,0.959,0.384,0.47,0.15,0
Box-23,22,28.6,47.2,0.558,C57Bl6n,chow,2017-03-15 09:36:00,1473,838,86,84,22.4,0.983,0.43,0.44,0.02,0.07
Box-23,22,28.6,47.2,0.558,C57Bl6n,chow,2017-03-15 09:46:00,1362,802,99,99,22.4,0.999,0.498,0.46,0,0
Box-23,22,28.6,47.2,0.558,C57Bl6n,chow,2017-03-15 09:56:00,443,286,89,88,22.3,0.978,0.449,0.45,0,0
Box-23,22,28.6,47.2,0.558,C57Bl6n,chow,2017-03-15 10:06:00,158,82,87,86,22.3,0.99,0.439,0.46,0,0
Box-23,22,28.6,47.2,0.558,C57Bl6n,chow,2017-03-15 10:16:00,80,58,80,80,22.3,0.99,0.405,0.44,0,0
Box-23,22,28.6,47.2,0.558,C57Bl6n,chow,2017-03-15 10:26:00,98,54,74,71,22.3,0.96,0.369,0.46,0,0
Box-23,22,28.6,47.2,0.558,C57Bl6n,chow,2017-03-15 10:36:00,29,12,77,72,22.3,0.94,0.384,0.46,0,0
Box-23,22,28.6,47.2,0.558,C57Bl6n,chow,2017-03-15 10:46:00,138,105,77,72,22.3,0.939,0.382,0.46,0,0
Box-23,22,28.6,47.2,0.558,C57Bl6n,chow,2017-03-15 10:56:00,99,59,76,72,22.3,0.936,0.381,0.44,0,0
Box-23,22,28.6,47.2,0.558,C57Bl6n,chow,2017-03-15 11:06:00,616,427,75,69,22.3,0.923,0.371,0.44,0,0
Box-23,22,28.6,47.2,0.558,C57Bl6n,chow,2017-03-15 11:16:00,690,334,121,119,22.3,0.988,0.607,0.45,0.1,0.04
Box-23,22,28.6,47.2,0.558,C57Bl6n,chow,2017-03-15 11:26:00,1107,615,83,79,22.3,0.955,0.416,0.46,0,0.14
Box-23,22,28.6,47.2,0.558,C57Bl6n,chow,2017-03-15 11:36:00,58,30,83,80,22.3,0.957,0.416,0.45,0,0
Box-23,22,28.6,47.2,0.558,C57Bl6n,chow,2017-03-15 11:46:00,60,22,75,71,22.3,0.946,0.374,0.45,0,0
Box-23,22,28.6,47.2,0.558,C57Bl6n,chow,2017-03-15 11:56:00,84,63,75,71,22.3,0.945,0.376,0.45,0,0
Box-23,22,28.6,47.2,0.558,C57Bl6n,chow,2017-03-15 12:06:00,144,124,70,65,22.3,0.936,0.348,0.44,0,0
Box-23,22,28.6,47.2,0.558,C57Bl6n,chow,2017-03-15 12:16:00,122,97,72,67,22.3,0.929,0.356,0.45,0,0
Box-23,22,28.6,47.2,0.558,C57Bl6n,chow,2017-03-15 12:26:00,123,87,70,64,22.3,0.917,0.347,0.45,0,0
Box-23,22,28.6,47.2,0.558,C57Bl6n,chow,2017-03-15 12:36:00,156,107,70,64,22.3,0.911,0.345,0.44,0,0
Box-23,22,28.6,47.2,0.558,C57Bl6n,chow,2017-03-15 12:46:00,155,90,72,64,22.3,0.878,0.356,0.46,0,0.01
Box-23,22,28.6,47.2,0.558,C57Bl6n,chow,2017-03-15 12:56:00,602,301,74,65,22.3,0.888,0.362,0.45,0,0
Box-23,22,28.6,47.2,0.558,C57Bl6n,chow,2017-03-15 13:06:00,507,275,107,102,22.3,0.947,0.535,0.47,0.22,0
Box-23,22,28.6,47.2,0.558,C57Bl6n,chow,2017-03-15 13:16:00,222,153,76,72,22.3,0.941,0.379,0.44,0,0
Box-23,22,28.6,47.2,0.558,C57Bl6n,chow,2017-03-15 13:26:00,46,19,79,77,22.3,0.98,0.396,0.46,0,0
Box-23,22,28.6,47.2,0.558,C57Bl6n,chow,2017-03-15 13:36:00,93,74,75,73,22.3,0.976,0.375,0.44,0,0
Box-23,22,28.6,47.2,0.558,C57Bl6n,chow,2017-03-15 13:46:00,146,105,72,71,22.3,0.982,0.364,0.47,0,0
Box-23,22,28.6,47.2,0.558,C57Bl6n,chow,2017-03-15 13:56:00,95,84,71,69,22.3,0.978,0.356,0.44,0,0
Box-23,22,28.6,47.2,0.558,C57Bl6n,chow,2017-03-15 14:06:00,1193,1168,72,69,22.3,0.954,0.361,0.45,0,0
Box-23,22,28.6,47.2,0.558,C57Bl6n,chow,2017-03-15 14:16:00,107,63,76,72,22.3,0.945,0.377,0.47,0,0
Box-23,22,28.6,47.2,0.558,C57Bl6n,chow,2017-03-15 14:26:00,96,60,71,67,22.3,0.937,0.354,0.46,0,0
Box-23,22,28.6,47.2,0.558,C57Bl6n,chow,2017-03-15 14:36:00,382,232,74,71,22.3,0.962,0.37,0.46,0.03,0
Box-23,22,28.6,47.2,0.558,C57Bl6n,chow,2017-03-15 14:46:00,921,515,99,95,22.4,0.965,0.493,0.46,0.13,0.16
Box-23,22,28.6,47.2,0.558,C57Bl6n,chow,2017-03-15 14:56:00,628,336,89,87,22.4,0.976,0.447,0.45,0,0
Box-23,22,28.6,47.2,0.558,C57Bl6n,chow,2017-03-15 15:06:00,162,68,78,76,22.3,0.965,0.393,0.45,0,0
Box-23,22,28.6,47.2,0.558,C57Bl6n,chow,2017-03-15 15:16:00,168,35,76,76,22.3,0.993,0.385,0.44,0,0
Box-23,22,28.6,47.2,0.558,C57Bl6n,chow,2017-03-15 15:26:00,74,53,86,84,22.3,0.975,0.431,0.47,0,0
Box-23,22,28.6,47.2,0.558,C57Bl6n,chow,2017-03-15 15:36:00,1064,1062,79,77,22.3,0.986,0.395,0.44,0,0
Box-23,22,28.6,47.2,0.558,C57Bl6n,chow,2017-03-15 15:46:00,146,116,70,68,22.3,0.973,0.351,0.44,0,0
Box-23,22,28.6,47.2,0.558,C57Bl6n,chow,2017-03-15 15:56:00,703,658,69,68,22.3,0.978,0.349,0.45,0,0
Box-23,22,28.6,47.2,0.558,C57Bl6n,chow,2017-03-15 16:06:00,396,230,74,73,22.3,0.983,0.371,0.44,0,0
Box-23,22,28.6,47.2,0.558,C57Bl6n,chow,2017-03-15 16:16:00,380,303,77,77,22.3,0.992,0.389,0.45,0,0
Box-23,22,28.6,47.2,0.558,C57Bl6n,chow,2017-03-15 16:26:00,26,16,66,64,22.3,0.974,0.332,0.45,0,0
Box-23,22,28.6,47.2,0.558,C57Bl6n,chow,2017-03-15 16:36:00,163,110,68,63,22.3,0.923,0.336,0.45,0,0
Box-23,22,28.6,47.2,0.558,C57Bl6n,chow,2017-03-15 16:46:00,585,341,70,65,22.3,0.922,0.348,0.45,0.06,0
Box-23,22,28.6,47.2,0.558,C57Bl6n,chow,2017-03-15 16:56:00,379,210,70,65,22.3,0.938,0.347,0.45,0,0
Box-23,22,28.6,47.2,0.558,C57Bl6n,chow,2017-03-15 17:06:00,40,17,70,66,22.3,0.945,0.347,0.45,0,0
Box-23,22,28.6,47.2,0.558,C57Bl6n,chow,2017-03-15 17:16:00,10,5,70,64,22.3,0.907,0.347,0.45,0,0
Box-23,22,28.6,47.2,0.558,C57Bl6n,chow,2017-03-15 17:26:00,53,40,72,63,22.3,0.885,0.353,0.44,0,0
Box-23,22,28.6,47.2,0.558,C57Bl6n,chow,2017-03-15 17:36:00,491,257,80,71,22.3,0.893,0.392,0.46,0.12,0
Box-23,22,28.6,47.2,0.558,C57Bl6n,chow,2017-03-15 17:46:00,91,44,66,59,22.3,0.896,0.326,0.43,0,0
Box-23,22,28.6,47.2,0.558,C57Bl6n,chow,2017-03-15 17:56:00,130,80,77,73,22.3,0.949,0.384,0.46,0,0
Box-23,22,28.6,47.2,0.558,C57Bl6n,chow,2017-03-15 18:06:00,678,397,93,91,22.3,0.978,0.469,0.46,0,0
Box-23,22,28.6,47.2,0.558,C57Bl6n,chow,2017-03-15 18:16:00,889,499,102,99,22.3,0.97,0.511,0.44,0.37,0.05
Box-23,22,28.6,47.2,0.558,C57Bl6n,chow,2017-03-15 18:26:00,1268,802,111,108,22.4,0.976,0.557,0.44,0.01,0.25
Box-23,22,28.6,47.2,0.558,C57Bl6n,chow,2017-03-15 18:36:00,1039,560,117,116,22.5,0.994,0.589,0.44,0.02,0.11
Box-23,22,28.6,47.2,0.558,C57Bl6n,chow,2017-03-15 18:46:00,614,400,100,99,22.4,0.996,0.504,0.45,0,0
Box-23,22,28.6,47.2,0.558,C57Bl6n,chow,2017-03-15 18:56:00,206,148,100,99,22.4,0.987,0.505,0.46,0,0.01
Box-23,22,28.6,47.2,0.558,C57Bl6n,chow,2017-03-15 19:06:00,129,85,86,86,22.3,1.003,0.432,0.45,0,0
Box-23,22,28.6,47.2,0.558,C57Bl6n,chow,2017-03-15 19:16:00,870,481,119,122,22.3,1.024,0.603,0.44,0.08,0.02
Box-23,22,28.6,47.2,0.558,C57Bl6n,chow,2017-03-15 19:26:00,1082,661,133,136,22.4,1.022,0.676,0.44,0.12,0
Box-23,22,28.6,47.2,0.558,C57Bl6n,chow,2017-03-15 19:36:00,826,461,137,139,22.4,1.016,0.693,0.44,0.17,0.29
Box-23,22,28.6,47.2,0.558,C57Bl6n,chow,2017-03-15 19:46:00,1571,865,120,122,22.5,1.019,0.606,0.46,0.13,0.23
Box-23,22,28.6,47.2,0.558,C57Bl6n,chow,2017-03-15 19:56:00,728,447,130,131,22.6,1.015,0.656,0.46,0.24,0
Box-23,22,28.6,47.2,0.558,C57Bl6n,chow,2017-03-15 20:06:00,454,333,91,93,22.4,1.016,0.463,0.45,0,0
Box-23,22,28.6,47.2,0.558,C57Bl6n,chow,2017-03-15 20:16:00,361,239,92,94,22.4,1.018,0.468,0.45,0,0
Box-23,22,28.6,47.2,0.558,C57Bl6n,chow,2017-03-15 20:26:00,398,253,89,91,22.3,1.025,0.452,0.45,0,0
Box-23,22,28.6,47.2,0.558,C57Bl6n,chow,2017-03-15 20:36:00,338,243,96,100,22.3,1.047,0.488,0.44,0,0
Box-23,22,28.6,47.2,0.558,C57Bl6n,chow,2017-03-15 20:46:00,453,376,82,86,22.3,1.05,0.42,0.45,0,0
Box-23,22,28.6,47.2,0.558,C57Bl6n,chow,2017-03-15 20:56:00,92,62,83,87,22.3,1.045,0.424,0.45,0,0
Box-23,22,28.6,47.2,0.558,C57Bl6n,chow,2017-03-15 21:06:00,333,191,113,118,22.3,1.046,0.576,0.46,0.14,0
Box-23,22,28.6,47.2,0.558,C57Bl6n,chow,2017-03-15 21:16:00,537,343,96,101,22.3,1.051,0.491,0.45,0,0.01
Box-23,22,28.6,47.2,0.558,C57Bl6n,chow,2017-03-15 21:26:00,358,198,113,118,22.3,1.046,0.574,0.45,0.14,0
Box-23,22,28.6,47.2,0.558,C57Bl6n,chow,2017-03-15 21:36:00,1030,606,110,116,22.4,1.052,0.564,0.45,0,0.11
Box-23,22,28.6,47.2,0.558,C57Bl6n,chow,2017-03-15 21:46:00,878,522,95,99,22.3,1.04,0.483,0.45,0,0.15
Box-23,22,28.6,47.2,0.558,C57Bl6n,chow,2017-03-15 21:56:00,865,465,125,128,22.4,1.025,0.635,0.45,0.01,0
Box-23,22,28.6,47.2,0.558,C57Bl6n,chow,2017-03-15 22:06:00,1022,605,130,134,22.5,1.029,0.66,0.45,0.15,0.12
Box-23,22,28.6,47.2,0.558,C57Bl6n,chow,2017-03-15 22:16:00,1200,685,122,126,22.5,1.033,0.62,0.44,0.03,0.04
Box-23,22,28.6,47.2,0.558,C57Bl6n,chow,2017-03-15 22:26:00,322,215,102,104,22.4,1.02,0.516,0.45,0,0
Box-23,22,28.6,47.2,0.558,C57Bl6n,chow,2017-03-15 22:36:00,375,256,93,94,22.3,1.016,0.47,0.46,0,0
Box-23,22,28.6,47.2,0.558,C57Bl6n,chow,2017-03-15 22:46:00,372,330,94,97,22.3,1.036,0.479,0.46,0,0
Box-23,22,28.6,47.2,0.558,C57Bl6n,chow,2017-03-15 22:56:00,107,46,91,94,22.3,1.029,0.463,0.46,0,0
Box-23,22,28.6,47.2,0.558,C57Bl6n,chow,2017-03-15 23:06:00,247,165,81,84,22.3,1.039,0.413,0.45,0,0
Box-23,22,28.6,47.2,0.558,C57Bl6n,chow,2017-03-15 23:16:00,189,109,81,84,22.3,1.039,0.414,0.46,0,0
Box-23,22,28.6,47.2,0.558,C57Bl6n,chow,2017-03-15 23:26:00,1216,742,111,115,22.3,1.033,0.564,0.45,0,0
Box-23,22,28.6,47.2,0.558,C57Bl6n,chow,2017-03-15 23:36:00,1378,855,122,125,22.4,1.025,0.619,0.46,0.03,0.03
Box-23,22,28.6,47.2,0.558,C57Bl6n,chow,2017-03-15 23:46:00,1218,689,132,134,22.5,1.012,0.67,0.46,0.13,0.05
Box-23,22,28.6,47.2,0.558,C57Bl6n,chow,2017-03-15 23:56:00,1587,878,129,130,22.5,1.012,0.652,0.46,0,0.11
Box-23,22,28.6,47.2,0.558,C57Bl6n,chow,2017-03-16 00:06:00,1154,698,108,109,22.5,1.006,0.548,0.46,0.01,0
Box-23,22,28.6,47.2,0.558,C57Bl6n,chow,2017-03-16 00:16:00,505,260,101,101,22.5,1,0.508,0.45,0,0
Box-23,22,28.6,47.2,0.558,C57Bl6n,chow,2017-03-16 00:26:00,369,217,94,92,22.3,0.984,0.471,0.46,0,0
Box-23,22,28.6,47.2,0.558,C57Bl6n,chow,2017-03-16 00:36:00,160,126,80,80,22.3,0.998,0.403,0.44,0,0
Box-23,22,28.6,47.2,0.558,C57Bl6n,chow,2017-03-16 00:46:00,294,206,78,76,22.3,0.973,0.391,0.45,0,0
Box-23,22,28.6,47.2,0.558,C57Bl6n,chow,2017-03-16 00:56:00,174,120,78,75,22.3,0.967,0.39,0.44,0,0
Box-23,22,28.6,47.2,0.558,C57Bl6n,chow,2017-03-16 01:06:00,670,443,97,93,22.3,0.968,0.484,0.46,0.11,0
Box-23,22,28.6,47.2,0.558,C57Bl6n,chow,2017-03-16 01:16:00,1213,702,131,130,22.4,0.993,0.659,0.45,0,0.04
Box-23,22,28.6,47.2,0.558,C57Bl6n,chow,2017-03-16 01:26:00,576,287,112,111,22.5,0.992,0.564,0.44,0.23,0.09
Box-23,22,28.6,47.2,0.558,C57Bl6n,chow,2017-03-16 01:36:00,88,55,100,99,22.5,0.99,0.503,0.45,0.02,0
Box-23,22,28.6,47.2,0.558,C57Bl6n,chow,2017-03-16 01:46:00,68,52,81,81,22.3,0.999,0.411,0.46,0,0
Box-23,22,28.6,47.2,0.558,C57Bl6n,chow,2017-03-16 01:56:00,259,182,86,88,22.3,1.016,0.437,0.45,0,0
Box-23,22,28.6,47.2,0.558,C57Bl6n,chow,2017-03-16 02:06:00,149,74,87,87,22.3,1.007,0.438,0.46,0,0
Box-23,22,28.6,47.2,0.558,C57Bl6n,chow,2017-03-16 02:16:00,205,110,82,82,22.3,1.005,0.412,0.44,0,0
Box-23,22,28.6,47.2,0.558,C57Bl6n,chow,2017-03-16 02:26:00,753,470,98,99,22.3,1.01,0.493,0.45,0,0.04
Box-23,22,28.6,47.2,0.558,C57Bl6n,chow,2017-03-16 02:36:00,380,224,96,97,22.3,1.007,0.486,0.44,0,0.03
Box-23,22,28.6,47.2,0.558,C57Bl6n,chow,2017-03-16 02:46:00,149,75,78,77,22.3,0.987,0.39,0.44,0,0
Box-23,22,28.6,47.2,0.558,C57Bl6n,chow,2017-03-16 02:56:00,157,108,79,78,22.3,0.986,0.396,0.45,0,0
Box-23,22,28.6,47.2,0.558,C57Bl6n,chow,2017-03-16 03:06:00,688,398,89,84,22.3,0.942,0.445,0.47,0.03,0
Box-23,22,28.6,47.2,0.558,C57Bl6n,chow,2017-03-16 03:16:00,643,359,77,73,22.3,0.948,0.386,0.44,0,0
Box-23,22,28.6,47.2,0.558,C57Bl6n,chow,2017-03-16 03:26:00,154,80,82,80,22.3,0.972,0.411,0.45,0,0
Box-23,22,28.6,47.2,0.558,C57Bl6n,chow,2017-03-16 03:36:00,133,88,82,79,22.3,0.962,0.409,0.46,0,0
Box-23,22,28.6,47.2,0.558,C57Bl6n,chow,2017-03-16 03:46:00,909,601,90,83,22.3,0.916,0.446,0.46,0,0
Box-23,22,28.6,47.2,0.558,C57Bl6n,chow,2017-03-16 03:56:00,871,508,117,109,22.4,0.927,0.582,0.45,0,0.05
Box-23,22,28.6,47.2,0.558,C57Bl6n,chow,2017-03-16 04:06:00,1727,1095,103,96,22.5,0.936,0.511,0.44,0.02,0.05
Box-23,22,28.6,47.2,0.558,C57Bl6n,chow,2017-03-16 04:16:00,1036,546,97,91,22.5,0.935,0.481,0.46,0,0
Box-23,22,28.6,47.2,0.558,C57Bl6n,chow,2017-03-16 04:26:00,534,327,88,82,22.3,0.925,0.438,0.45,0,0
Box-23,22,28.6,47.2,0.558,C57Bl6n,chow,2017-03-16 04:36:00,454,364,87,81,22.3,0.936,0.433,0.46,0,0
Box-23,22,28.6,47.2,0.558,C57Bl6n,chow,2017-03-16 04:46:00,154,126,76,68,22.3,0.904,0.373,0.46,0,0
Box-23,22,28.6,47.2,0.558,C57Bl6n,chow,2017-03-16 04:56:00,424,272,76,68,22.3,0.895,0.373,0.46,0,0
Box-23,22,28.6,47.2,0.558,C57Bl6n,chow,2017-03-16 05:06:00,277,186,88,76,22.3,0.869,0.43,0.45,0.01,0.01
Box-23,22,28.6,47.2,0.558,C57Bl6n,chow,2017-03-16 05:16:00,608,358,84,72,22.3,0.857,0.41,0.46,0.04,0
Box-23,22,28.6,47.2,0.558,C57Bl6n,chow,2017-03-16 05:26:00,147,83,69,58,22.3,0.842,0.334,0.46,0,0
Box-23,22,28.6,47.2,0.558,C57Bl6n,chow,2017-03-16 05:36:00,502,377,68,58,22.3,0.855,0.332,0.46,0,0
Box-23,22,28.6,47.2,0.558,C57Bl6n,chow,2017-03-16 05:46:00,622,397,107,93,22.3,0.875,0.523,0.44,0.21,0
Box-23,22,28.6,47.2,0.558,C57Bl6n,chow,2017-03-16 05:56:00,870,478,117,105,22.4,0.904,0.576,0.46,0,0.18
Box-23,22,28.6,47.2,0.558,C57Bl6n,chow,2017-03-16 06:06:00,1405,853,111,104,22.4,0.931,0.553,0.44,0.04,0.05
Box-23,22,28.6,47.2,0.558,C57Bl6n,chow,2017-03-16 06:16:00,406,218,101,93,22.4,0.925,0.5,0.46,0,0
Box-23,22,28.6,47.2,0.558,C57Bl6n,chow,2017-03-16 06:26:00,196,99,92,85,22.3,0.922,0.458,0.46,0,0
Box-23,22,28.6,47.2,0.558,C57Bl6n,chow,2017-03-16 06:36:00,366,215,87,81,22.3,0.932,0.435,0.46,0,0
Box-23,22,28.6,47.2,0.558,C57Bl6n,chow,2017-03-16 06:46:00,144,89,75,69,22.3,0.925,0.372,0.44,0,0
Box-23,22,28.6,47.2,0.558,C57Bl6n,chow,2017-03-16 06:56:00,84,53,75,69,22.3,0.916,0.371,0.45,0,0
Box-23,22,28.6,47.2,0.558,C57Bl6n,chow,2017-03-16 07:06:00,161,127,77,67,22.3,0.868,0.375,0.45,0,0
Box-23,22,28.6,47.2,0.558,C57Bl6n,chow,2017-03-16 07:16:00,211,105,79,70,22.3,0.879,0.39,0.46,0,0
Box-23,22,28.6,47.2,0.558,C57Bl6n,chow,2017-03-16 07:26:00,229,110,70,62,22.3,0.887,0.344,0.44,0,0
Box-23,22,28.6,47.2,0.558,C57Bl6n,chow,2017-03-16 07:36:00,774,443,76,67,22.3,0.891,0.372,0.45,0.1,0
Box-23,22,28.6,47.2,0.558,C57Bl6n,chow,2017-03-16 07:46:00,783,433,103,95,22.4,0.918,0.511,0.45,0.18,0.12
Box-23,22,28.6,47.2,0.558,C57Bl6n,chow,2017-03-16 07:56:00,380,184,77,71,22.3,0.921,0.381,0.46,0,0
Box-23,22,28.6,47.2,0.558,C57Bl6n,chow,2017-03-16 08:06:00,340,154,83,79,22.3,0.956,0.415,0.46,0,0
Box-23,22,28.6,47.2,0.558,C57Bl6n,chow,2017-03-16 08:16:00,158,60,81,77,22.3,0.96,0.404,0.46,0,0.01
Box-23,22,28.6,47.2,0.558,C57Bl6n,chow,2017-03-16 08:26:00,55,15,71,69,22.3,0.964,0.357,0.44,0,0
Box-23,22,28.6,47.2,0.558,C57Bl6n,chow,2017-03-16 08:36:00,85,26,73,70,22.3,0.959,0.363,0.45,0,0
Box-23,22,28.6,47.2,0.558,C57Bl6n,chow,2017-03-16 08:46:00,249,115,73,69,22.3,0.948,0.366,0.44,0,0
Box-23,22,28.6,47.2,0.558,C57Bl6n,chow,2017-03-16 08:56:00,836,492,79,74,22.3,0.948,0.392,0.45,0.01,0.08
Box-23,22,28.6,47.2,0.558,C57Bl6n,chow,2017-03-16 09:06:00,170,92,74,70,22.3,0.941,0.369,0.46,0,0
Box-23,22,28.6,47.2,0.558,C57Bl6n,chow,2017-03-16 09:16:00,97,72,68,65,22.3,0.951,0.34,0.45,0,0
Box-23,22,28.6,47.2,0.558,C57Bl6n,chow,2017-03-16 09:26:00,117,82,75,68,22.3,0.905,0.373,0.44,0,0
Box-23,22,28.6,47.2,0.558,C57Bl6n,chow,2017-03-16 09:36:00,181,97,75,67,22.3,0.894,0.367,0.44,0,0
Box-23,22,28.6,47.2,0.558,C57Bl6n,chow,2017-03-16 09:46:00,610,481,76,68,22.3,0.89,0.376,0.45,0,0
Box-23,22,28.6,47.2,0.558,C57Bl6n,chow,2017-03-16 09:56:00,505,358,108,101,22.3,0.931,0.539,0.46,0.04,0
Box-23,22,28.6,47.2,0.558,C57Bl6n,chow,2017-03-16 10:06:00,150,114,77,71,22.3,0.92,0.381,0.45,0,0
Box-23,22,28.6,47.2,0.558,C57Bl6n,chow,2017-03-16 10:16:00,142,95,75,70,22.3,0.933,0.371,0.45,0,0
Box-23,22,28.6,47.2,0.558,C57Bl6n,chow,2017-03-16 10:26:00,147,67,70,64,22.3,0.924,0.346,0.45,0,0
Box-23,22,28.6,47.2,0.558,C57Bl6n,chow,2017-03-16 10:36:00,99,69,69,63,22.3,0.916,0.343,0.44,0,0
Box-23,22,28.6,47.2,0.558,C57Bl6n,chow,2017-03-16 10:46:00,109,82,72,65,22.3,0.905,0.356,0.44,0,0
Box-23,22,28.6,47.2,0.558,C57Bl6n,chow,2017-03-16 10:56:00,70,55,76,69,22.3,0.908,0.378,0.46,0,0
Box-23,22,28.6,47.2,0.558,C57Bl6n,chow,2017-03-16 11:06:00,491,324,73,66,22.3,0.894,0.362,0.44,0,0
Box-23,22,28.6,47.2,0.558,C57Bl6n,chow,2017-03-16 11:16:00,368,207,120,112,22.3,0.931,0.597,0.46,0.22,0.01
Box-23,22,28.6,47.2,0.558,C57Bl6n,chow,2017-03-16 11:26:00,1491,801,98,93,22.4,0.944,0.489,0.47,0.07,0.18
Box-23,22,28.6,47.2,0.558,C57Bl6n,chow,2017-03-16 11:36:00,1602,944,84,79,22.4,0.943,0.419,0.46,0,0
Box-23,22,28.6,47.2,0.558,C57Bl6n,chow,2017-03-16 11:46:00,306,183,88,85,22.3,0.962,0.44,0.45,0,0
Box-23,22,28.6,47.2,0.558,C57Bl6n,chow,2017-03-16 11:56:00,307,208,88,86,22.3,0.975,0.442,0.45,0,0
Box-23,22,28.6,47.2,0.558,C57Bl6n,chow,2017-03-16 12:06:00,85,82,77,74,22.3,0.951,0.387,0.46,0,0
Box-23,22,28.6,47.2,0.558,C57Bl6n,chow,2017-03-16 12:16:00,111,69,76,72,22.3,0.946,0.379,0.45,0,0
Box-23,22,28.6,47.2,0.558,C57Bl6n,chow,2017-03-16 12:26:00,169,148,71,67,22.3,0.932,0.355,0.45,0,0.03
Box-23,22,28.6,47.2,0.558,C57Bl6n,chow,2017-03-16 12:36:00,36,23,71,65,22.3,0.911,0.353,0.46,0,0
Box-23,22,28.6,47.2,0.558,C57Bl6n,chow,2017-03-16 12:46:00,93,63,73,67,22.3,0.924,0.361,0.45,0,0
Box-23,22,28.6,47.2,0.558,C57Bl6n,chow,2017-03-16 12:56:00,76,64,71,65,22.2,0.912,0.352,0.45,0,0
Box-23,22,28.6,47.2,0.558,C57Bl6n,chow,2017-03-16 13:06:00,31,19,68,61,22.3,0.899,0.333,0.44,0,0
Box-23,22,28.6,47.2,0.558,C57Bl6n,chow,2017-03-16 13:16:00,71,51,66,59,22.2,0.889,0.326,0.44,0,0
Box-23,22,28.6,47.2,0.558,C57Bl6n,chow,2017-03-16 13:26:00,384,252,75,70,22.3,0.933,0.374,0.45,0,0
Box-23,22,28.6,47.2,0.558,C57Bl6n,chow,2017-03-16 13:36:00,90,46,76,71,22.3,0.939,0.379,0.45,0,0
Box-23,22,28.6,47.2,0.558,C57Bl6n,chow,2017-03-16 13:46:00,50,27,70,62,22.3,0.888,0.344,0.46,0,0
Box-23,22,28.6,47.2,0.558,C57Bl6n,chow,2017-03-16 13:56:00,293,201,68,59,22.3,0.874,0.332,0.45,0,0
Box-23,22,28.6,47.2,0.558,C57Bl6n,chow,2017-03-16 14:06:00,61,44,69,60,22.3,0.874,0.339,0.46,0,0
Box-23,22,28.6,47.2,0.558,C57Bl6n,chow,2017-03-16 14:16:00,284,185,67,58,22.3,0.866,0.33,0.45,0,0
Box-23,22,28.6,47.2,0.558,C57Bl6n,chow,2017-03-16 14:26:00,777,458,80,73,22.3,0.905,0.398,0.45,0.05,0
Box-23,22,28.6,47.2,0.558,C57Bl6n,chow,2017-03-16 14:36:00,430,306,80,72,22.3,0.897,0.396,0.44,0,0
Box-23,22,28.6,47.2,0.558,C57Bl6n,chow,2017-03-16 14:46:00,81,47,70,62,22.3,0.894,0.343,0.45,0,0
Box-23,22,28.6,47.2,0.558,C57Bl6n,chow,2017-03-16 14:56:00,80,77,69,62,22.3,0.895,0.341,0.45,0,0
Box-23,22,28.6,47.2,0.558,C57Bl6n,chow,2017-03-16 15:06:00,90,65,73,63,22.3,0.858,0.359,0.45,0,0
Box-23,22,28.6,47.2,0.558,C57Bl6n,chow,2017-03-16 15:16:00,76,30,70,60,22.3,0.853,0.341,0.46,0,0
Box-23,22,28.6,47.2,0.558,C57Bl6n,chow,2017-03-16 15:26:00,96,51,70,60,22.2,0.858,0.342,0.46,0,0
Box-23,22,28.6,47.2,0.558,C57Bl6n,chow,2017-03-16 15:36:00,592,512,69,60,22.3,0.863,0.339,0.46,0,0
Box-23,22,28.6,47.2,0.558,C57Bl6n,chow,2017-03-16 15:46:00,243,131,64,56,22.3,0.867,0.316,0.45,0,0
Box-23,22,28.6,47.2,0.558,C57Bl6n,chow,2017-03-16 15:56:00,634,365,91,82,22.3,0.894,0.451,0.44,0.08,0
Box-23,22,28.6,47.2,0.558,C57Bl6n,chow,2017-03-16 16:06:00,237,121,76,69,22.3,0.906,0.377,0.46,0,0
Box-23,22,28.6,47.2,0.558,C57Bl6n,chow,2017-03-16 16:16:00,176,123,76,69,22.3,0.903,0.378,0.46,0,0
Box-23,22,28.6,47.2,0.558,C57Bl6n,chow,2017-03-16 16:26:00,188,127,72,67,22.3,0.922,0.358,0.45,0,0
Box-23,22,28.6,47.2,0.558,C57Bl6n,chow,2017-03-16 16:36:00,107,75,71,65,22.2,0.914,0.354,0.46,0,0
Box-23,22,28.6,47.2,0.558,C57Bl6n,chow,2017-03-16 16:46:00,338,137,73,67,22.2,0.92,0.36,0.44,0,0
Box-23,22,28.6,47.2,0.558,C57Bl6n,chow,2017-03-16 16:56:00,400,215,79,74,22.3,0.937,0.395,0.46,0.2,0.12
Box-23,22,28.6,47.2,0.558,C57Bl6n,chow,2017-03-16 17:06:00,125,76,68,61,22.3,0.907,0.334,0.45,0,0
Box-23,22,28.6,47.2,0.558,C57Bl6n,chow,2017-03-16 17:16:00,75,54,72,70,22.3,0.961,0.362,0.46,0,0.01
Box-23,22,28.6,47.2,0.558,C57Bl6n,chow,2017-03-16 17:26:00,68,24,72,71,22.3,0.991,0.36,0.44,0,0
Box-23,22,28.6,47.2,0.558,C57Bl6n,chow,2017-03-16 17:36:00,223,108,75,75,22.3,0.994,0.378,0.45,0,0
Box-23,22,28.6,47.2,0.558,C57Bl6n,chow,2017-03-16 17:46:00,472,292,84,84,22.3,0.998,0.424,0.45,0.03,0.05
Box-23,22,28.6,47.2,0.558,C57Bl6n,chow,2017-03-16 17:56:00,614,349,79,76,22.3,0.956,0.396,0.45,0.06,0
Box-23,22,28.6,47.2,0.558,C57Bl6n,chow,2017-03-16 18:06:00,163,98,80,78,22.3,0.976,0.402,0.45,0,0.03
Box-23,22,28.6,47.2,0.558,C57Bl6n,chow,2017-03-16 18:16:00,600,356,80,79,22.3,0.981,0.403,0.45,0.02,0
Box-23,22,28.6,47.2,0.558,C57Bl6n,chow,2017-03-16 18:26:00,1401,838,108,104,22.4,0.965,0.541,0.44,0.16,0.12
Box-23,22,28.6,47.2,0.558,C57Bl6n,chow,2017-03-16 18:36:00,1108,638,134,130,22.4,0.974,0.671,0.45,0.2,0.1
Box-23,22,28.6,47.2,0.558,C57Bl6n,chow,2017-03-16 18:46:00,409,329,85,82,22.3,0.958,0.427,0.44,0,0
Box-23,22,28.6,47.2,0.558,C57Bl6n,chow,2017-03-16 18:56:00,945,528,87,84,22.3,0.965,0.437,0.45,0,0.15
Box-23,22,28.6,47.2,0.558,C57Bl6n,chow,2017-03-16 19:06:00,650,317,140,139,22.4,0.992,0.707,0.46,0.24,0.27
Box-23,22,28.6,47.2,0.558,C57Bl6n,chow,2017-03-16 19:16:00,1371,815,113,113,22.6,1,0.573,0.44,0.18,0.22
Box-23,22,28.6,47.2,0.558,C57Bl6n,chow,2017-03-16 19:26:00,1525,914,104,104,22.5,0.998,0.525,0.45,0.07,0.06
Box-23,22,28.6,47.2,0.558,C57Bl6n,chow,2017-03-16 19:36:00,1020,658,94,94,22.5,0.996,0.474,0.44,0,0
Box-23,22,28.6,47.2,0.558,C57Bl6n,chow,2017-03-16 19:46:00,244,172,101,100,22.3,0.982,0.51,0.46,0,0
Box-23,22,28.6,47.2,0.558,C57Bl6n,chow,2017-03-16 19:56:00,95,65,87,87,22.3,1.005,0.439,0.45,0,0
Box-23,22,28.6,47.2,0.558,C57Bl6n,chow,2017-03-16 20:06:00,99,78,81,82,22.3,1.01,0.409,0.44,0,0
Box-23,22,28.6,47.2,0.558,C57Bl6n,chow,2017-03-16 20:16:00,342,223,83,85,22.3,1.021,0.421,0.45,0,0
Box-23,22,28.6,47.2,0.558,C57Bl6n,chow,2017-03-16 20:26:00,774,469,98,102,22.3,1.04,0.498,0.45,0,0.02
Box-23,22,28.6,47.2,0.558,C57Bl6n,chow,2017-03-16 20:36:00,312,174,96,98,22.4,1.024,0.487,0.46,0.21,0.03
Box-23,22,28.6,47.2,0.558,C57Bl6n,chow,2017-03-16 20:46:00,153,112,82,83,22.3,1.013,0.413,0.46,0,0
Box-23,22,28.6,47.2,0.558,C57Bl6n,chow,2017-03-16 20:56:00,127,96,79,80,22.3,1.014,0.4,0.45,0,0
Box-23,22,28.6,47.2,0.558,C57Bl6n,chow,2017-03-16 21:06:00,283,177,85,88,22.3,1.04,0.431,0.46,0,0
Box-23,22,28.6,47.2,0.558,C57Bl6n,chow,2017-03-16 21:16:00,151,102,76,80,22.3,1.049,0.388,0.45,0,0
Box-23,22,28.6,47.2,0.558,C57Bl6n,chow,2017-03-16 21:26:00,258,149,79,82,22.3,1.037,0.4,0.44,0,0
Box-23,22,28.6,47.2,0.558,C57Bl6n,chow,2017-03-16 21:36:00,926,504,81,83,22.3,1.033,0.41,0.44,0.06,0
Box-23,22,28.6,47.2,0.558,C57Bl6n,chow,2017-03-16 21:46:00,894,524,123,125,22.4,1.018,0.624,0.45,0.06,0.22
Box-23,22,28.6,47.2,0.558,C57Bl6n,chow,2017-03-16 21:56:00,1251,700,114,117,22.5,1.028,0.577,0.44,0.18,0.24
Box-23,22,28.6,47.2,0.558,C57Bl6n,chow,2017-03-16 22:06:00,960,575,110,114,22.6,1.03,0.561,0.46,0,0.09
Box-23,22,28.6,47.2,0.558,C57Bl6n,chow,2017-03-16 22:16:00,1020,579,98,99,22.5,1.018,0.494,0.44,0.14,0.08
Box-23,22,28.6,47.2,0.558,C57Bl6n,chow,2017-03-16 22:26:00,729,411,128,130,22.5,1.013,0.647,0.44,0.11,0.12
Box-23,22,28.6,47.2,0.558,C57Bl6n,chow,2017-03-16 22:36:00,1011,552,96,96,22.4,0.999,0.486,0.46,0,0
Box-23,22,28.6,47.2,0.558,C57Bl6n,chow,2017-03-16 22:46:00,295,221,89,90,22.3,1.01,0.451,0.45,0,0
Box-23,22,28.6,47.2,0.558,C57Bl6n,chow,2017-03-16 22:56:00,103,73,89,90,22.3,1.014,0.45,0.46,0,0
Box-23,22,28.6,47.2,0.558,C57Bl6n,chow,2017-03-16 23:06:00,101,57,75,77,22.3,1.025,0.383,0.45,0,0
Box-23,22,28.6,47.2,0.558,C57Bl6n,chow,2017-03-16 23:16:00,131,84,81,83,22.3,1.031,0.411,0.44,0,0
Box-23,22,28.6,47.2,0.558,C57Bl6n,chow,2017-03-16 23:26:00,613,358,136,141,22.3,1.036,0.691,0.45,0.06,0
Box-23,22,28.6,47.2,0.558,C57Bl6n,chow,2017-03-16 23:36:00,1293,657,128,133,22.4,1.04,0.654,0.44,0.04,0.01
Box-23,22,28.6,47.2,0.558,C57Bl6n,chow,2017-03-16 23:46:00,1482,885,96,97,22.3,1.006,0.485,0.45,0,0
Box-23,22,28.6,47.2,0.558,C57Bl6n,chow,2017-03-16 23:56:00,991,577,122,124,22.3,1.016,0.62,0.45,0.1,0.1
Box-23,22,28.6,47.2,0.558,C57Bl6n,chow,2017-03-17 00:06:00,1379,880,94,95,22.4,1.014,0.475,0.46,0.16,0.11
Box-23,22,28.6,47.2,0.558,C57Bl6n,chow,2017-03-17 00:16:00,1927,992,90,92,22.4,1.013,0.458,0.45,0.04,0.06
Box-23,22,28.6,47.2,0.558,C57Bl6n,chow,2017-03-17 00:26:00,946,560,95,95,22.3,0.995,0.48,0.45,0,0
Box-23,22,28.6,47.2,0.558,C57Bl6n,chow,2017-03-17 00:36:00,448,271,107,109,22.3,1.02,0.544,0.45,0,0
Box-23,22,28.6,47.2,0.558,C57Bl6n,chow,2017-03-17 00:46:00,369,204,82,83,22.3,1.006,0.414,0.44,0,0
Box-23,22,28.6,47.2,0.558,C57Bl6n,chow,2017-03-17 00:56:00,499,283,85,86,22.3,1.015,0.431,0.45,0,0
Box-23,22,28.6,47.2,0.558,C57Bl6n,chow,2017-03-17 01:06:00,95,64,81,82,22.3,1.016,0.409,0.46,0,0
Box-23,22,28.6,47.2,0.558,C57Bl6n,chow,2017-03-17 01:16:00,21,15,75,74,22.3,0.988,0.376,0.44,0,0
Box-23,22,28.6,47.2,0.558,C57Bl6n,chow,2017-03-17 01:26:00,197,102,80,78,22.3,0.983,0.401,0.46,0,0
Box-23,22,28.6,47.2,0.558,C57Bl6n,chow,2017-03-17 01:36:00,96,63,78,76,22.3,0.979,0.392,0.45,0,0
Box-23,22,28.6,47.2,0.558,C57Bl6n,chow,2017-03-17 01:46:00,680,309,91,91,22.3,0.998,0.46,0.46,0,0
Box-23,22,28.6,47.2,0.558,C57Bl6n,chow,2017-03-17 01:56:00,394,182,107,109,22.3,1.012,0.543,0.45,0.1,0.15
Box-23,22,28.6,47.2,0.558,C57Bl6n,chow,2017-03-17 02:06:00,155,120,77,76,22.3,0.99,0.386,0.45,0,0
Box-23,22,28.6,47.2,0.558,C57Bl6n,chow,2017-03-17 02:16:00,130,84,74,74,22.3,1.003,0.375,0.45,0,0
Box-23,22,28.6,47.2,0.558,C57Bl6n,chow,2017-03-17 02:26:00,368,183,78,77,22.3,0.998,0.391,0.44,0,0
Box-23,22,28.6,47.2,0.558,C57Bl6n,chow,2017-03-17 02:36:00,1156,593,108,110,22.3,1.018,0.548,0.45,0,0.03
Box-23,22,28.6,47.2,0.558,C57Bl6n,chow,2017-03-17 02:46:00,883,443,104,105,22.4,1.007,0.528,0.45,0.03,0
Box-23,22,28.6,47.2,0.558,C57Bl6n,chow,2017-03-17 02:56:00,339,183,86,86,22.4,1.003,0.433,0.44,0,0
Box-23,22,28.6,47.2,0.558,C57Bl6n,chow,2017-03-17 03:06:00,408,243,80,78,22.3,0.968,0.401,0.45,0,0
Box-23,22,28.6,47.2,0.558,C57Bl6n,chow,2017-03-17 03:16:00,234,136,83,81,22.3,0.981,0.415,0.46,0,0
Box-23,22,28.6,47.2,0.558,C57Bl6n,chow,2017-03-17 03:26:00,1164,1114,88,80,22.3,0.917,0.435,0.47,0,0
Box-23,22,28.6,47.2,0.558,C57Bl6n,chow,2017-03-17 03:36:00,899,509,88,80,22.3,0.907,0.436,0.46,0,0
Box-23,22,28.6,47.2,0.558,C57Bl6n,chow,2017-03-17 03:46:00,554,255,113,105,22.3,0.93,0.56,0.44,0,0
Box-23,22,28.6,47.2,0.558,C57Bl6n,chow,2017-03-17 03:56:00,501,272,80,75,22.4,0.941,0.397,0.47,0,0
Box-23,22,28.6,47.2,0.558,C57Bl6n,chow,2017-03-17 04:06:00,296,168,76,70,22.3,0.929,0.377,0.45,0,0
Box-23,22,28.6,47.2,0.558,C57Bl6n,chow,2017-03-17 04:16:00,258,152,78,72,22.3,0.923,0.385,0.46,0,0
Box-23,22,28.6,47.2,0.558,C57Bl6n,chow,2017-03-17 04:26:00,312,98,83,74,22.3,0.898,0.409,0.44,0,0
Box-23,22,28.6,47.2,0.558,C57Bl6n,chow,2017-03-17 04:36:00,693,349,99,91,22.3,0.911,0.492,0.46,0.11,0
Box-23,22,28.6,47.2,0.558,C57Bl6n,chow,2017-03-17 04:46:00,1239,653,78,69,22.3,0.883,0.386,0.45,0,0
Box-23,22,28.6,47.2,0.558,C57Bl6n,chow,2017-03-17 04:56:00,1270,645,97,88,22.4,0.909,0.477,0.45,0,0
Box-23,22,28.6,47.2,0.558,C57Bl6n,chow,2017-03-17 05:06:00,181,116,87,81,22.3,0.936,0.432,0.46,0,0
Box-23,22,28.6,47.2,0.558,C57Bl6n,chow,2017-03-17 05:16:00,212,86,80,74,22.3,0.925,0.398,0.45,0,0
Box-23,22,28.6,47.2,0.558,C57Bl6n,chow,2017-03-17 05:26:00,1143,578,111,104,22.3,0.939,0.552,0.46,0,0.04
Box-23,22,28.6,47.2,0.558,C57Bl6n,chow,2017-03-17 05:36:00,416,201,95,88,22.3,0.928,0.473,0.46,0,0
Box-23,22,28.6,47.2,0.558,C57Bl6n,chow,2017-03-17 05:46:00,150,81,83,76,22.3,0.912,0.412,0.45,0,0
Box-23,22,28.6,47.2,0.558,C57Bl6n,chow,2017-03-17 05:56:00,282,131,78,69,22.3,0.886,0.382,0.44,0.03,0
Box-23,22,28.6,47.2,0.558,C57Bl6n,chow,2017-03-17 06:06:00,496,255,118,106,22.4,0.9,0.581,0.45,0.17,0.13
Box-23,22,28.6,47.2,0.558,C57Bl6n,chow,2017-03-17 06:16:00,605,277,126,116,22.4,0.917,0.626,0.46,0.2,0.54
Box-23,22,28.6,47.2,0.558,C57Bl6n,chow,2017-03-17 06:26:00,656,370,82,78,22.5,0.947,0.411,0.45,0,0
Box-23,22,28.6,47.2,0.558,C57Bl6n,chow,2017-03-17 06:36:00,170,121,79,75,22.4,0.949,0.393,0.46,0,0
Box-23,22,28.6,47.2,0.558,C57Bl6n,chow,2017-03-17 06:46:00,173,91,79,76,22.3,0.969,0.395,0.45,0,0
Box-23,22,28.6,47.2,0.558,C57Bl6n,chow,2017-03-17 06:56:00,514,260,81,79,22.3,0.971,0.406,0.46,0,0
Box-23,22,28.6,47.2,0.558,C57Bl6n,chow,2017-03-17 07:06:00,399,143,120,117,22.3,0.968,0.604,0.46,0.15,0.03
Box-23,22,28.6,47.2,0.558,C57Bl6n,chow,2017-03-17 07:16:00,128,69,79,77,22.4,0.966,0.397,0.46,0,0
Box-23,22,28.6,47.2,0.558,C57Bl6n,chow,2017-03-17 07:26:00,337,298,75,74,22.3,0.99,0.377,0.45,0,0
Box-23,22,28.6,47.2,0.558,C57Bl6n,chow,2017-03-17 07:36:00,370,257,72,72,22.3,0.999,0.365,0.44,0,0
Box-23,22,28.6,47.2,0.558,C57Bl6n,chow,2017-03-17 07:46:00,544,288,77,76,22.3,0.99,0.385,0.44,0.09,0
Box-23,22,28.6,47.2,0.558,C57Bl6n,chow,2017-03-17 07:56:00,1053,521,102,104,22.4,1.016,0.516,0.44,0.06,0.04
Box-23,22,28.6,47.2,0.558,C57Bl6n,chow,2017-03-17 08:06:00,810,399,126,126,22.4,1.006,0.635,0.46,0.2,0
Box-23,22,28.6,47.2,0.558,C57Bl6n,chow,2017-03-17 08:16:00,1636,791,117,117,22.5,1.001,0.591,0.45,0.02,0.22
Box-23,22,28.6,47.2,0.558,C57Bl6n,chow,2017-03-17 08:26:00,1114,637,86,85,22.4,0.986,0.435,0.44,0,0
Box-23,22,28.6,47.2,0.558,C57Bl6n,chow,2017-03-17 08:36:00,156,76,84,84,22.3,0.993,0.425,0.45,0,0
Box-23,22,28.6,47.2,0.558,C57Bl6n,chow,2017-03-17 08:46:00,116,87,80,81,22.3,1.001,0.406,0.45,0,0
Box-23,22,28.6,47.2,0.558,C57Bl6n,chow,2017-03-17 08:56:00,248,173,83,83,22.3,0.998,0.42,0.46,0,0
Box-23,22,28.6,47.2,0.558,C57Bl6n,chow,2017-03-17 09:06:00,886,880,75,76,22.3,1.017,0.379,0.43,0,0
Box-23,22,28.6,47.2,0.558,C57Bl6n,chow,2017-03-17 09:16:00,83,52,80,79,22.3,0.993,0.403,0.46,0,0
Box-23,22,28.6,47.2,0.558,C57Bl6n,chow,2017-03-17 09:26:00,660,373,97,96,22.3,0.995,0.488,0.45,0.02,0
Box-23,22,28.6,47.2,0.558,C57Bl6n,chow,2017-03-17 09:36:00,124,86,87,87,22.3,0.994,0.441,0.46,0,0
Box-23,22,28.6,47.2,0.558,C57Bl6n,chow,2017-03-17 09:46:00,517,66,70,70,22.3,0.995,0.355,0.45,0,0
Box-23,22,28.6,47.2,0.558,C57Bl6n,chow,2017-03-17 09:56:00,358,319,68,67,22.3,0.978,0.344,0.44,0,0
Box-23,22,28.6,47.2,0.558,C57Bl6n,chow,2017-03-17 10:06:00,565,464,75,72,22.3,0.957,0.377,0.46,0,0
Box-23,22,28.6,47.2,0.558,C57Bl6n,chow,2017-03-17 10:16:00,405,212,76,72,22.3,0.948,0.381,0.46,0,0
Box-23,22,28.6,47.2,0.558,C57Bl6n,chow,2017-03-17 10:26:00,473,231,87,86,22.3,0.991,0.437,0.46,0,0
Box-23,22,28.6,47.2,0.558,C57Bl6n,chow,2017-03-17 10:36:00,70,37,70,67,22.3,0.959,0.351,0.46,0,0
Box-23,22,28.6,47.2,0.558,C57Bl6n,chow,2017-03-17 10:46:00,228,193,72,66,22.2,0.917,0.356,0.45,0,0
Box-23,22,28.6,47.2,0.558,C57Bl6n,chow,2017-03-17 10:56:00,273,270,73,67,22.3,0.913,0.364,0.46,0,0
Box-23,22,28.6,47.2,0.558,C57Bl6n,chow,2017-03-17 11:06:00,281,165,70,64,22.3,0.907,0.347,0.44,0,0
Box-23,22,28.6,47.2,0.558,C57Bl6n,chow,2017-03-17 11:16:00,217,150,67,62,22.3,0.923,0.335,0.44,0,0
Box-23,22,28.6,47.2,0.558,C57Bl6n,chow,2017-03-17 11:26:00,117,50,71,65,22.3,0.911,0.353,0.46,0,0
Box-23,22,28.6,47.2,0.558,C57Bl6n,chow,2017-03-17 11:36:00,193,62,69,63,22.3,0.909,0.343,0.45,0,0
Box-23,22,28.6,47.2,0.558,C57Bl6n,chow,2017-03-17 11:46:00,143,63,71,63,22.2,0.893,0.35,0.45,0,0
Box-23,22,28.6,47.2,0.558,C57Bl6n,chow,2017-03-17 11:56:00,73,60,71,64,22.3,0.899,0.352,0.47,0,0
Box-23,22,28.6,47.2,0.558,C57Bl6n,chow,2017-03-17 12:06:00,499,344,81,75,22.3,0.93,0.402,0.44,0.01,0
Box-23,22,28.6,47.2,0.558,C57Bl6n,chow,2017-03-17 12:16:00,71,44,84,78,22.3,0.932,0.416,0.46,0,0
Box-23,22,28.6,47.2,0.558,C57Bl6n,chow,2017-03-17 12:26:00,69,31,68,61,22.3,0.909,0.334,0.45,0,0
Box-23,22,28.6,47.2,0.558,C57Bl6n,chow,2017-03-17 12:36:00,101,69,67,58,22.3,0.875,0.327,0.44,0,0
Box-23,22,28.6,47.2,0.558,C57Bl6n,chow,2017-03-17 12:46:00,117,36,67,58,22.3,0.867,0.33,0.45,0,0
Box-23,22,28.6,47.2,0.558,C57Bl6n,chow,2017-03-17 12:56:00,71,35,70,60,22.3,0.862,0.342,0.46,0,0
Box-23,22,28.6,47.2,0.558,C57Bl6n,chow,2017-03-17 13:06:00,119,60,70,60,22.3,0.852,0.342,0.44,0,0
Box-23,22,28.6,47.2,0.558,C57Bl6n,chow,2017-03-17 13:16:00,91,69,68,58,22.3,0.863,0.331,0.44,0,0
Box-23,22,28.6,47.2,0.558,C57Bl6n,chow,2017-03-17 13:26:00,221,116,75,66,22.3,0.879,0.37,0.46,0,0
Box-23,22,28.6,47.2,0.558,C57Bl6n,chow,2017-03-17 13:36:00,802,418,78,70,22.3,0.887,0.386,0.44,0.15,0.06
Box-23,22,28.6,47.2,0.558,C57Bl6n,chow,2017-03-17 13:46:00,1356,765,82,75,22.4,0.912,0.407,0.47,0,0
Box-23,22,28.6,47.2,0.558,C57Bl6n,chow,2017-03-17 13:56:00,1159,626,101,99,22.3,0.976,0.508,0.45,0,0
Box-23,22,28.6,47.2,0.558,C57Bl6n,chow,2017-03-17 14:06:00,474,280,87,85,22.3,0.979,0.438,0.44,0,0
Box-23,22,28.6,47.2,0.558,C57Bl6n,chow,2017-03-17 14:16:00,317,154,92,91,22.3,0.985,0.464,0.46,0,0
Box-23,22,28.6,47.2,0.558,C57Bl6n,chow,2017-03-17 14:26:00,204,169,78,74,22.3,0.955,0.389,0.46,0,0
Box-23,22,28.6,47.2,0.558,C57Bl6n,chow,2017-03-17 14:36:00,199,155,73,68,22.3,0.928,0.364,0.45,0,0
Box-23,22,28.6,47.2,0.558,C57Bl6n,chow,2017-03-17 14:46:00,263,201,67,62,22.3,0.925,0.332,0.44,0,0
Box-23,22,28.6,47.2,0.558,C57Bl6n,chow,2017-03-17 14:56:00,186,163,64,60,22.3,0.928,0.32,0.44,0,0
Box-23,22,28.6,47.2,0.558,C57Bl6n,chow,2017-03-17 15:06:00,135,114,63,58,22.3,0.921,0.315,0.46,0,0
Box-23,22,28.6,47.2,0.558,C57Bl6n,chow,2017-03-17 15:16:00,189,157,62,55,22.3,0.887,0.305,0.44,0,0
Box-23,22,28.6,47.2,0.558,C57Bl6n,chow,2017-03-17 15:26:00,671,635,68,61,22.3,0.902,0.334,0.46,0,0
Box-3,17,32.1,43,0.516,C57Bl6n,chow,2017-03-14 14:36:00,17,17,63,52,22.1,0.813,0.307,0.45,0,0
Box-3,17,32.1,43,0.516,C57Bl6n,chow,2017-03-14 14:46:00,83,64,69,59,22.1,0.847,0.339,0.47,0,0
Box-3,17,32.1,43,0.516,C57Bl6n,chow,2017-03-14 14:56:00,127,100,64,54,22.1,0.844,0.312,0.43,0,0
Box-3,17,32.1,43,0.516,C57Bl6n,chow,2017-03-14 15:06:00,66,28,73,62,22,0.856,0.356,0.47,0,0
Box-3,17,32.1,43,0.516,C57Bl6n,chow,2017-03-14 15:16:00,128,47,68,58,22,0.853,0.333,0.45,0,0
Box-3,17,32.1,43,0.516,C57Bl6n,chow,2017-03-14 15:26:00,86,47,67,57,22,0.843,0.327,0.46,0,0
Box-3,17,32.1,43,0.516,C57Bl6n,chow,2017-03-14 15:36:00,104,37,66,56,22,0.844,0.321,0.45,0,0
Box-3,17,32.1,43,0.516,C57Bl6n,chow,2017-03-14 15:46:00,24,15,68,57,22.1,0.837,0.332,0.47,0,0
Box-3,17,32.1,43,0.516,C57Bl6n,chow,2017-03-14 15:56:00,247,140,58,47,22,0.82,0.28,0.43,0,0
Box-3,17,32.1,43,0.516,C57Bl6n,chow,2017-03-14 16:06:00,637,399,86,75,22.1,0.875,0.42,0.47,0,0.01
Box-3,17,32.1,43,0.516,C57Bl6n,chow,2017-03-14 16:16:00,1286,642,105,88,22.1,0.842,0.51,0.45,0.03,0
Box-3,17,32.1,43,0.516,C57Bl6n,chow,2017-03-14 16:26:00,1278,627,110,92,22.2,0.84,0.536,0.46,0,0.06
Box-3,17,32.1,43,0.516,C57Bl6n,chow,2017-03-14 16:36:00,769,224,88,72,21.9,0.819,0.426,0.46,0,0
Box-3,17,32.1,43,0.516,C57Bl6n,chow,2017-03-14 16:46:00,345,30,69,57,22,0.819,0.336,0.46,0,0
Box-3,17,32.1,43,0.516,C57Bl6n,chow,2017-03-14 16:56:00,62,51,66,54,22,0.819,0.319,0.46,0,0
Box-3,17,32.1,43,0.516,C57Bl6n,chow,2017-03-14 17:06:00,682,194,61,48,22,0.79,0.292,0.46,0,0
Box-3,17,32.1,43,0.516,C57Bl6n,chow,2017-03-14 17:16:00,829,371,84,68,22.1,0.809,0.408,0.46,0,0
Box-3,17,32.1,43,0.516,C57Bl6n,chow,2017-03-14 17:26:00,660,145,77,62,22.1,0.809,0.372,0.46,0.07,0
Box-3,17,32.1,43,0.516,C57Bl6n,chow,2017-03-14 17:36:00,398,86,74,59,22.1,0.798,0.355,0.46,0,0
Box-3,17,32.1,43,0.516,C57Bl6n,chow,2017-03-14 17:46:00,265,83,71,60,22.1,0.846,0.344,0.46,0.03,0
Box-3,17,32.1,43,0.516,C57Bl6n,chow,2017-03-14 17:56:00,992,458,82,74,22.1,0.911,0.404,0.43,0,0
Box-3,17,32.1,43,0.516,C57Bl6n,chow,2017-03-14 18:06:00,1439,671,104,92,22.1,0.885,0.51,0.46,0.03,0.03
Box-3,17,32.1,43,0.516,C57Bl6n,chow,2017-03-14 18:16:00,1150,450,98,86,22.1,0.876,0.482,0.45,0.06,0
Box-3,17,32.1,43,0.516,C57Bl6n,chow,2017-03-14 18:26:00,300,63,91,80,22.1,0.876,0.449,0.46,0,0
Box-3,17,32.1,43,0.516,C57Bl6n,chow,2017-03-14 18:36:00,811,336,103,92,22.1,0.895,0.506,0.46,0.03,0
Box-3,17,32.1,43,0.516,C57Bl6n,chow,2017-03-14 18:46:00,259,81,79,71,22.1,0.887,0.391,0.47,0.03,0
Box-3,17,32.1,43,0.516,C57Bl6n,chow,2017-03-14 18:56:00,2021,998,90,81,22.1,0.901,0.446,0.46,0.02,0.35
Box-3,17,32.1,43,0.516,C57Bl6n,chow,2017-03-14 19:06:00,1319,634,128,115,22.3,0.893,0.632,0.46,0.12,0.39
Box-3,17,32.1,43,0.516,C57Bl6n,chow,2017-03-14 19:16:00,1125,531,123,112,22.4,0.912,0.607,0.44,0.14,0.47
Box-3,17,32.1,43,0.516,C57Bl6n,chow,2017-03-14 19:26:00,1073,441,119,110,22.4,0.921,0.591,0.47,0.16,0.28
Box-3,17,32.1,43,0.516,C57Bl6n,chow,2017-03-14 19:36:00,1001,427,96,87,22.3,0.912,0.474,0.43,0,0.08
Box-3,17,32.1,43,0.516,C57Bl6n,chow,2017-03-14 19:46:00,1603,634,104,95,22.2,0.917,0.515,0.46,0,0.15
Box-3,17,32.1,43,0.516,C57Bl6n,chow,2017-03-14 19:56:00,430,179,104,96,22.3,0.927,0.515,0.44,0.12,0.07
Box-3,17,32.1,43,0.516,C57Bl6n,chow,2017-03-14 20:06:00,124,15,85,77,22.1,0.909,0.418,0.45,0,0
Box-3,17,32.1,43,0.516,C57Bl6n,chow,2017-03-14 20:16:00,336,155,79,73,22.1,0.92,0.391,0.43,0,0
Box-3,17,32.1,43,0.516,C57Bl6n,chow,2017-03-14 20:26:00,1551,657,119,114,22.1,0.961,0.596,0.48,0.03,0.31
Box-3,17,32.1,43,0.516,C57Bl6n,chow,2017-03-14 20:36:00,1627,704,91,89,22.2,0.974,0.458,0.43,0.01,0.05
Box-3,17,32.1,43,0.516,C57Bl6n,chow,2017-03-14 20:46:00,1563,751,133,128,22.3,0.966,0.664,0.46,0.12,0.04
Box-3,17,32.1,43,0.516,C57Bl6n,chow,2017-03-14 20:56:00,1104,516,137,131,22.3,0.955,0.687,0.46,0.12,0.23
Box-3,17,32.1,43,0.516,C57Bl6n,chow,2017-03-14 21:06:00,739,312,97,91,22.2,0.933,0.483,0.46,0,0
Box-3,17,32.1,43,0.516,C57Bl6n,chow,2017-03-14 21:16:00,158,55,96,91,22.1,0.948,0.477,0.45,0,0
Box-3,17,32.1,43,0.516,C57Bl6n,chow,2017-03-14 21:26:00,341,131,84,80,22.1,0.954,0.42,0.46,0,0
Box-3,17,32.1,43,0.516,C57Bl6n,chow,2017-03-14 21:36:00,1400,759,103,101,22.1,0.979,0.517,0.46,0.14,0.18
Box-3,17,32.1,43,0.516,C57Bl6n,chow,2017-03-14 21:46:00,1000,403,114,112,22.3,0.982,0.575,0.45,0.12,0.15
Box-3,17,32.1,43,0.516,C57Bl6n,chow,2017-03-14 21:56:00,387,119,99,96,22.2,0.967,0.496,0.47,0,0
Box-3,17,32.1,43,0.516,C57Bl6n,chow,2017-03-14 22:06:00,494,139,134,132,22.2,0.987,0.673,0.44,0.31,0.14
Box-3,17,32.1,43,0.516,C57Bl6n,chow,2017-03-14 22:16:00,1349,594,101,99,22.3,0.98,0.507,0.43,0,0.28
Box-3,17,32.1,43,0.516,C57Bl6n,chow,2017-03-14 22:26:00,574,242,103,99,22.2,0.956,0.517,0.45,0.03,0
Box-3,17,32.1,43,0.516,C57Bl6n,chow,2017-03-14 22:36:00,1436,716,133,130,22.3,0.983,0.667,0.47,0.22,0.27
Box-3,17,32.1,43,0.516,C57Bl6n,chow,2017-03-14 22:46:00,1882,1059,102,99,22.3,0.967,0.51,0.44,0.04,0
Box-3,17,32.1,43,0.516,C57Bl6n,chow,2017-03-14 22:56:00,811,458,116,112,22.2,0.96,0.583,0.43,0,0
Box-3,17,32.1,43,0.516,C57Bl6n,chow,2017-03-14 23:06:00,116,43,110,106,22.2,0.963,0.548,0.46,0,0
Box-3,17,32.1,43,0.516,C57Bl6n,chow,2017-03-14 23:16:00,322,211,90,87,22.1,0.968,0.449,0.45,0,0
Box-3,17,32.1,43,0.516,C57Bl6n,chow,2017-03-14 23:26:00,18,4,85,82,22.1,0.972,0.425,0.47,0,0
Box-3,17,32.1,43,0.516,C57Bl6n,chow,2017-03-14 23:36:00,526,314,81,78,22.1,0.971,0.405,0.47,0.03,0
Box-3,17,32.1,43,0.516,C57Bl6n,chow,2017-03-14 23:46:00,789,422,128,128,22.2,0.996,0.648,0.46,0.22,0.19
Box-3,17,32.1,43,0.516,C57Bl6n,chow,2017-03-14 23:56:00,89,37,86,83,22.1,0.969,0.429,0.45,0,0
Box-3,17,32.1,43,0.516,C57Bl6n,chow,2017-03-15 00:06:00,65,33,84,82,22.1,0.98,0.421,0.47,0,0
Box-3,17,32.1,43,0.516,C57Bl6n,chow,2017-03-15 00:16:00,113,77,83,82,22.1,0.988,0.416,0.47,0,0
Box-3,17,32.1,43,0.516,C57Bl6n,chow,2017-03-15 00:26:00,653,379,84,82,22,0.988,0.42,0.46,0,0.03
Box-3,17,32.1,43,0.516,C57Bl6n,chow,2017-03-15 00:36:00,650,374,154,152,22.1,0.987,0.773,0.47,0,0.09
Box-3,17,32.1,43,0.516,C57Bl6n,chow,2017-03-15 00:46:00,617,313,117,116,22.3,0.995,0.589,0.43,0.26,0.27
Box-3,17,32.1,43,0.516,C57Bl6n,chow,2017-03-15 00:56:00,824,460,106,105,22.3,0.992,0.535,0.47,0.13,0.23
Box-3,17,32.1,43,0.516,C57Bl6n,chow,2017-03-15 01:06:00,489,253,96,94,22.3,0.977,0.483,0.45,0,0.09
Box-3,17,32.1,43,0.516,C57Bl6n,chow,2017-03-15 01:16:00,165,128,97,94,22.1,0.977,0.485,0.46,0,0
Box-3,17,32.1,43,0.516,C57Bl6n,chow,2017-03-15 01:26:00,84,27,87,85,22.1,0.98,0.436,0.45,0,0.04
Box-3,17,32.1,43,0.516,C57Bl6n,chow,2017-03-15 01:36:00,172,80,80,78,22.1,0.977,0.399,0.42,0,0
Box-3,17,32.1,43,0.516,C57Bl6n,chow,2017-03-15 01:46:00,734,437,91,91,22.1,0.998,0.461,0.47,0.08,0
Box-3,17,32.1,43,0.516,C57Bl6n,chow,2017-03-15 01:56:00,1585,838,122,122,22.2,1.001,0.614,0.48,0.12,0.24
Box-3,17,32.1,43,0.516,C57Bl6n,chow,2017-03-15 02:06:00,681,359,139,140,22.2,1.003,0.703,0.43,0.18,0.04
Box-3,17,32.1,43,0.516,C57Bl6n,chow,2017-03-15 02:16:00,1885,903,125,125,22.3,1,0.629,0.48,0.03,0.15
Box-3,17,32.1,43,0.516,C57Bl6n,chow,2017-03-15 02:26:00,1477,919,108,105,22.2,0.978,0.541,0.46,0,0
Box-3,17,32.1,43,0.516,C57Bl6n,chow,2017-03-15 02:36:00,489,201,108,106,22.1,0.982,0.543,0.44,0,0
Box-3,17,32.1,43,0.516,C57Bl6n,chow,2017-03-15 02:46:00,217,61,88,86,22.1,0.988,0.441,0.43,0,0
Box-3,17,32.1,43,0.516,C57Bl6n,chow,2017-03-15 02:56:00,212,51,84,83,22.1,0.986,0.423,0.43,0,0
Box-3,17,32.1,43,0.516,C57Bl6n,chow,2017-03-15 03:06:00,247,35,79,77,22,0.978,0.396,0.45,0,0
Box-3,17,32.1,43,0.516,C57Bl6n,chow,2017-03-15 03:16:00,716,409,87,87,22,1.002,0.439,0.47,0,0
Box-3,17,32.1,43,0.516,C57Bl6n,chow,2017-03-15 03:26:00,448,221,96,96,22.1,1.008,0.483,0.44,0.29,0.12
Box-3,17,32.1,43,0.516,C57Bl6n,chow,2017-03-15 03:36:00,1634,897,95,95,22.2,0.999,0.478,0.44,0,0.2
Box-3,17,32.1,43,0.516,C57Bl6n,chow,2017-03-15 03:46:00,1945,1103,98,96,22.1,0.978,0.491,0.46,0,0.13
Box-3,17,32.1,43,0.516,C57Bl6n,chow,2017-03-15 03:56:00,592,352,97,95,22.2,0.979,0.488,0.47,0,0
Box-3,17,32.1,43,0.516,C57Bl6n,chow,2017-03-15 04:06:00,96,39,86,83,22.1,0.966,0.429,0.44,0,0
Box-3,17,32.1,43,0.516,C57Bl6n,chow,2017-03-15 04:16:00,121,38,80,79,22.1,0.983,0.403,0.43,0,0
Box-3,17,32.1,43,0.516,C57Bl6n,chow,2017-03-15 04:26:00,102,46,81,81,22,0.997,0.41,0.46,0,0
Box-3,17,32.1,43,0.516,C57Bl6n,chow,2017-03-15 04:36:00,48,9,78,78,22,1.007,0.394,0.46,0,0
Box-3,17,32.1,43,0.516,C57Bl6n,chow,2017-03-15 04:46:00,381,154,84,86,22,1.018,0.427,0.45,0,0
Box-3,17,32.1,43,0.516,C57Bl6n,chow,2017-03-15 04:56:00,91,33,84,84,22,1.004,0.424,0.44,0,0.03
Box-3,17,32.1,43,0.516,C57Bl6n,chow,2017-03-15 05:06:00,204,103,79,80,22,1.012,0.399,0.44,0,0
Box-3,17,32.1,43,0.516,C57Bl6n,chow,2017-03-15 05:16:00,795,503,93,95,22.1,1.022,0.472,0.46,0.09,0
Box-3,17,32.1,43,0.516,C57Bl6n,chow,2017-03-15 05:26:00,441,243,130,131,22.1,1.008,0.655,0.47,0.11,0
Box-3,17,32.1,43,0.516,C57Bl6n,chow,2017-03-15 05:36:00,433,276,136,137,22.2,1.008,0.688,0.47,0.13,0.07
Box-3,17,32.1,43,0.516,C57Bl6n,chow,2017-03-15 05:46:00,669,325,98,98,22.1,1,0.497,0.42,0,0.01
Box-3,17,32.1,43,0.516,C57Bl6n,chow,2017-03-15 05:56:00,1238,790,94,93,22.2,0.995,0.472,0.43,0,0.17
Box-3,17,32.1,43,0.516,C57Bl6n,chow,2017-03-15 06:06:00,901,577,95,93,22.1,0.979,0.478,0.44,0,0
Box-3,17,32.1,43,0.516,C57Bl6n,chow,2017-03-15 06:16:00,91,88,97,94,22.1,0.973,0.484,0.45,0,0
Box-3,17,32.1,43,0.516,C57Bl6n,chow,2017-03-15 06:26:00,105,84,82,81,22.1,0.982,0.414,0.46,0,0
Box-3,17,32.1,43,0.516,C57Bl6n,chow,2017-03-15 06:36:00,37,24,73,72,22.1,0.977,0.368,0.45,0,0
Box-3,17,32.1,43,0.516,C57Bl6n,chow,2017-03-15 06:46:00,65,27,75,74,22.1,0.982,0.376,0.46,0,0
Box-3,17,32.1,43,0.516,C57Bl6n,chow,2017-03-15 06:56:00,49,30,71,70,22,0.984,0.357,0.43,0,0
Box-3,17,32.1,43,0.516,C57Bl6n,chow,2017-03-15 07:06:00,626,493,79,78,22.1,0.987,0.395,0.46,0.04,0.03
Box-3,17,32.1,43,0.516,C57Bl6n,chow,2017-03-15 07:16:00,408,297,73,71,22.1,0.974,0.366,0.43,0,0
Box-3,17,32.1,43,0.516,C57Bl6n,chow,2017-03-15 07:26:00,52,46,80,78,22.1,0.975,0.399,0.44,0,0
Box-3,17,32.1,43,0.516,C57Bl6n,chow,2017-03-15 07:36:00,26,26,77,75,22.1,0.973,0.388,0.46,0,0
Box-3,17,32.1,43,0.516,C57Bl6n,chow,2017-03-15 07:46:00,31,30,72,70,22.1,0.971,0.359,0.46,0,0
Box-3,17,32.1,43,0.516,C57Bl6n,chow,2017-03-15 07:56:00,44,22,72,70,22,0.978,0.361,0.44,0,0
Box-3,17,32.1,43,0.516,C57Bl6n,chow,2017-03-15 08:06:00,10,8,69,68,22,0.976,0.348,0.44,0,0
Box-3,17,32.1,43,0.516,C57Bl6n,chow,2017-03-15 08:16:00,24,22,73,70,22,0.963,0.363,0.45,0,0
Box-3,17,32.1,43,0.516,C57Bl6n,chow,2017-03-15 08:26:00,70,65,67,64,22.1,0.954,0.335,0.43,0,0
Box-3,17,32.1,43,0.516,C57Bl6n,chow,2017-03-15 08:36:00,130,104,75,72,22.1,0.963,0.374,0.43,0,0
Box-3,17,32.1,43,0.516,C57Bl6n,chow,2017-03-15 08:46:00,64,44,72,69,22.1,0.969,0.359,0.46,0,0
Box-3,17,32.1,43,0.516,C57Bl6n,chow,2017-03-15 08:56:00,17,5,69,66,22.1,0.959,0.343,0.44,0,0
Box-3,17,32.1,43,0.516,C57Bl6n,chow,2017-03-15 09:06:00,74,54,65,60,22,0.927,0.324,0.43,0,0
Box-3,17,32.1,43,0.516,C57Bl6n,chow,2017-03-15 09:16:00,327,184,79,75,22.1,0.942,0.394,0.47,0,0
Box-3,17,32.1,43,0.516,C57Bl6n,chow,2017-03-15 09:26:00,571,401,104,96,22.1,0.922,0.517,0.45,0,0
Box-3,17,32.1,43,0.516,C57Bl6n,chow,2017-03-15 09:36:00,511,306,102,95,22.1,0.929,0.509,0.45,0.19,0
Box-3,17,32.1,43,0.516,C57Bl6n,chow,2017-03-15 09:46:00,948,614,96,92,22.2,0.957,0.48,0.46,0,0
Box-3,17,32.1,43,0.516,C57Bl6n,chow,2017-03-15 09:56:00,144,115,92,88,22.1,0.952,0.462,0.45,0,0
Box-3,17,32.1,43,0.516,C57Bl6n,chow,2017-03-15 10:06:00,14,8,76,73,22.1,0.96,0.382,0.45,0,0
Box-3,17,32.1,43,0.516,C57Bl6n,chow,2017-03-15 10:16:00,55,40,78,75,22.1,0.968,0.389,0.48,0,0
Box-3,17,32.1,43,0.516,C57Bl6n,chow,2017-03-15 10:26:00,598,590,70,67,22.1,0.961,0.349,0.44,0,0
Box-3,17,32.1,43,0.516,C57Bl6n,chow,2017-03-15 10:36:00,45,37,74,70,22,0.947,0.369,0.46,0,0
Box-3,17,32.1,43,0.516,C57Bl6n,chow,2017-03-15 10:46:00,72,56,72,67,22.1,0.932,0.359,0.45,0,0
Box-3,17,32.1,43,0.516,C57Bl6n,chow,2017-03-15 10:56:00,254,227,70,65,22,0.928,0.346,0.44,0,0
Box-3,17,32.1,43,0.516,C57Bl6n,chow,2017-03-15 11:06:00,575,448,99,95,22.1,0.963,0.496,0.43,0.18,0
Box-3,17,32.1,43,0.516,C57Bl6n,chow,2017-03-15 11:16:00,1911,1526,96,93,22.1,0.978,0.48,0.45,0,0
Box-3,17,32.1,43,0.516,C57Bl6n,chow,2017-03-15 11:26:00,108,86,88,84,22.1,0.959,0.439,0.45,0,0
Box-3,17,32.1,43,0.516,C57Bl6n,chow,2017-03-15 11:36:00,13,11,86,82,22.1,0.956,0.428,0.47,0,0
Box-3,17,32.1,43,0.516,C57Bl6n,chow,2017-03-15 11:46:00,26,20,72,70,22.1,0.965,0.362,0.47,0,0
Box-3,17,32.1,43,0.516,C57Bl6n,chow,2017-03-15 11:56:00,92,79,72,70,22.1,0.964,0.363,0.46,0,0
Box-3,17,32.1,43,0.516,C57Bl6n,chow,2017-03-15 12:06:00,162,128,80,78,22.1,0.969,0.401,0.46,0,0
Box-3,17,32.1,43,0.516,C57Bl6n,chow,2017-03-15 12:16:00,50,9,74,70,22.1,0.951,0.369,0.45,0,0
Box-3,17,32.1,43,0.516,C57Bl6n,chow,2017-03-15 12:26:00,6,6,64,60,22.1,0.942,0.319,0.47,0,0
Box-3,17,32.1,43,0.516,C57Bl6n,chow,2017-03-15 12:36:00,23,20,62,58,22.1,0.936,0.306,0.44,0,0
Box-3,17,32.1,43,0.516,C57Bl6n,chow,2017-03-15 12:46:00,7,6,61,57,22.1,0.93,0.304,0.43,0,0
Box-3,17,32.1,43,0.516,C57Bl6n,chow,2017-03-15 12:56:00,24,24,61,56,22.1,0.924,0.3,0.43,0,0
Box-3,17,32.1,43,0.516,C57Bl6n,chow,2017-03-15 13:06:00,76,68,69,66,22.1,0.948,0.345,0.44,0,0
Box-3,17,32.1,43,0.516,C57Bl6n,chow,2017-03-15 13:16:00,225,176,93,90,22.1,0.967,0.468,0.44,0.22,0
Box-3,17,32.1,43,0.516,C57Bl6n,chow,2017-03-15 13:26:00,60,37,74,71,22.1,0.968,0.37,0.46,0,0
Box-3,17,32.1,43,0.516,C57Bl6n,chow,2017-03-15 13:36:00,14,9,71,69,22.1,0.982,0.355,0.43,0,0
Box-3,17,32.1,43,0.516,C57Bl6n,chow,2017-03-15 13:46:00,130,117,71,70,22.1,0.985,0.359,0.45,0,0
Box-3,17,32.1,43,0.516,C57Bl6n,chow,2017-03-15 13:56:00,40,40,76,77,22.1,1.006,0.385,0.46,0,0
Box-3,17,32.1,43,0.516,C57Bl6n,chow,2017-03-15 14:06:00,24,24,70,69,22.1,0.989,0.35,0.44,0,0
Box-3,17,32.1,43,0.516,C57Bl6n,chow,2017-03-15 14:16:00,43,38,70,68,22.1,0.981,0.35,0.44,0,0
Box-3,17,32.1,43,0.516,C57Bl6n,chow,2017-03-15 14:26:00,168,100,69,68,22.1,0.995,0.346,0.43,0,0
Box-3,17,32.1,43,0.516,C57Bl6n,chow,2017-03-15 14:36:00,923,729,89,90,22.1,1.01,0.449,0.46,0,0
Box-3,17,32.1,43,0.516,C57Bl6n,chow,2017-03-15 14:46:00,329,245,84,81,22.1,0.973,0.419,0.44,0,0.02
Box-3,17,32.1,43,0.516,C57Bl6n,chow,2017-03-15 14:56:00,73,66,93,92,22.1,0.984,0.469,0.47,0,0
Box-3,17,32.1,43,0.516,C57Bl6n,chow,2017-03-15 15:06:00,5,5,72,69,22.1,0.967,0.359,0.46,0,0
Box-3,17,32.1,43,0.516,C57Bl6n,chow,2017-03-15 15:16:00,0,0,63,59,22.1,0.942,0.313,0.45,0,0
Box-3,17,32.1,43,0.516,C57Bl6n,chow,2017-03-15 15:26:00,19,13,64,58,22.1,0.904,0.314,0.45,0,0
Box-3,17,32.1,43,0.516,C57Bl6n,chow,2017-03-15 15:36:00,27,24,65,59,22.1,0.908,0.319,0.46,0,0
Box-3,17,32.1,43,0.516,C57Bl6n,chow,2017-03-15 15:46:00,38,25,69,61,22.1,0.886,0.338,0.46,0,0
Box-3,17,32.1,43,0.516,C57Bl6n,chow,2017-03-15 15:56:00,13,2,67,60,22.1,0.891,0.332,0.45,0,0
Box-3,17,32.1,43,0.516,C57Bl6n,chow,2017-03-15 16:06:00,476,377,84,79,22.1,0.936,0.418,0.46,0,0
Box-3,17,32.1,43,0.516,C57Bl6n,chow,2017-03-15 16:16:00,634,496,108,101,22.1,0.938,0.537,0.46,0.27,0
Box-3,17,32.1,43,0.516,C57Bl6n,chow,2017-03-15 16:26:00,1225,722,97,93,22.2,0.954,0.485,0.46,0,0
Box-3,17,32.1,43,0.516,C57Bl6n,chow,2017-03-15 16:36:00,84,75,90,86,22.1,0.954,0.449,0.43,0,0
Box-3,17,32.1,43,0.516,C57Bl6n,chow,2017-03-15 16:46:00,364,253,89,87,22.1,0.982,0.448,0.44,0,0
Box-3,17,32.1,43,0.516,C57Bl6n,chow,2017-03-15 16:56:00,25,12,84,81,22.1,0.965,0.42,0.45,0,0
Box-3,17,32.1,43,0.516,C57Bl6n,chow,2017-03-15 17:06:00,59,29,67,65,22.1,0.965,0.338,0.43,0,0
Box-3,17,32.1,43,0.516,C57Bl6n,chow,2017-03-15 17:16:00,42,35,74,71,22.1,0.957,0.369,0.46,0,0
Box-3,17,32.1,43,0.516,C57Bl6n,chow,2017-03-15 17:26:00,57,52,74,71,22.1,0.954,0.369,0.47,0,0
Box-3,17,32.1,43,0.516,C57Bl6n,chow,2017-03-15 17:36:00,234,154,75,73,22.1,0.962,0.377,0.46,0,0
Box-3,17,32.1,43,0.516,C57Bl6n,chow,2017-03-15 17:46:00,83,78,80,78,22.1,0.971,0.403,0.44,0,0
Box-3,17,32.1,43,0.516,C57Bl6n,chow,2017-03-15 17:56:00,189,151,75,72,22.1,0.959,0.377,0.47,0,0
Box-3,17,32.1,43,0.516,C57Bl6n,chow,2017-03-15 18:06:00,709,532,118,111,22.1,0.948,0.587,0.48,0.04,0
Box-3,17,32.1,43,0.516,C57Bl6n,chow,2017-03-15 18:16:00,226,175,101,95,22.1,0.941,0.502,0.43,0.1,0
Box-3,17,32.1,43,0.516,C57Bl6n,chow,2017-03-15 18:26:00,53,30,87,82,22.1,0.938,0.435,0.46,0,0
Box-3,17,32.1,43,0.516,C57Bl6n,chow,2017-03-15 18:36:00,404,287,91,87,22.1,0.964,0.454,0.47,0.11,0
Box-3,17,32.1,43,0.516,C57Bl6n,chow,2017-03-15 18:46:00,274,191,84,81,22.1,0.969,0.42,0.45,0.05,0.14
Box-3,17,32.1,43,0.516,C57Bl6n,chow,2017-03-15 18:56:00,33,14,86,84,22.1,0.971,0.433,0.45,0,0
Box-3,17,32.1,43,0.516,C57Bl6n,chow,2017-03-15 19:06:00,150,114,78,77,22.1,0.989,0.393,0.44,0,0
Box-3,17,32.1,43,0.516,C57Bl6n,chow,2017-03-15 19:16:00,500,397,124,125,22.1,1.012,0.627,0.45,0.13,0
Box-3,17,32.1,43,0.516,C57Bl6n,chow,2017-03-15 19:26:00,683,477,132,132,22.2,0.999,0.665,0.46,0.21,0.07
Box-3,17,32.1,43,0.516,C57Bl6n,chow,2017-03-15 19:36:00,240,161,115,115,22.2,0.997,0.581,0.47,0.03,0.27
Box-3,17,32.1,43,0.516,C57Bl6n,chow,2017-03-15 19:46:00,133,83,89,87,22.1,0.986,0.446,0.44,0,0
Box-3,17,32.1,43,0.516,C57Bl6n,chow,2017-03-15 19:56:00,36,33,85,84,22.1,0.986,0.427,0.47,0,0
Box-3,17,32.1,43,0.516,C57Bl6n,chow,2017-03-15 20:06:00,415,308,88,90,22.1,1.02,0.447,0.43,0,0
Box-3,17,32.1,43,0.516,C57Bl6n,chow,2017-03-15 20:16:00,158,124,102,104,22.1,1.015,0.519,0.44,0,0
Box-3,17,32.1,43,0.516,C57Bl6n,chow,2017-03-15 20:26:00,33,32,91,91,22.1,1.003,0.458,0.47,0,0
Box-3,17,32.1,43,0.516,C57Bl6n,chow,2017-03-15 20:36:00,795,539,128,131,22.2,1.02,0.649,0.46,0.09,0.11
Box-3,17,32.1,43,0.516,C57Bl6n,chow,2017-03-15 20:46:00,730,538,91,92,22.2,1.004,0.461,0.43,0.18,0.15
Box-3,17,32.1,43,0.516,C57Bl6n,chow,2017-03-15 20:56:00,704,521,89,88,22.2,0.983,0.448,0.43,0,0.1
Box-3,17,32.1,43,0.516,C57Bl6n,chow,2017-03-15 21:06:00,132,108,105,104,22.1,0.989,0.529,0.44,0,0
Box-3,17,32.1,43,0.516,C57Bl6n,chow,2017-03-15 21:16:00,114,99,95,94,22.1,0.986,0.478,0.47,0,0
Box-3,17,32.1,43,0.516,C57Bl6n,chow,2017-03-15 21:26:00,387,312,123,125,22.1,1.019,0.623,0.44,0.22,0
Box-3,17,32.1,43,0.516,C57Bl6n,chow,2017-03-15 21:36:00,1156,848,132,135,22.2,1.023,0.667,0.46,0.17,0.26
Box-3,17,32.1,43,0.516,C57Bl6n,chow,2017-03-15 21:46:00,354,253,99,98,22.2,0.991,0.498,0.47,0,0
Box-3,17,32.1,43,0.516,C57Bl6n,chow,2017-03-15 21:56:00,58,42,103,102,22.1,0.989,0.518,0.45,0,0
Box-3,17,32.1,43,0.516,C57Bl6n,chow,2017-03-15 22:06:00,514,332,132,133,22.2,1.01,0.669,0.47,0.19,0.19
Box-3,17,32.1,43,0.516,C57Bl6n,chow,2017-03-15 22:16:00,490,330,135,134,22.3,1,0.679,0.45,0.25,0.2
Box-3,17,32.1,43,0.516,C57Bl6n,chow,2017-03-15 22:26:00,64,30,83,82,22.2,0.986,0.419,0.42,0,0
Box-3,17,32.1,43,0.516,C57Bl6n,chow,2017-03-15 22:36:00,37,30,84,84,22.1,0.997,0.425,0.44,0,0
Box-3,17,32.1,43,0.516,C57Bl6n,chow,2017-03-15 22:46:00,223,168,102,103,22.1,1.014,0.514,0.48,0,0.02
Box-3,17,32.1,43,0.516,C57Bl6n,chow,2017-03-15 22:56:00,278,199,106,110,22.1,1.03,0.541,0.44,0,0.13
Box-3,17,32.1,43,0.516,C57Bl6n,chow,2017-03-15 23:06:00,27,18,99,100,22.1,1.004,0.502,0.46,0,0
Box-3,17,32.1,43,0.516,C57Bl6n,chow,2017-03-15 23:16:00,550,375,136,140,22.1,1.028,0.693,0.47,0.19,0
Box-3,17,32.1,43,0.516,C57Bl6n,chow,2017-03-15 23:26:00,882,489,99,100,22.2,1.004,0.501,0.47,0.06,0.19
Box-3,17,32.1,43,0.516,C57Bl6n,chow,2017-03-15 23:36:00,1116,537,117,118,22.2,1.011,0.59,0.47,0.03,0.04
Box-3,17,32.1,43,0.516,C57Bl6n,chow,2017-03-15 23:46:00,1395,661,108,109,22.2,1.007,0.547,0.44,0.11,0.13
Box-3,17,32.1,43,0.516,C57Bl6n,chow,2017-03-15 23:56:00,389,285,97,96,22.2,0.991,0.486,0.43,0.11,0
Box-3,17,32.1,43,0.516,C57Bl6n,chow,2017-03-16 00:06:00,54,39,97,96,22.1,0.982,0.489,0.44,0,0
Box-3,17,32.1,43,0.516,C57Bl6n,chow,2017-03-16 00:16:00,58,31,98,97,22.1,0.985,0.494,0.46,0,0
Box-3,17,32.1,43,0.516,C57Bl6n,chow,2017-03-16 00:26:00,48,13,87,88,22.1,1.013,0.44,0.45,0,0
Box-3,17,32.1,43,0.516,C57Bl6n,chow,2017-03-16 00:36:00,98,57,83,85,22,1.026,0.422,0.46,0,0
Box-3,17,32.1,43,0.516,C57Bl6n,chow,2017-03-16 00:46:00,284,217,96,99,22,1.024,0.488,0.47,0,0
Box-3,17,32.1,43,0.516,C57Bl6n,chow,2017-03-16 00:56:00,1035,541,108,110,22.1,1.02,0.547,0.46,0.09,0.22
Box-3,17,32.1,43,0.516,C57Bl6n,chow,2017-03-16 01:06:00,785,440,106,108,22.2,1.02,0.536,0.46,0.14,0
Box-3,17,32.1,43,0.516,C57Bl6n,chow,2017-03-16 01:16:00,1722,765,111,111,22.1,1.001,0.56,0.44,0,0
Box-3,17,32.1,43,0.516,C57Bl6n,chow,2017-03-16 01:26:00,806,389,104,102,22.1,0.988,0.521,0.44,0,0.15
Box-3,17,32.1,43,0.516,C57Bl6n,chow,2017-03-16 01:36:00,285,132,109,108,22.1,0.994,0.549,0.44,0,0
Box-3,17,32.1,43,0.516,C57Bl6n,chow,2017-03-16 01:46:00,213,124,87,85,22,0.982,0.435,0.43,0.12,0
Box-3,17,32.1,43,0.516,C57Bl6n,chow,2017-03-16 01:56:00,366,193,90,91,22.1,1.008,0.454,0.47,0.15,0
Box-3,17,32.1,43,0.516,C57Bl6n,chow,2017-03-16 02:06:00,297,176,94,93,22.1,0.989,0.474,0.46,0,0
Box-3,17,32.1,43,0.516,C57Bl6n,chow,2017-03-16 02:16:00,115,62,95,94,22.1,0.997,0.477,0.48,0,0
Box-3,17,32.1,43,0.516,C57Bl6n,chow,2017-03-16 02:26:00,123,54,81,82,22,1.016,0.408,0.43,0,0
Box-3,17,32.1,43,0.516,C57Bl6n,chow,2017-03-16 02:36:00,30,6,86,86,22,1.005,0.434,0.46,0,0
Box-3,17,32.1,43,0.516,C57Bl6n,chow,2017-03-16 02:46:00,823,383,114,116,22.1,1.017,0.579,0.44,0,0.1
Box-3,17,32.1,43,0.516,C57Bl6n,chow,2017-03-16 02:56:00,729,330,93,94,22.1,1.015,0.47,0.47,0.26,0.12
Box-3,17,32.1,43,0.516,C57Bl6n,chow,2017-03-16 03:06:00,2095,993,107,109,22.1,1.016,0.544,0.44,0,0.19
Box-3,17,32.1,43,0.516,C57Bl6n,chow,2017-03-16 03:16:00,946,524,105,106,22.1,1.007,0.53,0.43,0,0.13
Box-3,17,32.1,43,0.516,C57Bl6n,chow,2017-03-16 03:26:00,90,44,112,110,22,0.987,0.561,0.48,0,0
Box-3,17,32.1,43,0.516,C57Bl6n,chow,2017-03-16 03:36:00,71,40,99,97,22,0.982,0.498,0.45,0,0
Box-3,17,32.1,43,0.516,C57Bl6n,chow,2017-03-16 03:46:00,368,12,90,91,22,1.009,0.454,0.45,0,0
Box-3,17,32.1,43,0.516,C57Bl6n,chow,2017-03-16 03:56:00,758,293,90,92,22,1.014,0.458,0.43,0,0
Box-3,17,32.1,43,0.516,C57Bl6n,chow,2017-03-16 04:06:00,127,48,90,92,22,1.022,0.454,0.47,0,0
Box-3,17,32.1,43,0.516,C57Bl6n,chow,2017-03-16 04:16:00,273,140,78,79,22,1.016,0.394,0.43,0,0
Box-3,17,32.1,43,0.516,C57Bl6n,chow,2017-03-16 04:26:00,76,68,79,79,22,1,0.4,0.45,0,0.03
Box-3,17,32.1,43,0.516,C57Bl6n,chow,2017-03-16 04:36:00,281,187,80,81,22,1.006,0.405,0.47,0,0
Box-3,17,32.1,43,0.516,C57Bl6n,chow,2017-03-16 04:46:00,625,211,81,82,22,1.016,0.409,0.45,0,0
Box-3,17,32.1,43,0.516,C57Bl6n,chow,2017-03-16 04:56:00,101,68,82,83,22,1.015,0.415,0.42,0,0
Box-3,17,32.1,43,0.516,C57Bl6n,chow,2017-03-16 05:06:00,813,327,89,90,22,1.01,0.45,0.46,0.17,0
Box-3,17,32.1,43,0.516,C57Bl6n,chow,2017-03-16 05:16:00,1793,773,93,93,22.1,1.001,0.468,0.46,0.03,0.15
Box-3,17,32.1,43,0.516,C57Bl6n,chow,2017-03-16 05:26:00,469,154,88,85,22.1,0.965,0.442,0.44,0,0.03
Box-3,17,32.1,43,0.516,C57Bl6n,chow,2017-03-16 05:36:00,89,44,93,90,22.1,0.969,0.466,0.43,0,0
Box-3,17,32.1,43,0.516,C57Bl6n,chow,2017-03-16 05:46:00,48,14,87,84,22,0.966,0.434,0.46,0,0
Box-3,17,32.1,43,0.516,C57Bl6n,chow,2017-03-16 05:56:00,67,47,80,78,22,0.975,0.402,0.46,0,0
Box-3,17,32.1,43,0.516,C57Bl6n,chow,2017-03-16 06:06:00,303,171,74,73,22,0.987,0.375,0.45,0,0.01
Box-3,17,32.1,43,0.516,C57Bl6n,chow,2017-03-16 06:16:00,1325,561,105,101,22,0.961,0.527,0.46,0,0
Box-3,17,32.1,43,0.516,C57Bl6n,chow,2017-03-16 06:26:00,174,83,83,79,22.1,0.951,0.415,0.48,0,0
Box-3,17,32.1,43,0.516,C57Bl6n,chow,2017-03-16 06:36:00,133,56,95,92,22,0.969,0.478,0.46,0,0
Box-3,17,32.1,43,0.516,C57Bl6n,chow,2017-03-16 06:46:00,505,0,75,71,22,0.946,0.372,0.43,0,0
Box-3,17,32.1,43,0.516,C57Bl6n,chow,2017-03-16 06:56:00,4,0,74,70,22,0.937,0.37,0.46,0,0
Box-3,17,32.1,43,0.516,C57Bl6n,chow,2017-03-16 07:06:00,18,16,67,61,22,0.902,0.331,0.44,0,0
Box-3,17,32.1,43,0.516,C57Bl6n,chow,2017-03-16 07:16:00,112,39,68,61,22,0.9,0.337,0.44,0,0
Box-3,17,32.1,43,0.516,C57Bl6n,chow,2017-03-16 07:26:00,83,32,76,70,22,0.914,0.377,0.45,0,0
Box-3,17,32.1,43,0.516,C57Bl6n,chow,2017-03-16 07:36:00,57,36,75,70,22,0.925,0.374,0.46,0,0
Box-3,17,32.1,43,0.516,C57Bl6n,chow,2017-03-16 07:46:00,59,38,73,64,22,0.875,0.357,0.46,0,0
Box-3,17,32.1,43,0.516,C57Bl6n,chow,2017-03-16 07:56:00,22,12,70,61,22,0.869,0.343,0.43,0,0
Box-3,17,32.1,43,0.516,C57Bl6n,chow,2017-03-16 08:06:00,44,28,73,61,22,0.846,0.354,0.45,0,0
Box-3,17,32.1,43,0.516,C57Bl6n,chow,2017-03-16 08:16:00,219,127,70,60,22,0.846,0.343,0.43,0,0
Box-3,17,32.1,43,0.516,C57Bl6n,chow,2017-03-16 08:26:00,517,204,121,108,22.1,0.892,0.598,0.47,0.25,0
Box-3,17,32.1,43,0.516,C57Bl6n,chow,2017-03-16 08:36:00,857,397,88,79,22.2,0.906,0.433,0.46,0,0
Box-3,17,32.1,43,0.516,C57Bl6n,chow,2017-03-16 08:46:00,170,82,90,82,22.1,0.915,0.444,0.46,0,0
Box-3,17,32.1,43,0.516,C57Bl6n,chow,2017-03-16 08:56:00,8,0,80,73,22.1,0.916,0.395,0.44,0,0
Box-3,17,32.1,43,0.516,C57Bl6n,chow,2017-03-16 09:06:00,59,42,71,67,22.1,0.936,0.355,0.44,0,0
Box-3,17,32.1,43,0.516,C57Bl6n,chow,2017-03-16 09:16:00,35,26,76,71,22.1,0.931,0.377,0.45,0,0
Box-3,17,32.1,43,0.516,C57Bl6n,chow,2017-03-16 09:26:00,19,5,76,71,22.1,0.933,0.376,0.44,0,0
Box-3,17,32.1,43,0.516,C57Bl6n,chow,2017-03-16 09:36:00,62,47,77,72,22.1,0.938,0.381,0.45,0,0
Box-3,17,32.1,43,0.516,C57Bl6n,chow,2017-03-16 09:46:00,39,37,75,69,22,0.927,0.371,0.46,0,0
Box-3,17,32.1,43,0.516,C57Bl6n,chow,2017-03-16 09:56:00,115,35,72,67,22,0.923,0.359,0.46,0,0
Box-3,17,32.1,43,0.516,C57Bl6n,chow,2017-03-16 10:06:00,27,6,71,65,22.1,0.915,0.353,0.45,0,0
Box-3,17,32.1,43,0.516,C57Bl6n,chow,2017-03-16 10:16:00,135,60,76,69,22,0.919,0.374,0.46,0,0
Box-3,17,32.1,43,0.516,C57Bl6n,chow,2017-03-16 10:26:00,455,178,79,72,22,0.909,0.39,0.46,0,0
Box-3,17,32.1,43,0.516,C57Bl6n,chow,2017-03-16 10:36:00,470,171,115,108,22.1,0.941,0.571,0.44,0.03,0
Box-3,17,32.1,43,0.516,C57Bl6n,chow,2017-03-16 10:46:00,1431,675,85,79,22.1,0.933,0.423,0.46,0.01,0
Box-3,17,32.1,43,0.516,C57Bl6n,chow,2017-03-16 10:56:00,617,285,93,87,22.1,0.939,0.461,0.44,0,0
Box-3,17,32.1,43,0.516,C57Bl6n,chow,2017-03-16 11:06:00,19,15,84,76,22.1,0.91,0.415,0.47,0,0
Box-3,17,32.1,43,0.516,C57Bl6n,chow,2017-03-16 11:16:00,24,12,68,61,22.1,0.894,0.335,0.44,0,0
Box-3,17,32.1,43,0.516,C57Bl6n,chow,2017-03-16 11:26:00,27,24,68,57,22.1,0.841,0.33,0.44,0,0
Box-3,17,32.1,43,0.516,C57Bl6n,chow,2017-03-16 11:36:00,49,46,66,56,22,0.839,0.323,0.45,0,0
Box-3,17,32.1,43,0.516,C57Bl6n,chow,2017-03-16 11:46:00,37,35,72,59,22,0.823,0.349,0.46,0,0
Box-3,17,32.1,43,0.516,C57Bl6n,chow,2017-03-16 11:56:00,29,19,71,59,22,0.835,0.345,0.44,0,0
Box-3,17,32.1,43,0.516,C57Bl6n,chow,2017-03-16 12:06:00,308,190,86,74,22,0.861,0.422,0.46,0,0
Box-3,17,32.1,43,0.516,C57Bl6n,chow,2017-03-16 12:16:00,977,408,116,101,22.1,0.865,0.57,0.46,0.2,0
Box-3,17,32.1,43,0.516,C57Bl6n,chow,2017-03-16 12:26:00,516,284,89,79,22.2,0.882,0.439,0.46,0,0
Box-3,17,32.1,43,0.516,C57Bl6n,chow,2017-03-16 12:36:00,96,42,85,77,22.1,0.904,0.42,0.45,0,0.01
Box-3,17,32.1,43,0.516,C57Bl6n,chow,2017-03-16 12:46:00,25,11,71,65,22.1,0.915,0.353,0.43,0,0
Box-3,17,32.1,43,0.516,C57Bl6n,chow,2017-03-16 12:56:00,31,13,73,67,22.1,0.912,0.361,0.47,0,0
Box-3,17,32.1,43,0.516,C57Bl6n,chow,2017-03-16 13:06:00,22,2,72,65,22.1,0.905,0.356,0.46,0,0
Box-3,17,32.1,43,0.516,C57Bl6n,chow,2017-03-16 13:16:00,156,2,73,66,22.1,0.898,0.361,0.45,0,0
Box-3,17,32.1,43,0.516,C57Bl6n,chow,2017-03-16 13:26:00,28,7,69,62,22,0.9,0.341,0.44,0,0
Box-3,17,32.1,43,0.516,C57Bl6n,chow,2017-03-16 13:36:00,33,13,67,60,22,0.891,0.332,0.42,0,0
Box-3,17,32.1,43,0.516,C57Bl6n,chow,2017-03-16 13:46:00,20,20,67,60,22,0.894,0.33,0.43,0,0
Box-3,17,32.1,43,0.516,C57Bl6n,chow,2017-03-16 13:56:00,152,95,76,70,22,0.926,0.376,0.47,0,0
Box-3,17,32.1,43,0.516,C57Bl6n,chow,2017-03-16 14:06:00,61,18,69,64,22,0.923,0.344,0.47,0,0
Box-3,17,32.1,43,0.516,C57Bl6n,chow,2017-03-16 14:16:00,16,5,67,61,22,0.922,0.331,0.46,0,0
Box-3,17,32.1,43,0.516,C57Bl6n,chow,2017-03-16 14:26:00,20,14,60,53,22,0.882,0.297,0.44,0,0
Box-3,17,32.1,43,0.516,C57Bl6n,chow,2017-03-16 14:36:00,19,10,64,56,22,0.868,0.315,0.42,0,0
Box-3,17,32.1,43,0.516,C57Bl6n,chow,2017-03-16 14:46:00,20,10,68,59,22,0.861,0.334,0.45,0,0.01
Box-3,17,32.1,43,0.516,C57Bl6n,chow,2017-03-16 14:56:00,19,10,68,59,22,0.877,0.332,0.47,0,0
Box-3,17,32.1,43,0.516,C57Bl6n,chow,2017-03-16 15:06:00,123,77,59,53,22,0.889,0.293,0.45,0,0
Box-3,17,32.1,43,0.516,C57Bl6n,chow,2017-03-16 15:16:00,287,117,77,72,22,0.933,0.383,0.45,0,0
Box-3,17,32.1,43,0.516,C57Bl6n,chow,2017-03-16 15:26:00,154,83,73,67,22,0.914,0.362,0.43,0,0
Box-3,17,32.1,43,0.516,C57Bl6n,chow,2017-03-16 15:36:00,0,0,73,66,22,0.9,0.36,0.46,0,0
Box-3,17,32.1,43,0.516,C57Bl6n,chow,2017-03-16 15:46:00,100,61,70,60,22,0.851,0.344,0.47,0,0
Box-3,17,32.1,43,0.516,C57Bl6n,chow,2017-03-16 15:56:00,301,143,79,68,22.1,0.864,0.384,0.45,0.18,0
Box-3,17,32.1,43,0.516,C57Bl6n,chow,2017-03-16 16:06:00,33,15,77,67,22.1,0.87,0.378,0.45,0,0
Box-3,17,32.1,43,0.516,C57Bl6n,chow,2017-03-16 16:16:00,19,18,71,63,22.1,0.889,0.35,0.44,0,0
Box-3,17,32.1,43,0.516,C57Bl6n,chow,2017-03-16 16:26:00,578,369,77,72,22,0.943,0.382,0.47,0.05,0
Box-3,17,32.1,43,0.516,C57Bl6n,chow,2017-03-16 16:36:00,315,201,98,89,22.1,0.911,0.486,0.47,0,0
Box-3,17,32.1,43,0.516,C57Bl6n,chow,2017-03-16 16:46:00,79,49,89,81,22.1,0.916,0.439,0.47,0,0
Box-3,17,32.1,43,0.516,C57Bl6n,chow,2017-03-16 16:56:00,45,25,79,72,22.1,0.906,0.391,0.46,0,0
Box-3,17,32.1,43,0.516,C57Bl6n,chow,2017-03-16 17:06:00,11,3,68,61,22.1,0.885,0.337,0.43,0,0
Box-3,17,32.1,43,0.516,C57Bl6n,chow,2017-03-16 17:16:00,31,11,67,59,22,0.879,0.328,0.44,0,0
Box-3,17,32.1,43,0.516,C57Bl6n,chow,2017-03-16 17:26:00,333,211,98,89,22.1,0.916,0.483,0.47,0,0
Box-3,17,32.1,43,0.516,C57Bl6n,chow,2017-03-16 17:36:00,115,54,120,110,22.2,0.916,0.595,0.45,0.14,0
Box-3,17,32.1,43,0.516,C57Bl6n,chow,2017-03-16 17:46:00,28,23,73,64,22.1,0.883,0.359,0.44,0,0
Box-3,17,32.1,43,0.516,C57Bl6n,chow,2017-03-16 17:56:00,31,21,74,69,22.1,0.934,0.367,0.46,0,0
Box-3,17,32.1,43,0.516,C57Bl6n,chow,2017-03-16 18:06:00,216,121,93,90,22,0.966,0.466,0.47,0,0
Box-3,17,32.1,43,0.516,C57Bl6n,chow,2017-03-16 18:16:00,1037,622,96,92,22,0.965,0.479,0.45,0.03,0
Box-3,17,32.1,43,0.516,C57Bl6n,chow,2017-03-16 18:26:00,509,294,117,112,22.2,0.959,0.585,0.47,0.13,0.17
Box-3,17,32.1,43,0.516,C57Bl6n,chow,2017-03-16 18:36:00,73,63,97,93,22.1,0.96,0.486,0.43,0,0
Box-3,17,32.1,43,0.516,C57Bl6n,chow,2017-03-16 18:46:00,616,300,93,89,22,0.964,0.464,0.45,0.12,0
Box-3,17,32.1,43,0.516,C57Bl6n,chow,2017-03-16 18:56:00,428,246,110,108,22.1,0.977,0.554,0.46,0,0
Box-3,17,32.1,43,0.516,C57Bl6n,chow,2017-03-16 19:06:00,555,152,91,89,22,0.977,0.455,0.46,0.07,0
Box-3,17,32.1,43,0.516,C57Bl6n,chow,2017-03-16 19:16:00,234,86,83,80,22.1,0.964,0.417,0.47,0.08,0.16
Box-3,17,32.1,43,0.516,C57Bl6n,chow,2017-03-16 19:26:00,306,127,123,123,22.1,0.998,0.622,0.45,0.11,0.07
Box-3,17,32.1,43,0.516,C57Bl6n,chow,2017-03-16 19:36:00,60,27,76,74,22.1,0.981,0.381,0.42,0,0
Box-3,17,32.1,43,0.516,C57Bl6n,chow,2017-03-16 19:46:00,33,21,79,79,22,0.993,0.4,0.44,0,0
Box-3,17,32.1,43,0.516,C57Bl6n,chow,2017-03-16 19:56:00,621,294,106,107,22,1.003,0.537,0.44,0.15,0.09
Box-3,17,32.1,43,0.516,C57Bl6n,chow,2017-03-16 20:06:00,360,216,102,103,22.1,1.009,0.515,0.44,0,0.03
Box-3,17,32.1,43,0.516,C57Bl6n,chow,2017-03-16 20:16:00,352,240,113,114,22.1,1.008,0.57,0.44,0,0.06
Box-3,17,32.1,43,0.516,C57Bl6n,chow,2017-03-16 20:26:00,618,208,122,121,22.1,0.99,0.616,0.45,0.23,0.12
Box-3,17,32.1,43,0.516,C57Bl6n,chow,2017-03-16 20:36:00,331,180,93,93,22.1,1.003,0.469,0.44,0,0
Box-3,17,32.1,43,0.516,C57Bl6n,chow,2017-03-16 20:46:00,301,152,95,95,22.1,1,0.48,0.45,0.09,0.01
Box-3,17,32.1,43,0.516,C57Bl6n,chow,2017-03-16 20:56:00,988,535,114,115,22.1,1.007,0.576,0.45,0.09,0.17
Box-3,17,32.1,43,0.516,C57Bl6n,chow,2017-03-16 21:06:00,383,156,122,122,22.2,1.001,0.615,0.44,0.18,0.11
Box-3,17,32.1,43,0.516,C57Bl6n,chow,2017-03-16 21:16:00,97,66,94,93,22.1,0.986,0.473,0.46,0,0
Box-3,17,32.1,43,0.516,C57Bl6n,chow,2017-03-16 21:26:00,108,58,94,95,22.1,1.011,0.475,0.45,0.03,0
Box-3,17,32.1,43,0.516,C57Bl6n,chow,2017-03-16 21:36:00,591,330,125,126,22.2,1.012,0.63,0.44,0.15,0.17
Box-3,17,32.1,43,0.516,C57Bl6n,chow,2017-03-16 21:46:00,329,204,98,98,22.1,0.992,0.496,0.46,0.03,0.09
Box-3,17,32.1,43,0.516,C57Bl6n,chow,2017-03-16 21:56:00,120,68,98,99,22.1,1.008,0.497,0.46,0,0.01
Box-3,17,32.1,43,0.516,C57Bl6n,chow,2017-03-16 22:06:00,668,337,115,117,22.2,1.014,0.582,0.42,0.2,0
Box-3,17,32.1,43,0.516,C57Bl6n,chow,2017-03-16 22:16:00,1988,1084,102,104,22.2,1.02,0.517,0.44,0.03,0.35
Box-3,17,32.1,43,0.516,C57Bl6n,chow,2017-03-16 22:26:00,805,551,119,119,22.2,1.002,0.6,0.44,0.07,0
Box-3,17,32.1,43,0.516,C57Bl6n,chow,2017-03-16 22:36:00,356,245,97,95,22.1,0.977,0.488,0.43,0,0
Box-3,17,32.1,43,0.516,C57Bl6n,chow,2017-03-16 22:46:00,128,83,94,94,22.1,1.006,0.473,0.44,0,0
Box-3,17,32.1,43,0.516,C57Bl6n,chow,2017-03-16 22:56:00,93,73,91,91,22,0.999,0.459,0.45,0,0
Box-3,17,32.1,43,0.516,C57Bl6n,chow,2017-03-16 23:06:00,1049,717,103,105,22,1.013,0.523,0.47,0.03,0.19
Box-3,17,32.1,43,0.516,C57Bl6n,chow,2017-03-16 23:16:00,515,341,135,136,22.2,1.009,0.68,0.45,0.22,0.09
Box-3,17,32.1,43,0.516,C57Bl6n,chow,2017-03-16 23:26:00,1300,795,128,129,22.3,1.006,0.648,0.46,0.05,0.22
Box-3,17,32.1,43,0.516,C57Bl6n,chow,2017-03-16 23:36:00,296,205,108,108,22.3,1.007,0.544,0.45,0,0
Box-3,17,32.1,43,0.516,C57Bl6n,chow,2017-03-16 23:46:00,118,84,96,93,22.1,0.975,0.481,0.46,0,0
Box-3,17,32.1,43,0.516,C57Bl6n,chow,2017-03-16 23:56:00,99,58,84,84,22.1,0.997,0.423,0.45,0,0
Box-3,17,32.1,43,0.516,C57Bl6n,chow,2017-03-17 00:06:00,508,343,118,122,22.1,1.033,0.6,0.46,0.03,0
Box-3,17,32.1,43,0.516,C57Bl6n,chow,2017-03-17 00:16:00,251,148,107,108,22.1,1.018,0.54,0.44,0.08,0
Box-3,17,32.1,43,0.516,C57Bl6n,chow,2017-03-17 00:26:00,217,157,87,88,22,1.012,0.442,0.43,0,0
Box-3,17,32.1,43,0.516,C57Bl6n,chow,2017-03-17 00:36:00,206,162,84,86,22,1.017,0.427,0.44,0,0
Box-3,17,32.1,43,0.516,C57Bl6n,chow,2017-03-17 00:46:00,405,267,120,124,22.1,1.031,0.611,0.46,0.09,0
Box-3,17,32.1,43,0.516,C57Bl6n,chow,2017-03-17 00:56:00,1544,950,104,108,22.1,1.033,0.53,0.43,0.17,0.19
Box-3,17,32.1,43,0.516,C57Bl6n,chow,2017-03-17 01:06:00,2076,1322,115,117,22.2,1.014,0.583,0.44,0,0.17
Box-3,17,32.1,43,0.516,C57Bl6n,chow,2017-03-17 01:16:00,760,616,109,107,22.1,0.981,0.546,0.47,0,0
Box-3,17,32.1,43,0.516,C57Bl6n,chow,2017-03-17 01:26:00,56,39,97,95,22.1,0.982,0.488,0.44,0,0
Box-3,17,32.1,43,0.516,C57Bl6n,chow,2017-03-17 01:36:00,128,104,94,92,22,0.985,0.471,0.45,0,0
Box-3,17,32.1,43,0.516,C57Bl6n,chow,2017-03-17 01:46:00,103,101,80,80,22,0.997,0.404,0.43,0,0.03
Box-3,17,32.1,43,0.516,C57Bl6n,chow,2017-03-17 01:56:00,280,211,126,127,22.1,1.006,0.636,0.46,0.26,0
Box-3,17,32.1,43,0.516,C57Bl6n,chow,2017-03-17 02:06:00,880,593,103,104,22.1,1.003,0.521,0.45,0,0.15
Box-3,17,32.1,43,0.516,C57Bl6n,chow,2017-03-17 02:16:00,163,156,96,95,22.1,0.982,0.484,0.45,0,0
Box-3,17,32.1,43,0.516,C57Bl6n,chow,2017-03-17 02:26:00,67,63,91,90,22,0.991,0.46,0.44,0,0
Box-3,17,32.1,43,0.516,C57Bl6n,chow,2017-03-17 02:36:00,450,404,86,86,22,1.002,0.433,0.47,0,0
Box-3,17,32.1,43,0.516,C57Bl6n,chow,2017-03-17 02:46:00,540,336,123,127,22.1,1.033,0.627,0.44,0.21,0
Box-3,17,32.1,43,0.516,C57Bl6n,chow,2017-03-17 02:56:00,1781,1067,101,101,22.1,1.009,0.508,0.46,0,0.17
Box-3,17,32.1,43,0.516,C57Bl6n,chow,2017-03-17 03:06:00,2189,1788,114,112,22.1,0.984,0.575,0.43,0,0
Box-3,17,32.1,43,0.516,C57Bl6n,chow,2017-03-17 03:16:00,1423,1397,114,111,22.1,0.973,0.571,0.47,0,0
Box-3,17,32.1,43,0.516,C57Bl6n,chow,2017-03-17 03:26:00,168,165,93,91,22,0.982,0.466,0.44,0,0
Box-3,17,32.1,43,0.516,C57Bl6n,chow,2017-03-17 03:36:00,720,708,89,87,22,0.982,0.448,0.46,0,0
Box-3,17,32.1,43,0.516,C57Bl6n,chow,2017-03-17 03:46:00,434,416,79,78,22,0.98,0.399,0.43,0,0
Box-3,17,32.1,43,0.516,C57Bl6n,chow,2017-03-17 03:56:00,751,741,83,81,22,0.978,0.415,0.44,0,0.04
Box-3,17,32.1,43,0.516,C57Bl6n,chow,2017-03-17 04:06:00,1049,922,83,81,22,0.972,0.416,0.44,0,0
Box-3,17,32.1,43,0.516,C57Bl6n,chow,2017-03-17 04:16:00,314,298,89,87,22,0.968,0.448,0.47,0,0
Box-3,17,32.1,43,0.516,C57Bl6n,chow,2017-03-17 04:26:00,238,228,77,74,22,0.972,0.384,0.43,0,0
Box-3,17,32.1,43,0.516,C57Bl6n,chow,2017-03-17 04:36:00,776,721,79,76,22,0.963,0.397,0.45,0,0
Box-3,17,32.1,43,0.516,C57Bl6n,chow,2017-03-17 04:46:00,758,579,109,104,22.1,0.963,0.543,0.45,0.16,0
Box-3,17,32.1,43,0.516,C57Bl6n,chow,2017-03-17 04:56:00,2396,1634,107,104,22.2,0.967,0.539,0.46,0.03,0.15
Box-3,17,32.1,43,0.516,C57Bl6n,chow,2017-03-17 05:06:00,701,571,87,82,22.1,0.948,0.434,0.43,0,0
Box-3,17,32.1,43,0.516,C57Bl6n,chow,2017-03-17 05:16:00,241,234,91,87,22.1,0.95,0.456,0.44,0,0
Box-3,17,32.1,43,0.516,C57Bl6n,chow,2017-03-17 05:26:00,611,159,83,79,22,0.95,0.415,0.47,0,0
Box-3,17,32.1,43,0.516,C57Bl6n,chow,2017-03-17 05:36:00,282,240,77,72,22,0.936,0.385,0.45,0,0
Box-3,17,32.1,43,0.516,C57Bl6n,chow,2017-03-17 05:46:00,1425,992,98,94,22.1,0.957,0.49,0.46,0.17,0
Box-3,17,32.1,43,0.516,C57Bl6n,chow,2017-03-17 05:56:00,382,353,89,83,22.1,0.936,0.441,0.46,0,0
Box-3,17,32.1,43,0.516,C57Bl6n,chow,2017-03-17 06:06:00,569,551,102,99,22,0.964,0.513,0.46,0,0
Box-3,17,32.1,43,0.516,C57Bl6n,chow,2017-03-17 06:16:00,162,155,95,91,22,0.952,0.475,0.47,0,0
Box-3,17,32.1,43,0.516,C57Bl6n,chow,2017-03-17 06:26:00,236,222,80,75,22,0.94,0.398,0.44,0,0
Box-3,17,32.1,43,0.516,C57Bl6n,chow,2017-03-17 06:36:00,142,141,83,74,22,0.896,0.408,0.47,0,0
Box-3,17,32.1,43,0.516,C57Bl6n,chow,2017-03-17 06:46:00,154,150,76,66,22,0.868,0.375,0.47,0,0
Box-3,17,32.1,43,0.516,C57Bl6n,chow,2017-03-17 06:56:00,483,441,77,68,22,0.885,0.377,0.45,0,0
Box-3,17,32.1,43,0.516,C57Bl6n,chow,2017-03-17 07:06:00,331,321,75,67,22,0.899,0.37,0.46,0,0
Box-3,17,32.1,43,0.516,C57Bl6n,chow,2017-03-17 07:16:00,275,246,78,67,22,0.86,0.381,0.45,0,0
Box-3,17,32.1,43,0.516,C57Bl6n,chow,2017-03-17 07:26:00,776,620,91,78,22,0.853,0.445,0.45,0,0
Box-3,17,32.1,43,0.516,C57Bl6n,chow,2017-03-17 07:36:00,866,660,115,103,22.1,0.897,0.565,0.47,0.13,0
Box-3,17,32.1,43,0.516,C57Bl6n,chow,2017-03-17 07:46:00,1103,916,94,85,22.1,0.91,0.463,0.45,0,0
Box-3,17,32.1,43,0.516,C57Bl6n,chow,2017-03-17 07:56:00,416,387,90,83,22.1,0.922,0.448,0.44,0,0
Box-3,17,32.1,43,0.516,C57Bl6n,chow,2017-03-17 08:06:00,147,147,77,70,22.1,0.919,0.379,0.45,0,0
Box-3,17,32.1,43,0.516,C57Bl6n,chow,2017-03-17 08:16:00,103,103,70,64,22.1,0.91,0.347,0.44,0,0
Box-3,17,32.1,43,0.516,C57Bl6n,chow,2017-03-17 08:26:00,100,99,67,60,22.1,0.897,0.331,0.44,0,0
Box-3,17,32.1,43,0.516,C57Bl6n,chow,2017-03-17 08:36:00,184,184,72,63,22,0.879,0.353,0.44,0,0
Box-3,17,32.1,43,0.516,C57Bl6n,chow,2017-03-17 08:46:00,162,156,77,65,22,0.847,0.377,0.44,0,0
Box-3,17,32.1,43,0.516,C57Bl6n,chow,2017-03-17 08:56:00,376,334,76,64,22,0.841,0.37,0.43,0,0
Box-3,17,32.1,43,0.516,C57Bl6n,chow,2017-03-17 09:06:00,527,444,91,81,22.1,0.897,0.448,0.44,0,0
Box-3,17,32.1,43,0.516,C57Bl6n,chow,2017-03-17 09:16:00,383,377,87,78,22.1,0.904,0.429,0.44,0,0
Box-3,17,32.1,43,0.516,C57Bl6n,chow,2017-03-17 09:26:00,219,207,71,63,22.1,0.895,0.348,0.44,0,0
Box-3,17,32.1,43,0.516,C57Bl6n,chow,2017-03-17 09:36:00,221,219,72,63,22.1,0.876,0.354,0.44,0,0
Box-3,17,32.1,43,0.516,C57Bl6n,chow,2017-03-17 09:46:00,122,122,77,65,22.1,0.848,0.377,0.46,0,0
Box-3,17,32.1,43,0.516,C57Bl6n,chow,2017-03-17 09:56:00,178,162,76,65,22,0.848,0.372,0.44,0,0.03
Box-3,17,32.1,43,0.516,C57Bl6n,chow,2017-03-17 10:06:00,187,185,71,59,22.1,0.832,0.347,0.45,0,0
Box-3,17,32.1,43,0.516,C57Bl6n,chow,2017-03-17 10:16:00,182,182,72,61,22.1,0.842,0.352,0.46,0,0
Box-3,17,32.1,43,0.516,C57Bl6n,chow,2017-03-17 10:26:00,406,384,74,62,22.1,0.836,0.361,0.46,0,0
Box-3,17,32.1,43,0.516,C57Bl6n,chow,2017-03-17 10:36:00,445,404,102,89,22.1,0.875,0.499,0.46,0.16,0
Box-3,17,32.1,43,0.516,C57Bl6n,chow,2017-03-17 10:46:00,1839,1496,94,85,22.1,0.897,0.466,0.45,0,0
Box-3,17,32.1,43,0.516,C57Bl6n,chow,2017-03-17 10:56:00,343,328,84,74,22.1,0.879,0.412,0.43,0,0
Box-3,17,32.1,43,0.516,C57Bl6n,chow,2017-03-17 11:06:00,289,271,81,73,22.1,0.904,0.401,0.47,0,0
Box-3,17,32.1,43,0.516,C57Bl6n,chow,2017-03-17 11:16:00,205,174,82,72,22.1,0.889,0.401,0.47,0,0
Box-3,17,32.1,43,0.516,C57Bl6n,chow,2017-03-17 11:26:00,199,184,76,67,22,0.891,0.373,0.44,0,0
Box-3,17,32.1,43,0.516,C57Bl6n,chow,2017-03-17 11:36:00,118,116,80,71,22,0.881,0.394,0.46,0,0
Box-3,17,32.1,43,0.516,C57Bl6n,chow,2017-03-17 11:46:00,479,462,76,66,22,0.865,0.374,0.45,0,0
Box-3,17,32.1,43,0.516,C57Bl6n,chow,2017-03-17 11:56:00,398,341,83,74,22,0.898,0.408,0.44,0,0
Box-3,17,32.1,43,0.516,C57Bl6n,chow,2017-03-17 12:06:00,231,189,74,66,22,0.899,0.363,0.43,0,0
Box-3,17,32.1,43,0.516,C57Bl6n,chow,2017-03-17 12:16:00,101,48,69,61,22,0.89,0.34,0.45,0,0
Box-3,17,32.1,43,0.516,C57Bl6n,chow,2017-03-17 12:26:00,137,61,72,61,22,0.841,0.353,0.46,0,0
Box-3,17,32.1,43,0.516,C57Bl6n,chow,2017-03-17 12:36:00,76,74,77,64,22,0.83,0.374,0.47,0,0
Box-3,17,32.1,43,0.516,C57Bl6n,chow,2017-03-17 12:46:00,49,48,73,61,22,0.832,0.357,0.45,0,0
Box-3,17,32.1,43,0.516,C57Bl6n,chow,2017-03-17 12:56:00,264,214,75,62,22,0.826,0.362,0.45,0,0
Box-3,17,32.1,43,0.516,C57Bl6n,chow,2017-03-17 13:06:00,454,344,76,62,22,0.822,0.367,0.46,0.02,0
Box-3,17,32.1,43,0.516,C57Bl6n,chow,2017-03-17 13:16:00,948,651,91,80,22.2,0.873,0.449,0.44,0.28,0
Box-3,17,32.1,43,0.516,C57Bl6n,chow,2017-03-17 13:26:00,482,441,81,72,22.1,0.887,0.398,0.45,0,0.03
Box-3,17,32.1,43,0.516,C57Bl6n,chow,2017-03-17 13:36:00,393,382,94,86,22.1,0.915,0.467,0.47,0,0
Box-3,17,32.1,43,0.516,C57Bl6n,chow,2017-03-17 13:46:00,81,81,77,71,22.1,0.922,0.383,0.43,0,0
Box-3,17,32.1,43,0.516,C57Bl6n,chow,2017-03-17 13:56:00,134,98,78,73,22.1,0.934,0.39,0.46,0,0
Box-3,17,32.1,43,0.516,C57Bl6n,chow,2017-03-17 14:06:00,214,119,79,74,22.1,0.938,0.393,0.46,0,0
Box-3,17,32.1,43,0.516,C57Bl6n,chow,2017-03-17 14:16:00,146,137,76,72,22.1,0.939,0.379,0.47,0,0
Box-3,17,32.1,43,0.516,C57Bl6n,chow,2017-03-17 14:26:00,123,119,74,69,22.1,0.938,0.367,0.47,0,0
Box-3,17,32.1,43,0.516,C57Bl6n,chow,2017-03-17 14:36:00,178,158,68,63,22,0.93,0.339,0.43,0,0
Box-3,17,32.1,43,0.516,C57Bl6n,chow,2017-03-17 14:46:00,134,125,71,64,22,0.901,0.349,0.45,0,0
Box-3,17,32.1,43,0.516,C57Bl6n,chow,2017-03-17 14:56:00,149,135,68,63,22,0.914,0.339,0.43,0,0
Box-3,17,32.1,43,0.516,C57Bl6n,chow,2017-03-17 15:06:00,379,245,69,64,22,0.917,0.344,0.45,0.07,0
Box-3,17,32.1,43,0.516,C57Bl6n,chow,2017-03-17 15:16:00,403,354,74,68,22.1,0.924,0.366,0.43,0,0
Box-3,17,32.1,43,0.516,C57Bl6n,chow,2017-03-17 15:26:00,95,89,72,67,22,0.938,0.356,0.46,0,0
Box-5,2,30.9,61.8,0.694,C57Bl6j,chow,2017-03-14 14:36:00,43,35,64,50,22.9,0.776,0.308,0.45,0,0
Box-5,2,30.9,61.8,0.694,C57Bl6j,chow,2017-03-14 14:46:00,80,63,66,52,22.9,0.776,0.319,0.45,0,0
Box-5,2,30.9,61.8,0.694,C57Bl6j,chow,2017-03-14 14:56:00,74,69,61,47,22.9,0.767,0.293,0.46,0,0
Box-5,2,30.9,61.8,0.694,C57Bl6j,chow,2017-03-14 15:06:00,92,86,69,54,22.9,0.773,0.332,0.47,0,0
Box-5,2,30.9,61.8,0.694,C57Bl6j,chow,2017-03-14 15:16:00,324,197,67,52,22.9,0.779,0.321,0.45,0,0
Box-5,2,30.9,61.8,0.694,C57Bl6j,chow,2017-03-14 15:26:00,216,147,73,59,22.9,0.807,0.353,0.47,0,0
Box-5,2,30.9,61.8,0.694,C57Bl6j,chow,2017-03-14 15:36:00,308,200,104,87,23,0.835,0.506,0.47,0.21,0
Box-5,2,30.9,61.8,0.694,C57Bl6j,chow,2017-03-14 15:46:00,978,553,96,84,23,0.88,0.471,0.44,0.06,0.09
Box-5,2,30.9,61.8,0.694,C57Bl6j,chow,2017-03-14 15:56:00,640,339,105,94,23,0.892,0.52,0.45,0,0.17
Box-5,2,30.9,61.8,0.694,C57Bl6j,chow,2017-03-14 16:06:00,364,219,98,87,23,0.89,0.481,0.48,0,0
Box-5,2,30.9,61.8,0.694,C57Bl6j,chow,2017-03-14 16:16:00,1236,724,112,102,23,0.907,0.553,0.45,0.06,0.03
Box-5,2,30.9,61.8,0.694,C57Bl6j,chow,2017-03-14 16:26:00,150,103,82,74,23,0.904,0.405,0.46,0,0
Box-5,2,30.9,61.8,0.694,C57Bl6j,chow,2017-03-14 16:36:00,56,31,74,66,22.9,0.895,0.365,0.43,0,0
Box-5,2,30.9,61.8,0.694,C57Bl6j,chow,2017-03-14 16:46:00,48,22,75,68,22.8,0.909,0.369,0.45,0,0
Box-5,2,30.9,61.8,0.694,C57Bl6j,chow,2017-03-14 16:56:00,40,25,72,65,22.9,0.911,0.354,0.43,0,0
Box-5,2,30.9,61.8,0.694,C57Bl6j,chow,2017-03-14 17:06:00,47,26,70,64,22.9,0.908,0.347,0.45,0,0
Box-5,2,30.9,61.8,0.694,C57Bl6j,chow,2017-03-14 17:16:00,79,43,68,63,22.9,0.917,0.339,0.45,0,0
Box-5,2,30.9,61.8,0.694,C57Bl6j,chow,2017-03-14 17:26:00,329,156,67,61,22.9,0.904,0.331,0.45,0,0
Box-5,2,30.9,61.8,0.694,C57Bl6j,chow,2017-03-14 17:36:00,29,6,68,62,22.9,0.909,0.336,0.42,0,0
Box-5,2,30.9,61.8,0.694,C57Bl6j,chow,2017-03-14 17:46:00,161,45,73,65,22.9,0.895,0.359,0.46,0,0
Box-5,2,30.9,61.8,0.694,C57Bl6j,chow,2017-03-14 17:56:00,60,23,73,66,22.9,0.895,0.361,0.46,0,0
Box-5,2,30.9,61.8,0.694,C57Bl6j,chow,2017-03-14 18:06:00,491,237,82,72,22.9,0.886,0.402,0.46,0,0
Box-5,2,30.9,61.8,0.694,C57Bl6j,chow,2017-03-14 18:16:00,1353,715,99,89,23,0.902,0.489,0.43,0.17,0.02
Box-5,2,30.9,61.8,0.694,C57Bl6j,chow,2017-03-14 18:26:00,777,474,127,115,23.1,0.908,0.628,0.43,0,0.03
Box-5,2,30.9,61.8,0.694,C57Bl6j,chow,2017-03-14 18:36:00,1003,440,128,116,23.1,0.911,0.632,0.44,0.17,0.03
Box-5,2,30.9,61.8,0.694,C57Bl6j,chow,2017-03-14 18:46:00,1033,659,123,114,23.1,0.927,0.61,0.45,0,0.07
Box-5,2,30.9,61.8,0.694,C57Bl6j,chow,2017-03-14 18:56:00,239,187,101,91,23,0.901,0.499,0.46,0,0
Box-5,2,30.9,61.8,0.694,C57Bl6j,chow,2017-03-14 19:06:00,140,124,90,82,23,0.908,0.444,0.46,0,0
Box-5,2,30.9,61.8,0.694,C57Bl6j,chow,2017-03-14 19:16:00,210,160,87,80,23,0.919,0.434,0.43,0,0
Box-5,2,30.9,61.8,0.694,C57Bl6j,chow,2017-03-14 19:26:00,293,240,82,74,22.9,0.907,0.406,0.45,0,0
Box-5,2,30.9,61.8,0.694,C57Bl6j,chow,2017-03-14 19:36:00,734,535,116,107,23,0.925,0.576,0.46,0.16,0
Box-5,2,30.9,61.8,0.694,C57Bl6j,chow,2017-03-14 19:46:00,1701,1116,126,117,23.1,0.929,0.628,0.45,0.02,0.13
Box-5,2,30.9,61.8,0.694,C57Bl6j,chow,2017-03-14 19:56:00,2013,1174,131,122,23.1,0.937,0.65,0.47,0,0
Box-5,2,30.9,61.8,0.694,C57Bl6j,chow,2017-03-14 20:06:00,1932,982,130,120,23.1,0.925,0.646,0.46,0,0
Box-5,2,30.9,61.8,0.694,C57Bl6j,chow,2017-03-14 20:16:00,389,201,120,109,23.1,0.91,0.593,0.45,0,0
Box-5,2,30.9,61.8,0.694,C57Bl6j,chow,2017-03-14 20:26:00,158,107,91,83,23,0.906,0.451,0.45,0,0
Box-5,2,30.9,61.8,0.694,C57Bl6j,chow,2017-03-14 20:36:00,616,372,90,81,23,0.907,0.444,0.45,0.25,0.06
Box-5,2,30.9,61.8,0.694,C57Bl6j,chow,2017-03-14 20:46:00,579,249,122,111,23.1,0.911,0.604,0.45,0,0.02
Box-5,2,30.9,61.8,0.694,C57Bl6j,chow,2017-03-14 20:56:00,1611,892,133,122,23.1,0.921,0.658,0.46,0.04,0.07
Box-5,2,30.9,61.8,0.694,C57Bl6j,chow,2017-03-14 21:06:00,617,436,114,103,23.1,0.91,0.562,0.43,0,0.06
Box-5,2,30.9,61.8,0.694,C57Bl6j,chow,2017-03-14 21:16:00,206,150,120,110,23.1,0.914,0.595,0.46,0,0
Box-5,2,30.9,61.8,0.694,C57Bl6j,chow,2017-03-14 21:26:00,93,67,95,86,23.1,0.904,0.47,0.46,0,0
Box-5,2,30.9,61.8,0.694,C57Bl6j,chow,2017-03-14 21:36:00,250,205,79,72,23,0.909,0.39,0.46,0,0
Box-5,2,30.9,61.8,0.694,C57Bl6j,chow,2017-03-14 21:46:00,574,366,96,89,23.1,0.919,0.477,0.44,0.25,0.03
Box-5,2,30.9,61.8,0.694,C57Bl6j,chow,2017-03-14 21:56:00,1963,1186,108,100,23.1,0.926,0.538,0.46,0,0.08
Box-5,2,30.9,61.8,0.694,C57Bl6j,chow,2017-03-14 22:06:00,547,345,138,127,23.1,0.923,0.683,0.46,0.19,0
Box-5,2,30.9,61.8,0.694,C57Bl6j,chow,2017-03-14 22:16:00,477,345,160,146,23.1,0.909,0.792,0.47,0,0.01
Box-5,2,30.9,61.8,0.694,C57Bl6j,chow,2017-03-14 22:26:00,700,447,142,128,23.2,0.902,0.7,0.47,0,0
Box-5,2,30.9,61.8,0.694,C57Bl6j,chow,2017-03-14 22:36:00,690,456,134,119,23.2,0.892,0.658,0.48,0,0.01
Box-5,2,30.9,61.8,0.694,C57Bl6j,chow,2017-03-14 22:46:00,695,386,140,124,23.2,0.885,0.688,0.48,0,0
Box-5,2,30.9,61.8,0.694,C57Bl6j,chow,2017-03-14 22:56:00,816,512,134,118,23.1,0.878,0.658,0.44,0,0.01
Box-5,2,30.9,61.8,0.694,C57Bl6j,chow,2017-03-14 23:06:00,166,96,137,120,23.2,0.87,0.674,0.45,0,0
Box-5,2,30.9,61.8,0.694,C57Bl6j,chow,2017-03-14 23:16:00,1179,712,130,113,23.1,0.867,0.639,0.46,0,0.05
Box-5,2,30.9,61.8,0.694,C57Bl6j,chow,2017-03-14 23:26:00,855,444,132,116,23.3,0.883,0.649,0.47,0.05,0.08
Box-5,2,30.9,61.8,0.694,C57Bl6j,chow,2017-03-14 23:36:00,462,268,126,111,23.2,0.881,0.621,0.43,0,0
Box-5,2,30.9,61.8,0.694,C57Bl6j,chow,2017-03-14 23:46:00,763,518,123,110,23.1,0.888,0.607,0.47,0,0
Box-5,2,30.9,61.8,0.694,C57Bl6j,chow,2017-03-14 23:56:00,887,586,113,99,23.1,0.881,0.554,0.48,0,0.05
Box-5,2,30.9,61.8,0.694,C57Bl6j,chow,2017-03-15 00:06:00,505,96,97,83,23.1,0.858,0.475,0.44,0,0
Box-5,2,30.9,61.8,0.694,C57Bl6j,chow,2017-03-15 00:16:00,386,7,76,64,23.1,0.839,0.371,0.45,0,0
Box-5,2,30.9,61.8,0.694,C57Bl6j,chow,2017-03-15 00:26:00,328,49,80,64,23,0.807,0.385,0.45,0,0
Box-5,2,30.9,61.8,0.694,C57Bl6j,chow,2017-03-15 00:36:00,349,61,85,69,23,0.809,0.411,0.48,0,0
Box-5,2,30.9,61.8,0.694,C57Bl6j,chow,2017-03-15 00:46:00,197,27,80,64,23,0.795,0.385,0.44,0,0
Box-5,2,30.9,61.8,0.694,C57Bl6j,chow,2017-03-15 00:56:00,246,42,88,70,23,0.799,0.425,0.46,0,0
Box-5,2,30.9,61.8,0.694,C57Bl6j,chow,2017-03-15 01:06:00,493,164,78,63,23,0.809,0.378,0.44,0,0
Box-5,2,30.9,61.8,0.694,C57Bl6j,chow,2017-03-15 01:16:00,701,464,90,76,23,0.843,0.44,0.45,0.09,0
Box-5,2,30.9,61.8,0.694,C57Bl6j,chow,2017-03-15 01:26:00,131,124,91,77,23.1,0.842,0.446,0.45,0,0.02
Box-5,2,30.9,61.8,0.694,C57Bl6j,chow,2017-03-15 01:36:00,51,44,80,66,23,0.827,0.39,0.45,0,0
Box-5,2,30.9,61.8,0.694,C57Bl6j,chow,2017-03-15 01:46:00,39,34,81,67,23,0.827,0.395,0.47,0,0
Box-5,2,30.9,61.8,0.694,C57Bl6j,chow,2017-03-15 01:56:00,377,292,78,64,23,0.822,0.378,0.43,0,0
Box-5,2,30.9,61.8,0.694,C57Bl6j,chow,2017-03-15 02:06:00,422,262,115,98,23.1,0.849,0.561,0.46,0.1,0.07
Box-5,2,30.9,61.8,0.694,C57Bl6j,chow,2017-03-15 02:16:00,1473,937,117,102,23.2,0.866,0.576,0.47,0,0.05
Box-5,2,30.9,61.8,0.694,C57Bl6j,chow,2017-03-15 02:26:00,498,323,123,106,23.2,0.862,0.602,0.45,0.08,0.08
Box-5,2,30.9,61.8,0.694,C57Bl6j,chow,2017-03-15 02:36:00,96,86,126,110,23.1,0.872,0.62,0.47,0,0
Box-5,2,30.9,61.8,0.694,C57Bl6j,chow,2017-03-15 02:46:00,59,54,92,79,23.1,0.856,0.451,0.46,0,0
Box-5,2,30.9,61.8,0.694,C57Bl6j,chow,2017-03-15 02:56:00,157,148,73,62,23,0.843,0.356,0.44,0,0.01
Box-5,2,30.9,61.8,0.694,C57Bl6j,chow,2017-03-15 03:06:00,35,27,77,64,23,0.823,0.376,0.47,0,0
Box-5,2,30.9,61.8,0.694,C57Bl6j,chow,2017-03-15 03:16:00,210,164,73,60,23,0.825,0.354,0.44,0.02,0
Box-5,2,30.9,61.8,0.694,C57Bl6j,chow,2017-03-15 03:26:00,224,127,85,72,23.1,0.851,0.414,0.46,0,0
Box-5,2,30.9,61.8,0.694,C57Bl6j,chow,2017-03-15 03:36:00,41,36,76,62,23,0.821,0.368,0.46,0,0
Box-5,2,30.9,61.8,0.694,C57Bl6j,chow,2017-03-15 03:46:00,24,22,81,65,23,0.799,0.393,0.44,0,0.01
Box-5,2,30.9,61.8,0.694,C57Bl6j,chow,2017-03-15 03:56:00,320,252,86,70,23,0.811,0.416,0.46,0,0
Box-5,2,30.9,61.8,0.694,C57Bl6j,chow,2017-03-15 04:06:00,276,173,103,87,23.1,0.846,0.504,0.45,0.04,0
Box-5,2,30.9,61.8,0.694,C57Bl6j,chow,2017-03-15 04:16:00,341,15,73,60,23.1,0.816,0.354,0.44,0,0.01
Box-5,2,30.9,61.8,0.694,C57Bl6j,chow,2017-03-15 04:26:00,98,18,76,62,23,0.812,0.369,0.46,0,0
Box-5,2,30.9,61.8,0.694,C57Bl6j,chow,2017-03-15 04:36:00,633,192,79,64,23,0.811,0.381,0.47,0,0
Box-5,2,30.9,61.8,0.694,C57Bl6j,chow,2017-03-15 04:46:00,1819,1075,103,87,23.1,0.842,0.504,0.47,0.04,0
Box-5,2,30.9,61.8,0.694,C57Bl6j,chow,2017-03-15 04:56:00,546,313,120,96,23.1,0.799,0.578,0.48,0.25,0
Box-5,2,30.9,61.8,0.694,C57Bl6j,chow,2017-03-15 05:06:00,1064,591,137,113,23.2,0.822,0.666,0.46,0,0.06
Box-5,2,30.9,61.8,0.694,C57Bl6j,chow,2017-03-15 05:16:00,591,354,134,110,23.2,0.819,0.651,0.46,0,0.06
Box-5,2,30.9,61.8,0.694,C57Bl6j,chow,2017-03-15 05:26:00,1310,784,116,96,23.3,0.83,0.565,0.45,0,0.01
Box-5,2,30.9,61.8,0.694,C57Bl6j,chow,2017-03-15 05:36:00,1213,730,122,101,23.2,0.83,0.591,0.43,0,0.07
Box-5,2,30.9,61.8,0.694,C57Bl6j,chow,2017-03-15 05:46:00,131,80,128,105,23.2,0.821,0.621,0.45,0,0.02
Box-5,2,30.9,61.8,0.694,C57Bl6j,chow,2017-03-15 05:56:00,282,196,121,99,23.2,0.815,0.587,0.45,0,0
Box-5,2,30.9,61.8,0.694,C57Bl6j,chow,2017-03-15 06:06:00,722,469,142,112,23.2,0.792,0.684,0.47,0,0
Box-5,2,30.9,61.8,0.694,C57Bl6j,chow,2017-03-15 06:16:00,1512,775,127,98,23.2,0.772,0.609,0.46,0,0
Box-5,2,30.9,61.8,0.694,C57Bl6j,chow,2017-03-15 06:26:00,642,293,119,94,23.2,0.794,0.573,0.46,0,0.06
Box-5,2,30.9,61.8,0.694,C57Bl6j,chow,2017-03-15 06:36:00,340,155,124,97,23.2,0.782,0.594,0.44,0,0.01
Box-5,2,30.9,61.8,0.694,C57Bl6j,chow,2017-03-15 06:46:00,1191,590,109,88,23.2,0.802,0.527,0.46,0,0
Box-5,2,30.9,61.8,0.694,C57Bl6j,chow,2017-03-15 06:56:00,563,137,100,79,23.2,0.793,0.48,0.46,0,0
Box-5,2,30.9,61.8,0.694,C57Bl6j,chow,2017-03-15 07:06:00,195,31,75,59,23.1,0.784,0.36,0.46,0,0
Box-5,2,30.9,61.8,0.694,C57Bl6j,chow,2017-03-15 07:16:00,292,31,70,54,23.1,0.769,0.334,0.46,0,0
Box-5,2,30.9,61.8,0.694,C57Bl6j,chow,2017-03-15 07:26:00,209,36,70,53,23.1,0.763,0.333,0.46,0,0
Box-5,2,30.9,61.8,0.694,C57Bl6j,chow,2017-03-15 07:36:00,192,42,71,53,23,0.75,0.336,0.45,0,0.01
Box-5,2,30.9,61.8,0.694,C57Bl6j,chow,2017-03-15 07:46:00,550,394,68,52,23,0.757,0.327,0.47,0,0
Box-5,2,30.9,61.8,0.694,C57Bl6j,chow,2017-03-15 07:56:00,234,44,74,57,23,0.765,0.355,0.46,0,0.01
Box-5,2,30.9,61.8,0.694,C57Bl6j,chow,2017-03-15 08:06:00,234,46,65,49,23,0.745,0.311,0.46,0,0
Box-5,2,30.9,61.8,0.694,C57Bl6j,chow,2017-03-15 08:16:00,187,4,65,48,23,0.748,0.308,0.45,0,0
Box-5,2,30.9,61.8,0.694,C57Bl6j,chow,2017-03-15 08:26:00,289,88,65,49,23,0.75,0.311,0.46,0,0
Box-5,2,30.9,61.8,0.694,C57Bl6j,chow,2017-03-15 08:36:00,170,34,64,47,23,0.747,0.303,0.44,0,0
Box-5,2,30.9,61.8,0.694,C57Bl6j,chow,2017-03-15 08:46:00,151,10,68,50,23,0.741,0.323,0.47,0,0
Box-5,2,30.9,61.8,0.694,C57Bl6j,chow,2017-03-15 08:56:00,178,42,60,45,23,0.75,0.286,0.46,0,0
Box-5,2,30.9,61.8,0.694,C57Bl6j,chow,2017-03-15 09:06:00,726,272,91,70,23,0.775,0.435,0.46,0,0
Box-5,2,30.9,61.8,0.694,C57Bl6j,chow,2017-03-15 09:16:00,549,272,118,91,23,0.772,0.567,0.45,0,0
Box-5,2,30.9,61.8,0.694,C57Bl6j,chow,2017-03-15 09:26:00,2036,1037,101,77,23.1,0.759,0.484,0.46,0,0.01
Box-5,2,30.9,61.8,0.694,C57Bl6j,chow,2017-03-15 09:36:00,992,596,102,78,23.1,0.769,0.488,0.45,0,0.01
Box-5,2,30.9,61.8,0.694,C57Bl6j,chow,2017-03-15 09:46:00,291,94,86,65,23.1,0.761,0.411,0.46,0,0
Box-5,2,30.9,61.8,0.694,C57Bl6j,chow,2017-03-15 09:56:00,18,4,76,58,23.1,0.759,0.364,0.43,0,0
Box-5,2,30.9,61.8,0.694,C57Bl6j,chow,2017-03-15 10:06:00,26,13,65,48,23,0.744,0.308,0.45,0,0
Box-5,2,30.9,61.8,0.694,C57Bl6j,chow,2017-03-15 10:16:00,9,5,66,49,23,0.742,0.313,0.45,0,0
Box-5,2,30.9,61.8,0.694,C57Bl6j,chow,2017-03-15 10:26:00,60,23,62,46,23,0.745,0.297,0.43,0,0
Box-5,2,30.9,61.8,0.694,C57Bl6j,chow,2017-03-15 10:36:00,38,20,64,48,23,0.749,0.305,0.46,0,0
Box-5,2,30.9,61.8,0.694,C57Bl6j,chow,2017-03-15 10:46:00,97,24,64,47,23,0.739,0.305,0.47,0,0
Box-5,2,30.9,61.8,0.694,C57Bl6j,chow,2017-03-15 10:56:00,52,13,66,50,23,0.756,0.315,0.47,0,0.01
Box-5,2,30.9,61.8,0.694,C57Bl6j,chow,2017-03-15 11:06:00,17,11,68,52,23,0.769,0.327,0.46,0,0
Box-5,2,30.9,61.8,0.694,C57Bl6j,chow,2017-03-15 11:16:00,38,5,66,51,23,0.769,0.315,0.44,0,0
Box-5,2,30.9,61.8,0.694,C57Bl6j,chow,2017-03-15 11:26:00,23,6,60,45,23,0.746,0.285,0.46,0,0
Box-5,2,30.9,61.8,0.694,C57Bl6j,chow,2017-03-15 11:36:00,46,25,62,47,23,0.762,0.298,0.47,0,0
Box-5,2,30.9,61.8,0.694,C57Bl6j,chow,2017-03-15 11:46:00,37,31,60,46,23,0.765,0.289,0.43,0,0
Box-5,2,30.9,61.8,0.694,C57Bl6j,chow,2017-03-15 11:56:00,50,39,64,49,23,0.759,0.306,0.46,0,0
Box-5,2,30.9,61.8,0.694,C57Bl6j,chow,2017-03-15 12:06:00,4,3,62,47,23,0.747,0.297,0.45,0,0
Box-5,2,30.9,61.8,0.694,C57Bl6j,chow,2017-03-15 12:16:00,0,0,63,47,23,0.746,0.302,0.47,0,0
Box-5,2,30.9,61.8,0.694,C57Bl6j,chow,2017-03-15 12:26:00,140,67,61,47,23,0.77,0.294,0.42,0,0
Box-5,2,30.9,61.8,0.694,C57Bl6j,chow,2017-03-15 12:36:00,28,11,64,49,23,0.77,0.307,0.46,0,0
Box-5,2,30.9,61.8,0.694,C57Bl6j,chow,2017-03-15 12:46:00,59,27,63,47,23,0.749,0.299,0.46,0,0
Box-5,2,30.9,61.8,0.694,C57Bl6j,chow,2017-03-15 12:56:00,25,3,62,46,23,0.739,0.294,0.43,0,0
Box-5,2,30.9,61.8,0.694,C57Bl6j,chow,2017-03-15 13:06:00,552,290,97,77,23,0.792,0.469,0.47,0,0
Box-5,2,30.9,61.8,0.694,C57Bl6j,chow,2017-03-15 13:16:00,511,366,90,71,23,0.79,0.434,0.47,0,0
Box-5,2,30.9,61.8,0.694,C57Bl6j,chow,2017-03-15 13:26:00,153,65,99,75,23.1,0.754,0.473,0.46,0,0
Box-5,2,30.9,61.8,0.694,C57Bl6j,chow,2017-03-15 13:36:00,19,17,74,56,23.1,0.757,0.355,0.46,0,0.02
Box-5,2,30.9,61.8,0.694,C57Bl6j,chow,2017-03-15 13:46:00,35,30,66,49,23.1,0.75,0.313,0.46,0,0
Box-5,2,30.9,61.8,0.694,C57Bl6j,chow,2017-03-15 13:56:00,9,5,67,50,23.1,0.753,0.318,0.46,0,0
Box-5,2,30.9,61.8,0.694,C57Bl6j,chow,2017-03-15 14:06:00,55,20,61,46,23,0.755,0.291,0.47,0,0
Box-5,2,30.9,61.8,0.694,C57Bl6j,chow,2017-03-15 14:16:00,44,24,59,45,23,0.766,0.28,0.43,0,0
Box-5,2,30.9,61.8,0.694,C57Bl6j,chow,2017-03-15 14:26:00,37,16,62,47,23,0.757,0.296,0.47,0,0
Box-5,2,30.9,61.8,0.694,C57Bl6j,chow,2017-03-15 14:36:00,53,40,59,45,23,0.762,0.28,0.44,0,0
Box-5,2,30.9,61.8,0.694,C57Bl6j,chow,2017-03-15 14:46:00,37,21,63,48,23,0.765,0.299,0.45,0,0
Box-5,2,30.9,61.8,0.694,C57Bl6j,chow,2017-03-15 14:56:00,14,0,62,46,23,0.75,0.293,0.46,0,0
Box-5,2,30.9,61.8,0.694,C57Bl6j,chow,2017-03-15 15:06:00,49,25,58,44,23,0.757,0.28,0.45,0,0
Box-5,2,30.9,61.8,0.694,C57Bl6j,chow,2017-03-15 15:16:00,60,39,60,46,23,0.764,0.289,0.46,0,0
Box-5,2,30.9,61.8,0.694,C57Bl6j,chow,2017-03-15 15:26:00,348,148,67,52,23,0.77,0.322,0.45,0,0
Box-5,2,30.9,61.8,0.694,C57Bl6j,chow,2017-03-15 15:36:00,225,117,118,93,23.1,0.789,0.569,0.46,0,0
Box-5,2,30.9,61.8,0.694,C57Bl6j,chow,2017-03-15 15:46:00,438,225,100,80,23.1,0.799,0.482,0.47,0,0
Box-5,2,30.9,61.8,0.694,C57Bl6j,chow,2017-03-15 15:56:00,422,227,95,77,23.1,0.803,0.461,0.46,0,0
Box-5,2,30.9,61.8,0.694,C57Bl6j,chow,2017-03-15 16:06:00,260,151,99,81,23.1,0.82,0.478,0.44,0,0
Box-5,2,30.9,61.8,0.694,C57Bl6j,chow,2017-03-15 16:16:00,38,25,74,59,23.1,0.797,0.356,0.45,0,0
Box-5,2,30.9,61.8,0.694,C57Bl6j,chow,2017-03-15 16:26:00,54,22,68,53,23.1,0.783,0.328,0.47,0,0
Box-5,2,30.9,61.8,0.694,C57Bl6j,chow,2017-03-15 16:36:00,87,60,69,55,23.1,0.794,0.332,0.47,0,0
Box-5,2,30.9,61.8,0.694,C57Bl6j,chow,2017-03-15 16:46:00,140,73,62,48,23,0.777,0.297,0.45,0,0.03
Box-5,2,30.9,61.8,0.694,C57Bl6j,chow,2017-03-15 16:56:00,0,0,106,86,23.1,0.809,0.513,0.46,0.12,0
Box-5,2,30.9,61.8,0.694,C57Bl6j,chow,2017-03-15 17:06:00,643,379,87,74,23.1,0.85,0.424,0.46,0.08,0.3
Box-5,2,30.9,61.8,0.694,C57Bl6j,chow,2017-03-15 17:16:00,191,97,82,70,23.1,0.851,0.401,0.44,0,0
Box-5,2,30.9,61.8,0.694,C57Bl6j,chow,2017-03-15 17:26:00,44,31,73,64,23.1,0.873,0.357,0.45,0,0
Box-5,2,30.9,61.8,0.694,C57Bl6j,chow,2017-03-15 17:36:00,46,24,81,72,23.1,0.886,0.399,0.48,0,0
Box-5,2,30.9,61.8,0.694,C57Bl6j,chow,2017-03-15 17:46:00,173,116,76,67,23.1,0.882,0.372,0.47,0,0
Box-5,2,30.9,61.8,0.694,C57Bl6j,chow,2017-03-15 17:56:00,421,222,79,71,23.1,0.895,0.39,0.48,0,0
Box-5,2,30.9,61.8,0.694,C57Bl6j,chow,2017-03-15 18:06:00,1195,684,99,90,23.2,0.916,0.489,0.45,0.12,0.06
Box-5,2,30.9,61.8,0.694,C57Bl6j,chow,2017-03-15 18:16:00,588,394,96,87,23.2,0.905,0.473,0.44,0,0.03
Box-5,2,30.9,61.8,0.694,C57Bl6j,chow,2017-03-15 18:26:00,428,237,98,89,23.1,0.91,0.483,0.44,0,0
Box-5,2,30.9,61.8,0.694,C57Bl6j,chow,2017-03-15 18:36:00,693,449,121,109,23.1,0.897,0.599,0.47,0.12,0.03
Box-5,2,30.9,61.8,0.694,C57Bl6j,chow,2017-03-15 18:46:00,1451,906,118,107,23.2,0.903,0.583,0.45,0,0.12
Box-5,2,30.9,61.8,0.694,C57Bl6j,chow,2017-03-15 18:56:00,726,452,121,109,23.2,0.907,0.597,0.46,0.02,0
Box-5,2,30.9,61.8,0.694,C57Bl6j,chow,2017-03-15 19:06:00,221,149,108,97,23.2,0.894,0.533,0.47,0.09,0.01
Box-5,2,30.9,61.8,0.694,C57Bl6j,chow,2017-03-15 19:16:00,1393,908,107,95,23.2,0.896,0.525,0.47,0.04,0.13
Box-5,2,30.9,61.8,0.694,C57Bl6j,chow,2017-03-15 19:26:00,1557,1077,117,106,23.2,0.905,0.578,0.45,0.02,0.02
Box-5,2,30.9,61.8,0.694,C57Bl6j,chow,2017-03-15 19:36:00,1075,672,108,98,23.2,0.904,0.536,0.43,0.18,0.09
Box-5,2,30.9,61.8,0.694,C57Bl6j,chow,2017-03-15 19:46:00,1392,908,141,129,23.2,0.91,0.699,0.47,0.01,0.11
Box-5,2,30.9,61.8,0.694,C57Bl6j,chow,2017-03-15 19:56:00,363,237,138,126,23.2,0.914,0.681,0.48,0,0
Box-5,2,30.9,61.8,0.694,C57Bl6j,chow,2017-03-15 20:06:00,215,184,104,94,23.2,0.902,0.516,0.46,0,0
Box-5,2,30.9,61.8,0.694,C57Bl6j,chow,2017-03-15 20:16:00,151,92,89,81,23.1,0.908,0.441,0.43,0.07,0
Box-5,2,30.9,61.8,0.694,C57Bl6j,chow,2017-03-15 20:26:00,1064,720,102,95,23.2,0.931,0.506,0.45,0.13,0.05
Box-5,2,30.9,61.8,0.694,C57Bl6j,chow,2017-03-15 20:36:00,736,453,104,98,23.2,0.934,0.52,0.43,0.02,0.05
Box-5,2,30.9,61.8,0.694,C57Bl6j,chow,2017-03-15 20:46:00,254,135,98,91,23.1,0.928,0.485,0.42,0,0.03
Box-5,2,30.9,61.8,0.694,C57Bl6j,chow,2017-03-15 20:56:00,141,87,82,75,23.1,0.918,0.406,0.43,0,0
Box-5,2,30.9,61.8,0.694,C57Bl6j,chow,2017-03-15 21:06:00,245,130,116,109,23.1,0.937,0.577,0.46,0.07,0
Box-5,2,30.9,61.8,0.694,C57Bl6j,chow,2017-03-15 21:16:00,1031,658,132,123,23.1,0.933,0.655,0.47,0.11,0.05
Box-5,2,30.9,61.8,0.694,C57Bl6j,chow,2017-03-15 21:26:00,1422,922,119,111,23.2,0.931,0.593,0.46,0.02,0.15
Box-5,2,30.9,61.8,0.694,C57Bl6j,chow,2017-03-15 21:36:00,960,558,126,117,23.2,0.929,0.628,0.45,0,0.03
Box-5,2,30.9,61.8,0.694,C57Bl6j,chow,2017-03-15 21:46:00,259,149,153,140,23.2,0.919,0.756,0.47,0.13,0
Box-5,2,30.9,61.8,0.694,C57Bl6j,chow,2017-03-15 21:56:00,1134,783,140,129,23.2,0.918,0.695,0.48,0.04,0.05
Box-5,2,30.9,61.8,0.694,C57Bl6j,chow,2017-03-15 22:06:00,2423,1662,121,110,23.2,0.908,0.598,0.45,0.02,0
Box-5,2,30.9,61.8,0.694,C57Bl6j,chow,2017-03-15 22:16:00,1673,1170,133,120,23.2,0.905,0.655,0.43,0,0.07
Box-5,2,30.9,61.8,0.694,C57Bl6j,chow,2017-03-15 22:26:00,608,337,122,111,23.2,0.909,0.603,0.45,0,0
Box-5,2,30.9,61.8,0.694,C57Bl6j,chow,2017-03-15 22:36:00,593,413,114,103,23.2,0.911,0.562,0.43,0.11,0.37
Box-5,2,30.9,61.8,0.694,C57Bl6j,chow,2017-03-15 22:46:00,1469,988,119,109,23.2,0.915,0.589,0.45,0.01,0
Box-5,2,30.9,61.8,0.694,C57Bl6j,chow,2017-03-15 22:56:00,2661,1674,122,111,23.2,0.912,0.603,0.47,0.01,0
Box-5,2,30.9,61.8,0.694,C57Bl6j,chow,2017-03-15 23:06:00,296,138,120,108,23.1,0.906,0.591,0.46,0,0
Box-5,2,30.9,61.8,0.694,C57Bl6j,chow,2017-03-15 23:16:00,73,33,107,96,23.1,0.901,0.529,0.45,0,0
Box-5,2,30.9,61.8,0.694,C57Bl6j,chow,2017-03-15 23:26:00,97,76,78,69,23.1,0.884,0.382,0.47,0,0
Box-5,2,30.9,61.8,0.694,C57Bl6j,chow,2017-03-15 23:36:00,65,44,76,67,23,0.876,0.374,0.45,0,0
Box-5,2,30.9,61.8,0.694,C57Bl6j,chow,2017-03-15 23:46:00,323,153,89,76,23,0.862,0.433,0.46,0,0
Box-5,2,30.9,61.8,0.694,C57Bl6j,chow,2017-03-15 23:56:00,476,329,109,95,23,0.873,0.535,0.45,0.21,0
Box-5,2,30.9,61.8,0.694,C57Bl6j,chow,2017-03-16 00:06:00,2715,1848,113,100,23.2,0.89,0.555,0.47,0.02,0
Box-5,2,30.9,61.8,0.694,C57Bl6j,chow,2017-03-16 00:16:00,1847,1309,133,120,23.2,0.908,0.656,0.45,0,0
Box-5,2,30.9,61.8,0.694,C57Bl6j,chow,2017-03-16 00:26:00,859,557,143,127,23.2,0.892,0.702,0.45,0.13,0
Box-5,2,30.9,61.8,0.694,C57Bl6j,chow,2017-03-16 00:36:00,527,337,137,123,23.2,0.896,0.676,0.45,0,0.06
Box-5,2,30.9,61.8,0.694,C57Bl6j,chow,2017-03-16 00:46:00,272,83,114,103,23.1,0.901,0.562,0.47,0,0
Box-5,2,30.9,61.8,0.694,C57Bl6j,chow,2017-03-16 00:56:00,60,43,95,87,23.1,0.911,0.47,0.47,0,0.03
Box-5,2,30.9,61.8,0.694,C57Bl6j,chow,2017-03-16 01:06:00,79,66,79,71,23,0.899,0.39,0.44,0,0
Box-5,2,30.9,61.8,0.694,C57Bl6j,chow,2017-03-16 01:16:00,110,79,78,69,23,0.888,0.385,0.44,0,0
Box-5,2,30.9,61.8,0.694,C57Bl6j,chow,2017-03-16 01:26:00,128,64,95,87,23,0.92,0.469,0.46,0,0
Box-5,2,30.9,61.8,0.694,C57Bl6j,chow,2017-03-16 01:36:00,341,245,80,72,23.1,0.9,0.394,0.44,0.07,0
Box-5,2,30.9,61.8,0.694,C57Bl6j,chow,2017-03-16 01:46:00,82,38,83,72,23,0.873,0.406,0.46,0,0
Box-5,2,30.9,61.8,0.694,C57Bl6j,chow,2017-03-16 01:56:00,243,149,84,74,23,0.88,0.414,0.45,0,0
Box-5,2,30.9,61.8,0.694,C57Bl6j,chow,2017-03-16 02:06:00,674,456,85,75,23.1,0.878,0.42,0.42,0.1,0
Box-5,2,30.9,61.8,0.694,C57Bl6j,chow,2017-03-16 02:16:00,1680,1083,109,94,23.2,0.863,0.533,0.44,0,0.07
Box-5,2,30.9,61.8,0.694,C57Bl6j,chow,2017-03-16 02:26:00,1974,1363,113,99,23.2,0.875,0.554,0.42,0,0.13
Box-5,2,30.9,61.8,0.694,C57Bl6j,chow,2017-03-16 02:36:00,2069,1355,140,123,23.2,0.878,0.686,0.45,0,0.03
Box-5,2,30.9,61.8,0.694,C57Bl6j,chow,2017-03-16 02:46:00,1535,1020,162,139,23.1,0.858,0.791,0.44,0.08,0.07
Box-5,2,30.9,61.8,0.694,C57Bl6j,chow,2017-03-16 02:56:00,1094,626,129,112,23.2,0.867,0.631,0.45,0,0
Box-5,2,30.9,61.8,0.694,C57Bl6j,chow,2017-03-16 03:06:00,1388,776,127,110,23.1,0.86,0.624,0.46,0,0
Box-5,2,30.9,61.8,0.694,C57Bl6j,chow,2017-03-16 03:16:00,992,620,125,106,23.1,0.852,0.61,0.45,0,0
Box-5,2,30.9,61.8,0.694,C57Bl6j,chow,2017-03-16 03:26:00,1738,709,120,102,23.1,0.848,0.587,0.47,0.01,0.08
Box-5,2,30.9,61.8,0.694,C57Bl6j,chow,2017-03-16 03:36:00,633,335,123,108,23.1,0.881,0.603,0.45,0.1,0
Box-5,2,30.9,61.8,0.694,C57Bl6j,chow,2017-03-16 03:46:00,109,71,91,77,23.1,0.855,0.442,0.45,0,0
Box-5,2,30.9,61.8,0.694,C57Bl6j,chow,2017-03-16 03:56:00,32,14,91,78,23.1,0.86,0.446,0.47,0,0
Box-5,2,30.9,61.8,0.694,C57Bl6j,chow,2017-03-16 04:06:00,49,26,70,58,23.1,0.826,0.342,0.46,0,0
Box-5,2,30.9,61.8,0.694,C57Bl6j,chow,2017-03-16 04:16:00,41,4,80,65,23,0.814,0.388,0.47,0,0
Box-5,2,30.9,61.8,0.694,C57Bl6j,chow,2017-03-16 04:26:00,41,27,74,60,23,0.808,0.359,0.47,0,0
Box-5,2,30.9,61.8,0.694,C57Bl6j,chow,2017-03-16 04:36:00,144,84,73,58,23,0.8,0.352,0.46,0,0
Box-5,2,30.9,61.8,0.694,C57Bl6j,chow,2017-03-16 04:46:00,70,33,78,64,23.1,0.81,0.38,0.45,0,0
Box-5,2,30.9,61.8,0.694,C57Bl6j,chow,2017-03-16 04:56:00,292,172,86,70,23.1,0.811,0.415,0.45,0,0
Box-5,2,30.9,61.8,0.694,C57Bl6j,chow,2017-03-16 05:06:00,290,133,100,83,23.1,0.827,0.487,0.45,0,0
Box-5,2,30.9,61.8,0.694,C57Bl6j,chow,2017-03-16 05:16:00,82,39,94,77,23.1,0.814,0.456,0.44,0,0.01
Box-5,2,30.9,61.8,0.694,C57Bl6j,chow,2017-03-16 05:26:00,115,58,83,66,23.1,0.792,0.4,0.47,0,0
Box-5,2,30.9,61.8,0.694,C57Bl6j,chow,2017-03-16 05:36:00,335,237,82,64,23.1,0.777,0.395,0.46,0,0
Box-5,2,30.9,61.8,0.694,C57Bl6j,chow,2017-03-16 05:46:00,530,336,103,81,23.1,0.79,0.494,0.45,0.01,0
Box-5,2,30.9,61.8,0.694,C57Bl6j,chow,2017-03-16 05:56:00,1268,919,101,79,23.2,0.785,0.485,0.46,0.03,0.11
Box-5,2,30.9,61.8,0.694,C57Bl6j,chow,2017-03-16 06:06:00,1616,1202,125,102,23.3,0.822,0.605,0.43,0,0.09
Box-5,2,30.9,61.8,0.694,C57Bl6j,chow,2017-03-16 06:16:00,475,319,150,123,23.3,0.82,0.729,0.43,0.09,0
Box-5,2,30.9,61.8,0.694,C57Bl6j,chow,2017-03-16 06:26:00,642,383,131,110,23.2,0.84,0.636,0.46,0.03,0.12
Box-5,2,30.9,61.8,0.694,C57Bl6j,chow,2017-03-16 06:36:00,82,40,126,106,23.2,0.84,0.613,0.47,0,0
Box-5,2,30.9,61.8,0.694,C57Bl6j,chow,2017-03-16 06:46:00,129,97,84,72,23.2,0.851,0.412,0.46,0,0
Box-5,2,30.9,61.8,0.694,C57Bl6j,chow,2017-03-16 06:56:00,66,37,76,66,23.1,0.866,0.374,0.48,0,0
Box-5,2,30.9,61.8,0.694,C57Bl6j,chow,2017-03-16 07:06:00,10,10,62,53,23.1,0.858,0.304,0.43,0,0
Box-5,2,30.9,61.8,0.694,C57Bl6j,chow,2017-03-16 07:16:00,15,8,59,50,23.1,0.852,0.288,0.42,0,0
Box-5,2,30.9,61.8,0.694,C57Bl6j,chow,2017-03-16 07:26:00,84,75,59,48,23.1,0.819,0.284,0.43,0,0
Box-5,2,30.9,61.8,0.694,C57Bl6j,chow,2017-03-16 07:36:00,21,18,67,55,23.1,0.813,0.325,0.46,0,0
Box-5,2,30.9,61.8,0.694,C57Bl6j,chow,2017-03-16 07:46:00,34,33,63,51,23.1,0.816,0.304,0.46,0,0
Box-5,2,30.9,61.8,0.694,C57Bl6j,chow,2017-03-16 07:56:00,98,39,65,53,23.1,0.819,0.314,0.47,0,0
Box-5,2,30.9,61.8,0.694,C57Bl6j,chow,2017-03-16 08:06:00,204,143,83,69,23.1,0.832,0.405,0.44,0.08,0
Box-5,2,30.9,61.8,0.694,C57Bl6j,chow,2017-03-16 08:16:00,54,30,84,68,23,0.814,0.405,0.46,0.11,0
Box-5,2,30.9,61.8,0.694,C57Bl6j,chow,2017-03-16 08:26:00,38,18,78,67,23.1,0.863,0.382,0.47,0,0
Box-5,2,30.9,61.8,0.694,C57Bl6j,chow,2017-03-16 08:36:00,26,23,76,66,23.1,0.866,0.373,0.45,0,0
Box-5,2,30.9,61.8,0.694,C57Bl6j,chow,2017-03-16 08:46:00,14,7,69,59,23.1,0.858,0.339,0.46,0,0
Box-5,2,30.9,61.8,0.694,C57Bl6j,chow,2017-03-16 08:56:00,37,27,65,58,23.1,0.882,0.321,0.48,0,0
Box-5,2,30.9,61.8,0.694,C57Bl6j,chow,2017-03-16 09:06:00,51,27,73,62,23.1,0.848,0.356,0.47,0,0
Box-5,2,30.9,61.8,0.694,C57Bl6j,chow,2017-03-16 09:16:00,210,198,74,63,23.1,0.855,0.36,0.47,0,0
Box-5,2,30.9,61.8,0.694,C57Bl6j,chow,2017-03-16 09:26:00,28,21,66,54,23.1,0.824,0.32,0.46,0,0
Box-5,2,30.9,61.8,0.694,C57Bl6j,chow,2017-03-16 09:36:00,66,41,62,51,23.1,0.815,0.303,0.45,0,0
Box-5,2,30.9,61.8,0.694,C57Bl6j,chow,2017-03-16 09:46:00,101,63,76,64,23.1,0.847,0.369,0.45,0,0
Box-5,2,30.9,61.8,0.694,C57Bl6j,chow,2017-03-16 09:56:00,332,166,72,60,23.1,0.838,0.351,0.47,0,0.01
Box-5,2,30.9,61.8,0.694,C57Bl6j,chow,2017-03-16 10:06:00,1336,972,89,73,23.2,0.825,0.43,0.45,0.06,0.08
Box-5,2,30.9,61.8,0.694,C57Bl6j,chow,2017-03-16 10:16:00,1186,744,99,81,23.2,0.819,0.479,0.46,0.1,0.14
Box-5,2,30.9,61.8,0.694,C57Bl6j,chow,2017-03-16 10:26:00,967,576,114,96,23.1,0.838,0.555,0.43,0,0
Box-5,2,30.9,61.8,0.694,C57Bl6j,chow,2017-03-16 10:36:00,921,574,116,98,23.1,0.843,0.565,0.45,0,0.16
Box-5,2,30.9,61.8,0.694,C57Bl6j,chow,2017-03-16 10:46:00,282,147,108,95,23.1,0.876,0.532,0.44,0,0
Box-5,2,30.9,61.8,0.694,C57Bl6j,chow,2017-03-16 10:56:00,230,146,95,82,23.2,0.859,0.466,0.47,0,0
Box-5,2,30.9,61.8,0.694,C57Bl6j,chow,2017-03-16 11:06:00,10,7,65,54,23.1,0.842,0.315,0.43,0,0
Box-5,2,30.9,61.8,0.694,C57Bl6j,chow,2017-03-16 11:16:00,13,5,67,56,23.1,0.838,0.325,0.46,0,0
Box-5,2,30.9,61.8,0.694,C57Bl6j,chow,2017-03-16 11:26:00,11,1,61,51,23.1,0.839,0.295,0.47,0,0
Box-5,2,30.9,61.8,0.694,C57Bl6j,chow,2017-03-16 11:36:00,6,1,57,47,23.1,0.83,0.277,0.45,0,0
Box-5,2,30.9,61.8,0.694,C57Bl6j,chow,2017-03-16 11:46:00,39,14,65,55,23.1,0.849,0.318,0.47,0,0
Box-5,2,30.9,61.8,0.694,C57Bl6j,chow,2017-03-16 11:56:00,26,12,62,51,23.1,0.831,0.301,0.45,0,0
Box-5,2,30.9,61.8,0.694,C57Bl6j,chow,2017-03-16 12:06:00,49,22,56,46,23.1,0.811,0.271,0.45,0,0
Box-5,2,30.9,61.8,0.694,C57Bl6j,chow,2017-03-16 12:16:00,21,7,52,43,23,0.832,0.252,0.44,0,0
Box-5,2,30.9,61.8,0.694,C57Bl6j,chow,2017-03-16 12:26:00,32,22,62,50,23,0.816,0.299,0.45,0,0
Box-5,2,30.9,61.8,0.694,C57Bl6j,chow,2017-03-16 12:36:00,34,16,64,52,23.1,0.806,0.311,0.48,0,0
Box-5,2,30.9,61.8,0.694,C57Bl6j,chow,2017-03-16 12:46:00,15,9,68,55,23,0.812,0.33,0.46,0,0
Box-5,2,30.9,61.8,0.694,C57Bl6j,chow,2017-03-16 12:56:00,8,6,64,51,23,0.79,0.309,0.48,0,0
Box-5,2,30.9,61.8,0.694,C57Bl6j,chow,2017-03-16 13:06:00,106,58,62,52,23,0.836,0.302,0.45,0,0
Box-5,2,30.9,61.8,0.694,C57Bl6j,chow,2017-03-16 13:16:00,97,41,70,58,23.1,0.828,0.342,0.47,0,0
Box-5,2,30.9,61.8,0.694,C57Bl6j,chow,2017-03-16 13:26:00,339,220,79,65,23.1,0.828,0.382,0.45,0,0
Box-5,2,30.9,61.8,0.694,C57Bl6j,chow,2017-03-16 13:36:00,303,182,93,77,23.1,0.823,0.453,0.44,0.15,0
Box-5,2,30.9,61.8,0.694,C57Bl6j,chow,2017-03-16 13:46:00,52,22,74,60,23.1,0.812,0.357,0.45,0,0
Box-5,2,30.9,61.8,0.694,C57Bl6j,chow,2017-03-16 13:56:00,11,10,71,58,23.1,0.821,0.343,0.45,0,0
Box-5,2,30.9,61.8,0.694,C57Bl6j,chow,2017-03-16 14:06:00,1,1,60,51,23.1,0.847,0.295,0.44,0,0
Box-5,2,30.9,61.8,0.694,C57Bl6j,chow,2017-03-16 14:16:00,11,5,66,56,23.1,0.851,0.324,0.46,0,0
Box-5,2,30.9,61.8,0.694,C57Bl6j,chow,2017-03-16 14:26:00,0,0,62,53,23.1,0.853,0.304,0.45,0,0
Box-5,2,30.9,61.8,0.694,C57Bl6j,chow,2017-03-16 14:36:00,61,43,63,54,23.1,0.856,0.306,0.46,0,0
Box-5,2,30.9,61.8,0.694,C57Bl6j,chow,2017-03-16 14:46:00,23,9,57,47,23.1,0.834,0.276,0.44,0,0
Box-5,2,30.9,61.8,0.694,C57Bl6j,chow,2017-03-16 14:56:00,0,0,61,51,23.1,0.834,0.297,0.46,0,0
Box-5,2,30.9,61.8,0.694,C57Bl6j,chow,2017-03-16 15:06:00,0,0,59,49,23.1,0.83,0.288,0.45,0,0
Box-5,2,30.9,61.8,0.694,C57Bl6j,chow,2017-03-16 15:16:00,23,19,60,50,23.1,0.826,0.293,0.45,0,0
Box-5,2,30.9,61.8,0.694,C57Bl6j,chow,2017-03-16 15:26:00,29,29,56,48,23,0.843,0.275,0.44,0,0
Box-5,2,30.9,61.8,0.694,C57Bl6j,chow,2017-03-16 15:36:00,12,9,56,48,23.1,0.857,0.272,0.45,0,0
Box-5,2,30.9,61.8,0.694,C57Bl6j,chow,2017-03-16 15:46:00,51,33,58,50,23,0.857,0.284,0.48,0,0
Box-5,2,30.9,61.8,0.694,C57Bl6j,chow,2017-03-16 15:56:00,65,17,58,49,23,0.856,0.282,0.46,0,0
Box-5,2,30.9,61.8,0.694,C57Bl6j,chow,2017-03-16 16:06:00,2,2,62,53,23,0.851,0.304,0.45,0,0
Box-5,2,30.9,61.8,0.694,C57Bl6j,chow,2017-03-16 16:16:00,37,27,59,50,23,0.836,0.288,0.44,0,0.01
Box-5,2,30.9,61.8,0.694,C57Bl6j,chow,2017-03-16 16:26:00,1022,693,76,64,23.1,0.839,0.369,0.47,0.07,0
Box-5,2,30.9,61.8,0.694,C57Bl6j,chow,2017-03-16 16:36:00,1348,879,104,87,23.1,0.83,0.507,0.47,0.04,0.14
Box-5,2,30.9,61.8,0.694,C57Bl6j,chow,2017-03-16 16:46:00,700,404,121,107,23.1,0.882,0.596,0.46,0.26,0.15
Box-5,2,30.9,61.8,0.694,C57Bl6j,chow,2017-03-16 16:56:00,1625,773,116,106,23.1,0.912,0.574,0.46,0,0.09
Box-5,2,30.9,61.8,0.694,C57Bl6j,chow,2017-03-16 17:06:00,1543,918,105,96,23.1,0.912,0.519,0.48,0,0.07
Box-5,2,30.9,61.8,0.694,C57Bl6j,chow,2017-03-16 17:16:00,416,330,93,85,23.1,0.908,0.462,0.44,0,0
Box-5,2,30.9,61.8,0.694,C57Bl6j,chow,2017-03-16 17:26:00,172,106,93,84,22.9,0.902,0.461,0.45,0,0.01
Box-5,2,30.9,61.8,0.694,C57Bl6j,chow,2017-03-16 17:36:00,76,59,85,78,22.9,0.912,0.421,0.47,0,0
Box-5,2,30.9,61.8,0.694,C57Bl6j,chow,2017-03-16 17:46:00,150,114,74,68,22.8,0.913,0.366,0.47,0,0
Box-5,2,30.9,61.8,0.694,C57Bl6j,chow,2017-03-16 17:56:00,85,73,74,68,22.8,0.923,0.365,0.47,0,0.01
Box-5,2,30.9,61.8,0.694,C57Bl6j,chow,2017-03-16 18:06:00,254,203,72,66,22.8,0.926,0.355,0.45,0,0
Box-5,2,30.9,61.8,0.694,C57Bl6j,chow,2017-03-16 18:16:00,668,433,107,101,22.9,0.948,0.533,0.47,0.2,0.02
Box-5,2,30.9,61.8,0.694,C57Bl6j,chow,2017-03-16 18:26:00,106,56,92,86,22.8,0.933,0.456,0.45,0,0.01
Box-5,2,30.9,61.8,0.694,C57Bl6j,chow,2017-03-16 18:36:00,287,214,93,88,22.8,0.941,0.464,0.46,0,0
Box-5,2,30.9,61.8,0.694,C57Bl6j,chow,2017-03-16 18:46:00,579,389,96,90,22.8,0.944,0.478,0.45,0.06,0.05
Box-5,2,30.9,61.8,0.694,C57Bl6j,chow,2017-03-16 18:56:00,1059,710,116,111,22.9,0.959,0.581,0.47,0.07,0.03
Box-5,2,30.9,61.8,0.694,C57Bl6j,chow,2017-03-16 19:06:00,996,600,98,91,22.9,0.934,0.487,0.44,0,0.03
Box-5,2,30.9,61.8,0.694,C57Bl6j,chow,2017-03-16 19:16:00,384,279,102,95,22.9,0.932,0.505,0.45,0.09,0.04
Box-5,2,30.9,61.8,0.694,C57Bl6j,chow,2017-03-16 19:26:00,293,157,131,124,22.9,0.946,0.652,0.46,0.16,0.08
Box-5,2,30.9,61.8,0.694,C57Bl6j,chow,2017-03-16 19:36:00,266,163,119,112,22.9,0.941,0.595,0.46,0.13,0.1
Box-5,2,30.9,61.8,0.694,C57Bl6j,chow,2017-03-16 19:46:00,321,182,96,88,22.9,0.926,0.474,0.47,0,0.14
Box-5,2,30.9,61.8,0.694,C57Bl6j,chow,2017-03-16 19:56:00,162,113,92,86,22.9,0.93,0.459,0.45,0.1,0
Box-5,2,30.9,61.8,0.694,C57Bl6j,chow,2017-03-16 20:06:00,531,374,92,86,22.9,0.933,0.457,0.47,0.09,0.1
Box-5,2,30.9,61.8,0.694,C57Bl6j,chow,2017-03-16 20:16:00,882,576,107,101,22.9,0.944,0.533,0.46,0,0.02
Box-5,2,30.9,61.8,0.694,C57Bl6j,chow,2017-03-16 20:26:00,530,380,126,120,22.9,0.949,0.629,0.46,0.14,0.07
Box-5,2,30.9,61.8,0.694,C57Bl6j,chow,2017-03-16 20:36:00,1125,691,132,125,22.9,0.945,0.658,0.47,0.04,0.07
Box-5,2,30.9,61.8,0.694,C57Bl6j,chow,2017-03-16 20:46:00,398,310,109,104,22.9,0.956,0.544,0.45,0,0
Box-5,2,30.9,61.8,0.694,C57Bl6j,chow,2017-03-16 20:56:00,161,101,99,94,22.8,0.947,0.495,0.46,0,0.03
Box-5,2,30.9,61.8,0.694,C57Bl6j,chow,2017-03-16 21:06:00,555,384,129,125,22.9,0.964,0.648,0.46,0.08,0
Box-5,2,30.9,61.8,0.694,C57Bl6j,chow,2017-03-16 21:16:00,381,243,129,124,22.9,0.961,0.644,0.46,0.06,0.1
Box-5,2,30.9,61.8,0.694,C57Bl6j,chow,2017-03-16 21:26:00,390,322,126,122,22.9,0.966,0.63,0.47,0.24,0.01
Box-5,2,30.9,61.8,0.694,C57Bl6j,chow,2017-03-16 21:36:00,463,385,95,90,22.8,0.945,0.475,0.46,0,0.09
Box-5,2,30.9,61.8,0.694,C57Bl6j,chow,2017-03-16 21:46:00,833,601,133,129,22.8,0.97,0.668,0.46,0,0.01
Box-5,2,30.9,61.8,0.694,C57Bl6j,chow,2017-03-16 21:56:00,494,197,102,98,22.8,0.959,0.511,0.44,0.02,0.04
Box-5,2,30.9,61.8,0.694,C57Bl6j,chow,2017-03-16 22:06:00,908,387,102,96,22.8,0.942,0.508,0.48,0,0
Box-5,2,30.9,61.8,0.694,C57Bl6j,chow,2017-03-16 22:16:00,1725,879,100,97,22.9,0.966,0.501,0.44,0.03,0.01
Box-5,2,30.9,61.8,0.694,C57Bl6j,chow,2017-03-16 22:26:00,1568,930,137,131,22.9,0.957,0.685,0.44,0,0.07
Box-5,2,30.9,61.8,0.694,C57Bl6j,chow,2017-03-16 22:36:00,1530,958,119,114,22.9,0.958,0.593,0.44,0,0.07
Box-5,2,30.9,61.8,0.694,C57Bl6j,chow,2017-03-16 22:46:00,1149,734,144,137,23,0.952,0.718,0.46,0,0.02
Box-5,2,30.9,61.8,0.694,C57Bl6j,chow,2017-03-16 22:56:00,628,471,112,104,23,0.936,0.555,0.47,0.18,0.11
Box-5,2,30.9,61.8,0.694,C57Bl6j,chow,2017-03-16 23:06:00,1686,919,115,110,23,0.951,0.576,0.47,0.03,0.1
Box-5,2,30.9,61.8,0.694,C57Bl6j,chow,2017-03-16 23:16:00,539,333,162,152,23,0.941,0.806,0.46,0,0
Box-5,2,30.9,61.8,0.694,C57Bl6j,chow,2017-03-16 23:26:00,692,395,115,109,22.9,0.944,0.575,0.45,0,0
Box-5,2,30.9,61.8,0.694,C57Bl6j,chow,2017-03-16 23:36:00,23,18,91,86,22.8,0.947,0.453,0.44,0,0
Box-5,2,30.9,61.8,0.694,C57Bl6j,chow,2017-03-16 23:46:00,82,57,86,79,22.8,0.926,0.425,0.46,0,0.01
Box-5,2,30.9,61.8,0.694,C57Bl6j,chow,2017-03-16 23:56:00,158,103,86,80,22.8,0.928,0.427,0.47,0,0
Box-5,2,30.9,61.8,0.694,C57Bl6j,chow,2017-03-17 00:06:00,261,186,98,92,22.8,0.941,0.489,0.45,0.12,0.01
Box-5,2,30.9,61.8,0.694,C57Bl6j,chow,2017-03-17 00:16:00,847,441,118,113,22.9,0.955,0.592,0.44,0.13,0.09
Box-5,2,30.9,61.8,0.694,C57Bl6j,chow,2017-03-17 00:26:00,97,67,88,83,22.9,0.946,0.438,0.45,0,0.01
Box-5,2,30.9,61.8,0.694,C57Bl6j,chow,2017-03-17 00:36:00,448,339,90,86,22.8,0.953,0.452,0.46,0,0
Box-5,2,30.9,61.8,0.694,C57Bl6j,chow,2017-03-17 00:46:00,451,275,91,85,22.8,0.932,0.454,0.47,0.05,0
Box-5,2,30.9,61.8,0.694,C57Bl6j,chow,2017-03-17 00:56:00,465,261,96,92,22.9,0.962,0.481,0.45,0.06,0.15
Box-5,2,30.9,61.8,0.694,C57Bl6j,chow,2017-03-17 01:06:00,1167,507,131,124,23,0.949,0.654,0.46,0.06,0.03
Box-5,2,30.9,61.8,0.694,C57Bl6j,chow,2017-03-17 01:16:00,882,439,116,110,23,0.948,0.579,0.42,0.03,0.11
Box-5,2,30.9,61.8,0.694,C57Bl6j,chow,2017-03-17 01:26:00,959,555,146,139,23,0.951,0.73,0.46,0,0
Box-5,2,30.9,61.8,0.694,C57Bl6j,chow,2017-03-17 01:36:00,988,529,138,129,23,0.936,0.687,0.44,0.02,0.07
Box-5,2,30.9,61.8,0.694,C57Bl6j,chow,2017-03-17 01:46:00,1925,1048,124,113,23,0.911,0.613,0.46,0,0.05
Box-5,2,30.9,61.8,0.694,C57Bl6j,chow,2017-03-17 01:56:00,1074,558,122,114,23,0.932,0.606,0.44,0,0.08
Box-5,2,30.9,61.8,0.694,C57Bl6j,chow,2017-03-17 02:06:00,1135,610,104,96,22.9,0.924,0.515,0.44,0.02,0.01
Box-5,2,30.9,61.8,0.694,C57Bl6j,chow,2017-03-17 02:16:00,1059,682,103,95,22.9,0.915,0.512,0.45,0,0
Box-5,2,30.9,61.8,0.694,C57Bl6j,chow,2017-03-17 02:26:00,158,76,94,86,22.8,0.918,0.465,0.44,0,0
Box-5,2,30.9,61.8,0.694,C57Bl6j,chow,2017-03-17 02:36:00,39,22,94,86,22.8,0.911,0.467,0.46,0,0
Box-5,2,30.9,61.8,0.694,C57Bl6j,chow,2017-03-17 02:46:00,56,56,88,79,22.8,0.897,0.436,0.47,0,0
Box-5,2,30.9,61.8,0.694,C57Bl6j,chow,2017-03-17 02:56:00,36,31,77,69,22.7,0.892,0.38,0.45,0,0
Box-5,2,30.9,61.8,0.694,C57Bl6j,chow,2017-03-17 03:06:00,422,265,115,105,22.8,0.911,0.57,0.46,0.06,0
Box-5,2,30.9,61.8,0.694,C57Bl6j,chow,2017-03-17 03:16:00,142,108,114,104,22.8,0.907,0.564,0.45,0.06,0
Box-5,2,30.9,61.8,0.694,C57Bl6j,chow,2017-03-17 03:26:00,76,34,77,67,22.8,0.876,0.376,0.45,0,0
Box-5,2,30.9,61.8,0.694,C57Bl6j,chow,2017-03-17 03:36:00,155,91,84,78,22.8,0.926,0.419,0.44,0,0
Box-5,2,30.9,61.8,0.694,C57Bl6j,chow,2017-03-17 03:46:00,729,473,116,109,22.7,0.942,0.579,0.48,0,0
Box-5,2,30.9,61.8,0.694,C57Bl6j,chow,2017-03-17 03:56:00,170,86,121,114,22.8,0.942,0.601,0.45,0,0.03
Box-5,2,30.9,61.8,0.694,C57Bl6j,chow,2017-03-17 04:06:00,307,182,83,76,22.8,0.914,0.412,0.44,0,0
Box-5,2,30.9,61.8,0.694,C57Bl6j,chow,2017-03-17 04:16:00,528,306,122,110,22.8,0.903,0.602,0.43,0.14,0.08
Box-5,2,30.9,61.8,0.694,C57Bl6j,chow,2017-03-17 04:26:00,44,29,73,64,22.8,0.876,0.36,0.46,0,0
Box-5,2,30.9,61.8,0.694,C57Bl6j,chow,2017-03-17 04:36:00,300,193,72,63,22.8,0.874,0.355,0.46,0,0
Box-5,2,30.9,61.8,0.694,C57Bl6j,chow,2017-03-17 04:46:00,509,282,81,73,22.8,0.899,0.398,0.44,0.01,0.04
Box-5,2,30.9,61.8,0.694,C57Bl6j,chow,2017-03-17 04:56:00,342,219,92,86,22.8,0.935,0.458,0.43,0,0.04
Box-5,2,30.9,61.8,0.694,C57Bl6j,chow,2017-03-17 05:06:00,309,204,86,79,22.8,0.924,0.424,0.45,0,0
Box-5,2,30.9,61.8,0.694,C57Bl6j,chow,2017-03-17 05:16:00,522,265,101,93,22.8,0.918,0.5,0.46,0.26,0
Box-5,2,30.9,61.8,0.694,C57Bl6j,chow,2017-03-17 05:26:00,1477,674,122,114,22.9,0.933,0.606,0.45,0,0.09
Box-5,2,30.9,61.8,0.694,C57Bl6j,chow,2017-03-17 05:36:00,1361,628,136,127,23,0.934,0.676,0.45,0,0.1
Box-5,2,30.9,61.8,0.694,C57Bl6j,chow,2017-03-17 05:46:00,1396,621,140,129,23.1,0.92,0.695,0.45,0.09,0.19
Box-5,2,30.9,61.8,0.694,C57Bl6j,chow,2017-03-17 05:56:00,1289,693,146,134,23.1,0.917,0.724,0.47,0,0
Box-5,2,30.9,61.8,0.694,C57Bl6j,chow,2017-03-17 06:06:00,1059,514,112,100,23,0.9,0.55,0.47,0,0
Box-5,2,30.9,61.8,0.694,C57Bl6j,chow,2017-03-17 06:16:00,442,120,98,87,22.9,0.887,0.481,0.45,0,0
Box-5,2,30.9,61.8,0.694,C57Bl6j,chow,2017-03-17 06:26:00,182,56,82,72,22.8,0.875,0.403,0.46,0,0
Box-5,2,30.9,61.8,0.694,C57Bl6j,chow,2017-03-17 06:36:00,248,167,83,72,22.8,0.87,0.406,0.48,0,0
Box-5,2,30.9,61.8,0.694,C57Bl6j,chow,2017-03-17 06:46:00,202,70,77,65,22.8,0.848,0.375,0.44,0,0
Box-5,2,30.9,61.8,0.694,C57Bl6j,chow,2017-03-17 06:56:00,113,16,81,69,22.8,0.858,0.395,0.45,0,0
Box-5,2,30.9,61.8,0.694,C57Bl6j,chow,2017-03-17 07:06:00,254,108,91,77,22.8,0.849,0.442,0.44,0.01,0
Box-5,2,30.9,61.8,0.694,C57Bl6j,chow,2017-03-17 07:16:00,1053,530,100,85,22.8,0.852,0.49,0.45,0.11,0
Box-5,2,30.9,61.8,0.694,C57Bl6j,chow,2017-03-17 07:26:00,518,323,80,69,22.9,0.862,0.392,0.44,0,0
Box-5,2,30.9,61.8,0.694,C57Bl6j,chow,2017-03-17 07:36:00,71,46,81,71,22.8,0.87,0.398,0.45,0,0
Box-5,2,30.9,61.8,0.694,C57Bl6j,chow,2017-03-17 07:46:00,435,435,77,68,22.8,0.885,0.378,0.45,0,0
Box-5,2,30.9,61.8,0.694,C57Bl6j,chow,2017-03-17 07:56:00,140,108,73,64,22.8,0.886,0.358,0.44,0,0
Box-5,2,30.9,61.8,0.694,C57Bl6j,chow,2017-03-17 08:06:00,52,47,71,61,22.7,0.851,0.348,0.44,0,0
Box-5,2,30.9,61.8,0.694,C57Bl6j,chow,2017-03-17 08:16:00,94,91,71,59,22.7,0.839,0.344,0.45,0,0
Box-5,2,30.9,61.8,0.694,C57Bl6j,chow,2017-03-17 08:26:00,72,50,71,60,22.8,0.847,0.348,0.45,0,0
Box-5,2,30.9,61.8,0.694,C57Bl6j,chow,2017-03-17 08:36:00,56,39,70,59,22.8,0.844,0.343,0.45,0,0
Box-5,2,30.9,61.8,0.694,C57Bl6j,chow,2017-03-17 08:46:00,31,19,61,49,22.8,0.813,0.294,0.45,0,0
Box-5,2,30.9,61.8,0.694,C57Bl6j,chow,2017-03-17 08:56:00,199,125,64,52,22.7,0.814,0.309,0.45,0,0
Box-5,2,30.9,61.8,0.694,C57Bl6j,chow,2017-03-17 09:06:00,340,218,96,82,22.7,0.858,0.469,0.45,0,0
Box-5,2,30.9,61.8,0.694,C57Bl6j,chow,2017-03-17 09:16:00,450,251,109,93,22.8,0.854,0.531,0.44,0.01,0
Box-5,2,30.9,61.8,0.694,C57Bl6j,chow,2017-03-17 09:26:00,1451,807,127,110,22.9,0.863,0.624,0.45,0,0.14
Box-5,2,30.9,61.8,0.694,C57Bl6j,chow,2017-03-17 09:36:00,1552,753,93,80,22.9,0.865,0.456,0.45,0,0.07
Box-5,2,30.9,61.8,0.694,C57Bl6j,chow,2017-03-17 09:46:00,923,541,103,89,22.9,0.864,0.506,0.45,0,0
Box-5,2,30.9,61.8,0.694,C57Bl6j,chow,2017-03-17 09:56:00,652,362,112,97,22.9,0.869,0.547,0.47,0,0
Box-5,2,30.9,61.8,0.694,C57Bl6j,chow,2017-03-17 10:06:00,460,282,76,64,22.8,0.842,0.37,0.44,0,0
Box-5,2,30.9,61.8,0.694,C57Bl6j,chow,2017-03-17 10:16:00,2,1,78,67,22.8,0.862,0.38,0.46,0,0
Box-5,2,30.9,61.8,0.694,C57Bl6j,chow,2017-03-17 10:26:00,40,25,69,58,22.8,0.837,0.336,0.45,0,0
Box-5,2,30.9,61.8,0.694,C57Bl6j,chow,2017-03-17 10:36:00,62,26,73,61,22.8,0.835,0.353,0.47,0,0
Box-5,2,30.9,61.8,0.694,C57Bl6j,chow,2017-03-17 10:46:00,37,4,69,57,22.8,0.821,0.337,0.46,0,0
Box-5,2,30.9,61.8,0.694,C57Bl6j,chow,2017-03-17 10:56:00,3,0,67,54,22.8,0.804,0.322,0.44,0,0
Box-5,2,30.9,61.8,0.694,C57Bl6j,chow,2017-03-17 11:06:00,19,19,60,47,22.7,0.788,0.287,0.45,0,0
Box-5,2,30.9,61.8,0.694,C57Bl6j,chow,2017-03-17 11:16:00,48,17,60,47,22.7,0.79,0.288,0.45,0,0
Box-5,2,30.9,61.8,0.694,C57Bl6j,chow,2017-03-17 11:26:00,80,7,59,47,22.8,0.792,0.284,0.43,0,0
Box-5,2,30.9,61.8,0.694,C57Bl6j,chow,2017-03-17 11:36:00,100,58,63,50,22.7,0.792,0.302,0.46,0,0
Box-5,2,30.9,61.8,0.694,C57Bl6j,chow,2017-03-17 11:46:00,282,188,70,57,22.7,0.814,0.337,0.46,0,0
Box-5,2,30.9,61.8,0.694,C57Bl6j,chow,2017-03-17 11:56:00,112,77,73,61,22.7,0.824,0.357,0.47,0,0
Box-5,2,30.9,61.8,0.694,C57Bl6j,chow,2017-03-17 12:06:00,54,12,60,48,22.7,0.796,0.288,0.42,0,0.03
Box-5,2,30.9,61.8,0.694,C57Bl6j,chow,2017-03-17 12:16:00,15,8,65,51,22.7,0.783,0.314,0.48,0,0
Box-5,2,30.9,61.8,0.694,C57Bl6j,chow,2017-03-17 12:26:00,144,92,62,48,22.7,0.774,0.297,0.43,0,0
Box-5,2,30.9,61.8,0.694,C57Bl6j,chow,2017-03-17 12:36:00,303,162,66,52,22.7,0.786,0.316,0.44,0,0
Box-5,2,30.9,61.8,0.694,C57Bl6j,chow,2017-03-17 12:46:00,1464,635,94,77,22.8,0.816,0.456,0.47,0.14,0.07
Box-5,2,30.9,61.8,0.694,C57Bl6j,chow,2017-03-17 12:56:00,1131,599,85,69,22.8,0.807,0.413,0.45,0,0
Box-5,2,30.9,61.8,0.694,C57Bl6j,chow,2017-03-17 13:06:00,1214,611,98,85,22.8,0.87,0.479,0.46,0,0.06
Box-5,2,30.9,61.8,0.694,C57Bl6j,chow,2017-03-17 13:16:00,39,26,93,80,22.8,0.86,0.456,0.45,0,0
Box-5,2,30.9,61.8,0.694,C57Bl6j,chow,2017-03-17 13:26:00,73,24,71,60,22.8,0.849,0.346,0.44,0,0
Box-5,2,30.9,61.8,0.694,C57Bl6j,chow,2017-03-17 13:36:00,110,19,67,57,22.8,0.856,0.326,0.44,0,0
Box-5,2,30.9,61.8,0.694,C57Bl6j,chow,2017-03-17 13:46:00,84,42,65,56,22.8,0.851,0.319,0.45,0,0
Box-5,2,30.9,61.8,0.694,C57Bl6j,chow,2017-03-17 13:56:00,92,77,66,57,22.7,0.858,0.324,0.47,0,0
Box-5,2,30.9,61.8,0.694,C57Bl6j,chow,2017-03-17 14:06:00,128,48,64,53,22.7,0.832,0.311,0.43,0,0
Box-5,2,30.9,61.8,0.694,C57Bl6j,chow,2017-03-17 14:16:00,111,67,69,58,22.7,0.832,0.338,0.47,0,0
Box-5,2,30.9,61.8,0.694,C57Bl6j,chow,2017-03-17 14:26:00,22,9,70,59,22.7,0.838,0.341,0.47,0,0
Box-5,2,30.9,61.8,0.694,C57Bl6j,chow,2017-03-17 14:36:00,79,37,67,56,22.7,0.836,0.326,0.46,0,0
Box-5,2,30.9,61.8,0.694,C57Bl6j,chow,2017-03-17 14:46:00,198,119,64,54,22.7,0.839,0.312,0.47,0,0
Box-5,2,30.9,61.8,0.694,C57Bl6j,chow,2017-03-17 14:56:00,94,55,66,57,22.7,0.866,0.325,0.46,0,0
Box-5,2,30.9,61.8,0.694,C57Bl6j,chow,2017-03-17 15:06:00,185,117,66,57,22.7,0.864,0.321,0.46,0,0
Box-5,2,30.9,61.8,0.694,C57Bl6j,chow,2017-03-17 15:16:00,135,84,64,55,22.7,0.865,0.313,0.45,0,0
Box-5,2,30.9,61.8,0.694,C57Bl6j,chow,2017-03-17 15:26:00,359,171,92,80,22.8,0.868,0.452,0.45,0.19,0
Box-7,18,25.8,59.7,0.675,C57Bl6n,chow,2017-03-14 14:36:00,21,14,79,72,21.6,0.909,0.391,0.45,0,0
Box-7,18,25.8,59.7,0.675,C57Bl6n,chow,2017-03-14 14:46:00,27,14,70,62,21.6,0.889,0.343,0.46,0,0.07
Box-7,18,25.8,59.7,0.675,C57Bl6n,chow,2017-03-14 14:56:00,43,41,69,62,21.6,0.887,0.342,0.46,0,0.06
Box-7,18,25.8,59.7,0.675,C57Bl6n,chow,2017-03-14 15:06:00,35,25,69,60,21.6,0.872,0.337,0.45,0,0
Box-7,18,25.8,59.7,0.675,C57Bl6n,chow,2017-03-14 15:16:00,356,240,71,63,21.6,0.887,0.349,0.46,0,0.06
Box-7,18,25.8,59.7,0.675,C57Bl6n,chow,2017-03-14 15:26:00,603,244,75,68,21.7,0.911,0.372,0.46,0.11,0.1
Box-7,18,25.8,59.7,0.675,C57Bl6n,chow,2017-03-14 15:36:00,48,33,68,61,21.7,0.89,0.337,0.45,0,0
Box-7,18,25.8,59.7,0.675,C57Bl6n,chow,2017-03-14 15:46:00,73,49,69,62,21.6,0.901,0.341,0.45,0,0.05
Box-7,18,25.8,59.7,0.675,C57Bl6n,chow,2017-03-14 15:56:00,48,24,66,60,21.6,0.907,0.329,0.44,0,0
Box-7,18,25.8,59.7,0.675,C57Bl6n,chow,2017-03-14 16:06:00,133,66,74,69,21.6,0.938,0.367,0.46,0,0.1
Box-7,18,25.8,59.7,0.675,C57Bl6n,chow,2017-03-14 16:16:00,1068,537,93,85,21.6,0.908,0.462,0.47,0.07,0.06
Box-7,18,25.8,59.7,0.675,C57Bl6n,chow,2017-03-14 16:26:00,1788,1059,33,29,21.8,0.882,0.164,0.46,0,0.02
Box-7,18,25.8,59.7,0.675,C57Bl6n,chow,2017-03-14 16:36:00,632,414,45,38,21.5,0.845,0.218,0.45,0,0
Box-7,18,25.8,59.7,0.675,C57Bl6n,chow,2017-03-14 16:46:00,645,407,72,63,21.8,0.883,0.352,0.43,0.06,0
Box-7,18,25.8,59.7,0.675,C57Bl6n,chow,2017-03-14 16:56:00,108,63,71,62,21.8,0.876,0.347,0.45,0,0.01
Box-7,18,25.8,59.7,0.675,C57Bl6n,chow,2017-03-14 17:06:00,329,212,69,62,21.7,0.903,0.34,0.44,0,0
Box-7,18,25.8,59.7,0.675,C57Bl6n,chow,2017-03-14 17:16:00,426,281,83,76,21.7,0.917,0.411,0.45,0,0.01
Box-7,18,25.8,59.7,0.675,C57Bl6n,chow,2017-03-14 17:26:00,45,30,77,70,21.7,0.905,0.383,0.46,0,0.01
Box-7,18,25.8,59.7,0.675,C57Bl6n,chow,2017-03-14 17:36:00,441,234,76,68,21.7,0.901,0.374,0.46,0.07,0.01
Box-7,18,25.8,59.7,0.675,C57Bl6n,chow,2017-03-14 17:46:00,436,120,71,62,21.7,0.875,0.35,0.44,0,0
Box-7,18,25.8,59.7,0.675,C57Bl6n,chow,2017-03-14 17:56:00,336,186,108,99,21.7,0.919,0.534,0.46,0.16,0.07
Box-7,18,25.8,59.7,0.675,C57Bl6n,chow,2017-03-14 18:06:00,1398,826,107,98,21.8,0.915,0.532,0.44,0,0.03
Box-7,18,25.8,59.7,0.675,C57Bl6n,chow,2017-03-14 18:16:00,1525,874,121,112,21.9,0.925,0.601,0.45,0,0.03
Box-7,18,25.8,59.7,0.675,C57Bl6n,chow,2017-03-14 18:26:00,974,548,108,101,21.9,0.932,0.537,0.46,0,0
Box-7,18,25.8,59.7,0.675,C57Bl6n,chow,2017-03-14 18:36:00,902,534,113,104,21.9,0.928,0.559,0.45,0.1,0.01
Box-7,18,25.8,59.7,0.675,C57Bl6n,chow,2017-03-14 18:46:00,1026,592,105,98,21.9,0.93,0.522,0.46,0,0.06
Box-7,18,25.8,59.7,0.675,C57Bl6n,chow,2017-03-14 18:56:00,1123,681,128,116,21.9,0.91,0.633,0.46,0.13,0.06
Box-7,18,25.8,59.7,0.675,C57Bl6n,chow,2017-03-14 19:06:00,1657,1021,111,104,22,0.94,0.551,0.44,0.01,0.02
Box-7,18,25.8,59.7,0.675,C57Bl6n,chow,2017-03-14 19:16:00,187,118,118,109,22,0.926,0.586,0.45,0.11,0.06
Box-7,18,25.8,59.7,0.675,C57Bl6n,chow,2017-03-14 19:26:00,1310,832,106,100,22,0.945,0.53,0.46,0.03,0.03
Box-7,18,25.8,59.7,0.675,C57Bl6n,chow,2017-03-14 19:36:00,2105,1248,114,106,22,0.935,0.565,0.46,0,0
Box-7,18,25.8,59.7,0.675,C57Bl6n,chow,2017-03-14 19:46:00,960,579,122,113,21.9,0.93,0.606,0.45,0.13,0.02
Box-7,18,25.8,59.7,0.675,C57Bl6n,chow,2017-03-14 19:56:00,1469,941,112,106,22,0.949,0.559,0.46,0,0.08
Box-7,18,25.8,59.7,0.675,C57Bl6n,chow,2017-03-14 20:06:00,1000,612,113,105,22,0.934,0.56,0.44,0.12,0.03
Box-7,18,25.8,59.7,0.675,C57Bl6n,chow,2017-03-14 20:16:00,1021,626,131,123,22,0.938,0.653,0.45,0.03,0.11
Box-7,18,25.8,59.7,0.675,C57Bl6n,chow,2017-03-14 20:26:00,907,628,113,107,22.1,0.953,0.563,0.45,0,0.07
Box-7,18,25.8,59.7,0.675,C57Bl6n,chow,2017-03-14 20:36:00,434,271,96,91,22,0.946,0.481,0.44,0.09,0
Box-7,18,25.8,59.7,0.675,C57Bl6n,chow,2017-03-14 20:46:00,234,204,75,69,21.9,0.926,0.373,0.45,0,0
Box-7,18,25.8,59.7,0.675,C57Bl6n,chow,2017-03-14 20:56:00,571,376,69,64,21.9,0.925,0.345,0.45,0,0
Box-7,18,25.8,59.7,0.675,C57Bl6n,chow,2017-03-14 21:06:00,1336,820,99,95,21.9,0.963,0.496,0.46,0.1,0.11
Box-7,18,25.8,59.7,0.675,C57Bl6n,chow,2017-03-14 21:16:00,1338,817,125,120,21.9,0.959,0.624,0.45,0.11,0.06
Box-7,18,25.8,59.7,0.675,C57Bl6n,chow,2017-03-14 21:26:00,1382,891,108,105,22,0.975,0.543,0.45,0.09,0.04
Box-7,18,25.8,59.7,0.675,C57Bl6n,chow,2017-03-14 21:36:00,691,441,104,101,22,0.973,0.523,0.45,0.04,0.08
Box-7,18,25.8,59.7,0.675,C57Bl6n,chow,2017-03-14 21:46:00,887,541,122,117,22,0.961,0.609,0.46,0.14,0.09
Box-7,18,25.8,59.7,0.675,C57Bl6n,chow,2017-03-14 21:56:00,1163,760,120,116,22,0.964,0.603,0.45,0,0.18
Box-7,18,25.8,59.7,0.675,C57Bl6n,chow,2017-03-14 22:06:00,636,370,95,92,21.9,0.97,0.478,0.46,0.07,0
Box-7,18,25.8,59.7,0.675,C57Bl6n,chow,2017-03-14 22:16:00,711,408,93,89,21.9,0.958,0.466,0.46,0,0.05
Box-7,18,25.8,59.7,0.675,C57Bl6n,chow,2017-03-14 22:26:00,974,595,140,134,21.9,0.958,0.7,0.46,0.12,0.14
Box-7,18,25.8,59.7,0.675,C57Bl6n,chow,2017-03-14 22:36:00,1349,879,107,103,21.9,0.96,0.537,0.46,0.04,0.09
Box-7,18,25.8,59.7,0.675,C57Bl6n,chow,2017-03-14 22:46:00,498,254,121,116,22,0.962,0.605,0.46,0.2,0.06
Box-7,18,25.8,59.7,0.675,C57Bl6n,chow,2017-03-14 22:56:00,1164,730,100,97,22,0.967,0.501,0.45,0,0.04
Box-7,18,25.8,59.7,0.675,C57Bl6n,chow,2017-03-14 23:06:00,2276,1390,116,113,21.9,0.97,0.583,0.46,0,0.04
Box-7,18,25.8,59.7,0.675,C57Bl6n,chow,2017-03-14 23:16:00,830,471,96,92,21.9,0.961,0.478,0.45,0,0.02
Box-7,18,25.8,59.7,0.675,C57Bl6n,chow,2017-03-14 23:26:00,413,258,91,85,21.8,0.936,0.454,0.45,0,0
Box-7,18,25.8,59.7,0.675,C57Bl6n,chow,2017-03-14 23:36:00,98,56,85,80,21.8,0.941,0.425,0.43,0,0.03
Box-7,18,25.8,59.7,0.675,C57Bl6n,chow,2017-03-14 23:46:00,476,255,74,69,21.7,0.935,0.368,0.44,0,0.04
Box-7,18,25.8,59.7,0.675,C57Bl6n,chow,2017-03-14 23:56:00,1263,717,102,98,21.8,0.962,0.51,0.45,0,0.11
Box-7,18,25.8,59.7,0.675,C57Bl6n,chow,2017-03-15 00:06:00,1053,668,138,132,21.9,0.956,0.687,0.46,0.13,0.06
Box-7,18,25.8,59.7,0.675,C57Bl6n,chow,2017-03-15 00:16:00,1278,789,127,121,21.9,0.958,0.633,0.45,0,0.08
Box-7,18,25.8,59.7,0.675,C57Bl6n,chow,2017-03-15 00:26:00,895,523,127,121,22,0.949,0.635,0.45,0.2,0.1
Box-7,18,25.8,59.7,0.675,C57Bl6n,chow,2017-03-15 00:36:00,749,451,94,89,21.9,0.95,0.469,0.46,0,0.06
Box-7,18,25.8,59.7,0.675,C57Bl6n,chow,2017-03-15 00:46:00,1228,780,112,107,21.9,0.956,0.561,0.46,0,0.17
Box-7,18,25.8,59.7,0.675,C57Bl6n,chow,2017-03-15 00:56:00,755,363,89,85,21.9,0.95,0.445,0.45,0,0
Box-7,18,25.8,59.7,0.675,C57Bl6n,chow,2017-03-15 01:06:00,523,305,88,81,21.8,0.924,0.437,0.45,0,0.03
Box-7,18,25.8,59.7,0.675,C57Bl6n,chow,2017-03-15 01:16:00,128,78,82,78,21.7,0.95,0.409,0.44,0,0.06
Box-7,18,25.8,59.7,0.675,C57Bl6n,chow,2017-03-15 01:26:00,129,80,79,75,21.7,0.95,0.392,0.44,0,0.07
Box-7,18,25.8,59.7,0.675,C57Bl6n,chow,2017-03-15 01:36:00,155,90,78,74,21.7,0.951,0.388,0.44,0,0.07
Box-7,18,25.8,59.7,0.675,C57Bl6n,chow,2017-03-15 01:46:00,166,112,78,74,21.7,0.944,0.389,0.46,0,0
Box-7,18,25.8,59.7,0.675,C57Bl6n,chow,2017-03-15 01:56:00,78,27,77,71,21.7,0.928,0.38,0.46,0,0.11
Box-7,18,25.8,59.7,0.675,C57Bl6n,chow,2017-03-15 02:06:00,74,34,77,70,21.7,0.916,0.381,0.46,0,0.04
Box-7,18,25.8,59.7,0.675,C57Bl6n,chow,2017-03-15 02:16:00,56,47,77,70,21.7,0.915,0.379,0.46,0,0.07
Box-7,18,25.8,59.7,0.675,C57Bl6n,chow,2017-03-15 02:26:00,509,320,96,87,21.7,0.91,0.474,0.45,0.17,0.04
Box-7,18,25.8,59.7,0.675,C57Bl6n,chow,2017-03-15 02:36:00,965,605,108,102,21.8,0.937,0.54,0.45,0.05,0.1
Box-7,18,25.8,59.7,0.675,C57Bl6n,chow,2017-03-15 02:46:00,599,329,127,120,21.9,0.944,0.632,0.45,0.02,0.04
Box-7,18,25.8,59.7,0.675,C57Bl6n,chow,2017-03-15 02:56:00,1284,764,117,111,21.9,0.949,0.584,0.44,0,0.07
Box-7,18,25.8,59.7,0.675,C57Bl6n,chow,2017-03-15 03:06:00,928,512,125,119,21.9,0.949,0.625,0.45,0.2,0.1
Box-7,18,25.8,59.7,0.675,C57Bl6n,chow,2017-03-15 03:16:00,764,375,92,87,21.9,0.944,0.459,0.44,0.02,0.04
Box-7,18,25.8,59.7,0.675,C57Bl6n,chow,2017-03-15 03:26:00,997,572,112,106,21.8,0.95,0.559,0.44,0,0.06
Box-7,18,25.8,59.7,0.675,C57Bl6n,chow,2017-03-15 03:36:00,376,191,93,89,21.8,0.956,0.466,0.44,0,0.03
Box-7,18,25.8,59.7,0.675,C57Bl6n,chow,2017-03-15 03:46:00,201,69,96,89,21.7,0.927,0.478,0.46,0,0.04
Box-7,18,25.8,59.7,0.675,C57Bl6n,chow,2017-03-15 03:56:00,60,36,81,76,21.7,0.933,0.403,0.46,0,0
Box-7,18,25.8,59.7,0.675,C57Bl6n,chow,2017-03-15 04:06:00,81,55,75,70,21.7,0.941,0.372,0.46,0,0.1
Box-7,18,25.8,59.7,0.675,C57Bl6n,chow,2017-03-15 04:16:00,61,31,73,69,21.7,0.937,0.365,0.45,0,0.08
Box-7,18,25.8,59.7,0.675,C57Bl6n,chow,2017-03-15 04:26:00,64,39,69,65,21.7,0.939,0.345,0.44,0,0
Box-7,18,25.8,59.7,0.675,C57Bl6n,chow,2017-03-15 04:36:00,109,68,74,68,21.7,0.929,0.366,0.46,0,0.07
Box-7,18,25.8,59.7,0.675,C57Bl6n,chow,2017-03-15 04:46:00,187,89,76,69,21.7,0.915,0.375,0.45,0,0.04
Box-7,18,25.8,59.7,0.675,C57Bl6n,chow,2017-03-15 04:56:00,186,107,75,69,21.7,0.916,0.373,0.46,0,0.04
Box-7,18,25.8,59.7,0.675,C57Bl6n,chow,2017-03-15 05:06:00,427,250,84,77,21.7,0.919,0.418,0.46,0,0.07
Box-7,18,25.8,59.7,0.675,C57Bl6n,chow,2017-03-15 05:16:00,644,369,112,102,21.8,0.911,0.552,0.46,0.08,0.06
Box-7,18,25.8,59.7,0.675,C57Bl6n,chow,2017-03-15 05:26:00,86,36,70,62,21.7,0.886,0.347,0.45,0,0
Box-7,18,25.8,59.7,0.675,C57Bl6n,chow,2017-03-15 05:36:00,335,302,68,60,21.7,0.889,0.334,0.45,0,0.07
Box-7,18,25.8,59.7,0.675,C57Bl6n,chow,2017-03-15 05:46:00,96,54,71,65,21.7,0.908,0.353,0.46,0,0
Box-7,18,25.8,59.7,0.675,C57Bl6n,chow,2017-03-15 05:56:00,78,48,72,63,21.7,0.877,0.355,0.46,0,0.07
Box-7,18,25.8,59.7,0.675,C57Bl6n,chow,2017-03-15 06:06:00,531,266,109,95,21.7,0.866,0.536,0.45,0,0.03
Box-7,18,25.8,59.7,0.675,C57Bl6n,chow,2017-03-15 06:16:00,741,437,110,95,21.7,0.865,0.541,0.45,0.16,0.1
Box-7,18,25.8,59.7,0.675,C57Bl6n,chow,2017-03-15 06:26:00,1062,614,105,94,21.9,0.899,0.516,0.46,0.04,0.1
Box-7,18,25.8,59.7,0.675,C57Bl6n,chow,2017-03-15 06:36:00,225,122,96,89,21.9,0.926,0.477,0.46,0.14,0.03
Box-7,18,25.8,59.7,0.675,C57Bl6n,chow,2017-03-15 06:46:00,54,22,73,66,21.8,0.904,0.362,0.46,0,0.04
Box-7,18,25.8,59.7,0.675,C57Bl6n,chow,2017-03-15 06:56:00,89,61,69,62,21.8,0.906,0.34,0.44,0,0.03
Box-7,18,25.8,59.7,0.675,C57Bl6n,chow,2017-03-15 07:06:00,59,31,66,60,21.7,0.904,0.326,0.44,0,0.08
Box-7,18,25.8,59.7,0.675,C57Bl6n,chow,2017-03-15 07:16:00,78,34,77,71,21.7,0.927,0.38,0.47,0,0.05
Box-7,18,25.8,59.7,0.675,C57Bl6n,chow,2017-03-15 07:26:00,84,65,75,70,21.7,0.929,0.373,0.47,0,0.08
Box-7,18,25.8,59.7,0.675,C57Bl6n,chow,2017-03-15 07:36:00,127,93,73,67,21.7,0.924,0.36,0.45,0,0.03
Box-7,18,25.8,59.7,0.675,C57Bl6n,chow,2017-03-15 07:46:00,727,431,110,102,21.7,0.928,0.548,0.45,0.03,0.15
Box-7,18,25.8,59.7,0.675,C57Bl6n,chow,2017-03-15 07:56:00,1060,608,90,83,21.8,0.928,0.447,0.45,0.29,0.11
Box-7,18,25.8,59.7,0.675,C57Bl6n,chow,2017-03-15 08:06:00,1672,1073,116,111,21.8,0.959,0.58,0.46,0.06,0.12
Box-7,18,25.8,59.7,0.675,C57Bl6n,chow,2017-03-15 08:16:00,681,417,111,105,21.8,0.951,0.552,0.45,0,0.03
Box-7,18,25.8,59.7,0.675,C57Bl6n,chow,2017-03-15 08:26:00,1079,613,114,108,21.8,0.947,0.569,0.46,0,0.12
Box-7,18,25.8,59.7,0.675,C57Bl6n,chow,2017-03-15 08:36:00,237,212,91,86,21.7,0.942,0.453,0.45,0,0.05
Box-7,18,25.8,59.7,0.675,C57Bl6n,chow,2017-03-15 08:46:00,62,59,74,70,21.7,0.94,0.371,0.43,0,0.09
Box-7,18,25.8,59.7,0.675,C57Bl6n,chow,2017-03-15 08:56:00,78,66,75,71,21.7,0.94,0.374,0.44,0,0.07
Box-7,18,25.8,59.7,0.675,C57Bl6n,chow,2017-03-15 09:06:00,73,60,73,68,21.7,0.932,0.363,0.45,0,0.08
Box-7,18,25.8,59.7,0.675,C57Bl6n,chow,2017-03-15 09:16:00,294,160,78,73,21.7,0.937,0.389,0.45,0,0
Box-7,18,25.8,59.7,0.675,C57Bl6n,chow,2017-03-15 09:26:00,357,188,83,77,21.7,0.939,0.411,0.46,0,0.1
Box-7,18,25.8,59.7,0.675,C57Bl6n,chow,2017-03-15 09:36:00,21,9,81,75,21.7,0.937,0.401,0.45,0,0.09
Box-7,18,25.8,59.7,0.675,C57Bl6n,chow,2017-03-15 09:46:00,62,38,71,64,21.7,0.9,0.349,0.45,0,0.06
Box-7,18,25.8,59.7,0.675,C57Bl6n,chow,2017-03-15 09:56:00,36,34,72,64,21.7,0.881,0.356,0.46,0,0
Box-7,18,25.8,59.7,0.675,C57Bl6n,chow,2017-03-15 10:06:00,74,56,69,61,21.7,0.885,0.34,0.46,0,0.1
Box-7,18,25.8,59.7,0.675,C57Bl6n,chow,2017-03-15 10:16:00,523,247,72,64,21.6,0.886,0.355,0.46,0.01,0.1
Box-7,18,25.8,59.7,0.675,C57Bl6n,chow,2017-03-15 10:26:00,46,20,82,73,21.7,0.898,0.403,0.46,0,0
Box-7,18,25.8,59.7,0.675,C57Bl6n,chow,2017-03-15 10:36:00,58,35,69,62,21.7,0.904,0.341,0.45,0,0.1
Box-7,18,25.8,59.7,0.675,C57Bl6n,chow,2017-03-15 10:46:00,78,44,73,65,21.7,0.886,0.361,0.46,0,0.04
Box-7,18,25.8,59.7,0.675,C57Bl6n,chow,2017-03-15 10:56:00,538,471,73,65,21.6,0.888,0.358,0.46,0,0.1
Box-7,18,25.8,59.7,0.675,C57Bl6n,chow,2017-03-15 11:06:00,263,168,72,64,21.6,0.89,0.357,0.45,0,0.04
Box-7,18,25.8,59.7,0.675,C57Bl6n,chow,2017-03-15 11:16:00,974,576,106,95,21.7,0.894,0.521,0.45,0,0.06
Box-7,18,25.8,59.7,0.675,C57Bl6n,chow,2017-03-15 11:26:00,1310,733,94,83,21.8,0.887,0.463,0.45,0.1,0.06
Box-7,18,25.8,59.7,0.675,C57Bl6n,chow,2017-03-15 11:36:00,919,496,84,75,21.7,0.89,0.415,0.45,0,0.06
Box-7,18,25.8,59.7,0.675,C57Bl6n,chow,2017-03-15 11:46:00,444,306,94,87,21.7,0.921,0.468,0.45,0,0.07
Box-7,18,25.8,59.7,0.675,C57Bl6n,chow,2017-03-15 11:56:00,95,83,84,77,21.7,0.917,0.416,0.47,0,0.06
Box-7,18,25.8,59.7,0.675,C57Bl6n,chow,2017-03-15 12:06:00,38,13,73,65,21.7,0.892,0.357,0.46,0,0
Box-7,18,25.8,59.7,0.675,C57Bl6n,chow,2017-03-15 12:16:00,149,99,70,62,21.7,0.88,0.343,0.45,0,0.06
Box-7,18,25.8,59.7,0.675,C57Bl6n,chow,2017-03-15 12:26:00,43,35,71,61,21.6,0.86,0.346,0.46,0,0.09
Box-7,18,25.8,59.7,0.675,C57Bl6n,chow,2017-03-15 12:36:00,91,84,70,60,21.6,0.85,0.343,0.45,0,0.08
Box-7,18,25.8,59.7,0.675,C57Bl6n,chow,2017-03-15 12:46:00,91,78,70,59,21.6,0.841,0.339,0.45,0,0.01
Box-7,18,25.8,59.7,0.675,C57Bl6n,chow,2017-03-15 12:56:00,19,1,69,58,21.6,0.837,0.336,0.45,0,0.07
Box-7,18,25.8,59.7,0.675,C57Bl6n,chow,2017-03-15 13:06:00,173,118,66,56,21.6,0.86,0.321,0.45,0,0.09
Box-7,18,25.8,59.7,0.675,C57Bl6n,chow,2017-03-15 13:16:00,20,5,68,56,21.6,0.833,0.328,0.44,0,0.08
Box-7,18,25.8,59.7,0.675,C57Bl6n,chow,2017-03-15 13:26:00,345,205,81,70,21.6,0.865,0.397,0.46,0,0
Box-7,18,25.8,59.7,0.675,C57Bl6n,chow,2017-03-15 13:36:00,428,230,81,71,21.6,0.876,0.4,0.45,0.04,0.07
Box-7,18,25.8,59.7,0.675,C57Bl6n,chow,2017-03-15 13:46:00,26,9,72,61,21.7,0.852,0.35,0.45,0,0.07
Box-7,18,25.8,59.7,0.675,C57Bl6n,chow,2017-03-15 13:56:00,49,18,68,60,21.7,0.88,0.332,0.46,0,0.05
Box-7,18,25.8,59.7,0.675,C57Bl6n,chow,2017-03-15 14:06:00,7,1,69,60,21.6,0.871,0.34,0.46,0,0.03
Box-7,18,25.8,59.7,0.675,C57Bl6n,chow,2017-03-15 14:16:00,109,49,68,59,21.6,0.874,0.332,0.45,0,0.06
Box-7,18,25.8,59.7,0.675,C57Bl6n,chow,2017-03-15 14:26:00,63,34,69,59,21.6,0.865,0.336,0.44,0,0.09
Box-7,18,25.8,59.7,0.675,C57Bl6n,chow,2017-03-15 14:36:00,74,54,73,62,21.7,0.848,0.357,0.46,0,0.05
Box-7,18,25.8,59.7,0.675,C57Bl6n,chow,2017-03-15 14:46:00,309,138,71,60,21.6,0.849,0.347,0.44,0,0.04
Box-7,18,25.8,59.7,0.675,C57Bl6n,chow,2017-03-15 14:56:00,291,172,77,66,21.6,0.863,0.376,0.45,0,0.06
Box-7,18,25.8,59.7,0.675,C57Bl6n,chow,2017-03-15 15:06:00,262,156,82,72,21.6,0.881,0.403,0.44,0,0.08
Box-7,18,25.8,59.7,0.675,C57Bl6n,chow,2017-03-15 15:16:00,339,178,70,60,21.7,0.862,0.342,0.44,0.18,0
Box-7,18,25.8,59.7,0.675,C57Bl6n,chow,2017-03-15 15:26:00,68,27,79,69,21.7,0.877,0.386,0.46,0,0.1
Box-7,18,25.8,59.7,0.675,C57Bl6n,chow,2017-03-15 15:36:00,49,27,77,68,21.7,0.884,0.38,0.45,0,0
Box-7,18,25.8,59.7,0.675,C57Bl6n,chow,2017-03-15 15:46:00,68,51,72,64,21.6,0.892,0.354,0.44,0,0.07
Box-7,18,25.8,59.7,0.675,C57Bl6n,chow,2017-03-15 15:56:00,94,71,74,65,21.6,0.887,0.363,0.46,0,0.08
Box-7,18,25.8,59.7,0.675,C57Bl6n,chow,2017-03-15 16:06:00,26,6,67,60,21.6,0.897,0.328,0.45,0,0
Box-7,18,25.8,59.7,0.675,C57Bl6n,chow,2017-03-15 16:16:00,50,18,65,58,21.6,0.894,0.321,0.45,0,0.07
Box-7,18,25.8,59.7,0.675,C57Bl6n,chow,2017-03-15 16:26:00,102,62,65,57,21.6,0.879,0.319,0.45,0,0.07
Box-7,18,25.8,59.7,0.675,C57Bl6n,chow,2017-03-15 16:36:00,413,211,77,69,21.6,0.9,0.378,0.45,0,0.07
Box-7,18,25.8,59.7,0.675,C57Bl6n,chow,2017-03-15 16:46:00,727,433,102,89,21.8,0.872,0.5,0.47,0.08,0.07
Box-7,18,25.8,59.7,0.675,C57Bl6n,chow,2017-03-15 16:56:00,155,58,73,63,21.7,0.865,0.359,0.45,0,0
Box-7,18,25.8,59.7,0.675,C57Bl6n,chow,2017-03-15 17:06:00,53,23,80,71,21.7,0.89,0.395,0.46,0,0.06
Box-7,18,25.8,59.7,0.675,C57Bl6n,chow,2017-03-15 17:16:00,94,77,81,71,21.7,0.87,0.398,0.46,0,0.03
Box-7,18,25.8,59.7,0.675,C57Bl6n,chow,2017-03-15 17:26:00,248,194,83,73,21.6,0.873,0.409,0.46,0,0.06
Box-7,18,25.8,59.7,0.675,C57Bl6n,chow,2017-03-15 17:36:00,502,296,81,71,21.6,0.871,0.399,0.47,0.06,0.08
Box-7,18,25.8,59.7,0.675,C57Bl6n,chow,2017-03-15 17:46:00,44,14,73,63,21.7,0.864,0.357,0.45,0,0.01
Box-7,18,25.8,59.7,0.675,C57Bl6n,chow,2017-03-15 17:56:00,107,59,72,65,21.7,0.897,0.356,0.44,0,0.07
Box-7,18,25.8,59.7,0.675,C57Bl6n,chow,2017-03-15 18:06:00,735,424,116,105,21.7,0.902,0.575,0.46,0.1,0.08
Box-7,18,25.8,59.7,0.675,C57Bl6n,chow,2017-03-15 18:16:00,391,187,93,84,21.7,0.905,0.459,0.47,0,0.01
Box-7,18,25.8,59.7,0.675,C57Bl6n,chow,2017-03-15 18:26:00,45,20,90,82,21.7,0.903,0.447,0.45,0,0.08
Box-7,18,25.8,59.7,0.675,C57Bl6n,chow,2017-03-15 18:36:00,1023,594,81,72,21.7,0.889,0.4,0.45,0.04,0.01
Box-7,18,25.8,59.7,0.675,C57Bl6n,chow,2017-03-15 18:46:00,1267,802,136,124,21.7,0.912,0.675,0.46,0.13,0.12
Box-7,18,25.8,59.7,0.675,C57Bl6n,chow,2017-03-15 18:56:00,1653,994,109,100,21.7,0.916,0.54,0.46,0,0.04
Box-7,18,25.8,59.7,0.675,C57Bl6n,chow,2017-03-15 19:06:00,1355,830,135,123,21.8,0.914,0.668,0.46,0.11,0.04
Box-7,18,25.8,59.7,0.675,C57Bl6n,chow,2017-03-15 19:16:00,1453,917,108,99,21.8,0.913,0.537,0.47,0,0.05
Box-7,18,25.8,59.7,0.675,C57Bl6n,chow,2017-03-15 19:26:00,729,481,122,114,21.8,0.933,0.608,0.46,0.08,0.04
Box-7,18,25.8,59.7,0.675,C57Bl6n,chow,2017-03-15 19:36:00,744,456,132,123,21.8,0.93,0.658,0.46,0.14,0.09
Box-7,18,25.8,59.7,0.675,C57Bl6n,chow,2017-03-15 19:46:00,1711,1073,119,113,21.8,0.949,0.592,0.46,0,0.09
Box-7,18,25.8,59.7,0.675,C57Bl6n,chow,2017-03-15 19:56:00,998,652,144,136,21.8,0.944,0.717,0.46,0.1,0
Box-7,18,25.8,59.7,0.675,C57Bl6n,chow,2017-03-15 20:06:00,897,588,104,99,21.8,0.952,0.521,0.45,0,0.07
Box-7,18,25.8,59.7,0.675,C57Bl6n,chow,2017-03-15 20:16:00,601,344,99,94,21.8,0.946,0.493,0.45,0.13,0.06
Box-7,18,25.8,59.7,0.675,C57Bl6n,chow,2017-03-15 20:26:00,894,511,113,108,21.8,0.953,0.566,0.45,0.01,0.13
Box-7,18,25.8,59.7,0.675,C57Bl6n,chow,2017-03-15 20:36:00,1605,978,116,111,21.8,0.954,0.58,0.46,0,0.03
Box-7,18,25.8,59.7,0.675,C57Bl6n,chow,2017-03-15 20:46:00,643,387,106,101,21.8,0.959,0.528,0.46,0.22,0.06
Box-7,18,25.8,59.7,0.675,C57Bl6n,chow,2017-03-15 20:56:00,1137,727,120,115,21.8,0.96,0.598,0.46,0,0.05
Box-7,18,25.8,59.7,0.675,C57Bl6n,chow,2017-03-15 21:06:00,459,254,133,129,21.9,0.964,0.668,0.46,0.17,0.06
Box-7,18,25.8,59.7,0.675,C57Bl6n,chow,2017-03-15 21:16:00,713,437,120,116,21.8,0.97,0.602,0.46,0,0.08
Box-7,18,25.8,59.7,0.675,C57Bl6n,chow,2017-03-15 21:26:00,981,598,131,126,21.8,0.967,0.655,0.46,0,0.06
Box-7,18,25.8,59.7,0.675,C57Bl6n,chow,2017-03-15 21:36:00,894,596,112,108,21.8,0.963,0.56,0.46,0.04,0.04
Box-7,18,25.8,59.7,0.675,C57Bl6n,chow,2017-03-15 21:46:00,937,527,99,96,21.8,0.962,0.498,0.45,0.06,0.07
Box-7,18,25.8,59.7,0.675,C57Bl6n,chow,2017-03-15 21:56:00,1471,916,118,115,21.8,0.974,0.594,0.45,0,0.02
Box-7,18,25.8,59.7,0.675,C57Bl6n,chow,2017-03-15 22:06:00,810,383,86,81,21.8,0.94,0.427,0.46,0.09,0.02
Box-7,18,25.8,59.7,0.675,C57Bl6n,chow,2017-03-15 22:16:00,884,528,114,110,21.8,0.958,0.572,0.45,0.05,0.07
Box-7,18,25.8,59.7,0.675,C57Bl6n,chow,2017-03-15 22:26:00,1132,519,128,123,21.8,0.963,0.641,0.46,0.01,0.07
Box-7,18,25.8,59.7,0.675,C57Bl6n,chow,2017-03-15 22:36:00,1047,601,122,117,21.8,0.963,0.61,0.46,0.06,0
Box-7,18,25.8,59.7,0.675,C57Bl6n,chow,2017-03-15 22:46:00,1570,577,93,91,21.8,0.971,0.468,0.45,0,0.07
Box-7,18,25.8,59.7,0.675,C57Bl6n,chow,2017-03-15 22:56:00,1251,215,89,85,21.8,0.959,0.444,0.45,0,0
Box-7,18,25.8,59.7,0.675,C57Bl6n,chow,2017-03-15 23:06:00,1177,457,93,88,21.7,0.949,0.465,0.46,0,0.04
Box-7,18,25.8,59.7,0.675,C57Bl6n,chow,2017-03-15 23:16:00,1302,732,125,121,21.8,0.969,0.625,0.46,0,0.1
Box-7,18,25.8,59.7,0.675,C57Bl6n,chow,2017-03-15 23:26:00,669,352,125,120,21.9,0.954,0.627,0.46,0.32,0.08
Box-7,18,25.8,59.7,0.675,C57Bl6n,chow,2017-03-15 23:36:00,1538,436,103,99,21.9,0.96,0.517,0.46,0.01,0
Box-7,18,25.8,59.7,0.675,C57Bl6n,chow,2017-03-15 23:46:00,823,140,98,92,21.8,0.939,0.489,0.46,0,0
Box-7,18,25.8,59.7,0.675,C57Bl6n,chow,2017-03-15 23:56:00,469,110,86,83,21.7,0.96,0.431,0.45,0,0
Box-7,18,25.8,59.7,0.675,C57Bl6n,chow,2017-03-16 00:06:00,159,61,86,83,21.7,0.968,0.431,0.46,0,0.01
Box-7,18,25.8,59.7,0.675,C57Bl6n,chow,2017-03-16 00:16:00,498,195,86,83,21.7,0.964,0.43,0.46,0,0.09
Box-7,18,25.8,59.7,0.675,C57Bl6n,chow,2017-03-16 00:26:00,1312,404,96,93,21.7,0.968,0.483,0.45,0,0.07
Box-7,18,25.8,59.7,0.675,C57Bl6n,chow,2017-03-16 00:36:00,762,350,123,117,21.8,0.955,0.613,0.46,0.04,0.12
Box-7,18,25.8,59.7,0.675,C57Bl6n,chow,2017-03-16 00:46:00,183,44,83,79,21.7,0.949,0.414,0.46,0,0
Box-7,18,25.8,59.7,0.675,C57Bl6n,chow,2017-03-16 00:56:00,528,55,80,77,21.7,0.959,0.4,0.45,0,0.05
Box-7,18,25.8,59.7,0.675,C57Bl6n,chow,2017-03-16 01:06:00,510,62,77,74,21.7,0.952,0.386,0.45,0,0.03
Box-7,18,25.8,59.7,0.675,C57Bl6n,chow,2017-03-16 01:16:00,557,160,83,77,21.7,0.934,0.411,0.46,0,0.07
Box-7,18,25.8,59.7,0.675,C57Bl6n,chow,2017-03-16 01:26:00,1027,537,97,90,21.8,0.93,0.482,0.46,0.08,0.04
Box-7,18,25.8,59.7,0.675,C57Bl6n,chow,2017-03-16 01:36:00,1146,555,96,90,21.8,0.938,0.477,0.44,0.13,0.09
Box-7,18,25.8,59.7,0.675,C57Bl6n,chow,2017-03-16 01:46:00,1390,585,97,92,21.9,0.95,0.484,0.44,0.2,0.06
Box-7,18,25.8,59.7,0.675,C57Bl6n,chow,2017-03-16 01:56:00,2163,884,93,88,21.8,0.947,0.463,0.46,0,0.1
Box-7,18,25.8,59.7,0.675,C57Bl6n,chow,2017-03-16 02:06:00,1691,647,96,92,21.9,0.959,0.479,0.43,0,0.03
Box-7,18,25.8,59.7,0.675,C57Bl6n,chow,2017-03-16 02:16:00,1558,423,93,88,21.8,0.945,0.466,0.45,0,0
Box-7,18,25.8,59.7,0.675,C57Bl6n,chow,2017-03-16 02:26:00,787,91,102,97,21.7,0.949,0.509,0.45,0,0.03
Box-7,18,25.8,59.7,0.675,C57Bl6n,chow,2017-03-16 02:36:00,441,26,88,84,21.7,0.953,0.439,0.46,0,0.04
Box-7,18,25.8,59.7,0.675,C57Bl6n,chow,2017-03-16 02:46:00,440,176,83,79,21.7,0.947,0.414,0.46,0,0.04
Box-7,18,25.8,59.7,0.675,C57Bl6n,chow,2017-03-16 02:56:00,130,107,81,77,21.7,0.948,0.406,0.45,0,0
Box-7,18,25.8,59.7,0.675,C57Bl6n,chow,2017-03-16 03:06:00,189,7,76,71,21.7,0.926,0.379,0.47,0,0.07
Box-7,18,25.8,59.7,0.675,C57Bl6n,chow,2017-03-16 03:16:00,365,54,68,64,21.7,0.937,0.341,0.45,0,0.01
Box-7,18,25.8,59.7,0.675,C57Bl6n,chow,2017-03-16 03:26:00,106,27,69,63,21.6,0.924,0.34,0.45,0,0.04
Box-7,18,25.8,59.7,0.675,C57Bl6n,chow,2017-03-16 03:36:00,473,123,68,63,21.6,0.925,0.336,0.44,0,0
Box-7,18,25.8,59.7,0.675,C57Bl6n,chow,2017-03-16 03:46:00,1072,264,89,83,21.7,0.928,0.444,0.46,0,0.07
Box-7,18,25.8,59.7,0.675,C57Bl6n,chow,2017-03-16 03:56:00,1172,319,105,97,21.8,0.927,0.521,0.45,0.13,0.04
Box-7,18,25.8,59.7,0.675,C57Bl6n,chow,2017-03-16 04:06:00,224,36,78,72,21.7,0.926,0.386,0.44,0,0.03
Box-7,18,25.8,59.7,0.675,C57Bl6n,chow,2017-03-16 04:16:00,276,100,80,74,21.7,0.928,0.397,0.45,0,0
Box-7,18,25.8,59.7,0.675,C57Bl6n,chow,2017-03-16 04:26:00,842,528,79,75,21.7,0.944,0.395,0.45,0,0
Box-7,18,25.8,59.7,0.675,C57Bl6n,chow,2017-03-16 04:36:00,463,105,75,70,21.7,0.936,0.375,0.43,0,0.06
Box-7,18,25.8,59.7,0.675,C57Bl6n,chow,2017-03-16 04:46:00,695,242,95,90,21.7,0.946,0.473,0.45,0,0.03
Box-7,18,25.8,59.7,0.675,C57Bl6n,chow,2017-03-16 04:56:00,1168,599,101,94,21.7,0.936,0.502,0.46,0.08,0.08
Box-7,18,25.8,59.7,0.675,C57Bl6n,chow,2017-03-16 05:06:00,1382,582,102,94,21.8,0.923,0.507,0.46,0.18,0.04
Box-7,18,25.8,59.7,0.675,C57Bl6n,chow,2017-03-16 05:16:00,936,253,80,73,21.8,0.916,0.395,0.46,0.04,0.02
Box-7,18,25.8,59.7,0.675,C57Bl6n,chow,2017-03-16 05:26:00,365,63,78,71,21.7,0.903,0.386,0.46,0,0.01
Box-7,18,25.8,59.7,0.675,C57Bl6n,chow,2017-03-16 05:36:00,202,25,80,73,21.7,0.92,0.395,0.46,0,0
Box-7,18,25.8,59.7,0.675,C57Bl6n,chow,2017-03-16 05:46:00,284,111,80,76,21.7,0.946,0.399,0.44,0,0
Box-7,18,25.8,59.7,0.675,C57Bl6n,chow,2017-03-16 05:56:00,165,54,84,79,21.7,0.948,0.418,0.45,0,0
Box-7,18,25.8,59.7,0.675,C57Bl6n,chow,2017-03-16 06:06:00,425,100,75,70,21.7,0.94,0.372,0.44,0,0
Box-7,18,25.8,59.7,0.675,C57Bl6n,chow,2017-03-16 06:16:00,1205,541,87,82,21.7,0.947,0.434,0.45,0.07,0.13
Box-7,18,25.8,59.7,0.675,C57Bl6n,chow,2017-03-16 06:26:00,1024,316,81,75,21.8,0.925,0.404,0.46,0,0.04
Box-7,18,25.8,59.7,0.675,C57Bl6n,chow,2017-03-16 06:36:00,692,107,81,75,21.7,0.924,0.401,0.45,0,0
Box-7,18,25.8,59.7,0.675,C57Bl6n,chow,2017-03-16 06:46:00,685,88,83,77,21.7,0.93,0.413,0.44,0,0
Box-7,18,25.8,59.7,0.675,C57Bl6n,chow,2017-03-16 06:56:00,411,38,83,77,21.7,0.924,0.412,0.46,0,0
Box-7,18,25.8,59.7,0.675,C57Bl6n,chow,2017-03-16 07:06:00,309,28,70,63,21.7,0.895,0.345,0.45,0,0
Box-7,18,25.8,59.7,0.675,C57Bl6n,chow,2017-03-16 07:16:00,535,120,71,61,21.7,0.861,0.348,0.46,0,0
Box-7,18,25.8,59.7,0.675,C57Bl6n,chow,2017-03-16 07:26:00,721,321,70,60,21.7,0.857,0.344,0.44,0,0
Box-7,18,25.8,59.7,0.675,C57Bl6n,chow,2017-03-16 07:36:00,912,365,88,77,21.7,0.874,0.43,0.45,0.17,0.08
Box-7,18,25.8,59.7,0.675,C57Bl6n,chow,2017-03-16 07:46:00,1090,468,118,110,21.9,0.928,0.586,0.45,0.08,0.13
Box-7,18,25.8,59.7,0.675,C57Bl6n,chow,2017-03-16 07:56:00,1993,835,84,76,21.8,0.903,0.415,0.45,0,0.09
Box-7,18,25.8,59.7,0.675,C57Bl6n,chow,2017-03-16 08:06:00,724,210,92,84,21.8,0.908,0.456,0.46,0,0
Box-7,18,25.8,59.7,0.675,C57Bl6n,chow,2017-03-16 08:16:00,73,35,91,82,21.7,0.91,0.448,0.45,0,0
Box-7,18,25.8,59.7,0.675,C57Bl6n,chow,2017-03-16 08:26:00,134,70,82,75,21.7,0.91,0.407,0.46,0,0.03
Box-7,18,25.8,59.7,0.675,C57Bl6n,chow,2017-03-16 08:36:00,324,248,79,70,21.7,0.89,0.39,0.46,0,0.08
Box-7,18,25.8,59.7,0.675,C57Bl6n,chow,2017-03-16 08:46:00,2174,107,73,64,21.7,0.871,0.359,0.46,0,0
Box-7,18,25.8,59.7,0.675,C57Bl6n,chow,2017-03-16 08:56:00,1140,22,72,63,21.7,0.869,0.354,0.46,0,0
Box-7,18,25.8,59.7,0.675,C57Bl6n,chow,2017-03-16 09:06:00,272,60,72,61,21.7,0.846,0.353,0.46,0,0.07
Box-7,18,25.8,59.7,0.675,C57Bl6n,chow,2017-03-16 09:16:00,453,221,70,60,21.6,0.854,0.344,0.43,0,0
Box-7,18,25.8,59.7,0.675,C57Bl6n,chow,2017-03-16 09:26:00,712,140,68,58,21.7,0.855,0.332,0.44,0.14,0
Box-7,18,25.8,59.7,0.675,C57Bl6n,chow,2017-03-16 09:36:00,559,36,76,66,21.7,0.868,0.371,0.46,0,0.05
Box-7,18,25.8,59.7,0.675,C57Bl6n,chow,2017-03-16 09:46:00,253,5,72,65,21.7,0.899,0.355,0.44,0,0.01
Box-7,18,25.8,59.7,0.675,C57Bl6n,chow,2017-03-16 09:56:00,359,31,70,63,21.7,0.907,0.344,0.44,0,0
Box-7,18,25.8,59.7,0.675,C57Bl6n,chow,2017-03-16 10:06:00,356,63,70,63,21.6,0.906,0.346,0.46,0,0.09
Box-7,18,25.8,59.7,0.675,C57Bl6n,chow,2017-03-16 10:16:00,499,166,67,61,21.6,0.909,0.333,0.44,0,0
Box-7,18,25.8,59.7,0.675,C57Bl6n,chow,2017-03-16 10:26:00,355,97,73,66,21.6,0.897,0.361,0.46,0,0
Box-7,18,25.8,59.7,0.675,C57Bl6n,chow,2017-03-16 10:36:00,242,58,71,62,21.6,0.881,0.347,0.45,0,0.07
Box-7,18,25.8,59.7,0.675,C57Bl6n,chow,2017-03-16 10:46:00,412,200,74,65,21.6,0.874,0.364,0.46,0,0
Box-7,18,25.8,59.7,0.675,C57Bl6n,chow,2017-03-16 10:56:00,595,140,75,65,21.6,0.868,0.366,0.46,0,0.01
Box-7,18,25.8,59.7,0.675,C57Bl6n,chow,2017-03-16 11:06:00,1348,566,109,96,21.7,0.874,0.537,0.46,0.02,0.13
Box-7,18,25.8,59.7,0.675,C57Bl6n,chow,2017-03-16 11:16:00,1589,644,103,91,21.8,0.885,0.508,0.45,0.06,0
Box-7,18,25.8,59.7,0.675,C57Bl6n,chow,2017-03-16 11:26:00,1730,750,89,80,21.8,0.896,0.438,0.44,0.17,0
Box-7,18,25.8,59.7,0.675,C57Bl6n,chow,2017-03-16 11:36:00,899,406,102,92,21.8,0.902,0.505,0.45,0,0.03
Box-7,18,25.8,59.7,0.675,C57Bl6n,chow,2017-03-16 11:46:00,697,141,101,94,21.7,0.927,0.503,0.47,0,0
Box-7,18,25.8,59.7,0.675,C57Bl6n,chow,2017-03-16 11:56:00,453,28,88,81,21.7,0.923,0.437,0.47,0,0
Box-7,18,25.8,59.7,0.675,C57Bl6n,chow,2017-03-16 12:06:00,279,29,77,70,21.7,0.905,0.381,0.45,0,0
Box-7,18,25.8,59.7,0.675,C57Bl6n,chow,2017-03-16 12:16:00,1557,72,76,69,21.7,0.906,0.376,0.45,0,0.06
Box-7,18,25.8,59.7,0.675,C57Bl6n,chow,2017-03-16 12:26:00,64,31,73,64,21.6,0.886,0.358,0.46,0,0
Box-7,18,25.8,59.7,0.675,C57Bl6n,chow,2017-03-16 12:36:00,33,14,68,58,21.6,0.854,0.334,0.43,0,0
Box-7,18,25.8,59.7,0.675,C57Bl6n,chow,2017-03-16 12:46:00,94,64,71,60,21.7,0.852,0.346,0.45,0,0.07
Box-7,18,25.8,59.7,0.675,C57Bl6n,chow,2017-03-16 12:56:00,134,68,69,59,21.6,0.855,0.339,0.45,0,0
Box-7,18,25.8,59.7,0.675,C57Bl6n,chow,2017-03-16 13:06:00,379,41,68,58,21.6,0.856,0.333,0.45,0,0.03
Box-7,18,25.8,59.7,0.675,C57Bl6n,chow,2017-03-16 13:16:00,903,283,89,79,21.7,0.879,0.44,0.46,0.01,0.05
Box-7,18,25.8,59.7,0.675,C57Bl6n,chow,2017-03-16 13:26:00,858,74,84,75,21.7,0.893,0.416,0.44,0,0.03
Box-7,18,25.8,59.7,0.675,C57Bl6n,chow,2017-03-16 13:36:00,437,14,85,76,21.7,0.893,0.417,0.45,0,0
Box-7,18,25.8,59.7,0.675,C57Bl6n,chow,2017-03-16 13:46:00,624,116,73,65,21.6,0.887,0.36,0.46,0,0
Box-7,18,25.8,59.7,0.675,C57Bl6n,chow,2017-03-16 13:56:00,1064,232,71,63,21.7,0.878,0.351,0.45,0,0
Box-7,18,25.8,59.7,0.675,C57Bl6n,chow,2017-03-16 14:06:00,613,182,68,58,21.6,0.853,0.334,0.45,0,0.07
Box-7,18,25.8,59.7,0.675,C57Bl6n,chow,2017-03-16 14:16:00,372,173,65,56,21.6,0.855,0.318,0.43,0,0
Box-7,18,25.8,59.7,0.675,C57Bl6n,chow,2017-03-16 14:26:00,293,234,71,59,21.6,0.838,0.345,0.46,0,0
Box-7,18,25.8,59.7,0.675,C57Bl6n,chow,2017-03-16 14:36:00,734,140,80,69,21.6,0.864,0.392,0.46,0,0
Box-7,18,25.8,59.7,0.675,C57Bl6n,chow,2017-03-16 14:46:00,593,161,77,67,21.7,0.87,0.379,0.45,0.03,0.11
Box-7,18,25.8,59.7,0.675,C57Bl6n,chow,2017-03-16 14:56:00,308,4,78,68,21.7,0.868,0.384,0.46,0,0
Box-7,18,25.8,59.7,0.675,C57Bl6n,chow,2017-03-16 15:06:00,408,41,73,62,21.6,0.851,0.357,0.47,0,0
Box-7,18,25.8,59.7,0.675,C57Bl6n,chow,2017-03-16 15:16:00,381,275,70,59,21.6,0.844,0.343,0.46,0,0
Box-7,18,25.8,59.7,0.675,C57Bl6n,chow,2017-03-16 15:26:00,590,147,81,69,21.6,0.849,0.396,0.46,0,0
Box-7,18,25.8,59.7,0.675,C57Bl6n,chow,2017-03-16 15:36:00,582,173,82,71,21.6,0.864,0.402,0.45,0.02,0.07
Box-7,18,25.8,59.7,0.675,C57Bl6n,chow,2017-03-16 15:46:00,239,23,77,66,21.7,0.851,0.376,0.45,0,0
Box-7,18,25.8,59.7,0.675,C57Bl6n,chow,2017-03-16 15:56:00,428,124,65,54,21.6,0.832,0.315,0.44,0,0
Box-7,18,25.8,59.7,0.675,C57Bl6n,chow,2017-03-16 16:06:00,279,35,68,56,21.6,0.818,0.331,0.46,0,0
Box-7,18,25.8,59.7,0.675,C57Bl6n,chow,2017-03-16 16:16:00,178,2,68,55,21.6,0.819,0.328,0.46,0,0.07
Box-7,18,25.8,59.7,0.675,C57Bl6n,chow,2017-03-16 16:26:00,906,452,74,61,21.6,0.82,0.361,0.47,0,0
Box-7,18,25.8,59.7,0.675,C57Bl6n,chow,2017-03-16 16:36:00,510,153,87,71,21.7,0.82,0.421,0.46,0.09,0
Box-7,18,25.8,59.7,0.675,C57Bl6n,chow,2017-03-16 16:46:00,280,53,72,62,21.6,0.855,0.353,0.45,0,0
Box-7,18,25.8,59.7,0.675,C57Bl6n,chow,2017-03-16 16:56:00,178,14,74,63,21.6,0.852,0.36,0.46,0,0.06
Box-7,18,25.8,59.7,0.675,C57Bl6n,chow,2017-03-16 17:06:00,202,20,66,57,21.6,0.87,0.323,0.45,0,0
Box-7,18,25.8,59.7,0.675,C57Bl6n,chow,2017-03-16 17:16:00,540,154,74,64,21.6,0.864,0.364,0.46,0,0.04
Box-7,18,25.8,59.7,0.675,C57Bl6n,chow,2017-03-16 17:26:00,819,356,101,88,21.7,0.878,0.494,0.46,0.1,0.07
Box-7,18,25.8,59.7,0.675,C57Bl6n,chow,2017-03-16 17:36:00,195,34,93,81,21.7,0.868,0.455,0.46,0,0.02
Box-7,18,25.8,59.7,0.675,C57Bl6n,chow,2017-03-16 17:46:00,208,41,72,64,21.7,0.888,0.356,0.44,0,0
Box-7,18,25.8,59.7,0.675,C57Bl6n,chow,2017-03-16 17:56:00,846,323,92,83,21.7,0.909,0.453,0.45,0.03,0.03
Box-7,18,25.8,59.7,0.675,C57Bl6n,chow,2017-03-16 18:06:00,185,37,75,69,21.7,0.909,0.373,0.45,0,0
Box-7,18,25.8,59.7,0.675,C57Bl6n,chow,2017-03-16 18:16:00,636,249,77,70,21.6,0.91,0.379,0.47,0.15,0.04
Box-7,18,25.8,59.7,0.675,C57Bl6n,chow,2017-03-16 18:26:00,1409,561,102,92,21.7,0.897,0.504,0.45,0,0
Box-7,18,25.8,59.7,0.675,C57Bl6n,chow,2017-03-16 18:36:00,890,262,114,105,21.7,0.928,0.564,0.45,0.16,0.07
Box-7,18,25.8,59.7,0.675,C57Bl6n,chow,2017-03-16 18:46:00,1638,172,117,109,21.7,0.939,0.58,0.45,0,0
Box-7,18,25.8,59.7,0.675,C57Bl6n,chow,2017-03-16 18:56:00,914,244,118,111,21.7,0.937,0.589,0.45,0.02,0.01
Box-7,18,25.8,59.7,0.675,C57Bl6n,chow,2017-03-16 19:06:00,765,214,94,87,21.7,0.922,0.467,0.45,0.06,0.09
Box-7,18,25.8,59.7,0.675,C57Bl6n,chow,2017-03-16 19:16:00,1410,589,93,88,21.8,0.938,0.465,0.46,0.02,0.1
Box-7,18,25.8,59.7,0.675,C57Bl6n,chow,2017-03-16 19:26:00,1136,495,113,106,21.8,0.938,0.564,0.46,0.2,0.07
Box-7,18,25.8,59.7,0.675,C57Bl6n,chow,2017-03-16 19:36:00,709,302,92,88,21.8,0.955,0.459,0.44,0.03,0.06
Box-7,18,25.8,59.7,0.675,C57Bl6n,chow,2017-03-16 19:46:00,780,174,95,89,21.8,0.944,0.471,0.45,0.05,0
Box-7,18,25.8,59.7,0.675,C57Bl6n,chow,2017-03-16 19:56:00,481,205,96,91,21.7,0.95,0.48,0.46,0.03,0.06
Box-7,18,25.8,59.7,0.675,C57Bl6n,chow,2017-03-16 20:06:00,224,73,87,82,21.7,0.938,0.434,0.46,0,0
Box-7,18,25.8,59.7,0.675,C57Bl6n,chow,2017-03-16 20:16:00,797,323,87,82,21.7,0.945,0.433,0.46,0.08,0.07
Box-7,18,25.8,59.7,0.675,C57Bl6n,chow,2017-03-16 20:26:00,990,472,127,124,21.8,0.97,0.639,0.45,0.06,0.1
Box-7,18,25.8,59.7,0.675,C57Bl6n,chow,2017-03-16 20:36:00,1312,440,123,119,21.9,0.961,0.618,0.45,0.16,0.12
Box-7,18,25.8,59.7,0.675,C57Bl6n,chow,2017-03-16 20:46:00,1072,325,157,152,21.8,0.965,0.789,0.45,0,0.04
Box-7,18,25.8,59.7,0.675,C57Bl6n,chow,2017-03-16 20:56:00,955,436,126,123,21.8,0.973,0.634,0.46,0.15,0.1
Box-7,18,25.8,59.7,0.675,C57Bl6n,chow,2017-03-16 21:06:00,875,444,121,118,21.9,0.972,0.606,0.45,0.08,0.13
Box-7,18,25.8,59.7,0.675,C57Bl6n,chow,2017-03-16 21:16:00,749,325,92,89,21.8,0.968,0.463,0.46,0.11,0
Box-7,18,25.8,59.7,0.675,C57Bl6n,chow,2017-03-16 21:26:00,420,95,92,86,21.7,0.935,0.457,0.46,0,0
Box-7,18,25.8,59.7,0.675,C57Bl6n,chow,2017-03-16 21:36:00,304,42,89,83,21.7,0.933,0.44,0.46,0,0
Box-7,18,25.8,59.7,0.675,C57Bl6n,chow,2017-03-16 21:46:00,612,228,114,113,21.7,0.992,0.574,0.44,0,0.04
Box-7,18,25.8,59.7,0.675,C57Bl6n,chow,2017-03-16 21:56:00,1255,529,126,125,21.8,0.995,0.633,0.46,0.03,0.03
Box-7,18,25.8,59.7,0.675,C57Bl6n,chow,2017-03-16 22:06:00,1202,522,124,122,21.9,0.983,0.625,0.45,0.1,0.12
Box-7,18,25.8,59.7,0.675,C57Bl6n,chow,2017-03-16 22:16:00,998,477,124,122,21.9,0.984,0.622,0.46,0.13,0.22
Box-7,18,25.8,59.7,0.675,C57Bl6n,chow,2017-03-16 22:26:00,1153,294,105,103,21.9,0.983,0.529,0.45,0.03,0
Box-7,18,25.8,59.7,0.675,C57Bl6n,chow,2017-03-16 22:36:00,601,103,91,88,21.8,0.957,0.457,0.45,0,0
Box-7,18,25.8,59.7,0.675,C57Bl6n,chow,2017-03-16 22:46:00,92,75,86,84,21.7,0.984,0.43,0.46,0,0
Box-7,18,25.8,59.7,0.675,C57Bl6n,chow,2017-03-16 22:56:00,521,218,84,82,21.7,0.979,0.422,0.46,0,0
Box-7,18,25.8,59.7,0.675,C57Bl6n,chow,2017-03-16 23:06:00,969,430,111,109,21.7,0.98,0.557,0.45,0.11,0.17
Box-7,18,25.8,59.7,0.675,C57Bl6n,chow,2017-03-16 23:16:00,1127,395,109,107,21.8,0.979,0.549,0.45,0.09,0.1
Box-7,18,25.8,59.7,0.675,C57Bl6n,chow,2017-03-16 23:26:00,1081,338,91,87,21.8,0.952,0.457,0.47,0,0.03
Box-7,18,25.8,59.7,0.675,C57Bl6n,chow,2017-03-16 23:36:00,291,95,86,82,21.8,0.954,0.431,0.43,0,0
Box-7,18,25.8,59.7,0.675,C57Bl6n,chow,2017-03-16 23:46:00,177,89,84,82,21.7,0.968,0.422,0.45,0,0
Box-7,18,25.8,59.7,0.675,C57Bl6n,chow,2017-03-16 23:56:00,88,62,80,79,21.7,0.99,0.403,0.46,0,0
Box-7,18,25.8,59.7,0.675,C57Bl6n,chow,2017-03-17 00:06:00,159,98,80,77,21.7,0.96,0.402,0.45,0,0.05
Box-7,18,25.8,59.7,0.675,C57Bl6n,chow,2017-03-17 00:16:00,221,91,78,75,21.7,0.963,0.391,0.44,0,0
Box-7,18,25.8,59.7,0.675,C57Bl6n,chow,2017-03-17 00:26:00,245,10,69,66,21.7,0.957,0.344,0.44,0,0.03
Box-7,18,25.8,59.7,0.675,C57Bl6n,chow,2017-03-17 00:36:00,1026,302,95,93,21.7,0.975,0.479,0.45,0.11,0.13
Box-7,18,25.8,59.7,0.675,C57Bl6n,chow,2017-03-17 00:46:00,1207,568,119,115,21.8,0.965,0.596,0.47,0,0.1
Box-7,18,25.8,59.7,0.675,C57Bl6n,chow,2017-03-17 00:56:00,1713,641,120,115,21.8,0.962,0.6,0.46,0.1,0.15
Box-7,18,25.8,59.7,0.675,C57Bl6n,chow,2017-03-17 01:06:00,1146,331,126,121,21.8,0.96,0.633,0.45,0.07,0.06
Box-7,18,25.8,59.7,0.675,C57Bl6n,chow,2017-03-17 01:16:00,733,159,97,90,21.7,0.932,0.48,0.46,0,0
Box-7,18,25.8,59.7,0.675,C57Bl6n,chow,2017-03-17 01:26:00,299,27,91,89,21.7,0.972,0.457,0.45,0,0
Box-7,18,25.8,59.7,0.675,C57Bl6n,chow,2017-03-17 01:36:00,294,67,90,88,21.7,0.977,0.451,0.46,0,0
Box-7,18,25.8,59.7,0.675,C57Bl6n,chow,2017-03-17 01:46:00,391,104,81,79,21.7,0.974,0.409,0.45,0,0.05
Box-7,18,25.8,59.7,0.675,C57Bl6n,chow,2017-03-17 01:56:00,849,312,92,90,21.7,0.972,0.463,0.44,0.06,0.08
Box-7,18,25.8,59.7,0.675,C57Bl6n,chow,2017-03-17 02:06:00,807,281,118,114,21.8,0.968,0.591,0.46,0.11,0
Box-7,18,25.8,59.7,0.675,C57Bl6n,chow,2017-03-17 02:16:00,1722,694,100,98,21.8,0.972,0.504,0.46,0.01,0.09
Box-7,18,25.8,59.7,0.675,C57Bl6n,chow,2017-03-17 02:26:00,1472,545,119,114,21.8,0.959,0.593,0.46,0.1,0.02
Box-7,18,25.8,59.7,0.675,C57Bl6n,chow,2017-03-17 02:36:00,312,204,85,78,21.7,0.922,0.421,0.46,0,0
Box-7,18,25.8,59.7,0.675,C57Bl6n,chow,2017-03-17 02:46:00,392,97,91,88,21.7,0.967,0.456,0.46,0,0
Box-7,18,25.8,59.7,0.675,C57Bl6n,chow,2017-03-17 02:56:00,385,79,91,89,21.7,0.968,0.458,0.47,0,0
Box-7,18,25.8,59.7,0.675,C57Bl6n,chow,2017-03-17 03:06:00,674,157,81,78,21.7,0.962,0.404,0.45,0,0.09
Box-7,18,25.8,59.7,0.675,C57Bl6n,chow,2017-03-17 03:16:00,358,69,78,74,21.7,0.947,0.391,0.45,0,0
Box-7,18,25.8,59.7,0.675,C57Bl6n,chow,2017-03-17 03:26:00,1153,352,90,87,21.7,0.967,0.452,0.45,0,0.03
Box-7,18,25.8,59.7,0.675,C57Bl6n,chow,2017-03-17 03:36:00,1977,775,93,89,21.7,0.961,0.465,0.45,0.09,0.04
Box-7,18,25.8,59.7,0.675,C57Bl6n,chow,2017-03-17 03:46:00,903,288,93,87,21.8,0.941,0.463,0.45,0,0
Box-7,18,25.8,59.7,0.675,C57Bl6n,chow,2017-03-17 03:56:00,233,1,91,85,21.7,0.937,0.452,0.46,0,0
Box-7,18,25.8,59.7,0.675,C57Bl6n,chow,2017-03-17 04:06:00,183,2,73,68,21.7,0.93,0.363,0.45,0,0.03
Box-7,18,25.8,59.7,0.675,C57Bl6n,chow,2017-03-17 04:16:00,278,52,75,69,21.7,0.924,0.371,0.46,0,0
Box-7,18,25.8,59.7,0.675,C57Bl6n,chow,2017-03-17 04:26:00,359,54,74,68,21.7,0.918,0.365,0.44,0,0.05
Box-7,18,25.8,59.7,0.675,C57Bl6n,chow,2017-03-17 04:36:00,1045,445,106,97,21.7,0.919,0.523,0.45,0.08,0.07
Box-7,18,25.8,59.7,0.675,C57Bl6n,chow,2017-03-17 04:46:00,1126,482,109,101,21.8,0.928,0.542,0.45,0.07,0.06
Box-7,18,25.8,59.7,0.675,C57Bl6n,chow,2017-03-17 04:56:00,586,156,97,92,21.8,0.941,0.484,0.45,0,0
Box-7,18,25.8,59.7,0.675,C57Bl6n,chow,2017-03-17 05:06:00,253,76,86,81,21.7,0.938,0.429,0.45,0,0
Box-7,18,25.8,59.7,0.675,C57Bl6n,chow,2017-03-17 05:16:00,182,19,75,70,21.7,0.932,0.373,0.46,0,0
Box-7,18,25.8,59.7,0.675,C57Bl6n,chow,2017-03-17 05:26:00,325,56,75,69,21.7,0.914,0.373,0.46,0,0.08
Box-7,18,25.8,59.7,0.675,C57Bl6n,chow,2017-03-17 05:36:00,662,189,76,69,21.7,0.907,0.375,0.46,0.07,0.03
Box-7,18,25.8,59.7,0.675,C57Bl6n,chow,2017-03-17 05:46:00,919,423,110,98,21.8,0.894,0.541,0.46,0.09,0.07
Box-7,18,25.8,59.7,0.675,C57Bl6n,chow,2017-03-17 05:56:00,658,206,86,79,21.8,0.921,0.425,0.47,0.23,0.1
Box-7,18,25.8,59.7,0.675,C57Bl6n,chow,2017-03-17 06:06:00,1427,610,121,114,21.8,0.941,0.602,0.46,0,0.15
Box-7,18,25.8,59.7,0.675,C57Bl6n,chow,2017-03-17 06:16:00,1618,646,107,101,21.8,0.944,0.531,0.45,0.03,0.03
Box-7,18,25.8,59.7,0.675,C57Bl6n,chow,2017-03-17 06:26:00,1468,616,104,97,21.8,0.934,0.518,0.45,0.03,0
Box-7,18,25.8,59.7,0.675,C57Bl6n,chow,2017-03-17 06:36:00,151,78,92,86,21.8,0.932,0.46,0.44,0,0
Box-7,18,25.8,59.7,0.675,C57Bl6n,chow,2017-03-17 06:46:00,503,122,86,80,21.7,0.933,0.426,0.46,0,0
Box-7,18,25.8,59.7,0.675,C57Bl6n,chow,2017-03-17 06:56:00,232,33,88,82,21.7,0.935,0.437,0.46,0,0.07
Box-7,18,25.8,59.7,0.675,C57Bl6n,chow,2017-03-17 07:06:00,197,49,73,67,21.7,0.917,0.363,0.46,0,0
Box-7,18,25.8,59.7,0.675,C57Bl6n,chow,2017-03-17 07:16:00,136,38,70,64,21.7,0.904,0.348,0.46,0,0.03
Box-7,18,25.8,59.7,0.675,C57Bl6n,chow,2017-03-17 07:26:00,614,252,104,92,21.7,0.886,0.512,0.45,0.05,0.05
Box-7,18,25.8,59.7,0.675,C57Bl6n,chow,2017-03-17 07:36:00,123,7,77,68,21.7,0.882,0.379,0.45,0,0
Box-7,18,25.8,59.7,0.675,C57Bl6n,chow,2017-03-17 07:46:00,180,71,70,64,21.7,0.906,0.347,0.45,0,0
Box-7,18,25.8,59.7,0.675,C57Bl6n,chow,2017-03-17 07:56:00,189,56,78,71,21.7,0.911,0.386,0.46,0,0.07
Box-7,18,25.8,59.7,0.675,C57Bl6n,chow,2017-03-17 08:06:00,246,71,78,69,21.7,0.89,0.383,0.45,0,0.03
Box-7,18,25.8,59.7,0.675,C57Bl6n,chow,2017-03-17 08:16:00,884,393,82,73,21.7,0.893,0.402,0.45,0,0.09
Box-7,18,25.8,59.7,0.675,C57Bl6n,chow,2017-03-17 08:26:00,246,79,80,74,21.8,0.921,0.398,0.45,0.06,0.07
Box-7,18,25.8,59.7,0.675,C57Bl6n,chow,2017-03-17 08:36:00,206,105,81,75,21.7,0.924,0.4,0.46,0,0
Box-7,18,25.8,59.7,0.675,C57Bl6n,chow,2017-03-17 08:46:00,153,25,79,73,21.7,0.926,0.392,0.45,0,0
Box-7,18,25.8,59.7,0.675,C57Bl6n,chow,2017-03-17 08:56:00,295,49,79,73,21.7,0.925,0.393,0.45,0,0
Box-7,18,25.8,59.7,0.675,C57Bl6n,chow,2017-03-17 09:06:00,129,38,76,71,21.7,0.927,0.378,0.47,0,0.01
Box-7,18,25.8,59.7,0.675,C57Bl6n,chow,2017-03-17 09:16:00,163,31,74,68,21.7,0.919,0.366,0.46,0,0
Box-7,18,25.8,59.7,0.675,C57Bl6n,chow,2017-03-17 09:26:00,813,342,104,92,21.7,0.891,0.511,0.45,0.13,0.03
Box-7,18,25.8,59.7,0.675,C57Bl6n,chow,2017-03-17 09:36:00,1388,575,107,96,21.7,0.898,0.528,0.46,0.03,0.05
Box-7,18,25.8,59.7,0.675,C57Bl6n,chow,2017-03-17 09:46:00,1497,707,100,91,21.8,0.916,0.493,0.46,0,0.07
Box-7,18,25.8,59.7,0.675,C57Bl6n,chow,2017-03-17 09:56:00,430,139,93,85,21.7,0.915,0.459,0.45,0,0
Box-7,18,25.8,59.7,0.675,C57Bl6n,chow,2017-03-17 10:06:00,101,23,76,69,21.7,0.907,0.375,0.45,0,0
Box-7,18,25.8,59.7,0.675,C57Bl6n,chow,2017-03-17 10:16:00,647,533,75,68,21.7,0.899,0.371,0.45,0,0.06
Box-7,18,25.8,59.7,0.675,C57Bl6n,chow,2017-03-17 10:26:00,230,117,70,60,21.7,0.854,0.344,0.43,0,0
Box-7,18,25.8,59.7,0.675,C57Bl6n,chow,2017-03-17 10:36:00,150,4,73,61,21.6,0.842,0.354,0.46,0,0
Box-7,18,25.8,59.7,0.675,C57Bl6n,chow,2017-03-17 10:46:00,195,41,70,59,21.6,0.839,0.343,0.46,0,0.08
Box-7,18,25.8,59.7,0.675,C57Bl6n,chow,2017-03-17 10:56:00,142,62,69,58,21.6,0.838,0.335,0.46,0,0
Box-7,18,25.8,59.7,0.675,C57Bl6n,chow,2017-03-17 11:06:00,156,55,71,58,21.6,0.824,0.343,0.46,0,0
Box-7,18,25.8,59.7,0.675,C57Bl6n,chow,2017-03-17 11:16:00,118,16,75,61,21.6,0.823,0.362,0.46,0,0
Box-7,18,25.8,59.7,0.675,C57Bl6n,chow,2017-03-17 11:26:00,592,167,84,71,21.6,0.843,0.409,0.46,0,0.09
Box-7,18,25.8,59.7,0.675,C57Bl6n,chow,2017-03-17 11:36:00,945,437,90,76,21.6,0.85,0.438,0.46,0.08,0.08
Box-7,18,25.8,59.7,0.675,C57Bl6n,chow,2017-03-17 11:46:00,413,87,92,78,21.7,0.852,0.449,0.45,0,0
Box-7,18,25.8,59.7,0.675,C57Bl6n,chow,2017-03-17 11:56:00,232,77,85,75,21.6,0.882,0.416,0.46,0,0
Box-7,18,25.8,59.7,0.675,C57Bl6n,chow,2017-03-17 12:06:00,238,38,68,59,21.6,0.864,0.334,0.43,0,0
Box-7,18,25.8,59.7,0.675,C57Bl6n,chow,2017-03-17 12:16:00,182,63,69,60,21.6,0.867,0.34,0.45,0,0
Box-7,18,25.8,59.7,0.675,C57Bl6n,chow,2017-03-17 12:26:00,196,103,70,58,21.6,0.825,0.341,0.46,0,0.04
Box-7,18,25.8,59.7,0.675,C57Bl6n,chow,2017-03-17 12:36:00,98,34,67,55,21.6,0.823,0.326,0.46,0,0
Box-7,18,25.8,59.7,0.675,C57Bl6n,chow,2017-03-17 12:46:00,157,53,69,57,21.6,0.824,0.336,0.45,0,0
Box-7,18,25.8,59.7,0.675,C57Bl6n,chow,2017-03-17 12:56:00,228,95,70,58,21.6,0.823,0.341,0.46,0,0.08
Box-7,18,25.8,59.7,0.675,C57Bl6n,chow,2017-03-17 13:06:00,72,21,71,58,21.6,0.814,0.346,0.46,0,0.03
Box-7,18,25.8,59.7,0.675,C57Bl6n,chow,2017-03-17 13:16:00,159,40,70,57,21.6,0.811,0.341,0.45,0,0
Box-7,18,25.8,59.7,0.675,C57Bl6n,chow,2017-03-17 13:26:00,147,43,68,56,21.6,0.827,0.328,0.46,0,0
Box-7,18,25.8,59.7,0.675,C57Bl6n,chow,2017-03-17 13:36:00,456,233,68,57,21.6,0.835,0.331,0.46,0,0.04
Box-7,18,25.8,59.7,0.675,C57Bl6n,chow,2017-03-17 13:46:00,1276,599,102,89,21.7,0.871,0.5,0.46,0.12,0.07
Box-7,18,25.8,59.7,0.675,C57Bl6n,chow,2017-03-17 13:56:00,1001,420,88,77,21.7,0.881,0.432,0.46,0.13,0.03
Box-7,18,25.8,59.7,0.675,C57Bl6n,chow,2017-03-17 14:06:00,340,142,88,80,21.7,0.905,0.436,0.46,0,0
Box-7,18,25.8,59.7,0.675,C57Bl6n,chow,2017-03-17 14:16:00,556,466,85,77,21.7,0.909,0.42,0.46,0,0
Box-7,18,25.8,59.7,0.675,C57Bl6n,chow,2017-03-17 14:26:00,172,73,75,67,21.6,0.892,0.369,0.44,0,0
Box-7,18,25.8,59.7,0.675,C57Bl6n,chow,2017-03-17 14:36:00,242,90,74,66,21.6,0.89,0.364,0.46,0,0
Box-7,18,25.8,59.7,0.675,C57Bl6n,chow,2017-03-17 14:46:00,209,43,70,62,21.6,0.878,0.345,0.45,0,0
Box-7,18,25.8,59.7,0.675,C57Bl6n,chow,2017-03-17 14:56:00,103,12,70,61,21.6,0.875,0.341,0.45,0,0.06
Box-7,18,25.8,59.7,0.675,C57Bl6n,chow,2017-03-17 15:06:00,269,108,70,60,21.6,0.86,0.34,0.45,0,0
Box-7,18,25.8,59.7,0.675,C57Bl6n,chow,2017-03-17 15:16:00,146,51,73,63,21.6,0.86,0.358,0.46,0,0.03
Box-7,18,25.8,59.7,0.675,C57Bl6n,chow,2017-03-17 15:26:00,232,69,69,59,21.6,0.855,0.336,0.45,0,0
Box-9,19,30.6,70.6,0.771,C57Bl6n,chow,2017-03-14 14:36:00,99,59,79,65,21.1,0.83,0.382,0.45,0,0
Box-9,19,30.6,70.6,0.771,C57Bl6n,chow,2017-03-14 14:46:00,40,25,73,59,21.2,0.808,0.354,0.45,0,0
Box-9,19,30.6,70.6,0.771,C57Bl6n,chow,2017-03-14 14:56:00,49,30,78,62,21.2,0.795,0.378,0.47,0,0
Box-9,19,30.6,70.6,0.771,C57Bl6n,chow,2017-03-14 15:06:00,41,38,77,61,21.2,0.794,0.371,0.45,0,0
Box-9,19,30.6,70.6,0.771,C57Bl6n,chow,2017-03-14 15:16:00,35,29,73,58,21.2,0.787,0.352,0.45,0,0
Box-9,19,30.6,70.6,0.771,C57Bl6n,chow,2017-03-14 15:26:00,48,38,74,59,21.2,0.791,0.357,0.45,0,0
Box-9,19,30.6,70.6,0.771,C57Bl6n,chow,2017-03-14 15:36:00,132,100,77,61,21.2,0.797,0.371,0.45,0.1,0
Box-9,19,30.6,70.6,0.771,C57Bl6n,chow,2017-03-14 15:46:00,316,202,83,68,21.3,0.825,0.402,0.45,0.17,0
Box-9,19,30.6,70.6,0.771,C57Bl6n,chow,2017-03-14 15:56:00,229,129,87,74,21.2,0.844,0.425,0.45,0,0
Box-9,19,30.6,70.6,0.771,C57Bl6n,chow,2017-03-14 16:06:00,288,211,90,80,21.3,0.884,0.444,0.45,0,0
Box-9,19,30.6,70.6,0.771,C57Bl6n,chow,2017-03-14 16:16:00,495,316,97,87,21.3,0.896,0.477,0.44,0,0.13
Box-9,19,30.6,70.6,0.771,C57Bl6n,chow,2017-03-14 16:26:00,245,167,97,89,21.3,0.913,0.483,0.45,0,0
Box-9,19,30.6,70.6,0.771,C57Bl6n,chow,2017-03-14 16:36:00,48,35,92,82,21.3,0.896,0.454,0.46,0,0
Box-9,19,30.6,70.6,0.771,C57Bl6n,chow,2017-03-14 16:46:00,49,47,87,80,21.4,0.913,0.431,0.44,0,0
Box-9,19,30.6,70.6,0.771,C57Bl6n,chow,2017-03-14 16:56:00,19,6,85,75,21.3,0.884,0.416,0.45,0,0
Box-9,19,30.6,70.6,0.771,C57Bl6n,chow,2017-03-14 17:06:00,28,21,82,72,21.3,0.884,0.402,0.46,0,0
Box-9,19,30.6,70.6,0.771,C57Bl6n,chow,2017-03-14 17:16:00,29,21,79,70,21.3,0.885,0.388,0.44,0,0
Box-9,19,30.6,70.6,0.771,C57Bl6n,chow,2017-03-14 17:26:00,220,145,91,80,21.3,0.881,0.448,0.45,0,0
Box-9,19,30.6,70.6,0.771,C57Bl6n,chow,2017-03-14 17:36:00,260,125,96,87,21.3,0.909,0.473,0.44,0,0
Box-9,19,30.6,70.6,0.771,C57Bl6n,chow,2017-03-14 17:46:00,249,143,108,97,21.3,0.896,0.533,0.47,0.06,0
Box-9,19,30.6,70.6,0.771,C57Bl6n,chow,2017-03-14 17:56:00,828,483,118,104,21.3,0.885,0.579,0.44,0.01,0.02
Box-9,19,30.6,70.6,0.771,C57Bl6n,chow,2017-03-14 18:06:00,724,456,141,125,21.4,0.886,0.693,0.47,0.03,0
Box-9,19,30.6,70.6,0.771,C57Bl6n,chow,2017-03-14 18:16:00,102,48,90,79,21.3,0.882,0.442,0.45,0,0
Box-9,19,30.6,70.6,0.771,C57Bl6n,chow,2017-03-14 18:26:00,225,108,94,83,21.3,0.888,0.461,0.45,0,0
Box-9,19,30.6,70.6,0.771,C57Bl6n,chow,2017-03-14 18:36:00,821,544,93,82,21.2,0.883,0.458,0.44,0.13,0.13
Box-9,19,30.6,70.6,0.771,C57Bl6n,chow,2017-03-14 18:46:00,1436,967,128,115,21.4,0.898,0.631,0.45,0.14,0.12
Box-9,19,30.6,70.6,0.771,C57Bl6n,chow,2017-03-14 18:56:00,372,153,90,79,21.3,0.882,0.442,0.44,0,0.03
Box-9,19,30.6,70.6,0.771,C57Bl6n,chow,2017-03-14 19:06:00,248,160,102,92,21.3,0.906,0.502,0.44,0,0
Box-9,19,30.6,70.6,0.771,C57Bl6n,chow,2017-03-14 19:16:00,109,50,103,95,21.1,0.923,0.509,0.45,0,0
Box-9,19,30.6,70.6,0.771,C57Bl6n,chow,2017-03-14 19:26:00,155,119,90,82,21.1,0.916,0.445,0.44,0,0
Box-9,19,30.6,70.6,0.771,C57Bl6n,chow,2017-03-14 19:36:00,705,452,115,104,21.2,0.903,0.568,0.45,0.13,0
Box-9,19,30.6,70.6,0.771,C57Bl6n,chow,2017-03-14 19:46:00,1196,816,142,130,21.3,0.917,0.705,0.47,0,0.05
Box-9,19,30.6,70.6,0.771,C57Bl6n,chow,2017-03-14 19:56:00,602,401,131,122,21.2,0.931,0.651,0.45,0.14,0.04
Box-9,19,30.6,70.6,0.771,C57Bl6n,chow,2017-03-14 20:06:00,148,132,105,97,21.1,0.922,0.521,0.45,0,0.03
Box-9,19,30.6,70.6,0.771,C57Bl6n,chow,2017-03-14 20:16:00,102,74,95,88,21.2,0.934,0.471,0.45,0,0
Box-9,19,30.6,70.6,0.771,C57Bl6n,chow,2017-03-14 20:26:00,295,167,97,91,21.1,0.933,0.482,0.45,0,0
Box-9,19,30.6,70.6,0.771,C57Bl6n,chow,2017-03-14 20:36:00,898,576,105,98,21,0.934,0.522,0.46,0.17,0.03
Box-9,19,30.6,70.6,0.771,C57Bl6n,chow,2017-03-14 20:46:00,1755,1197,130,122,21.3,0.935,0.647,0.45,0.06,0.15
Box-9,19,30.6,70.6,0.771,C57Bl6n,chow,2017-03-14 20:56:00,1411,950,127,121,21.3,0.951,0.633,0.43,0.04,0.15
Box-9,19,30.6,70.6,0.771,C57Bl6n,chow,2017-03-14 21:06:00,504,319,103,95,21.3,0.926,0.509,0.45,0.04,0
Box-9,19,30.6,70.6,0.771,C57Bl6n,chow,2017-03-14 21:16:00,99,66,100,92,21.3,0.922,0.494,0.45,0,0
Box-9,19,30.6,70.6,0.771,C57Bl6n,chow,2017-03-14 21:26:00,120,102,94,87,21.2,0.927,0.466,0.47,0,0
Box-9,19,30.6,70.6,0.771,C57Bl6n,chow,2017-03-14 21:36:00,653,405,96,92,21.2,0.954,0.48,0.44,0,0.02
Box-9,19,30.6,70.6,0.771,C57Bl6n,chow,2017-03-14 21:46:00,659,433,150,142,21.3,0.948,0.747,0.46,0.15,0.03
Box-9,19,30.6,70.6,0.771,C57Bl6n,chow,2017-03-14 21:56:00,1895,1277,125,119,21.4,0.95,0.624,0.45,0.01,0.13
Box-9,19,30.6,70.6,0.771,C57Bl6n,chow,2017-03-14 22:06:00,913,596,110,104,21.4,0.942,0.549,0.45,0.18,0.04
Box-9,19,30.6,70.6,0.771,C57Bl6n,chow,2017-03-14 22:16:00,1104,732,131,125,21.5,0.951,0.655,0.45,0.03,0.2
Box-9,19,30.6,70.6,0.771,C57Bl6n,chow,2017-03-14 22:26:00,814,546,131,126,21.5,0.956,0.657,0.43,0.12,0.03
Box-9,19,30.6,70.6,0.771,C57Bl6n,chow,2017-03-14 22:36:00,1499,1007,131,125,21.6,0.959,0.654,0.46,0.03,0.09
Box-9,19,30.6,70.6,0.771,C57Bl6n,chow,2017-03-14 22:46:00,394,227,114,108,21.5,0.955,0.567,0.47,0,0
Box-9,19,30.6,70.6,0.771,C57Bl6n,chow,2017-03-14 22:56:00,205,134,105,98,21.4,0.93,0.523,0.46,0,0.01
Box-9,19,30.6,70.6,0.771,C57Bl6n,chow,2017-03-14 23:06:00,67,51,92,86,21.4,0.933,0.457,0.46,0,0
Box-9,19,30.6,70.6,0.771,C57Bl6n,chow,2017-03-14 23:16:00,237,146,87,82,21.3,0.947,0.433,0.44,0.03,0
Box-9,19,30.6,70.6,0.771,C57Bl6n,chow,2017-03-14 23:26:00,720,466,98,94,21.3,0.953,0.491,0.45,0.07,0.03
Box-9,19,30.6,70.6,0.771,C57Bl6n,chow,2017-03-14 23:36:00,301,192,108,103,21.3,0.955,0.539,0.45,0,0
Box-9,19,30.6,70.6,0.771,C57Bl6n,chow,2017-03-14 23:46:00,67,42,91,87,21.3,0.949,0.455,0.45,0,0
Box-9,19,30.6,70.6,0.771,C57Bl6n,chow,2017-03-14 23:56:00,144,103,86,81,21.3,0.934,0.43,0.44,0,0.03
Box-9,19,30.6,70.6,0.771,C57Bl6n,chow,2017-03-15 00:06:00,273,182,83,77,21.3,0.93,0.411,0.45,0.03,0
Box-9,19,30.6,70.6,0.771,C57Bl6n,chow,2017-03-15 00:16:00,1317,874,119,112,21.4,0.942,0.593,0.46,0.1,0.18
Box-9,19,30.6,70.6,0.771,C57Bl6n,chow,2017-03-15 00:26:00,1021,715,109,104,21.4,0.952,0.546,0.44,0.05,0.06
Box-9,19,30.6,70.6,0.771,C57Bl6n,chow,2017-03-15 00:36:00,1390,885,134,127,21.5,0.951,0.667,0.45,0.13,0.22
Box-9,19,30.6,70.6,0.771,C57Bl6n,chow,2017-03-15 00:46:00,1342,923,126,120,21.6,0.957,0.629,0.45,0.1,0.05
Box-9,19,30.6,70.6,0.771,C57Bl6n,chow,2017-03-15 00:56:00,1293,852,144,137,21.6,0.953,0.719,0.46,0.16,0.12
Box-9,19,30.6,70.6,0.771,C57Bl6n,chow,2017-03-15 01:06:00,1263,837,138,132,21.6,0.954,0.69,0.45,0.06,0.1
Box-9,19,30.6,70.6,0.771,C57Bl6n,chow,2017-03-15 01:16:00,1585,1017,114,109,21.5,0.955,0.569,0.44,0,0.07
Box-9,19,30.6,70.6,0.771,C57Bl6n,chow,2017-03-15 01:26:00,1051,701,129,123,21.5,0.958,0.644,0.46,0.02,0
Box-9,19,30.6,70.6,0.771,C57Bl6n,chow,2017-03-15 01:36:00,536,293,100,93,21.5,0.939,0.496,0.46,0,0
Box-9,19,30.6,70.6,0.771,C57Bl6n,chow,2017-03-15 01:46:00,518,261,111,104,21.4,0.936,0.552,0.46,0,0
Box-9,19,30.6,70.6,0.771,C57Bl6n,chow,2017-03-15 01:56:00,226,129,103,98,21.4,0.943,0.516,0.45,0,0
Box-9,19,30.6,70.6,0.771,C57Bl6n,chow,2017-03-15 02:06:00,93,55,87,81,21.3,0.927,0.433,0.45,0,0
Box-9,19,30.6,70.6,0.771,C57Bl6n,chow,2017-03-15 02:16:00,187,108,86,79,21.3,0.921,0.428,0.45,0,0
Box-9,19,30.6,70.6,0.771,C57Bl6n,chow,2017-03-15 02:26:00,134,72,87,80,21.3,0.918,0.431,0.46,0,0
Box-9,19,30.6,70.6,0.771,C57Bl6n,chow,2017-03-15 02:36:00,103,38,85,79,21.4,0.92,0.423,0.46,0,0
Box-9,19,30.6,70.6,0.771,C57Bl6n,chow,2017-03-15 02:46:00,396,185,87,79,21.4,0.904,0.432,0.47,0,0
Box-9,19,30.6,70.6,0.771,C57Bl6n,chow,2017-03-15 02:56:00,565,359,102,93,21.4,0.919,0.504,0.45,0.1,0
Box-9,19,30.6,70.6,0.771,C57Bl6n,chow,2017-03-15 03:06:00,614,413,82,74,21.4,0.897,0.405,0.47,0.06,0
Box-9,19,30.6,70.6,0.771,C57Bl6n,chow,2017-03-15 03:16:00,1075,683,105,97,21.4,0.929,0.52,0.46,0.1,0.02
Box-9,19,30.6,70.6,0.771,C57Bl6n,chow,2017-03-15 03:26:00,635,396,98,92,21.4,0.936,0.489,0.44,0,0.05
Box-9,19,30.6,70.6,0.771,C57Bl6n,chow,2017-03-15 03:36:00,199,86,96,89,21.4,0.924,0.478,0.46,0,0.03
Box-9,19,30.6,70.6,0.771,C57Bl6n,chow,2017-03-15 03:46:00,82,52,87,80,21.4,0.924,0.432,0.45,0,0
Box-9,19,30.6,70.6,0.771,C57Bl6n,chow,2017-03-15 03:56:00,121,81,88,82,21.3,0.933,0.44,0.44,0,0
Box-9,19,30.6,70.6,0.771,C57Bl6n,chow,2017-03-15 04:06:00,134,107,93,84,21.3,0.907,0.459,0.46,0,0
Box-9,19,30.6,70.6,0.771,C57Bl6n,chow,2017-03-15 04:16:00,490,324,116,107,21.3,0.919,0.576,0.45,0.18,0
Box-9,19,30.6,70.6,0.771,C57Bl6n,chow,2017-03-15 04:26:00,1109,664,114,108,21.4,0.942,0.569,0.45,0,0.1
Box-9,19,30.6,70.6,0.771,C57Bl6n,chow,2017-03-15 04:36:00,168,48,87,80,21.3,0.918,0.429,0.45,0,0
Box-9,19,30.6,70.6,0.771,C57Bl6n,chow,2017-03-15 04:46:00,119,71,90,84,21.2,0.931,0.449,0.46,0,0
Box-9,19,30.6,70.6,0.771,C57Bl6n,chow,2017-03-15 04:56:00,223,130,92,85,21.2,0.926,0.457,0.47,0,0
Box-9,19,30.6,70.6,0.771,C57Bl6n,chow,2017-03-15 05:06:00,1085,685,119,112,21.3,0.94,0.594,0.45,0.05,0.12
Box-9,19,30.6,70.6,0.771,C57Bl6n,chow,2017-03-15 05:16:00,1271,867,132,121,21.3,0.92,0.653,0.47,0.06,0.07
Box-9,19,30.6,70.6,0.771,C57Bl6n,chow,2017-03-15 05:26:00,1362,933,132,123,21.4,0.931,0.657,0.45,0,0.09
Box-9,19,30.6,70.6,0.771,C57Bl6n,chow,2017-03-15 05:36:00,540,283,102,96,21.3,0.941,0.506,0.45,0.02,0
Box-9,19,30.6,70.6,0.771,C57Bl6n,chow,2017-03-15 05:46:00,1530,724,105,99,21.3,0.941,0.525,0.45,0.03,0
Box-9,19,30.6,70.6,0.771,C57Bl6n,chow,2017-03-15 05:56:00,1482,859,110,103,21.4,0.935,0.55,0.44,0,0.01
Box-9,19,30.6,70.6,0.771,C57Bl6n,chow,2017-03-15 06:06:00,834,570,101,93,21.3,0.92,0.502,0.45,0,0
Box-9,19,30.6,70.6,0.771,C57Bl6n,chow,2017-03-15 06:16:00,693,465,143,129,21.3,0.904,0.707,0.45,0.05,0
Box-9,19,30.6,70.6,0.771,C57Bl6n,chow,2017-03-15 06:26:00,784,509,133,120,21.3,0.906,0.656,0.46,0,0
Box-9,19,30.6,70.6,0.771,C57Bl6n,chow,2017-03-15 06:36:00,364,236,98,89,21.4,0.909,0.484,0.44,0,0
Box-9,19,30.6,70.6,0.771,C57Bl6n,chow,2017-03-15 06:46:00,138,62,89,78,21.3,0.88,0.436,0.46,0,0
Box-9,19,30.6,70.6,0.771,C57Bl6n,chow,2017-03-15 06:56:00,249,181,85,72,21.2,0.853,0.415,0.47,0,0
Box-9,19,30.6,70.6,0.771,C57Bl6n,chow,2017-03-15 07:06:00,116,58,82,69,21.1,0.836,0.401,0.45,0,0
Box-9,19,30.6,70.6,0.771,C57Bl6n,chow,2017-03-15 07:16:00,90,43,86,71,21.3,0.821,0.418,0.46,0,0
Box-9,19,30.6,70.6,0.771,C57Bl6n,chow,2017-03-15 07:26:00,77,67,86,69,21.2,0.797,0.416,0.45,0,0
Box-9,19,30.6,70.6,0.771,C57Bl6n,chow,2017-03-15 07:36:00,185,107,79,62,21.1,0.785,0.382,0.44,0,0
Box-9,19,30.6,70.6,0.771,C57Bl6n,chow,2017-03-15 07:46:00,470,290,87,72,21.2,0.824,0.422,0.46,0.01,0
Box-9,19,30.6,70.6,0.771,C57Bl6n,chow,2017-03-15 07:56:00,216,201,82,68,21.3,0.823,0.4,0.44,0,0
Box-9,19,30.6,70.6,0.771,C57Bl6n,chow,2017-03-15 08:06:00,238,238,79,66,21.1,0.836,0.382,0.45,0,0
Box-9,19,30.6,70.6,0.771,C57Bl6n,chow,2017-03-15 08:16:00,85,59,84,69,21.1,0.822,0.407,0.45,0,0
Box-9,19,30.6,70.6,0.771,C57Bl6n,chow,2017-03-15 08:26:00,146,113,81,67,21.1,0.834,0.393,0.46,0,0
Box-9,19,30.6,70.6,0.771,C57Bl6n,chow,2017-03-15 08:36:00,228,181,77,63,21.1,0.814,0.373,0.45,0,0
Box-9,19,30.6,70.6,0.771,C57Bl6n,chow,2017-03-15 08:46:00,561,380,83,68,21.1,0.817,0.401,0.44,0,0.02
Box-9,19,30.6,70.6,0.771,C57Bl6n,chow,2017-03-15 08:56:00,723,453,119,102,21.2,0.854,0.584,0.45,0.22,0
Box-9,19,30.6,70.6,0.771,C57Bl6n,chow,2017-03-15 09:06:00,917,590,92,79,21.3,0.855,0.451,0.46,0.01,0.05
Box-9,19,30.6,70.6,0.771,C57Bl6n,chow,2017-03-15 09:16:00,53,36,89,77,21.1,0.861,0.437,0.44,0,0
Box-9,19,30.6,70.6,0.771,C57Bl6n,chow,2017-03-15 09:26:00,26,22,81,72,21.2,0.887,0.4,0.45,0,0
Box-9,19,30.6,70.6,0.771,C57Bl6n,chow,2017-03-15 09:36:00,73,72,81,73,21.2,0.901,0.402,0.45,0,0
Box-9,19,30.6,70.6,0.771,C57Bl6n,chow,2017-03-15 09:46:00,237,221,78,69,21.3,0.881,0.382,0.45,0,0
Box-9,19,30.6,70.6,0.771,C57Bl6n,chow,2017-03-15 09:56:00,13,13,72,63,21.1,0.872,0.353,0.44,0,0
Box-9,19,30.6,70.6,0.771,C57Bl6n,chow,2017-03-15 10:06:00,20,20,76,64,21.1,0.845,0.372,0.45,0,0
Box-9,19,30.6,70.6,0.771,C57Bl6n,chow,2017-03-15 10:16:00,50,44,79,67,21.3,0.847,0.385,0.44,0,0
Box-9,19,30.6,70.6,0.771,C57Bl6n,chow,2017-03-15 10:26:00,30,30,86,73,21.3,0.851,0.419,0.45,0,0
Box-9,19,30.6,70.6,0.771,C57Bl6n,chow,2017-03-15 10:36:00,64,51,74,62,21.1,0.835,0.361,0.43,0,0
Box-9,19,30.6,70.6,0.771,C57Bl6n,chow,2017-03-15 10:46:00,38,38,85,72,21.2,0.84,0.415,0.46,0,0
Box-9,19,30.6,70.6,0.771,C57Bl6n,chow,2017-03-15 10:56:00,306,155,91,77,21.3,0.842,0.443,0.44,0,0
Box-9,19,30.6,70.6,0.771,C57Bl6n,chow,2017-03-15 11:06:00,525,374,126,109,21.2,0.866,0.619,0.44,0.06,0
Box-9,19,30.6,70.6,0.771,C57Bl6n,chow,2017-03-15 11:16:00,1149,741,120,104,21.3,0.867,0.587,0.44,0.07,0.1
Box-9,19,30.6,70.6,0.771,C57Bl6n,chow,2017-03-15 11:26:00,1410,893,124,110,21.3,0.888,0.612,0.46,0,0.12
Box-9,19,30.6,70.6,0.771,C57Bl6n,chow,2017-03-15 11:36:00,249,163,110,99,21.3,0.897,0.543,0.46,0,0
Box-9,19,30.6,70.6,0.771,C57Bl6n,chow,2017-03-15 11:46:00,41,25,88,77,21.1,0.874,0.43,0.46,0,0
Box-9,19,30.6,70.6,0.771,C57Bl6n,chow,2017-03-15 11:56:00,39,31,85,75,21.3,0.88,0.419,0.44,0,0
Box-9,19,30.6,70.6,0.771,C57Bl6n,chow,2017-03-15 12:06:00,34,28,85,73,21.2,0.86,0.416,0.45,0,0
Box-9,19,30.6,70.6,0.771,C57Bl6n,chow,2017-03-15 12:16:00,132,98,77,65,21.1,0.837,0.376,0.44,0,0
Box-9,19,30.6,70.6,0.771,C57Bl6n,chow,2017-03-15 12:26:00,15,10,79,64,21.1,0.817,0.381,0.46,0,0
Box-9,19,30.6,70.6,0.771,C57Bl6n,chow,2017-03-15 12:36:00,0,0,81,66,21.2,0.819,0.392,0.44,0,0
Box-9,19,30.6,70.6,0.771,C57Bl6n,chow,2017-03-15 12:46:00,79,40,78,63,21.1,0.811,0.376,0.45,0,0
Box-9,19,30.6,70.6,0.771,C57Bl6n,chow,2017-03-15 12:56:00,76,58,76,61,21,0.805,0.367,0.46,0,0
Box-9,19,30.6,70.6,0.771,C57Bl6n,chow,2017-03-15 13:06:00,78,60,73,60,21.1,0.82,0.356,0.44,0,0
Box-9,19,30.6,70.6,0.771,C57Bl6n,chow,2017-03-15 13:16:00,32,8,79,64,21.1,0.817,0.381,0.46,0,0
Box-9,19,30.6,70.6,0.771,C57Bl6n,chow,2017-03-15 13:26:00,361,172,76,63,21.1,0.822,0.371,0.45,0.02,0
Box-9,19,30.6,70.6,0.771,C57Bl6n,chow,2017-03-15 13:36:00,529,403,77,64,21.1,0.835,0.375,0.45,0.11,0
Box-9,19,30.6,70.6,0.771,C57Bl6n,chow,2017-03-15 13:46:00,107,51,83,71,21.1,0.857,0.406,0.45,0,0
Box-9,19,30.6,70.6,0.771,C57Bl6n,chow,2017-03-15 13:56:00,59,19,83,71,21.1,0.852,0.404,0.46,0,0
Box-9,19,30.6,70.6,0.771,C57Bl6n,chow,2017-03-15 14:06:00,121,21,78,67,21,0.857,0.38,0.45,0,0
Box-9,19,30.6,70.6,0.771,C57Bl6n,chow,2017-03-15 14:16:00,93,79,78,66,21,0.85,0.38,0.43,0,0
Box-9,19,30.6,70.6,0.771,C57Bl6n,chow,2017-03-15 14:26:00,130,113,83,71,21.1,0.849,0.406,0.45,0,0
Box-9,19,30.6,70.6,0.771,C57Bl6n,chow,2017-03-15 14:36:00,93,68,75,63,21,0.838,0.365,0.45,0,0
Box-9,19,30.6,70.6,0.771,C57Bl6n,chow,2017-03-15 14:46:00,107,86,78,64,21,0.822,0.38,0.45,0,0
Box-9,19,30.6,70.6,0.771,C57Bl6n,chow,2017-03-15 14:56:00,1389,1389,81,67,21.1,0.835,0.392,0.46,0,0
Box-9,19,30.6,70.6,0.771,C57Bl6n,chow,2017-03-15 15:06:00,212,208,79,64,21.1,0.821,0.381,0.45,0,0
Box-9,19,30.6,70.6,0.771,C57Bl6n,chow,2017-03-15 15:16:00,372,148,78,63,21,0.815,0.376,0.46,0,0
Box-9,19,30.6,70.6,0.771,C57Bl6n,chow,2017-03-15 15:26:00,120,38,88,73,21,0.835,0.427,0.47,0,0
Box-9,19,30.6,70.6,0.771,C57Bl6n,chow,2017-03-15 15:36:00,170,114,79,65,21.1,0.818,0.382,0.45,0,0
Box-9,19,30.6,70.6,0.771,C57Bl6n,chow,2017-03-15 15:46:00,567,325,90,75,21.1,0.837,0.438,0.44,0,0
Box-9,19,30.6,70.6,0.771,C57Bl6n,chow,2017-03-15 15:56:00,336,199,90,74,21,0.828,0.435,0.45,0.13,0
Box-9,19,30.6,70.6,0.771,C57Bl6n,chow,2017-03-15 16:06:00,196,46,90,75,21.1,0.836,0.437,0.46,0,0
Box-9,19,30.6,70.6,0.771,C57Bl6n,chow,2017-03-15 16:16:00,101,69,81,69,21.1,0.85,0.394,0.46,0,0
Box-9,19,30.6,70.6,0.771,C57Bl6n,chow,2017-03-15 16:26:00,42,20,85,73,21.1,0.861,0.416,0.46,0,0.03
Box-9,19,30.6,70.6,0.771,C57Bl6n,chow,2017-03-15 16:36:00,31,23,82,71,21.1,0.865,0.4,0.45,0,0
Box-9,19,30.6,70.6,0.771,C57Bl6n,chow,2017-03-15 16:46:00,218,130,85,75,21.1,0.876,0.418,0.46,0,0
Box-9,19,30.6,70.6,0.771,C57Bl6n,chow,2017-03-15 16:56:00,112,53,80,68,21.1,0.854,0.389,0.46,0,0
Box-9,19,30.6,70.6,0.771,C57Bl6n,chow,2017-03-15 17:06:00,593,409,118,105,21.1,0.887,0.582,0.44,0.19,0.04
Box-9,19,30.6,70.6,0.771,C57Bl6n,chow,2017-03-15 17:16:00,324,212,98,88,21.2,0.893,0.484,0.43,0,0.12
Box-9,19,30.6,70.6,0.771,C57Bl6n,chow,2017-03-15 17:26:00,6,1,85,76,21.1,0.899,0.418,0.45,0,0
Box-9,19,30.6,70.6,0.771,C57Bl6n,chow,2017-03-15 17:36:00,99,78,82,75,21.1,0.915,0.407,0.45,0,0
Box-9,19,30.6,70.6,0.771,C57Bl6n,chow,2017-03-15 17:46:00,34,27,80,74,21.1,0.926,0.395,0.43,0,0
Box-9,19,30.6,70.6,0.771,C57Bl6n,chow,2017-03-15 17:56:00,343,227,89,82,21.2,0.929,0.44,0.47,0,0
Box-9,19,30.6,70.6,0.771,C57Bl6n,chow,2017-03-15 18:06:00,1228,804,119,111,21.2,0.936,0.593,0.46,0.16,0.16
Box-9,19,30.6,70.6,0.771,C57Bl6n,chow,2017-03-15 18:16:00,627,430,102,95,21.3,0.936,0.507,0.45,0,0
Box-9,19,30.6,70.6,0.771,C57Bl6n,chow,2017-03-15 18:26:00,113,59,100,93,21.2,0.929,0.499,0.45,0,0
Box-9,19,30.6,70.6,0.771,C57Bl6n,chow,2017-03-15 18:36:00,589,354,98,93,21.2,0.942,0.491,0.45,0.11,0.04
Box-9,19,30.6,70.6,0.771,C57Bl6n,chow,2017-03-15 18:46:00,1237,816,123,116,21.3,0.941,0.612,0.45,0.12,0.1
Box-9,19,30.6,70.6,0.771,C57Bl6n,chow,2017-03-15 18:56:00,906,557,100,95,21.4,0.949,0.501,0.44,0.06,0.12
Box-9,19,30.6,70.6,0.771,C57Bl6n,chow,2017-03-15 19:06:00,539,274,103,95,21.3,0.92,0.511,0.45,0,0
Box-9,19,30.6,70.6,0.771,C57Bl6n,chow,2017-03-15 19:16:00,102,72,109,102,21.2,0.937,0.543,0.45,0,0
Box-9,19,30.6,70.6,0.771,C57Bl6n,chow,2017-03-15 19:26:00,201,117,95,90,21.2,0.944,0.476,0.45,0.05,0
Box-9,19,30.6,70.6,0.771,C57Bl6n,chow,2017-03-15 19:36:00,939,653,128,122,21.3,0.949,0.641,0.46,0.26,0.09
Box-9,19,30.6,70.6,0.771,C57Bl6n,chow,2017-03-15 19:46:00,659,408,94,87,21.3,0.926,0.465,0.46,0,0.07
Box-9,19,30.6,70.6,0.771,C57Bl6n,chow,2017-03-15 19:56:00,251,180,95,87,21.2,0.921,0.471,0.45,0,0
Box-9,19,30.6,70.6,0.771,C57Bl6n,chow,2017-03-15 20:06:00,108,95,91,87,21.2,0.963,0.453,0.43,0,0
Box-9,19,30.6,70.6,0.771,C57Bl6n,chow,2017-03-15 20:16:00,421,248,133,131,21.2,0.987,0.668,0.46,0.09,0.03
Box-9,19,30.6,70.6,0.771,C57Bl6n,chow,2017-03-15 20:26:00,508,325,115,112,21.3,0.975,0.577,0.43,0.21,0.15
Box-9,19,30.6,70.6,0.771,C57Bl6n,chow,2017-03-15 20:36:00,1182,802,133,132,21.4,0.987,0.671,0.46,0.02,0.07
Box-9,19,30.6,70.6,0.771,C57Bl6n,chow,2017-03-15 20:46:00,541,292,115,111,21.4,0.972,0.575,0.45,0,0
Box-9,19,30.6,70.6,0.771,C57Bl6n,chow,2017-03-15 20:56:00,170,112,102,97,21.3,0.947,0.509,0.46,0,0
Box-9,19,30.6,70.6,0.771,C57Bl6n,chow,2017-03-15 21:06:00,338,273,95,90,21.3,0.951,0.473,0.46,0,0
Box-9,19,30.6,70.6,0.771,C57Bl6n,chow,2017-03-15 21:16:00,333,205,88,85,21.2,0.967,0.439,0.43,0,0
Box-9,19,30.6,70.6,0.771,C57Bl6n,chow,2017-03-15 21:26:00,697,404,100,97,21.2,0.974,0.5,0.46,0,0
Box-9,19,30.6,70.6,0.771,C57Bl6n,chow,2017-03-15 21:36:00,1704,1176,136,133,21.4,0.979,0.684,0.45,0,0.08
Box-9,19,30.6,70.6,0.771,C57Bl6n,chow,2017-03-15 21:46:00,1012,683,137,133,21.4,0.966,0.688,0.46,0.11,0.07
Box-9,19,30.6,70.6,0.771,C57Bl6n,chow,2017-03-15 21:56:00,1283,833,139,133,21.4,0.958,0.696,0.45,0.01,0.02
Box-9,19,30.6,70.6,0.771,C57Bl6n,chow,2017-03-15 22:06:00,811,550,143,137,21.4,0.96,0.715,0.44,0.15,0.09
Box-9,19,30.6,70.6,0.771,C57Bl6n,chow,2017-03-15 22:16:00,774,510,111,106,21.5,0.957,0.555,0.45,0.07,0.09
Box-9,19,30.6,70.6,0.771,C57Bl6n,chow,2017-03-15 22:26:00,623,322,113,108,21.4,0.952,0.567,0.44,0,0.02
Box-9,19,30.6,70.6,0.771,C57Bl6n,chow,2017-03-15 22:36:00,159,114,108,102,21.4,0.949,0.537,0.44,0,0
Box-9,19,30.6,70.6,0.771,C57Bl6n,chow,2017-03-15 22:46:00,191,156,91,85,21.3,0.938,0.452,0.46,0,0
Box-9,19,30.6,70.6,0.771,C57Bl6n,chow,2017-03-15 22:56:00,114,101,91,85,21.3,0.934,0.455,0.45,0,0
Box-9,19,30.6,70.6,0.771,C57Bl6n,chow,2017-03-15 23:06:00,172,96,92,86,21.3,0.932,0.458,0.44,0,0
Box-9,19,30.6,70.6,0.771,C57Bl6n,chow,2017-03-15 23:16:00,143,129,91,85,21.3,0.934,0.453,0.45,0,0
Box-9,19,30.6,70.6,0.771,C57Bl6n,chow,2017-03-15 23:26:00,715,441,123,114,21.3,0.929,0.611,0.46,0.19,0.03
Box-9,19,30.6,70.6,0.771,C57Bl6n,chow,2017-03-15 23:36:00,1274,836,126,121,21.4,0.96,0.631,0.44,0.06,0.13
Box-9,19,30.6,70.6,0.771,C57Bl6n,chow,2017-03-15 23:46:00,1103,667,142,137,21.4,0.964,0.709,0.45,0,0.07
Box-9,19,30.6,70.6,0.771,C57Bl6n,chow,2017-03-15 23:56:00,1204,814,142,137,21.4,0.964,0.713,0.45,0.18,0.12
Box-9,19,30.6,70.6,0.771,C57Bl6n,chow,2017-03-16 00:06:00,664,385,137,133,21.5,0.967,0.688,0.45,0.12,0.07
Box-9,19,30.6,70.6,0.771,C57Bl6n,chow,2017-03-16 00:16:00,573,273,105,99,21.3,0.942,0.523,0.44,0,0
Box-9,19,30.6,70.6,0.771,C57Bl6n,chow,2017-03-16 00:26:00,45,37,95,90,21.3,0.945,0.473,0.45,0,0.03
Box-9,19,30.6,70.6,0.771,C57Bl6n,chow,2017-03-16 00:36:00,58,45,90,86,21.3,0.955,0.448,0.44,0,0
Box-9,19,30.6,70.6,0.771,C57Bl6n,chow,2017-03-16 00:46:00,195,184,91,88,21.3,0.968,0.455,0.46,0,0
Box-9,19,30.6,70.6,0.771,C57Bl6n,chow,2017-03-16 00:56:00,196,178,90,85,21.2,0.946,0.447,0.46,0,0
Box-9,19,30.6,70.6,0.771,C57Bl6n,chow,2017-03-16 01:06:00,392,314,104,100,21.3,0.961,0.522,0.46,0.12,0
Box-9,19,30.6,70.6,0.771,C57Bl6n,chow,2017-03-16 01:16:00,907,609,115,111,21.4,0.965,0.577,0.45,0.04,0.12
Box-9,19,30.6,70.6,0.771,C57Bl6n,chow,2017-03-16 01:26:00,1219,806,121,116,21.4,0.963,0.604,0.45,0,0.12
Box-9,19,30.6,70.6,0.771,C57Bl6n,chow,2017-03-16 01:36:00,1017,624,125,121,21.5,0.965,0.625,0.44,0.16,0.15
Box-9,19,30.6,70.6,0.771,C57Bl6n,chow,2017-03-16 01:46:00,1192,820,138,132,21.5,0.961,0.689,0.46,0,0.07
Box-9,19,30.6,70.6,0.771,C57Bl6n,chow,2017-03-16 01:56:00,1000,623,148,141,21.6,0.957,0.738,0.46,0.09,0.08
Box-9,19,30.6,70.6,0.771,C57Bl6n,chow,2017-03-16 02:06:00,906,612,135,129,21.5,0.959,0.674,0.45,0.07,0
Box-9,19,30.6,70.6,0.771,C57Bl6n,chow,2017-03-16 02:16:00,789,512,140,134,21.6,0.955,0.7,0.46,0.09,0.06
Box-9,19,30.6,70.6,0.771,C57Bl6n,chow,2017-03-16 02:26:00,842,475,108,103,21.5,0.957,0.54,0.45,0,0.08
Box-9,19,30.6,70.6,0.771,C57Bl6n,chow,2017-03-16 02:36:00,1522,1011,128,122,21.4,0.952,0.64,0.46,0,0.04
Box-9,19,30.6,70.6,0.771,C57Bl6n,chow,2017-03-16 02:46:00,1132,705,124,119,21.5,0.955,0.62,0.46,0.06,0
Box-9,19,30.6,70.6,0.771,C57Bl6n,chow,2017-03-16 02:56:00,438,235,101,92,21.4,0.918,0.499,0.45,0,0
Box-9,19,30.6,70.6,0.771,C57Bl6n,chow,2017-03-16 03:06:00,13,12,96,89,21.3,0.932,0.475,0.46,0,0.03
Box-9,19,30.6,70.6,0.771,C57Bl6n,chow,2017-03-16 03:16:00,48,44,88,83,21.2,0.938,0.438,0.44,0,0
Box-9,19,30.6,70.6,0.771,C57Bl6n,chow,2017-03-16 03:26:00,147,90,89,84,21.2,0.939,0.445,0.46,0,0
Box-9,19,30.6,70.6,0.771,C57Bl6n,chow,2017-03-16 03:36:00,123,84,82,76,21.2,0.927,0.41,0.45,0,0
Box-9,19,30.6,70.6,0.771,C57Bl6n,chow,2017-03-16 03:46:00,576,348,87,80,21.2,0.921,0.43,0.44,0,0
Box-9,19,30.6,70.6,0.771,C57Bl6n,chow,2017-03-16 03:56:00,212,101,80,73,21.1,0.911,0.396,0.45,0,0
Box-9,19,30.6,70.6,0.771,C57Bl6n,chow,2017-03-16 04:06:00,608,353,90,81,21.1,0.899,0.446,0.46,0,0
Box-9,19,30.6,70.6,0.771,C57Bl6n,chow,2017-03-16 04:16:00,303,159,85,78,21.2,0.911,0.422,0.45,0.11,0
Box-9,19,30.6,70.6,0.771,C57Bl6n,chow,2017-03-16 04:26:00,80,13,84,76,21.2,0.904,0.417,0.45,0,0
Box-9,19,30.6,70.6,0.771,C57Bl6n,chow,2017-03-16 04:36:00,184,138,84,76,21.2,0.903,0.414,0.45,0,0
Box-9,19,30.6,70.6,0.771,C57Bl6n,chow,2017-03-16 04:46:00,233,123,91,82,21.2,0.907,0.449,0.44,0,0
Box-9,19,30.6,70.6,0.771,C57Bl6n,chow,2017-03-16 04:56:00,614,383,125,114,21.2,0.913,0.617,0.44,0.06,0.03
Box-9,19,30.6,70.6,0.771,C57Bl6n,chow,2017-03-16 05:06:00,1400,991,132,122,21.3,0.926,0.657,0.44,0.15,0.17
Box-9,19,30.6,70.6,0.771,C57Bl6n,chow,2017-03-16 05:16:00,1085,719,125,117,21.4,0.936,0.621,0.44,0,0.13
Box-9,19,30.6,70.6,0.771,C57Bl6n,chow,2017-03-16 05:26:00,801,508,106,99,21.3,0.933,0.527,0.45,0,0.08
Box-9,19,30.6,70.6,0.771,C57Bl6n,chow,2017-03-16 05:36:00,671,432,137,129,21.3,0.94,0.685,0.47,0.16,0
Box-9,19,30.6,70.6,0.771,C57Bl6n,chow,2017-03-16 05:46:00,2784,1879,121,113,21.3,0.938,0.601,0.44,0,0
Box-9,19,30.6,70.6,0.771,C57Bl6n,chow,2017-03-16 05:56:00,3312,2230,120,112,21.3,0.938,0.596,0.45,0,0
Box-9,19,30.6,70.6,0.771,C57Bl6n,chow,2017-03-16 06:06:00,1542,909,125,118,21.2,0.945,0.621,0.44,0.02,0.05
Box-9,19,30.6,70.6,0.771,C57Bl6n,chow,2017-03-16 06:16:00,737,344,141,129,21.3,0.914,0.697,0.45,0.03,0.07
Box-9,19,30.6,70.6,0.771,C57Bl6n,chow,2017-03-16 06:26:00,1165,717,107,100,21.4,0.936,0.532,0.45,0,0.05
Box-9,19,30.6,70.6,0.771,C57Bl6n,chow,2017-03-16 06:36:00,726,457,130,119,21.4,0.917,0.643,0.46,0.14,0.06
Box-9,19,30.6,70.6,0.771,C57Bl6n,chow,2017-03-16 06:46:00,2089,1251,112,104,21.3,0.926,0.555,0.45,0,0.04
Box-9,19,30.6,70.6,0.771,C57Bl6n,chow,2017-03-16 06:56:00,1591,935,107,100,21.3,0.932,0.534,0.44,0,0.01
Box-9,19,30.6,70.6,0.771,C57Bl6n,chow,2017-03-16 07:06:00,1128,692,126,116,21.3,0.925,0.624,0.44,0,0
Box-9,19,30.6,70.6,0.771,C57Bl6n,chow,2017-03-16 07:16:00,43,27,108,99,21.3,0.911,0.536,0.46,0,0
Box-9,19,30.6,70.6,0.771,C57Bl6n,chow,2017-03-16 07:26:00,24,7,89,80,21.3,0.895,0.44,0.46,0,0
Box-9,19,30.6,70.6,0.771,C57Bl6n,chow,2017-03-16 07:36:00,27,9,89,79,21.3,0.88,0.44,0.45,0,0
Box-9,19,30.6,70.6,0.771,C57Bl6n,chow,2017-03-16 07:46:00,54,36,85,74,21.2,0.868,0.416,0.46,0,0
Box-9,19,30.6,70.6,0.771,C57Bl6n,chow,2017-03-16 07:56:00,54,41,84,72,21.3,0.859,0.409,0.45,0,0
Box-9,19,30.6,70.6,0.771,C57Bl6n,chow,2017-03-16 08:06:00,191,182,78,66,21.2,0.85,0.38,0.46,0,0
Box-9,19,30.6,70.6,0.771,C57Bl6n,chow,2017-03-16 08:16:00,162,116,81,68,21.2,0.838,0.393,0.46,0,0
Box-9,19,30.6,70.6,0.771,C57Bl6n,chow,2017-03-16 08:26:00,187,116,81,68,21.2,0.832,0.396,0.44,0,0
Box-9,19,30.6,70.6,0.771,C57Bl6n,chow,2017-03-16 08:36:00,306,187,110,93,21.3,0.842,0.537,0.46,0.11,0
Box-9,19,30.6,70.6,0.771,C57Bl6n,chow,2017-03-16 08:46:00,11,9,83,70,21.2,0.845,0.405,0.45,0,0
Box-9,19,30.6,70.6,0.771,C57Bl6n,chow,2017-03-16 08:56:00,17,10,78,69,21.2,0.881,0.384,0.44,0,0
Box-9,19,30.6,70.6,0.771,C57Bl6n,chow,2017-03-16 09:06:00,55,47,78,71,21.2,0.899,0.387,0.45,0,0.04
Box-9,19,30.6,70.6,0.771,C57Bl6n,chow,2017-03-16 09:16:00,83,69,78,69,21.1,0.886,0.383,0.45,0,0
Box-9,19,30.6,70.6,0.771,C57Bl6n,chow,2017-03-16 09:26:00,191,185,85,73,21.1,0.862,0.414,0.45,0,0
Box-9,19,30.6,70.6,0.771,C57Bl6n,chow,2017-03-16 09:36:00,196,122,90,79,21.2,0.88,0.443,0.44,0,0
Box-9,19,30.6,70.6,0.771,C57Bl6n,chow,2017-03-16 09:46:00,483,291,104,91,21.2,0.875,0.511,0.44,0.03,0
Box-9,19,30.6,70.6,0.771,C57Bl6n,chow,2017-03-16 09:56:00,1184,735,119,104,21.1,0.874,0.583,0.46,0.01,0
Box-9,19,30.6,70.6,0.771,C57Bl6n,chow,2017-03-16 10:06:00,97,73,93,81,21.2,0.872,0.459,0.45,0,0
Box-9,19,30.6,70.6,0.771,C57Bl6n,chow,2017-03-16 10:16:00,47,42,82,70,21.2,0.855,0.403,0.45,0,0
Box-9,19,30.6,70.6,0.771,C57Bl6n,chow,2017-03-16 10:26:00,61,44,89,74,21.3,0.832,0.434,0.44,0,0
Box-9,19,30.6,70.6,0.771,C57Bl6n,chow,2017-03-16 10:36:00,79,60,86,71,21.1,0.826,0.419,0.45,0,0
Box-9,19,30.6,70.6,0.771,C57Bl6n,chow,2017-03-16 10:46:00,63,52,82,67,21.1,0.815,0.395,0.45,0,0
Box-9,19,30.6,70.6,0.771,C57Bl6n,chow,2017-03-16 10:56:00,492,429,80,65,21.3,0.811,0.389,0.43,0,0
Box-9,19,30.6,70.6,0.771,C57Bl6n,chow,2017-03-16 11:06:00,72,58,82,67,21.2,0.821,0.398,0.46,0,0
Box-9,19,30.6,70.6,0.771,C57Bl6n,chow,2017-03-16 11:16:00,66,44,78,64,21.1,0.812,0.38,0.46,0,0
Box-9,19,30.6,70.6,0.771,C57Bl6n,chow,2017-03-16 11:26:00,282,175,84,69,21.2,0.819,0.406,0.43,0,0
Box-9,19,30.6,70.6,0.771,C57Bl6n,chow,2017-03-16 11:36:00,318,211,120,102,21.2,0.846,0.586,0.46,0.14,0
Box-9,19,30.6,70.6,0.771,C57Bl6n,chow,2017-03-16 11:46:00,937,576,86,73,21.1,0.849,0.417,0.45,0,0
Box-9,19,30.6,70.6,0.771,C57Bl6n,chow,2017-03-16 11:56:00,161,74,101,87,21.3,0.867,0.493,0.45,0,0
Box-9,19,30.6,70.6,0.771,C57Bl6n,chow,2017-03-16 12:06:00,6,6,91,81,21.1,0.886,0.449,0.47,0,0
Box-9,19,30.6,70.6,0.771,C57Bl6n,chow,2017-03-16 12:16:00,73,62,81,69,21.1,0.86,0.395,0.45,0,0
Box-9,19,30.6,70.6,0.771,C57Bl6n,chow,2017-03-16 12:26:00,19,14,82,69,20.9,0.85,0.398,0.46,0,0
Box-9,19,30.6,70.6,0.771,C57Bl6n,chow,2017-03-16 12:36:00,109,81,90,76,21.1,0.847,0.439,0.46,0,0
Box-9,19,30.6,70.6,0.771,C57Bl6n,chow,2017-03-16 12:46:00,104,62,77,64,21,0.828,0.374,0.45,0,0
Box-9,19,30.6,70.6,0.771,C57Bl6n,chow,2017-03-16 12:56:00,89,89,77,62,21,0.808,0.372,0.45,0,0
Box-9,19,30.6,70.6,0.771,C57Bl6n,chow,2017-03-16 13:06:00,49,34,75,61,21,0.814,0.364,0.44,0,0
Box-9,19,30.6,70.6,0.771,C57Bl6n,chow,2017-03-16 13:16:00,61,41,76,61,21,0.804,0.365,0.46,0,0
Box-9,19,30.6,70.6,0.771,C57Bl6n,chow,2017-03-16 13:26:00,196,108,82,67,20.9,0.822,0.398,0.45,0,0
Box-9,19,30.6,70.6,0.771,C57Bl6n,chow,2017-03-16 13:36:00,440,359,80,68,21.1,0.848,0.391,0.46,0.1,0
Box-9,19,30.6,70.6,0.771,C57Bl6n,chow,2017-03-16 13:46:00,70,60,88,77,21.2,0.874,0.433,0.46,0,0
Box-9,19,30.6,70.6,0.771,C57Bl6n,chow,2017-03-16 13:56:00,74,51,83,72,21,0.867,0.407,0.45,0,0
Box-9,19,30.6,70.6,0.771,C57Bl6n,chow,2017-03-16 14:06:00,97,80,80,70,21.1,0.875,0.393,0.43,0,0
Box-9,19,30.6,70.6,0.771,C57Bl6n,chow,2017-03-16 14:16:00,118,90,84,74,21.2,0.879,0.411,0.46,0,0
Box-9,19,30.6,70.6,0.771,C57Bl6n,chow,2017-03-16 14:26:00,90,66,88,77,21.2,0.874,0.433,0.46,0,0
Box-9,19,30.6,70.6,0.771,C57Bl6n,chow,2017-03-16 14:36:00,50,48,78,67,21,0.858,0.382,0.45,0,0
Box-9,19,30.6,70.6,0.771,C57Bl6n,chow,2017-03-16 14:46:00,120,97,80,68,21.1,0.849,0.389,0.45,0,0
Box-9,19,30.6,70.6,0.771,C57Bl6n,chow,2017-03-16 14:56:00,322,147,98,85,21.2,0.871,0.479,0.46,0,0
Box-9,19,30.6,70.6,0.771,C57Bl6n,chow,2017-03-16 15:06:00,12,1,87,74,21.1,0.845,0.425,0.46,0,0
Box-9,19,30.6,70.6,0.771,C57Bl6n,chow,2017-03-16 15:16:00,364,123,77,63,21.1,0.821,0.374,0.45,0,0
Box-9,19,30.6,70.6,0.771,C57Bl6n,chow,2017-03-16 15:26:00,367,244,91,77,21.1,0.845,0.445,0.43,0.07,0
Box-9,19,30.6,70.6,0.771,C57Bl6n,chow,2017-03-16 15:36:00,663,427,88,75,21.2,0.843,0.431,0.45,0.1,0.03
Box-9,19,30.6,70.6,0.771,C57Bl6n,chow,2017-03-16 15:46:00,219,134,97,84,21.2,0.867,0.473,0.46,0,0
Box-9,19,30.6,70.6,0.771,C57Bl6n,chow,2017-03-16 15:56:00,31,20,86,74,21.1,0.864,0.421,0.45,0,0
Box-9,19,30.6,70.6,0.771,C57Bl6n,chow,2017-03-16 16:06:00,36,26,86,74,21.1,0.867,0.42,0.45,0,0
Box-9,19,30.6,70.6,0.771,C57Bl6n,chow,2017-03-16 16:16:00,182,131,88,77,21.1,0.875,0.43,0.44,0,0
Box-9,19,30.6,70.6,0.771,C57Bl6n,chow,2017-03-16 16:26:00,227,160,88,77,21.1,0.877,0.433,0.45,0,0
Box-9,19,30.6,70.6,0.771,C57Bl6n,chow,2017-03-16 16:36:00,89,80,89,77,21.2,0.867,0.438,0.45,0,0
Box-9,19,30.6,70.6,0.771,C57Bl6n,chow,2017-03-16 16:46:00,63,63,83,71,21.1,0.848,0.407,0.45,0,0
Box-9,19,30.6,70.6,0.771,C57Bl6n,chow,2017-03-16 16:56:00,500,345,93,80,21,0.862,0.453,0.46,0.01,0
Box-9,19,30.6,70.6,0.771,C57Bl6n,chow,2017-03-16 17:06:00,475,272,88,75,20.9,0.85,0.428,0.46,0.17,0.09
Box-9,19,30.6,70.6,0.771,C57Bl6n,chow,2017-03-16 17:16:00,114,82,89,77,21,0.862,0.437,0.44,0,0
Box-9,19,30.6,70.6,0.771,C57Bl6n,chow,2017-03-16 17:26:00,77,43,82,72,20.9,0.883,0.402,0.46,0,0
Box-9,19,30.6,70.6,0.771,C57Bl6n,chow,2017-03-16 17:36:00,109,77,94,84,20.9,0.897,0.464,0.45,0,0
Box-9,19,30.6,70.6,0.771,C57Bl6n,chow,2017-03-16 17:46:00,503,308,95,88,21,0.92,0.472,0.44,0.04,0
Box-9,19,30.6,70.6,0.771,C57Bl6n,chow,2017-03-16 17:56:00,333,198,101,93,20.9,0.924,0.502,0.46,0,0.05
Box-9,19,30.6,70.6,0.771,C57Bl6n,chow,2017-03-16 18:06:00,1415,954,126,118,21,0.933,0.627,0.46,0.12,0.03
Box-9,19,30.6,70.6,0.771,C57Bl6n,chow,2017-03-16 18:16:00,869,515,120,110,21.2,0.914,0.595,0.45,0.12,0.17
Box-9,19,30.6,70.6,0.771,C57Bl6n,chow,2017-03-16 18:26:00,97,50,100,91,21.1,0.903,0.495,0.45,0,0
Box-9,19,30.6,70.6,0.771,C57Bl6n,chow,2017-03-16 18:36:00,211,183,100,93,21,0.935,0.496,0.44,0,0
Box-9,19,30.6,70.6,0.771,C57Bl6n,chow,2017-03-16 18:46:00,368,228,97,92,21,0.945,0.486,0.46,0,0
Box-9,19,30.6,70.6,0.771,C57Bl6n,chow,2017-03-16 18:56:00,1212,753,154,144,21.1,0.937,0.767,0.46,0.06,0.03
Box-9,19,30.6,70.6,0.771,C57Bl6n,chow,2017-03-16 19:06:00,935,540,162,150,21.3,0.927,0.804,0.46,0.06,0.06
Box-9,19,30.6,70.6,0.771,C57Bl6n,chow,2017-03-16 19:16:00,612,333,140,131,21.1,0.936,0.695,0.45,0.04,0.05
Box-9,19,30.6,70.6,0.771,C57Bl6n,chow,2017-03-16 19:26:00,961,625,118,111,21.2,0.936,0.588,0.44,0.12,0.01
Box-9,19,30.6,70.6,0.771,C57Bl6n,chow,2017-03-16 19:36:00,739,463,181,168,21.3,0.928,0.901,0.44,0.06,0.07
Box-9,19,30.6,70.6,0.771,C57Bl6n,chow,2017-03-16 19:46:00,513,312,132,125,21.3,0.942,0.659,0.46,0.03,0.15
Box-9,19,30.6,70.6,0.771,C57Bl6n,chow,2017-03-16 19:56:00,311,161,122,112,21.1,0.92,0.606,0.46,0,0
Box-9,19,30.6,70.6,0.771,C57Bl6n,chow,2017-03-16 20:06:00,569,334,96,87,21,0.907,0.475,0.45,0,0
Box-9,19,30.6,70.6,0.771,C57Bl6n,chow,2017-03-16 20:16:00,618,379,151,142,21.1,0.938,0.754,0.46,0.17,0.03
Box-9,19,30.6,70.6,0.771,C57Bl6n,chow,2017-03-16 20:26:00,487,268,161,150,21.2,0.931,0.801,0.43,0.02,0.06
Box-9,19,30.6,70.6,0.771,C57Bl6n,chow,2017-03-16 20:36:00,670,398,177,163,21.1,0.918,0.879,0.45,0.13,0.14
Box-9,19,30.6,70.6,0.771,C57Bl6n,chow,2017-03-16 20:46:00,1143,762,132,123,21.2,0.933,0.658,0.45,0.02,0.01
Box-9,19,30.6,70.6,0.771,C57Bl6n,chow,2017-03-16 20:56:00,939,541,162,152,21.3,0.94,0.807,0.45,0.09,0.07
Box-9,19,30.6,70.6,0.771,C57Bl6n,chow,2017-03-16 21:06:00,911,505,131,125,21.3,0.952,0.654,0.45,0.04,0.07
Box-9,19,30.6,70.6,0.771,C57Bl6n,chow,2017-03-16 21:16:00,714,516,114,108,21.2,0.946,0.57,0.44,0,0
Box-9,19,30.6,70.6,0.771,C57Bl6n,chow,2017-03-16 21:26:00,352,165,112,105,21.1,0.937,0.558,0.46,0,0
Box-9,19,30.6,70.6,0.771,C57Bl6n,chow,2017-03-16 21:36:00,93,65,100,93,21.1,0.935,0.496,0.45,0,0
Box-9,19,30.6,70.6,0.771,C57Bl6n,chow,2017-03-16 21:46:00,110,97,99,90,21,0.91,0.492,0.46,0,0
Box-9,19,30.6,70.6,0.771,C57Bl6n,chow,2017-03-16 21:56:00,725,476,101,90,21.1,0.891,0.5,0.46,0.21,0.02
Box-9,19,30.6,70.6,0.771,C57Bl6n,chow,2017-03-16 22:06:00,1012,667,132,122,21.2,0.925,0.655,0.45,0.1,0.1
Box-9,19,30.6,70.6,0.771,C57Bl6n,chow,2017-03-16 22:16:00,133,85,95,87,21.1,0.922,0.469,0.46,0,0
Box-9,19,30.6,70.6,0.771,C57Bl6n,chow,2017-03-16 22:26:00,123,83,83,78,21.1,0.937,0.412,0.45,0,0.03
Box-9,19,30.6,70.6,0.771,C57Bl6n,chow,2017-03-16 22:36:00,74,63,91,85,21.2,0.931,0.454,0.44,0,0
Box-9,19,30.6,70.6,0.771,C57Bl6n,chow,2017-03-16 22:46:00,314,163,96,91,21.1,0.952,0.48,0.45,0,0
Box-9,19,30.6,70.6,0.771,C57Bl6n,chow,2017-03-16 22:56:00,805,490,110,105,21.1,0.949,0.55,0.44,0.06,0
Box-9,19,30.6,70.6,0.771,C57Bl6n,chow,2017-03-16 23:06:00,865,547,116,110,21.2,0.952,0.579,0.45,0.12,0.1
Box-9,19,30.6,70.6,0.771,C57Bl6n,chow,2017-03-16 23:16:00,1120,686,152,145,21.3,0.952,0.759,0.46,0.06,0.12
Box-9,19,30.6,70.6,0.771,C57Bl6n,chow,2017-03-16 23:26:00,873,535,152,145,21.4,0.951,0.76,0.45,0.11,0.13
Box-9,19,30.6,70.6,0.771,C57Bl6n,chow,2017-03-16 23:36:00,596,389,126,121,21.3,0.958,0.632,0.43,0,0.08
Box-9,19,30.6,70.6,0.771,C57Bl6n,chow,2017-03-16 23:46:00,182,116,103,96,21.2,0.931,0.511,0.46,0.02,0
Box-9,19,30.6,70.6,0.771,C57Bl6n,chow,2017-03-16 23:56:00,87,51,97,88,21.3,0.911,0.48,0.46,0,0
Box-9,19,30.6,70.6,0.771,C57Bl6n,chow,2017-03-17 00:06:00,82,48,89,84,21.2,0.94,0.446,0.45,0,0
Box-9,19,30.6,70.6,0.771,C57Bl6n,chow,2017-03-17 00:16:00,145,80,89,82,21.1,0.921,0.442,0.46,0,0
Box-9,19,30.6,70.6,0.771,C57Bl6n,chow,2017-03-17 00:26:00,631,430,139,131,21.1,0.944,0.691,0.45,0.25,0
Box-9,19,30.6,70.6,0.771,C57Bl6n,chow,2017-03-17 00:36:00,1167,779,129,122,21.3,0.946,0.644,0.44,0.02,0.1
Box-9,19,30.6,70.6,0.771,C57Bl6n,chow,2017-03-17 00:46:00,599,350,145,138,21.3,0.951,0.725,0.46,0.04,0.04
Box-9,19,30.6,70.6,0.771,C57Bl6n,chow,2017-03-17 00:56:00,508,307,136,129,21.3,0.948,0.677,0.45,0.06,0.18
Box-9,19,30.6,70.6,0.771,C57Bl6n,chow,2017-03-17 01:06:00,621,333,138,131,21.3,0.951,0.69,0.45,0,0.07
Box-9,19,30.6,70.6,0.771,C57Bl6n,chow,2017-03-17 01:16:00,481,257,135,128,21.3,0.947,0.672,0.45,0,0.1
Box-9,19,30.6,70.6,0.771,C57Bl6n,chow,2017-03-17 01:26:00,634,382,156,147,21.3,0.941,0.779,0.44,0.09,0.11
Box-9,19,30.6,70.6,0.771,C57Bl6n,chow,2017-03-17 01:36:00,488,302,159,148,21.3,0.929,0.792,0.45,0.49,0.01
Box-9,19,30.6,70.6,0.771,C57Bl6n,chow,2017-03-17 01:46:00,750,491,161,150,21.3,0.932,0.802,0.45,0,0.07
Box-9,19,30.6,70.6,0.771,C57Bl6n,chow,2017-03-17 01:56:00,849,570,154,143,21.4,0.931,0.765,0.45,0,0.04
Box-9,19,30.6,70.6,0.771,C57Bl6n,chow,2017-03-17 02:06:00,1313,836,125,117,21.3,0.937,0.623,0.44,0,0.07
Box-9,19,30.6,70.6,0.771,C57Bl6n,chow,2017-03-17 02:16:00,1010,622,137,128,21.3,0.941,0.68,0.45,0,0.01
Box-9,19,30.6,70.6,0.771,C57Bl6n,chow,2017-03-17 02:26:00,2473,1567,154,142,21.3,0.926,0.763,0.48,0,0
Box-9,19,30.6,70.6,0.771,C57Bl6n,chow,2017-03-17 02:36:00,1728,820,136,127,21.3,0.93,0.677,0.45,0,0.09
Box-9,19,30.6,70.6,0.771,C57Bl6n,chow,2017-03-17 02:46:00,1549,728,110,103,21.2,0.935,0.548,0.45,0,0
Box-9,19,30.6,70.6,0.771,C57Bl6n,chow,2017-03-17 02:56:00,1173,502,118,111,21.2,0.941,0.586,0.45,0,0.07
Box-9,19,30.6,70.6,0.771,C57Bl6n,chow,2017-03-17 03:06:00,1360,769,121,114,21.4,0.942,0.602,0.44,0.06,0.09
Box-9,19,30.6,70.6,0.771,C57Bl6n,chow,2017-03-17 03:16:00,1734,897,108,101,21.2,0.933,0.536,0.46,0,0.01
Box-9,19,30.6,70.6,0.771,C57Bl6n,chow,2017-03-17 03:26:00,1351,745,110,105,21.2,0.947,0.551,0.45,0,0
Box-9,19,30.6,70.6,0.771,C57Bl6n,chow,2017-03-17 03:36:00,1102,645,116,110,21.2,0.945,0.579,0.45,0,0
Box-9,19,30.6,70.6,0.771,C57Bl6n,chow,2017-03-17 03:46:00,593,237,105,99,21.3,0.94,0.523,0.43,0,0
Box-9,19,30.6,70.6,0.771,C57Bl6n,chow,2017-03-17 03:56:00,72,40,102,95,21.1,0.927,0.507,0.46,0,0
Box-9,19,30.6,70.6,0.771,C57Bl6n,chow,2017-03-17 04:06:00,225,165,94,84,21.2,0.901,0.462,0.43,0,0
Box-9,19,30.6,70.6,0.771,C57Bl6n,chow,2017-03-17 04:16:00,27,22,93,84,21.2,0.899,0.459,0.47,0,0
Box-9,19,30.6,70.6,0.771,C57Bl6n,chow,2017-03-17 04:26:00,344,223,94,83,21.1,0.891,0.462,0.45,0,0
Box-9,19,30.6,70.6,0.771,C57Bl6n,chow,2017-03-17 04:36:00,426,285,98,87,21.2,0.892,0.482,0.47,0,0
Box-9,19,30.6,70.6,0.771,C57Bl6n,chow,2017-03-17 04:46:00,112,85,87,77,21.2,0.879,0.428,0.44,0,0
Box-9,19,30.6,70.6,0.771,C57Bl6n,chow,2017-03-17 04:56:00,753,414,113,98,21.1,0.868,0.553,0.45,0.16,0
Box-9,19,30.6,70.6,0.771,C57Bl6n,chow,2017-03-17 05:06:00,1034,603,131,118,21.2,0.904,0.647,0.44,0.07,0.11
Box-9,19,30.6,70.6,0.771,C57Bl6n,chow,2017-03-17 05:16:00,821,509,103,94,21.3,0.907,0.511,0.45,0,0
Box-9,19,30.6,70.6,0.771,C57Bl6n,chow,2017-03-17 05:26:00,298,136,94,85,21.1,0.906,0.465,0.44,0,0
Box-9,19,30.6,70.6,0.771,C57Bl6n,chow,2017-03-17 05:36:00,105,72,82,75,21,0.905,0.407,0.44,0,0
Box-9,19,30.6,70.6,0.771,C57Bl6n,chow,2017-03-17 05:46:00,291,144,87,77,21,0.877,0.43,0.45,0,0.04
Box-9,19,30.6,70.6,0.771,C57Bl6n,chow,2017-03-17 05:56:00,170,94,89,78,21.1,0.882,0.436,0.45,0,0
Box-9,19,30.6,70.6,0.771,C57Bl6n,chow,2017-03-17 06:06:00,58,46,83,70,21,0.844,0.405,0.43,0,0
Box-9,19,30.6,70.6,0.771,C57Bl6n,chow,2017-03-17 06:16:00,860,430,122,104,21.1,0.852,0.594,0.45,0,0
Box-9,19,30.6,70.6,0.771,C57Bl6n,chow,2017-03-17 06:26:00,1470,824,121,107,21.3,0.882,0.597,0.45,0,0
Box-9,19,30.6,70.6,0.771,C57Bl6n,chow,2017-03-17 06:36:00,911,547,145,124,21.2,0.857,0.71,0.46,0,0
Box-9,19,30.6,70.6,0.771,C57Bl6n,chow,2017-03-17 06:46:00,853,490,141,126,21.3,0.892,0.697,0.44,0.03,0.03
Box-9,19,30.6,70.6,0.771,C57Bl6n,chow,2017-03-17 06:56:00,1242,636,97,85,21.3,0.868,0.478,0.45,0,0
Box-9,19,30.6,70.6,0.771,C57Bl6n,chow,2017-03-17 07:06:00,614,298,111,99,21.2,0.893,0.545,0.45,0,0.03
Box-9,19,30.6,70.6,0.771,C57Bl6n,chow,2017-03-17 07:16:00,359,211,106,94,21.2,0.89,0.521,0.44,0,0
Box-9,19,30.6,70.6,0.771,C57Bl6n,chow,2017-03-17 07:26:00,121,101,91,79,21.2,0.865,0.448,0.45,0,0
Box-9,19,30.6,70.6,0.771,C57Bl6n,chow,2017-03-17 07:36:00,124,82,86,72,21.2,0.828,0.42,0.45,0,0
Box-9,19,30.6,70.6,0.771,C57Bl6n,chow,2017-03-17 07:46:00,51,19,87,71,21.2,0.817,0.42,0.47,0,0
Box-9,19,30.6,70.6,0.771,C57Bl6n,chow,2017-03-17 07:56:00,46,25,81,65,21.1,0.811,0.39,0.45,0,0
Box-9,19,30.6,70.6,0.771,C57Bl6n,chow,2017-03-17 08:06:00,121,78,86,68,21.1,0.789,0.416,0.47,0,0
Box-9,19,30.6,70.6,0.771,C57Bl6n,chow,2017-03-17 08:16:00,64,59,79,63,21.2,0.798,0.38,0.45,0,0
Box-9,19,30.6,70.6,0.771,C57Bl6n,chow,2017-03-17 08:26:00,438,264,93,77,21.2,0.822,0.453,0.46,0,0
Box-9,19,30.6,70.6,0.771,C57Bl6n,chow,2017-03-17 08:36:00,444,235,95,79,21.1,0.831,0.461,0.45,0.04,0
Box-9,19,30.6,70.6,0.771,C57Bl6n,chow,2017-03-17 08:46:00,1500,888,108,90,21.3,0.832,0.525,0.45,0.12,0.04
Box-9,19,30.6,70.6,0.771,C57Bl6n,chow,2017-03-17 08:56:00,316,212,105,90,21.3,0.857,0.513,0.47,0,0
Box-9,19,30.6,70.6,0.771,C57Bl6n,chow,2017-03-17 09:06:00,14,8,86,76,21.3,0.877,0.424,0.45,0,0
Box-9,19,30.6,70.6,0.771,C57Bl6n,chow,2017-03-17 09:16:00,47,47,85,74,21.1,0.872,0.415,0.46,0,0
Box-9,19,30.6,70.6,0.771,C57Bl6n,chow,2017-03-17 09:26:00,26,26,83,72,21.1,0.874,0.406,0.45,0,0
Box-9,19,30.6,70.6,0.771,C57Bl6n,chow,2017-03-17 09:36:00,149,96,77,66,21.2,0.856,0.376,0.43,0,0.01
Box-9,19,30.6,70.6,0.771,C57Bl6n,chow,2017-03-17 09:46:00,121,87,92,78,21.3,0.848,0.447,0.46,0,0
Box-9,19,30.6,70.6,0.771,C57Bl6n,chow,2017-03-17 09:56:00,103,90,87,72,21.1,0.828,0.424,0.44,0,0
Box-9,19,30.6,70.6,0.771,C57Bl6n,chow,2017-03-17 10:06:00,88,58,82,68,21.2,0.83,0.396,0.43,0,0
Box-9,19,30.6,70.6,0.771,C57Bl6n,chow,2017-03-17 10:16:00,50,37,78,64,21.3,0.822,0.377,0.46,0,0
Box-9,19,30.6,70.6,0.771,C57Bl6n,chow,2017-03-17 10:26:00,86,65,84,69,21.2,0.819,0.407,0.46,0,0
Box-9,19,30.6,70.6,0.771,C57Bl6n,chow,2017-03-17 10:36:00,114,97,74,61,21.1,0.822,0.358,0.44,0,0
Box-9,19,30.6,70.6,0.771,C57Bl6n,chow,2017-03-17 10:46:00,486,384,93,76,21.2,0.815,0.451,0.46,0,0
Box-9,19,30.6,70.6,0.771,C57Bl6n,chow,2017-03-17 10:56:00,373,201,94,77,21.3,0.818,0.454,0.46,0,0
Box-9,19,30.6,70.6,0.771,C57Bl6n,chow,2017-03-17 11:06:00,72,57,86,69,21.2,0.801,0.414,0.44,0,0
Box-9,19,30.6,70.6,0.771,C57Bl6n,chow,2017-03-17 11:16:00,66,32,86,70,21.1,0.811,0.416,0.46,0,0
Box-9,19,30.6,70.6,0.771,C57Bl6n,chow,2017-03-17 11:26:00,718,378,114,92,21.2,0.802,0.552,0.45,0.18,0
Box-9,19,30.6,70.6,0.771,C57Bl6n,chow,2017-03-17 11:36:00,171,56,88,72,21.2,0.815,0.426,0.44,0,0
Box-9,19,30.6,70.6,0.771,C57Bl6n,chow,2017-03-17 11:46:00,69,45,87,75,21.1,0.859,0.426,0.45,0,0
Box-9,19,30.6,70.6,0.771,C57Bl6n,chow,2017-03-17 11:56:00,87,54,90,77,21.2,0.859,0.438,0.45,0,0
Box-9,19,30.6,70.6,0.771,C57Bl6n,chow,2017-03-17 12:06:00,174,105,93,81,21.1,0.872,0.458,0.46,0,0
Box-9,19,30.6,70.6,0.771,C57Bl6n,chow,2017-03-17 12:16:00,138,137,87,75,21,0.861,0.427,0.45,0,0
Box-9,19,30.6,70.6,0.771,C57Bl6n,chow,2017-03-17 12:26:00,169,128,81,69,20.9,0.85,0.396,0.46,0,0
Box-9,19,30.6,70.6,0.771,C57Bl6n,chow,2017-03-17 12:36:00,86,61,83,71,21.1,0.85,0.407,0.45,0,0
Box-9,19,30.6,70.6,0.771,C57Bl6n,chow,2017-03-17 12:46:00,454,287,107,92,21,0.856,0.523,0.46,0.1,0.07
Box-9,19,30.6,70.6,0.771,C57Bl6n,chow,2017-03-17 12:56:00,52,25,83,71,20.9,0.856,0.406,0.46,0,0.04
Box-9,19,30.6,70.6,0.771,C57Bl6n,chow,2017-03-17 13:06:00,56,37,84,74,20.9,0.888,0.411,0.45,0,0
Box-9,19,30.6,70.6,0.771,C57Bl6n,chow,2017-03-17 13:16:00,247,60,82,72,20.9,0.881,0.402,0.45,0,0
Box-9,19,30.6,70.6,0.771,C57Bl6n,chow,2017-03-17 13:26:00,228,185,82,71,20.9,0.87,0.401,0.46,0,0
Box-9,19,30.6,70.6,0.771,C57Bl6n,chow,2017-03-17 13:36:00,99,62,83,72,20.9,0.861,0.407,0.46,0,0
Box-9,19,30.6,70.6,0.771,C57Bl6n,chow,2017-03-17 13:46:00,236,178,86,75,21,0.878,0.421,0.45,0,0
Box-9,19,30.6,70.6,0.771,C57Bl6n,chow,2017-03-17 13:56:00,56,19,78,68,20.9,0.871,0.383,0.46,0,0
Box-9,19,30.6,70.6,0.771,C57Bl6n,chow,2017-03-17 14:06:00,80,30,77,66,20.9,0.852,0.377,0.45,0,0
Box-9,19,30.6,70.6,0.771,C57Bl6n,chow,2017-03-17 14:16:00,204,134,78,65,20.9,0.834,0.379,0.46,0.07,0
Box-9,19,30.6,70.6,0.771,C57Bl6n,chow,2017-03-17 14:26:00,692,337,83,71,21,0.853,0.407,0.44,0.2,0
Box-9,19,30.6,70.6,0.771,C57Bl6n,chow,2017-03-17 14:36:00,102,53,91,79,20.9,0.869,0.447,0.46,0,0
Box-9,19,30.6,70.6,0.771,C57Bl6n,chow,2017-03-17 14:46:00,322,310,83,74,20.9,0.885,0.41,0.45,0,0
Box-9,19,30.6,70.6,0.771,C57Bl6n,chow,2017-03-17 14:56:00,111,74,84,74,20.9,0.879,0.413,0.46,0,0
Box-9,19,30.6,70.6,0.771,C57Bl6n,chow,2017-03-17 15:06:00,18,16,85,75,21,0.875,0.42,0.45,0,0
Box-9,19,30.6,70.6,0.771,C57Bl6n,chow,2017-03-17 15:16:00,102,90,81,70,20.9,0.863,0.394,0.45,0,0
Box-9,19,30.6,70.6,0.771,C57Bl6n,chow,2017-03-17 15:26:00,80,62,82,70,20.9,0.86,0.4,0.46,0,0
