Index,Raw_Data,Cosinor_Java
0,64.0,81.95634862058867
1,65.0,81.68093989111156
2,65.0,81.41970776579659
3,63.0,81.17314951484177
4,64.0,80.94173447589125
5,74.0,80.72590316062443
6,70.0,80.52606641621699
7,87.0,80.34260464326988
8,90.0,80.17586707169518
9,66.0,80.02617109593713
10,86.0,79.89380167079376
11,92.0,79.77901076898922
12,105.0,79.68201690152937
13,81.0,79.60300470175368
14,68.0,79.54212457387521
15,69.0,79.49949240667756
16,66.0,79.47518935291404
17,67.0,79.4692616748288
18,77.0,79.48172065609398
19,91.0,79.51254258033062
20,80.0,79.56166877625411
21,72.0,79.62900572935838
22,86.0,79.71442525992602
23,92.0,79.81776476702565
24,103.0,79.93882753803207
25,98.0,80.07738312307993
26,92.0,80.23316777373809
27,111.0,80.4058849450698
28,105.0,80.59520586012285
29,108.0,80.80077013577511
30,107.0,81.0221864687444
31,118.0,81.25903338045639
32,118.0,81.51086001935317
33,79.0,81.77718701911469
34,89.0,82.05750741115989
35,78.0,82.35128758969012
36,83.0,82.65796832743818
37,95.0,82.97696584018918
38,106.0,83.30767289804696
39,124.0,83.64945998133072
40,115.0,84.00167647890153
41,114.0,84.36365192663759
42,105.0,84.7346972837008
43,113.0,85.11410624416513
44,104.0,85.50115658151014
45,90.0,85.89511152342021
46,85.0,86.29522115427248
47,116.0,86.70072384264388
48,111.0,87.1108476911198
49,83.0,87.52481200564476
50,101.0,87.9418287816179
51,94.0,88.36110420390445
52,101.0,88.781840157908
53,108.0,89.20323574882708
54,87.0,89.6244888262038
55,97.0,90.04479751086292
56,102.0,90.46336172133438
57,102.0,90.87938469685396
58,104.0,91.29207451404253
59,126.0,91.7006455943773
60,117.0,92.1043201995852
61,112.0,92.50232991211189
62,111.0,92.89391709784815
63,130.0,93.27833634832956
64,114.0,93.65485589966389
65,121.0,94.02275902548519
66,103.0,94.38134540128321
67,99.0,94.72993243751091
68,98.0,95.06785657893244
69,114.0,95.39447456773823
70,111.0,95.70916466802286
71,100.0,96.01132784929462
72,110.0,96.30038892676413
73,112.0,96.57579765624124
74,99.0,96.83702978155621
75,91.0,97.08358803251103
76,80.0,97.31500307146155
77,78.0,97.53083438672837
78,82.0,97.73067113113581
79,82.0,97.91413290408292
80,90.0,98.08087047565762
81,81.0,98.23056645141567
82,84.0,98.36293587655904
83,78.0,98.47772677836358
84,80.0,98.57472064582343
85,80.0,98.65373284559912
86,88.0,98.71461297347759
87,91.0,98.75724514067524
88,90.0,98.78154819443876
89,85.0,98.787475872524
90,78.0,98.77501689125882
91,90.0,98.74419496702218
92,89.0,98.69506877109869
93,97.0,98.62773181799442
94,117.0,98.54231228742678
95,117.0,98.43897278032715
96,99.0,98.31791000932073
97,80.0,98.17935442427287
98,70.0,98.02356977361471
99,69.0,97.850852602283
100,66.0,97.66153168722994
101,64.0,97.45596741157769
102,67.0,97.2345510786084
103,68.0,96.99770416689641
104,66.0,96.74587752799962
105,72.0,96.47955052823811
106,73.0,96.19923013619291
107,67.0,95.90544995766268
108,70.0,95.59876921991462
109,93.0,95.27977170716363
110,87.0,94.94906464930584
111,102.0,94.60727756602209
112,86.0,94.25506106845127
113,71.0,93.89308562071521
114,72.0,93.522040263652
115,66.0,93.14263130318767
116,68.0,92.75558096584265
117,63.0,92.36162602393257
118,66.0,91.96151639308032
119,66.0,91.55601370470893
120,63.0,91.14588985623301
121,64.0,90.73192554170802
122,66.0,90.3149087657349
123,62.0,89.89563334344835
124,65.0,89.4748973894448
125,84.0,89.05350179852572
126,95.0,88.632248721149
127,79.0,88.21194003648988
128,78.0,87.79337582601842
129,66.0,87.37735285049884
130,65.0,86.96466303331029
131,63.0,86.55609195297549
132,65.0,86.15241734776757
133,67.0,85.75440763524091
134,64.0,85.36282044950465
135,64.0,84.97840119902324
136,61.0,84.60188164768891
137,61.0,84.23397852186761
138,78.0,83.87539214606959
139,86.0,83.52680510984189
140,94.0,83.18888096842036
141,104.0,82.86226297961457
142,110.0,82.54757287932993
143,89.0,82.24540969805818
144,84.0,81.95634862058867
145,69.0,81.68093989111156
146,66.0,81.41970776579659
147,74.0,81.17314951484177
148,77.0,80.94173447589125
149,87.0,80.72590316062444
150,80.0,80.52606641621699
151,69.0,80.34260464326988
152,68.0,80.17586707169518
153,61.0,80.02617109593713
154,62.0,79.89380167079376
155,71.0,79.77901076898922
156,60.0,79.68201690152937
157,66.0,79.60300470175369
158,85.0,79.54212457387521
159,67.0,79.49949240667756
160,72.0,79.47518935291404
161,72.0,79.4692616748288
162,99.0,79.48172065609398
163,86.0,79.51254258033062
164,78.0,79.56166877625411
165,81.0,79.62900572935838
166,66.0,79.71442525992602
167,92.0,79.81776476702565
168,91.0,79.93882753803207
169,106.0,80.07738312307993
170,123.0,80.23316777373809
171,110.0,80.4058849450698
172,110.0,80.59520586012285
173,116.0,80.80077013577511
174,119.0,81.02218646874438
175,101.0,81.25903338045639
176,107.0,81.51086001935316
177,105.0,81.7771870191147
178,86.0,82.05750741115989
179,104.0,82.35128758969012
180,100.0,82.65796832743818
181,95.0,82.97696584018917
182,116.0,83.30767289804696
183,110.0,83.64945998133071
184,104.0,84.00167647890153
185,122.0,84.36365192663759
186,111.0,84.7346972837008
187,93.0,85.11410624416513
188,88.0,85.50115658151016
189,96.0,85.89511152342023
190,103.0,86.29522115427248
191,83.0,86.70072384264388
192,80.0,87.11084769111979
193,96.0,87.52481200564478
194,100.0,87.9418287816179
195,106.0,88.36110420390443
196,115.0,88.781840157908
197,115.0,89.20323574882708
198,106.0,89.62448882620382
199,106.0,90.04479751086292
200,125.0,90.4633617213344
201,126.0,90.87938469685396
202,111.0,91.29207451404253
203,111.0,91.70064559437729
204,110.0,92.10432019958523
205,102.0,92.50232991211189
206,97.0,92.89391709784813
207,109.0,93.27833634832956
208,94.0,93.65485589966389
209,84.0,94.0227590254852
210,75.0,94.38134540128321
211,82.0,94.72993243751093
212,87.0,95.06785657893244
213,89.0,95.39447456773823
214,90.0,95.70916466802286
215,81.0,96.01132784929462
216,80.0,96.30038892676413
217,77.0,96.57579765624124
218,94.0,96.83702978155621
219,91.0,97.08358803251103
220,90.0,97.31500307146155
221,84.0,97.53083438672837
222,85.0,97.73067113113581
223,93.0,97.91413290408292
224,92.0,98.08087047565762
225,83.0,98.23056645141567
226,86.0,98.36293587655904
227,95.0,98.47772677836358
228,91.0,98.57472064582343
229,110.0,98.65373284559911
230,126.0,98.7146129734776
231,75.0,98.75724514067524
232,78.0,98.78154819443876
233,72.0,98.787475872524
234,83.0,98.77501689125882
235,87.0,98.74419496702218
236,105.0,98.69506877109869
237,99.0,98.62773181799442
238,76.0,98.54231228742678
239,67.0,98.43897278032715
240,71.0,98.31791000932073
241,76.0,98.17935442427287
242,74.0,98.02356977361471
243,76.0,97.850852602283
244,69.0,97.66153168722995
245,70.0,97.45596741157769
246,91.0,97.2345510786084
247,80.0,96.99770416689641
248,73.0,96.74587752799962
249,74.0,96.47955052823811
250,68.0,96.19923013619291
251,63.0,95.90544995766267
252,66.0,95.59876921991462
253,70.0,95.27977170716362
254,76.0,94.94906464930584
255,88.0,94.60727756602208
256,121.0,94.25506106845127
257,99.0,93.8930856207152
258,71.0,93.52204026365202
259,78.0,93.14263130318768
260,74.0,92.75558096584265
261,105.0,92.36162602393259
262,77.0,91.9615163930803
263,70.0,91.55601370470892
264,70.0,91.145889856233
265,65.0,90.73192554170802
266,75.0,90.31490876573491
267,63.0,89.89563334344837
268,63.0,89.4748973894448
269,64.0,89.05350179852572
270,63.0,88.63224872114901
271,67.0,88.21194003648988
272,77.0,87.7933758260184
273,92.0,87.37735285049884
274,107.0,86.96466303331027
275,96.0,86.5560919529755
276,85.0,86.15241734776758
277,67.0,85.75440763524091
278,68.0,85.36282044950465
279,66.0,84.97840119902324
280,65.0,84.60188164768891
281,60.0,84.23397852186761
282,67.0,83.8753921460696
283,67.0,83.52680510984189
284,73.0,83.18888096842036
285,83.0,82.86226297961456
286,94.0,82.54757287932993
287,80.0,82.24540969805817
288,77.0,81.95634862058867
289,73.0,81.68093989111156
290,72.0,81.41970776579659
291,64.0,81.17314951484178
292,66.0,80.94173447589125
293,68.0,80.72590316062444
294,89.0,80.52606641621698
295,74.0,80.34260464326988
296,69.0,80.17586707169518
297,68.0,80.02617109593713
298,76.0,79.89380167079376
299,103.0,79.77901076898922
300,90.0,79.68201690152937
301,91.0,79.60300470175368
302,71.0,79.54212457387521
303,74.0,79.49949240667756
304,73.0,79.47518935291404
305,67.0,79.4692616748288
306,81.0,79.48172065609398
307,69.0,79.51254258033062
308,75.0,79.56166877625411
309,87.0,79.62900572935838
310,72.0,79.71442525992602
311,77.0,79.81776476702565
312,90.0,79.93882753803207
313,90.0,80.07738312307993
314,111.0,80.23316777373807
315,104.0,80.4058849450698
316,104.0,80.59520586012285
317,88.0,80.80077013577512
318,92.0,81.0221864687444
319,87.0,81.25903338045639
320,84.0,81.51086001935316
321,89.0,81.77718701911468
322,105.0,82.05750741115989
323,119.0,82.35128758969012
324,116.0,82.65796832743817
325,101.0,82.97696584018915
326,121.0,83.30767289804696
327,134.0,83.64945998133071
328,122.0,84.00167647890152
329,110.0,84.3636519266376
330,109.0,84.73469728370075
331,117.0,85.11410624416511
332,140.0,85.50115658151016
333,115.0,85.89511152342023
334,90.0,86.29522115427248
335,97.0,86.70072384264385
336,108.0,87.1108476911198
337,91.0,87.52481200564473
338,84.0,87.94182878161789
339,100.0,88.36110420390442
340,97.0,88.78184015790801
341,93.0,89.20323574882704
342,99.0,89.62448882620379
343,101.0,90.04479751086294
344,110.0,90.46336172133437
345,114.0,90.87938469685396
346,130.0,91.29207451404251
347,121.0,91.7006455943773
348,130.0,92.10432019958519
349,93.0,92.50232991211189
350,102.0,92.89391709784813
351,84.0,93.27833634832955
352,79.0,93.65485589966386
353,97.0,94.02275902548519
354,90.0,94.38134540128323
355,91.0,94.72993243751088
356,105.0,95.06785657893244
357,97.0,95.39447456773823
358,83.0,95.70916466802285
359,85.0,96.0113278492946
360,82.0,96.30038892676413
361,96.0,96.57579765624124
362,83.0,96.8370297815562
363,94.0,97.08358803251103
364,97.0,97.31500307146155
365,87.0,97.53083438672836
366,106.0,97.73067113113581
367,73.0,97.91413290408292
368,63.0,98.08087047565762
369,127.0,98.23056645141567
370,113.0,98.36293587655902
371,112.0,98.47772677836358
372,98.0,98.57472064582343
373,77.0,98.65373284559911
374,74.0,98.7146129734776
375,92.0,98.75724514067524
376,80.0,98.78154819443876
377,78.0,98.787475872524
378,97.0,98.77501689125882
379,92.0,98.74419496702218
380,93.0,98.69506877109869
381,85.0,98.62773181799442
382,134.0,98.54231228742678
383,105.0,98.43897278032715
384,90.0,98.31791000932073
385,71.0,98.17935442427287
386,67.0,98.02356977361471
387,70.0,97.850852602283
388,77.0,97.66153168722995
389,69.0,97.45596741157767
390,70.0,97.2345510786084
391,85.0,96.99770416689641
392,91.0,96.74587752799964
393,85.0,96.4795505282381
394,79.0,96.19923013619291
395,69.0,95.90544995766268
396,70.0,95.5987692199146
397,69.0,95.27977170716362
398,70.0,94.94906464930584
399,74.0,94.60727756602209
400,70.0,94.25506106845125
401,75.0,93.8930856207152
402,70.0,93.52204026365202
403,72.0,93.14263130318768
404,65.0,92.75558096584264
405,92.0,92.36162602393262
406,98.0,91.96151639308032
407,88.0,91.5560137047089
408,99.0,91.145889856233
409,87.0,90.73192554170802
410,68.0,90.31490876573491
411,66.0,89.89563334344835
412,74.0,89.47489738944482
413,64.0,89.05350179852572
414,64.0,88.63224872114901
415,76.0,88.21194003648986
416,73.0,87.7933758260184
417,90.0,87.37735285049884
418,71.0,86.96466303331026
419,68.0,86.55609195297552
420,73.0,86.15241734776758
421,69.0,85.75440763524091
422,63.0,85.36282044950464
423,64.0,84.97840119902325
424,68.0,84.60188164768891
425,63.0,84.23397852186761
426,64.0,83.8753921460696
427,87.0,83.52680510984189
428,87.0,83.18888096842036
429,95.0,82.86226297961454
430,74.0,82.54757287932995
431,74.0,82.24540969805817
432,65.0,81.95634862058867
433,69.0,81.68093989111156
434,64.0,81.4197077657966
435,62.0,81.17314951484177
436,69.0,80.94173447589125
437,97.0,80.72590316062444
438,60.0,80.52606641621699
439,56.0,80.34260464326988
440,62.0,80.17586707169518
441,58.0,80.02617109593714
442,65.0,79.89380167079376
443,68.0,79.77901076898922
444,76.0,79.68201690152937
445,72.0,79.60300470175369
446,60.0,79.54212457387521
447,75.0,79.49949240667756
448,71.0,79.47518935291404
449,64.0,79.4692616748288
450,63.0,79.48172065609398
451,68.0,79.51254258033062
452,72.0,79.56166877625411
453,55.0,79.62900572935838
454,59.0,79.71442525992602
455,59.0,79.81776476702565
456,56.0,79.93882753803207
457,99.0,80.07738312307993
458,58.0,80.23316777373807
459,58.0,80.4058849450698
460,61.0,80.59520586012286
461,58.0,80.80077013577512
462,82.0,81.0221864687444
463,107.0,81.25903338045639
464,106.0,81.51086001935317
465,102.0,81.77718701911468
466,80.0,82.05750741115989
467,77.0,82.35128758969012
468,112.0,82.6579683274382
469,77.0,82.97696584018915
470,70.0,83.30767289804695
471,86.0,83.64945998133074
472,113.0,84.00167647890152
473,68.0,84.3636519266376
474,74.0,84.73469728370078
475,66.0,85.11410624416514
476,84.0,85.50115658151012
477,103.0,85.89511152342023
478,120.0,86.29522115427248
479,109.0,86.70072384264385
480,117.0,87.11084769111977
481,109.0,87.52481200564476
482,80.0,87.94182878161793
483,115.0,88.36110420390442
484,102.0,88.78184015790801
485,108.0,89.20323574882708
486,99.0,89.62448882620379
487,80.0,90.04479751086289
488,87.0,90.4633617213344
489,115.0,90.87938469685396
490,131.0,91.29207451404251
491,120.0,91.7006455943773
492,103.0,92.10432019958522
493,103.0,92.50232991211189
494,112.0,92.89391709784813
495,98.0,93.27833634832957
496,123.0,93.65485589966389
497,68.0,94.02275902548517
498,94.0,94.3813454012832
499,105.0,94.72993243751091
500,103.0,95.06785657893244
501,102.0,95.39447456773823
502,76.0,95.70916466802288
503,74.0,96.01132784929463
504,82.0,96.30038892676411
505,92.0,96.57579765624124
506,72.0,96.83702978155621
507,71.0,97.08358803251103
508,68.0,97.31500307146155
509,67.0,97.53083438672836
510,65.0,97.73067113113581
511,104.0,97.9141329040829
512,96.0,98.08087047565762
513,64.0,98.23056645141567
514,71.0,98.36293587655904
515,81.0,98.47772677836358
516,89.0,98.57472064582343
517,104.0,98.65373284559912
518,64.0,98.71461297347759
519,65.0,98.75724514067524
520,77.0,98.78154819443876
521,80.0,98.787475872524
522,74.0,98.77501689125882
523,91.0,98.74419496702218
524,99.0,98.69506877109869
525,101.0,98.62773181799442
526,90.0,98.54231228742678
527,82.0,98.43897278032716
528,74.0,98.31791000932073
529,83.0,98.17935442427287
530,77.0,98.02356977361471
531,86.0,97.850852602283
532,114.0,97.66153168722995
533,77.0,97.4559674115777
534,91.0,97.2345510786084
535,80.0,96.9977041668964
536,67.0,96.74587752799964
537,59.0,96.4795505282381
538,60.0,96.19923013619291
539,63.0,95.90544995766268
540,57.0,95.59876921991463
541,65.0,95.27977170716362
542,98.0,94.94906464930585
543,89.0,94.60727756602209
544,86.0,94.25506106845125
545,85.0,93.89308562071521
546,81.0,93.52204026365202
547,63.0,93.1426313031877
548,67.0,92.75558096584264
549,62.0,92.36162602393257
550,59.0,91.96151639308032
551,55.0,91.55601370470895
552,62.0,91.145889856233
553,61.0,90.73192554170804
554,62.0,90.31490876573491
555,67.0,89.89563334344835
556,73.0,89.47489738944479
557,80.0,89.05350179852572
558,70.0,88.63224872114901
559,62.0,88.21194003648988
560,63.0,87.7933758260184
561,62.0,87.37735285049885
562,56.0,86.96466303331029
563,60.0,86.55609195297549
564,58.0,86.15241734776761
565,57.0,85.75440763524091
566,68.0,85.36282044950464
567,65.0,84.97840119902322
568,56.0,84.60188164768891
569,78.0,84.23397852186763
570,76.0,83.87539214606957
571,84.0,83.52680510984192
572,74.0,83.18888096842036
573,67.0,82.86226297961457
574,66.0,82.54757287932992
575,61.0,82.2454096980582
576,60.0,81.95634862058868
577,59.0,81.68093989111155
578,60.0,81.4197077657966
579,58.0,81.17314951484177
580,58.0,80.94173447589125
581,60.0,80.72590316062443
582,75.0,80.526066416217
583,71.0,80.34260464326988
584,74.0,80.17586707169518
585,67.0,80.02617109593714
586,62.0,79.89380167079378
587,59.0,79.77901076898922
588,62.0,79.68201690152935
589,62.0,79.60300470175369
590,65.0,79.54212457387521
591,109.0,79.49949240667756
592,102.0,79.47518935291404
593,68.0,79.4692616748288
594,63.0,79.48172065609398
595,93.0,79.51254258033062
596,95.0,79.56166877625411
597,80.0,79.62900572935838
598,86.0,79.71442525992602
599,76.0,79.81776476702564
600,83.0,79.93882753803207
601,70.0,80.07738312307993
602,71.0,80.23316777373809
603,68.0,80.4058849450698
604,62.0,80.59520586012285
605,85.0,80.80077013577512
606,70.0,81.0221864687444
607,103.0,81.25903338045639
608,80.0,81.51086001935316
609,74.0,81.77718701911469
610,112.0,82.05750741115989
611,61.0,82.3512875896901
612,83.0,82.65796832743818
613,82.0,82.97696584018918
614,91.0,83.30767289804695
615,85.0,83.64945998133071
616,75.0,84.00167647890154
617,96.0,84.36365192663756
618,97.0,84.73469728370078
619,95.0,85.11410624416514
620,75.0,85.50115658151014
621,109.0,85.89511152342021
622,80.0,86.29522115427248
623,112.0,86.70072384264388
624,121.0,87.11084769111977
625,100.0,87.52481200564476
626,100.0,87.94182878161789
627,105.0,88.36110420390445
628,104.0,88.78184015790796
629,109.0,89.20323574882708
630,100.0,89.62448882620382
631,104.0,90.04479751086289
632,87.0,90.4633617213344
633,111.0,90.87938469685395
634,95.0,91.29207451404254
635,100.0,91.70064559437728
636,102.0,92.10432019958522
637,106.0,92.50232991211189
638,100.0,92.89391709784813
639,109.0,93.27833634832953
640,106.0,93.65485589966389
641,73.0,94.0227590254852
642,98.0,94.3813454012832
643,85.0,94.72993243751091
644,81.0,95.06785657893244
645,76.0,95.39447456773823
646,94.0,95.70916466802285
647,76.0,96.01132784929463
648,66.0,96.30038892676411
649,67.0,96.57579765624124
650,74.0,96.8370297815562
651,77.0,97.08358803251103
652,85.0,97.31500307146155
653,70.0,97.53083438672837
654,89.0,97.73067113113581
655,80.0,97.91413290408292
656,85.0,98.0808704756576
657,73.0,98.23056645141567
658,73.0,98.36293587655904
659,69.0,98.47772677836358
660,77.0,98.57472064582342
661,74.0,98.65373284559912
662,76.0,98.71461297347759
663,72.0,98.75724514067524
664,87.0,98.78154819443876
665,83.0,98.787475872524
666,96.0,98.77501689125882
667,89.0,98.7441949670222
668,81.0,98.69506877109869
669,81.0,98.62773181799442
670,121.0,98.5423122874268
671,88.0,98.43897278032716
672,98.0,98.31791000932073
673,107.0,98.17935442427287
674,115.0,98.02356977361472
675,81.0,97.85085260228298
676,85.0,97.66153168722994
677,69.0,97.4559674115777
678,68.0,97.23455107860843
679,69.0,96.99770416689641
680,69.0,96.74587752799964
681,81.0,96.47955052823812
682,104.0,96.19923013619294
683,88.0,95.90544995766267
684,73.0,95.59876921991466
685,80.0,95.27977170716368
686,74.0,94.94906464930585
687,69.0,94.60727756602209
688,62.0,94.25506106845128
689,72.0,93.89308562071524
690,70.0,93.52204026365199
691,68.0,93.14263130318773
692,66.0,92.75558096584271
693,70.0,92.36162602393264
694,70.0,91.96151639308033
695,69.0,91.55601370470895
696,73.0,91.14588985623303
697,64.0,90.731925541708
698,61.0,90.31490876573494
699,61.0,89.89563334344842
700,63.0,89.47489738944486
701,57.0,89.05350179852573
702,61.0,88.63224872114901
703,60.0,88.2119400364899
704,63.0,87.79337582601845
705,59.0,87.37735285049888
706,60.0,86.96466303331033
707,63.0,86.55609195297556
708,118.0,86.15241734776758
709,83.0,85.75440763524091
710,81.0,85.36282044950467
711,69.0,84.97840119902327
712,63.0,84.60188164768894
713,66.0,84.23397852186766
714,66.0,83.87539214606964
715,65.0,83.52680510984189
716,65.0,83.18888096842036
717,64.0,82.86226297961457
718,63.0,82.54757287932995
719,64.0,82.2454096980582
720,74.0,81.9563486205887
721,78.0,81.68093989111159
722,76.0,81.41970776579663
723,72.0,81.17314951484177
724,69.0,80.94173447589125
725,60.0,80.72590316062444
726,60.0,80.526066416217
727,59.0,80.3426046432699
728,68.0,80.1758670716952
729,68.0,80.02617109593716
730,62.0,79.89380167079376
731,61.0,79.77901076898922
732,59.0,79.68201690152937
733,57.0,79.60300470175369
734,58.0,79.54212457387521
735,59.0,79.49949240667756
736,62.0,79.47518935291404
737,67.0,79.4692616748288
738,110.0,79.48172065609398
739,79.0,79.5125425803306
740,75.0,79.5616687762541
741,74.0,79.62900572935838
742,65.0,79.714425259926
743,66.0,79.81776476702564
744,66.0,79.93882753803206
745,95.0,80.07738312307993
746,68.0,80.23316777373806
747,63.0,80.40588494506977
748,75.0,80.59520586012283
749,94.0,80.8007701357751
750,78.0,81.02218646874437
751,102.0,81.25903338045636
752,122.0,81.51086001935317
753,89.0,81.77718701911465
754,91.0,82.05750741115983
755,72.0,82.35128758969006
756,82.0,82.65796832743817
757,73.0,82.97696584018915
758,75.0,83.30767289804692
759,87.0,83.64945998133074
760,83.0,84.00167647890149
761,81.0,84.36365192663753
762,102.0,84.73469728370073
763,94.0,85.1141062441651
764,91.0,85.50115658151012
765,88.0,85.89511152342018
766,97.0,86.29522115427244
767,107.0,86.70072384264381
768,108.0,87.11084769111973
769,100.0,87.52481200564469
770,103.0,87.94182878161789
771,87.0,88.36110420390442
772,73.0,88.78184015790796
773,89.0,89.20323574882704
774,110.0,89.62448882620374
775,86.0,90.04479751086285
776,81.0,90.46336172133432
777,89.0,90.87938469685388
778,86.0,91.2920745140425
779,93.0,91.70064559437728
780,103.0,92.10432019958519
781,93.0,92.50232991211185
782,72.0,92.8939170978481
783,98.0,93.2783363483295
784,109.0,93.65485589966383
785,61.0,94.02275902548517
786,70.0,94.38134540128318
787,86.0,94.72993243751088
788,73.0,95.0678565789324
789,86.0,95.3944745677382
790,100.0,95.70916466802282
791,106.0,96.01132784929457
792,74.0,96.30038892676411
793,112.0,96.57579765624124
794,93.0,96.8370297815562
795,80.0,97.08358803251102
796,72.0,97.31500307146153
797,84.0,97.53083438672834
798,78.0,97.73067113113578
799,73.0,97.91413290408289
800,75.0,98.08087047565762
801,81.0,98.23056645141565
802,74.0,98.36293587655902
803,106.0,98.47772677836358
804,78.0,98.57472064582342
805,77.0,98.65373284559911
806,75.0,98.71461297347759
807,69.0,98.75724514067524
808,67.0,98.78154819443876
809,122.0,98.787475872524
810,66.0,98.77501689125882
811,75.0,98.7441949670222
812,74.0,98.69506877109869
813,63.0,98.62773181799443
814,83.0,98.54231228742678
815,106.0,98.43897278032716
816,75.0,98.31791000932073
817,79.0,98.1793544242729
818,72.0,98.02356977361472
819,67.0,97.85085260228301
820,66.0,97.66153168722998
821,68.0,97.45596741157772
822,70.0,97.2345510786084
823,65.0,96.99770416689641
824,70.0,96.74587752799968
825,74.0,96.47955052823812
826,96.0,96.19923013619294
827,102.0,95.90544995766271
828,83.0,95.59876921991466
829,94.0,95.27977170716362
830,82.0,94.94906464930585
831,64.0,94.60727756602215
832,65.0,94.25506106845128
833,62.0,93.89308562071524
834,59.0,93.52204026365204
835,56.0,93.14263130318773
836,62.0,92.75558096584265
837,59.0,92.36162602393259
838,63.0,91.96151639308039
839,61.0,91.55601370470902
840,70.0,91.14588985623304
841,68.0,90.73192554170807
842,63.0,90.31490876573496
843,95.0,89.89563334344835
844,65.0,89.47489738944479
845,81.0,89.0535017985258
846,77.0,88.63224872114908
847,62.0,88.2119400364899
848,60.0,87.79337582601845
849,53.0,87.37735285049888
850,54.0,86.96466303331033
851,56.0,86.55609195297549
852,58.0,86.15241734776765
853,59.0,85.75440763524098
854,72.0,85.36282044950467
855,81.0,84.97840119902327
856,72.0,84.60188164768894
857,71.0,84.23397852186766
858,67.0,83.87539214606959
859,68.0,83.52680510984194
860,65.0,83.18888096842042
861,73.0,82.86226297961463
862,66.0,82.54757287932995
863,64.0,82.2454096980582
864,59.0,81.9563486205887
865,60.0,81.68093989111155
866,74.0,81.41970776579663
867,75.0,81.17314951484181
868,76.0,80.9417344758913
869,68.0,80.72590316062444
870,63.0,80.526066416217
871,65.0,80.3426046432699
872,66.0,80.1758670716952
873,65.0,80.02617109593716
874,67.0,79.89380167079379
875,61.0,79.77901076898924
876,76.0,79.68201690152937
877,72.0,79.60300470175369
878,72.0,79.54212457387521
879,76.0,79.49949240667756
880,76.0,79.47518935291404
881,80.0,79.4692616748288
882,73.0,79.48172065609398
883,74.0,79.5125425803306
884,66.0,79.56166877625411
885,66.0,79.62900572935838
886,135.0,79.714425259926
887,92.0,79.81776476702564
888,92.0,79.93882753803206
889,83.0,80.0773831230799
890,81.0,80.23316777373806
891,83.0,80.4058849450698
892,84.0,80.59520586012283
893,89.0,80.8007701357751
894,76.0,81.02218646874437
895,87.0,81.25903338045636
896,93.0,81.51086001935313
897,89.0,81.77718701911465
898,108.0,82.05750741115989
899,125.0,82.3512875896901
900,114.0,82.65796832743816
901,100.0,82.97696584018915
902,102.0,83.30767289804692
903,118.0,83.64945998133068
904,103.0,84.00167647890147
905,93.0,84.36365192663753
906,121.0,84.73469728370078
907,95.0,85.1141062441651
908,85.0,85.50115658151012
909,113.0,85.89511152342018
910,115.0,86.29522115427244
911,146.0,86.70072384264381
912,144.0,87.11084769111973
913,111.0,87.52481200564476
914,93.0,87.94182878161789
915,128.0,88.3611042039044
916,139.0,88.7818401579079
917,110.0,89.20323574882704
918,89.0,89.62448882620374
919,118.0,90.04479751086285
920,127.0,90.4633617213344
921,115.0,90.87938469685395
922,144.0,91.2920745140425
923,115.0,91.7006455943772
924,111.0,92.10432019958517
925,96.0,92.50232991211185
926,94.0,92.89391709784809
927,120.0,93.2783363483295
928,136.0,93.65485589966389
929,112.0,94.02275902548517
930,129.0,94.38134540128313
931,122.0,94.72993243751088
932,117.0,95.0678565789324
933,111.0,95.3944745677382
934,127.0,95.70916466802282
935,133.0,96.01132784929462
936,133.0,96.30038892676411
937,134.0,96.57579765624118
938,120.0,96.83702978155615
939,122.0,97.083588032511
940,118.0,97.31500307146153
941,112.0,97.53083438672834
942,112.0,97.73067113113581
943,106.0,97.91413290408292
944,107.0,98.08087047565759
945,75.0,98.23056645141563
946,87.0,98.36293587655902
947,106.0,98.47772677836358
948,126.0,98.57472064582342
949,112.0,98.65373284559911
950,127.0,98.71461297347759
951,108.0,98.75724514067524
952,107.0,98.78154819443876
953,91.0,98.787475872524
954,84.0,98.77501689125882
955,82.0,98.7441949670222
956,82.0,98.69506877109869
957,82.0,98.62773181799442
958,78.0,98.5423122874268
959,79.0,98.43897278032718
960,76.0,98.31791000932076
961,75.0,98.17935442427289
962,76.0,98.02356977361472
963,108.0,97.85085260228301
964,100.0,97.66153168722994
965,104.0,97.45596741157772
966,129.0,97.23455107860845
967,97.0,96.99770416689645
968,106.0,96.74587752799965
969,92.0,96.47955052823812
970,81.0,96.19923013619294
971,77.0,95.90544995766267
972,89.0,95.59876921991466
973,81.0,95.27977170716368
974,92.0,94.94906464930591
975,117.0,94.60727756602209
976,110.0,94.2550610684513
977,111.0,93.89308562071524
978,104.0,93.52204026365204
979,78.0,93.14263130318773
980,83.0,92.75558096584271
981,90.0,92.36162602393264
982,72.0,91.96151639308033
983,72.0,91.55601370470895
984,69.0,91.14588985623304
985,68.0,90.73192554170808
986,67.0,90.31490876573496
987,71.0,89.89563334344842
988,67.0,89.47489738944486
989,116.0,89.0535017985258
990,108.0,88.63224872114901
991,120.0,88.2119400364899
992,109.0,87.79337582601845
993,92.0,87.37735285049888
994,84.0,86.96466303331033
995,76.0,86.55609195297556
996,81.0,86.15241734776765
997,81.0,85.75440763524092
998,80.0,85.36282044950467
999,77.0,84.97840119902327
1000,77.0,84.60188164768894
1001,72.0,84.23397852186766
1002,81.0,83.87539214606964
1003,70.0,83.52680510984194
1004,67.0,83.18888096842038
1005,73.0,82.86226297961458
1006,74.0,82.54757287932995
1007,69.0,82.2454096980582
1008,74.0,81.9563486205887
1009,74.0,81.68093989111159
1010,68.0,81.41970776579663
1011,65.0,81.17314951484181
1012,74.0,80.94173447589125
1013,111.0,80.72590316062444
1014,93.0,80.526066416217
1015,85.0,80.3426046432699
1016,81.0,80.1758670716952
1017,81.0,80.02617109593716
1018,71.0,79.89380167079379
1019,72.0,79.77901076898922
1020,67.0,79.68201690152937
1021,63.0,79.60300470175369
1022,75.0,79.54212457387521
1023,74.0,79.49949240667756
1024,70.0,79.47518935291404
1025,71.0,79.4692616748288
1026,69.0,79.48172065609398
1027,81.0,79.51254258033062
1028,79.0,79.56166877625411
1029,72.0,79.62900572935837
1030,68.0,79.714425259926
1031,69.0,79.81776476702564
1032,67.0,79.93882753803206
1033,70.0,80.0773831230799
1034,100.0,80.23316777373809
1035,80.0,80.4058849450698
1036,74.0,80.5952058601228
1037,76.0,80.8007701357751
1038,70.0,81.02218646874437
1039,70.0,81.25903338045636
1040,75.0,81.51086001935313
1041,112.0,81.77718701911469
1042,83.0,82.05750741115988
1043,92.0,82.35128758969006
1044,95.0,82.65796832743811
1045,124.0,82.97696584018915
1046,83.0,83.30767289804692
1047,133.0,83.64945998133068
1048,133.0,84.00167647890153
1049,103.0,84.36365192663759
1050,92.0,84.73469728370071
1051,95.0,85.11410624416504
1052,99.0,85.50115658151012
1053,98.0,85.89511152342018
1054,86.0,86.29522115427244
1055,143.0,86.70072384264381
1056,149.0,87.1108476911198
1057,134.0,87.52481200564469
1058,105.0,87.94182878161782
1059,84.0,88.3611042039044
1060,86.0,88.78184015790796
1061,88.0,89.20323574882704
1062,138.0,89.62448882620374
1063,97.0,90.04479751086292
1064,100.0,90.46336172133432
1065,117.0,90.87938469685388
1066,138.0,91.29207451404243
1067,144.0,91.70064559437726
1068,134.0,92.10432019958517
1069,130.0,92.50232991211185
1070,117.0,92.89391709784816
1071,107.0,93.2783363483295
1072,101.0,93.65485589966381
1073,90.0,94.02275902548512
1074,92.0,94.38134540128318
1075,145.0,94.72993243751088
1076,150.0,95.06785657893239
1077,141.0,95.3944745677382
1078,116.0,95.70916466802282
1079,112.0,96.01132784929457
1080,109.0,96.30038892676407
1081,105.0,96.57579765624122
1082,88.0,96.8370297815562
1083,74.0,97.083588032511
1084,81.0,97.31500307146152
1085,104.0,97.53083438672834
1086,111.0,97.73067113113578
1087,128.0,97.91413290408289
1088,127.0,98.08087047565762
1089,147.0,98.23056645141565
1090,129.0,98.36293587655902
1091,116.0,98.47772677836358
1092,127.0,98.57472064582342
1093,148.0,98.65373284559911
1094,122.0,98.71461297347759
1095,109.0,98.75724514067524
1096,111.0,98.78154819443876
1097,84.0,98.787475872524
1098,85.0,98.77501689125882
1099,105.0,98.7441949670222
1100,98.0,98.69506877109869
1101,76.0,98.62773181799443
1102,82.0,98.5423122874268
1103,104.0,98.43897278032716
1104,115.0,98.31791000932074
1105,108.0,98.17935442427289
1106,87.0,98.02356977361472
1107,72.0,97.85085260228301
1108,72.0,97.66153168722998
1109,83.0,97.45596741157772
1110,114.0,97.2345510786084
1111,102.0,96.99770416689643
1112,102.0,96.74587752799965
1113,130.0,96.47955052823812
1114,101.0,96.19923013619294
1115,104.0,95.90544995766273
1116,98.0,95.59876921991467
1117,79.0,95.27977170716368
1118,75.0,94.94906464930585
1119,79.0,94.6072775660221
1120,77.0,94.2550610684513
1121,88.0,93.89308562071524
1122,88.0,93.52204026365206
1123,84.0,93.14263130318773
1124,83.0,92.75558096584273
1125,86.0,92.36162602393259
1126,75.0,91.96151639308033
1127,126.0,91.55601370470896
1128,123.0,91.14588985623311
1129,80.0,90.73192554170808
1130,77.0,90.31490876573496
1131,76.0,89.89563334344842
1132,76.0,89.4748973894448
1133,71.0,89.05350179852573
1134,68.0,88.63224872114903
1135,72.0,88.21194003648998
1136,68.0,87.79337582601845
1137,69.0,87.3773528504989
1138,65.0,86.96466303331033
1139,77.0,86.55609195297556
1140,73.0,86.1524173477676
1141,70.0,85.75440763524092
1142,72.0,85.36282044950474
1143,81.0,84.97840119902327
1144,84.0,84.60188164768896
1145,90.0,84.23397852186766
1146,78.0,83.87539214606964
1147,73.0,83.52680510984189
1148,76.0,83.18888096842038
1149,78.0,82.86226297961463
1150,76.0,82.54757287933
1151,67.0,82.2454096980582
1152,74.0,81.95634862058871
1153,105.0,81.68093989111159
1154,98.0,81.41970776579659
1155,90.0,81.17314951484177
1156,88.0,80.9417344758913
1157,70.0,80.72590316062448
1158,77.0,80.526066416217
1159,80.0,80.3426046432699
1160,71.0,80.1758670716952
1161,70.0,80.02617109593716
1162,72.0,79.89380167079376
1163,74.0,79.77901076898924
1164,73.0,79.68201690152938
1165,69.0,79.60300470175369
1166,75.0,79.54212457387521
1167,76.0,79.49949240667756
1168,80.0,79.47518935291404
1169,76.0,79.4692616748288
1170,79.0,79.48172065609398
1171,80.0,79.5125425803306
1172,82.0,79.5616687762541
1173,87.0,79.62900572935838
1174,82.0,79.714425259926
1175,127.0,79.81776476702564
1176,117.0,79.93882753803207
1177,90.0,80.0773831230799
1178,78.0,80.23316777373806
1179,76.0,80.40588494506977
1180,74.0,80.59520586012283
1181,77.0,80.8007701357751
1182,78.0,81.02218646874437
1183,122.0,81.25903338045636
1184,128.0,81.51086001935313
1185,71.0,81.77718701911465
1186,117.0,82.05750741115983
1187,103.0,82.3512875896901
1188,97.0,82.65796832743816
1189,104.0,82.97696584018915
1190,84.0,83.30767289804692
1191,101.0,83.64945998133066
1192,111.0,84.00167647890147
1193,92.0,84.36365192663753
1194,85.0,84.73469728370071
1195,146.0,85.1141062441651
1196,147.0,85.50115658151012
1197,101.0,85.89511152342018
1198,85.0,86.29522115427244
1199,85.0,86.70072384264381
1200,86.0,87.11084769111973
1201,99.0,87.52481200564469
1202,82.0,87.94182878161787
1203,86.0,88.3611042039044
1204,137.0,88.78184015790796
1205,108.0,89.20323574882703
1206,90.0,89.62448882620374
1207,85.0,90.04479751086285
1208,84.0,90.46336172133431
1209,112.0,90.87938469685395
1210,124.0,91.2920745140425
1211,126.0,91.70064559437726
1212,122.0,92.10432019958517
1213,116.0,92.50232991211185
1214,116.0,92.89391709784809
1215,108.0,93.2783363483295
1216,98.0,93.65485589966381
1217,86.0,94.02275902548517
1218,121.0,94.38134540128318
1219,110.0,94.72993243751088
1220,104.0,95.06785657893239
1221,91.0,95.39447456773819
1222,87.0,95.70916466802282
1223,137.0,96.01132784929457
1224,119.0,96.30038892676411
1225,131.0,96.57579765624122
1226,114.0,96.8370297815562
1227,99.0,97.083588032511
1228,109.0,97.31500307146152
1229,116.0,97.53083438672833
1230,100.0,97.73067113113578
1231,78.0,97.91413290408292
1232,87.0,98.08087047565762
1233,86.0,98.23056645141565
1234,119.0,98.36293587655899
1235,115.0,98.47772677836358
1236,117.0,98.57472064582342
1237,133.0,98.65373284559911
1238,100.0,98.71461297347759
1239,82.0,98.75724514067524
1240,78.0,98.78154819443876
1241,124.0,98.787475872524
1242,96.0,98.77501689125882
1243,79.0,98.7441949670222
1244,88.0,98.6950687710987
1245,82.0,98.62773181799443
1246,74.0,98.54231228742678
1247,80.0,98.43897278032716
1248,85.0,98.31791000932076
1249,140.0,98.17935442427289
1250,101.0,98.02356977361472
1251,89.0,97.85085260228301
1252,81.0,97.66153168722998
1253,92.0,97.45596741157769
1254,101.0,97.23455107860842
1255,112.0,96.99770416689645
1256,121.0,96.7458775279997
1257,101.0,96.47955052823814
1258,81.0,96.19923013619294
1259,73.0,95.90544995766273
1260,68.0,95.59876921991462
1261,67.0,95.27977170716363
1262,74.0,94.94906464930591
1263,73.0,94.60727756602216
1264,71.0,94.2550610684513
1265,70.0,93.89308562071524
1266,68.0,93.52204026365206
1267,70.0,93.14263130318773
1268,67.0,92.75558096584265
1269,73.0,92.36162602393266
1270,79.0,91.9615163930804
1271,110.0,91.55601370470896
1272,106.0,91.14588985623304
1273,86.0,90.73192554170808
1274,73.0,90.31490876573496
1275,80.0,89.89563334344837
1276,77.0,89.47489738944488
1277,73.0,89.0535017985258
1278,70.0,88.6322487211491
1279,76.0,88.21194003648992
1280,71.0,87.79337582601845
1281,75.0,87.3773528504989
1282,127.0,86.96466303331027
1283,91.0,86.55609195297556
1284,97.0,86.15241734776765
1285,111.0,85.75440763524098
1286,105.0,85.36282044950468
1287,92.0,84.97840119902327
1288,89.0,84.60188164768896
1289,88.0,84.23397852186766
1290,80.0,83.87539214606964
1291,75.0,83.52680510984194
1292,81.0,83.18888096842043
1293,77.0,82.86226297961458
1294,73.0,82.54757287932995
1295,77.0,82.2454096980582
1296,75.0,81.95634862058871
1297,77.0,81.68093989111159
1298,73.0,81.41970776579663
1299,72.0,81.17314951484181
1300,72.0,80.9417344758913
1301,70.0,80.72590316062444
1302,73.0,80.526066416217
1303,77.0,80.3426046432699
1304,67.0,80.1758670716952
1305,70.0,80.02617109593716
1306,69.0,79.89380167079376
1307,73.0,79.77901076898924
1308,73.0,79.68201690152937
1309,68.0,79.60300470175369
1310,69.0,79.54212457387521
1311,70.0,79.49949240667756
1312,63.0,79.47518935291404
1313,88.0,79.4692616748288
1314,75.0,79.48172065609398
1315,81.0,79.5125425803306
1316,85.0,79.56166877625411
1317,84.0,79.6290057293584
1318,81.0,79.714425259926
1319,67.0,79.81776476702564
1320,69.0,79.93882753803203
1321,64.0,80.0773831230799
1322,64.0,80.23316777373809
1323,67.0,80.40588494506977
1324,68.0,80.59520586012283
1325,73.0,80.8007701357751
1326,109.0,81.02218646874432
1327,106.0,81.25903338045636
1328,127.0,81.51086001935317
1329,111.0,81.77718701911465
1330,85.0,82.05750741115988
1331,78.0,82.35128758969005
1332,75.0,82.65796832743816
1333,71.0,82.97696584018914
1334,71.0,83.30767289804686
1335,125.0,83.64945998133066
1336,116.0,84.00167647890153
1337,122.0,84.36365192663752
1338,126.0,84.73469728370077
1339,118.0,85.1141062441651
1340,116.0,85.50115658151005
1341,96.0,85.89511152342017
1342,95.0,86.29522115427237
1343,77.0,86.70072384264381
1344,77.0,87.11084769111979
1345,94.0,87.52481200564469
1346,129.0,87.94182878161787
1347,90.0,88.3611042039044
1348,100.0,88.7818401579079
1349,95.0,89.20323574882703
1350,78.0,89.62448882620382
1351,77.0,90.04479751086285
1352,83.0,90.46336172133438
1353,88.0,90.87938469685388
1354,128.0,91.29207451404243
1355,93.0,91.70064559437726
1356,103.0,92.1043201995851
1357,91.0,92.50232991211185
1358,87.0,92.89391709784815
1359,137.0,93.2783363483295
1360,117.0,93.65485589966387
1361,117.0,94.02275902548517
1362,135.0,94.38134540128313
1363,135.0,94.72993243751087
1364,139.0,95.06785657893234
1365,105.0,95.39447456773819
1366,114.0,95.70916466802286
1367,141.0,96.01132784929457
1368,115.0,96.30038892676407
1369,142.0,96.57579765624122
1370,112.0,96.83702978155614
1371,133.0,97.083588032511
1372,134.0,97.31500307146156
1373,136.0,97.53083438672833
1374,111.0,97.73067113113581
1375,118.0,97.91413290408289
1376,124.0,98.08087047565759
1377,124.0,98.23056645141565
1378,101.0,98.36293587655899
1379,128.0,98.47772677836358
1380,118.0,98.57472064582343
1381,92.0,98.65373284559911
1382,91.0,98.71461297347759
1383,85.0,98.75724514067524
1384,92.0,98.78154819443876
1385,80.0,98.787475872524
1386,77.0,98.77501689125883
1387,82.0,98.7441949670222
1388,82.0,98.69506877109869
1389,82.0,98.62773181799443
1390,94.0,98.5423122874268
1391,90.0,98.43897278032716
1392,117.0,98.31791000932076
1393,116.0,98.17935442427289
1394,95.0,98.0235697736147
1395,79.0,97.85085260228301
1396,79.0,97.66153168722998
1397,87.0,97.45596741157776
1398,106.0,97.23455107860845
1399,86.0,96.99770416689643
1400,85.0,96.7458775279997
1401,97.0,96.47955052823814
1402,130.0,96.1992301361929
1403,134.0,95.90544995766273
1404,127.0,95.59876921991467
1405,116.0,95.27977170716363
1406,102.0,94.94906464930591
1407,111.0,94.6072775660221
1408,111.0,94.25506106845135
1409,122.0,93.89308562071525
1410,108.0,93.52204026365206
1411,94.0,93.1426313031878
1412,89.0,92.75558096584265
1413,89.0,92.36162602393253
1414,88.0,91.96151639308033
1415,88.0,91.55601370470889
1416,82.0,91.14588985623291
1417,76.0,90.73192554170801
1418,80.0,90.31490876573496
1419,120.0,89.89563334344837
1420,121.0,89.47489738944488
1421,93.0,89.05350179852573
1422,79.0,88.6322487211491
1423,77.0,88.21194003648992
1424,79.0,87.79337582601839
1425,84.0,87.3773528504989
1426,74.0,86.96466303331027
1427,73.0,86.55609195297544
1428,72.0,86.1524173477676
1429,125.0,85.75440763524085
1430,84.0,85.36282044950455
1431,75.0,84.97840119902321
1432,80.0,84.60188164768896
1433,74.0,84.23397852186773
1434,74.0,83.87539214606964
1435,67.0,83.5268051098419
1436,72.0,83.18888096842043
1437,76.0,82.86226297961458
1438,110.0,82.5475728793299
1439,102.0,82.24540969805821
1440,80.0,81.95634862058867
1441,96.0,81.6809398911115
1442,97.0,81.41970776579659
1443,96.0,81.17314951484174
1444,81.0,80.94173447589125
1445,71.0,80.72590316062441
1446,79.0,80.526066416217
1447,84.0,80.34260464326992
1448,81.0,80.1758670716952
1449,75.0,80.02617109593713
1450,81.0,79.89380167079379
1451,97.0,79.77901076898922
1452,81.0,79.68201690152935
1453,83.0,79.60300470175369
1454,84.0,79.5421245738752
1455,71.0,79.49949240667756
1456,89.0,79.47518935291404
1457,81.0,79.4692616748288
1458,73.0,79.48172065609398
1459,99.0,79.51254258033062
1460,110.0,79.56166877625411
1461,96.0,79.62900572935837
1462,83.0,79.714425259926
1463,70.0,79.81776476702565
1464,76.0,79.93882753803206
1465,71.0,80.07738312307993
1466,69.0,80.23316777373806
1467,66.0,80.4058849450698
1468,70.0,80.59520586012286
1469,80.0,80.8007701357751
1470,95.0,81.02218646874441
1471,97.0,81.25903338045643
1472,104.0,81.51086001935317
1473,98.0,81.77718701911473
1474,88.0,82.05750741115997
1475,81.0,82.35128758969014
1476,82.0,82.65796832743825
1477,76.0,82.9769658401892
1478,81.0,83.30767289804692
1479,113.0,83.64945998133072
1480,117.0,84.00167647890147
1481,132.0,84.36365192663757
1482,132.0,84.73469728370083
1483,111.0,85.1141062441651
1484,104.0,85.50115658151017
1485,89.0,85.8951115234203
1486,112.0,86.2952211542725
1487,137.0,86.70072384264394
1488,103.0,87.11084769111979
1489,142.0,87.52481200564482
1490,96.0,87.94182878161801
1491,91.0,88.36110420390447
1492,96.0,88.78184015790795
1493,94.0,89.2032357488271
1494,78.0,89.62448882620374
1495,70.0,90.0447975108629
1496,71.0,90.46336172133445
1497,75.0,90.87938469685393
1498,111.0,91.29207451404255
1499,143.0,91.70064559437726
1500,122.0,92.10432019958523
1501,143.0,92.50232991211197
1502,93.0,92.89391709784815
1503,97.0,93.27833634832962
1504,108.0,93.654855899664
1505,94.0,94.02275902548523
1506,118.0,94.38134540128318
1507,123.0,94.72993243751093
1508,105.0,95.06785657893239
1509,133.0,95.39447456773824
1510,138.0,95.70916466802282
1511,129.0,96.01132784929462
1512,116.0,96.30038892676416
1513,96.0,96.57579765624122
1514,86.0,96.83702978155623
1515,79.0,97.08358803251107
1516,83.0,97.31500307146156
1517,98.0,97.5308343867284
1518,119.0,97.73067113113586
1519,87.0,97.91413290408295
1520,91.0,98.0808704756576
1521,123.0,98.23056645141563
1522,98.0,98.36293587655902
1523,98.0,98.47772677836359
1524,91.0,98.57472064582342
1525,113.0,98.65373284559912
1526,99.0,98.7146129734776
1527,116.0,98.75724514067524
1528,97.0,98.78154819443876
1529,90.0,98.787475872524
1530,83.0,98.77501689125882
1531,99.0,98.74419496702218
1532,104.0,98.69506877109869
1533,103.0,98.6277318179944
1534,111.0,98.54231228742678
1535,105.0,98.43897278032718
1536,107.0,98.31791000932074
1537,100.0,98.17935442427286
1538,80.0,98.02356977361472
1539,77.0,97.85085260228298
1540,81.0,97.66153168722991
1541,98.0,97.45596741157769
1542,95.0,97.23455107860838
1543,82.0,96.99770416689643
1544,93.0,96.74587752799961
1545,92.0,96.47955052823805
1546,132.0,96.1992301361929
1547,88.0,95.90544995766263
1548,81.0,95.59876921991462
1549,93.0,95.27977170716369
1550,97.0,94.94906464930585
1551,111.0,94.60727756602205
1552,120.0,94.2550610684513
1553,102.0,93.89308562071518
1554,96.0,93.52204026365206
1555,89.0,93.14263130318767
1556,97.0,92.7555809658426
1557,85.0,92.3616260239326
1558,79.0,91.96151639308027
1559,74.0,91.55601370470883
1560,79.0,91.14588985623298
1561,89.0,90.73192554170795
1562,82.0,90.3149087657349
1563,66.0,89.89563334344844
1564,77.0,89.4748973894448
1565,76.0,89.0535017985258
1566,79.0,88.63224872114903
1567,113.0,88.21194003648985
1568,105.0,87.79337582601846
1569,112.0,87.37735285049882
1570,89.0,86.9646630333102
1571,95.0,86.5560919529755
1572,113.0,86.15241734776752
1573,87.0,85.7544076352408
1574,71.0,85.36282044950462
1575,65.0,84.97840119902315
1576,71.0,84.6018816476889
1577,71.0,84.23397852186767
1578,66.0,83.87539214606959
1579,67.0,83.52680510984196
1580,67.0,83.18888096842038
1581,69.0,82.86226297961453
1582,113.0,82.54757287932996
1583,71.0,82.24540969805815
1584,71.0,81.95634862058861
1585,71.0,81.68093989111155
1586,69.0,81.41970776579655
1587,83.0,81.17314951484178
1588,73.0,80.94173447589122
1589,77.0,80.72590316062438
1590,82.0,80.52606641621698
1591,99.0,80.3426046432699
1592,99.0,80.17586707169518
1593,88.0,80.02617109593716
1594,76.0,79.89380167079376
1595,66.0,79.77901076898921
1596,73.0,79.68201690152937
1597,103.0,79.60300470175368
1598,92.0,79.54212457387521
1599,84.0,79.49949240667756
1600,81.0,79.47518935291404
1601,72.0,79.4692616748288
1602,68.0,79.48172065609398
1603,62.0,79.51254258033062
1604,64.0,79.56166877625412
1605,66.0,79.62900572935837
1606,66.0,79.71442525992602
1607,68.0,79.81776476702564
1608,76.0,79.93882753803207
1609,80.0,80.0773831230799
1610,68.0,80.23316777373807
1611,68.0,80.40588494506983
1612,70.0,80.59520586012283
1613,105.0,80.80077013577512
1614,90.0,81.02218646874444
1615,97.0,81.2590333804564
1616,82.0,81.5108600193532
1617,77.0,81.77718701911478
1618,82.0,82.05750741115992
1619,84.0,82.3512875896901
1620,97.0,82.6579683274381
1621,93.0,82.97696584018914
1622,113.0,83.30767289804696
1623,129.0,83.64945998133066
1624,142.0,84.00167647890153
1625,104.0,84.36365192663764
1626,90.0,84.73469728370077
1627,119.0,85.11410624416516
1628,133.0,85.50115658151023
1629,142.0,85.89511152342024
1630,120.0,86.29522115427255
1631,111.0,86.70072384264387
1632,128.0,87.11084769111986
1633,116.0,87.52481200564475
1634,144.0,87.9418287816178
1635,136.0,88.3611042039044
1636,159.0,88.78184015790802
1637,100.0,89.20323574882703
1638,109.0,89.6244888262038
1639,84.0,90.04479751086298
1640,94.0,90.46336172133438
1641,105.0,90.879384696854
1642,83.0,91.29207451404248
1643,78.0,91.70064559437732
1644,86.0,92.1043201995853
1645,102.0,92.5023299121119
1646,102.0,92.89391709784822
1647,117.0,93.27833634832956
1648,121.0,93.65485589966381
1649,135.0,94.02275902548516
1650,112.0,94.38134540128324
1651,106.0,94.72993243751087
1652,132.0,95.06785657893245
1653,101.0,95.39447456773819
1654,92.0,95.70916466802286
1655,116.0,96.01132784929466
1656,119.0,96.30038892676411
1657,135.0,96.57579765624126
1658,126.0,96.83702978155627
1659,124.0,97.08358803251105
1660,107.0,97.31500307146159
1661,100.0,97.53083438672837
1662,103.0,97.73067113113578
1663,96.0,97.91413290408292
1664,89.0,98.08087047565763
1665,82.0,98.23056645141565
1666,98.0,98.36293587655904
1667,101.0,98.47772677836358
1668,103.0,98.57472064582343
1669,98.0,98.65373284559912
1670,103.0,98.71461297347759
1671,97.0,98.75724514067525
1672,108.0,98.78154819443876
1673,131.0,98.787475872524
1674,116.0,98.77501689125882
1675,119.0,98.74419496702218
1676,116.0,98.6950687710987
1677,120.0,98.62773181799442
1678,108.0,98.5423122874268
1679,87.0,98.43897278032716
1680,82.0,98.31791000932071
1681,83.0,98.17935442427289
1682,92.0,98.02356977361471
1683,76.0,97.85085260228296
1684,78.0,97.66153168722995
1685,79.0,97.45596741157766
1686,92.0,97.23455107860835
1687,116.0,96.99770416689638
1688,108.0,96.74587752799957
1689,83.0,96.4795505282381
1690,116.0,96.19923013619295
1691,126.0,95.90544995766268
1692,119.0,95.59876921991467
1693,98.0,95.27977170716363
1694,104.0,94.94906464930581
1695,91.0,94.6072775660221
1696,102.0,94.25506106845124
1697,87.0,93.89308562071513
1698,79.0,93.522040263652
1699,77.0,93.14263130318761
1700,78.0,92.75558096584267
1701,101.0,92.36162602393253
1702,80.0,91.9615163930802
1703,80.0,91.5560137047089
1704,77.0,91.14588985623305
1705,77.0,90.73192554170802
1706,87.0,90.31490876573497
1707,124.0,89.89563334344837
1708,129.0,89.47489738944475
1709,94.0,89.05350179852574
1710,107.0,88.63224872114895
1711,100.0,88.21194003648992
1712,97.0,87.79337582601839
1713,75.0,87.37735285049877
1714,72.0,86.96466303331027
1715,80.0,86.55609195297544
1716,73.0,86.15241734776747
1717,68.0,85.75440763524087
1718,82.0,85.36282044950468
1719,92.0,84.97840119902321
1720,102.0,84.60188164768896
1721,85.0,84.23397852186761
1722,84.0,83.87539214606966
1723,72.0,83.5268051098419
1724,75.0,83.18888096842034
1725,69.0,82.86226297961458
1726,70.0,82.5475728793299
1727,99.0,82.24540969805811
1728,74.0,81.95634862058867
1729,81.0,81.6809398911115
1730,70.0,81.41970776579652
1731,73.0,81.17314951484174
1732,62.0,80.94173447589125
1733,61.0,80.72590316062448
1734,71.0,80.526066416217
1735,76.0,80.34260464326987
1736,76.0,80.1758670716952
1737,75.0,80.02617109593714
1738,65.0,79.89380167079375
1739,66.0,79.77901076898922
1740,74.0,79.68201690152935
1741,81.0,79.60300470175366
1742,77.0,79.5421245738752
1743,97.0,79.49949240667755
1744,104.0,79.47518935291404
1745,105.0,79.4692616748288
1746,78.0,79.48172065609398
1747,70.0,79.5125425803306
1748,74.0,79.56166877625411
1749,68.0,79.62900572935838
1750,69.0,79.714425259926
1751,66.0,79.81776476702565
1752,62.0,79.93882753803209
1753,71.0,80.07738312307993
1754,100.0,80.2331677737381
1755,87.0,80.4058849450698
1756,102.0,80.59520586012286
1757,88.0,80.80077013577517
1758,69.0,81.0221864687444
1759,63.0,81.25903338045643
1760,65.0,81.51086001935316
1761,64.0,81.77718701911463
1762,98.0,82.05750741115988
1763,73.0,82.35128758969014
1764,74.0,82.65796832743816
1765,116.0,82.9769658401892
1766,103.0,83.3076728980469
1767,88.0,83.64945998133072
1768,84.0,84.00167647890159
1769,70.0,84.36365192663757
1770,70.0,84.73469728370083
1771,84.0,85.11410624416521
1772,110.0,85.50115658151016
1773,94.0,85.8951115234203
1774,77.0,86.2952211542725
1775,72.0,86.7007238426438
1776,71.0,87.11084769111979
1777,114.0,87.52481200564468
1778,120.0,87.94182878161787
1779,110.0,88.36110420390446
1780,106.0,88.78184015790795
1781,109.0,89.2032357488271
1782,137.0,89.62448882620387
1783,113.0,90.0447975108629
1784,100.0,90.46336172133444
1785,97.0,90.87938469685407
1786,73.0,91.29207451404255
1787,69.0,91.70064559437739
1788,70.0,92.10432019958523
1789,112.0,92.50232991211183
1790,120.0,92.89391709784815
1791,126.0,93.27833634832949
1792,129.0,93.65485589966387
1793,119.0,94.02275902548521
1794,112.0,94.38134540128317
1795,115.0,94.72993243751093
1796,108.0,95.06785657893249
1797,125.0,95.39447456773824
1798,118.0,95.70916466802291
1799,112.0,96.01132784929462
1800,123.0,96.30038892676416
1801,131.0,96.5757976562413
1802,109.0,96.83702978155623
1803,98.0,97.083588032511
1804,99.0,97.31500307146156
1805,93.0,97.53083438672833
1806,90.0,97.73067113113581
1807,110.0,97.91413290408295
1808,101.0,98.0808704756576
1809,90.0,98.23056645141567
1810,71.0,98.36293587655902
1811,71.0,98.47772677836359
1812,66.0,98.57472064582345
1813,69.0,98.65373284559912
1814,127.0,98.7146129734776
1815,98.0,98.75724514067525
1816,111.0,98.78154819443876
1817,116.0,98.787475872524
1818,96.0,98.77501689125882
1819,82.0,98.7441949670222
1820,77.0,98.69506877109869
1821,67.0,98.62773181799443
1822,69.0,98.54231228742678
1823,86.0,98.43897278032715
1824,81.0,98.31791000932074
1825,67.0,98.17935442427286
1826,93.0,98.02356977361468
1827,104.0,97.850852602283
1828,93.0,97.66153168722992
1829,75.0,97.45596741157762
1830,87.0,97.23455107860838
1831,91.0,96.99770416689643
1832,93.0,96.7458775279997
1833,83.0,96.47955052823814
1834,83.0,96.19923013619291
1835,76.0,95.90544995766273
1836,78.0,95.59876921991463
1837,111.0,95.27977170716358
1838,126.0,94.94906464930587
1839,115.0,94.60727756602205
1840,115.0,94.25506106845118
1841,119.0,93.8930856207152
1842,119.0,93.52204026365195
1843,115.0,93.14263130318768
1844,124.0,92.7555809658426
1845,121.0,92.3616260239326
1846,118.0,91.9615163930804
1847,104.0,91.55601370470896
1848,104.0,91.14588985623298
1849,112.0,90.7319255417081
1850,105.0,90.3149087657349
1851,110.0,89.8956333434483
1852,111.0,89.47489738944482
1853,107.0,89.05350179852567
1854,84.0,88.63224872114903
1855,65.0,88.21194003648986
1856,66.0,87.79337582601832
1857,73.0,87.37735285049884
1858,81.0,86.96466303331022
1859,118.0,86.5560919529755
1860,102.0,86.15241734776767
1861,103.0,85.75440763524092
1862,114.0,85.36282044950462
1863,86.0,84.97840119902328
1864,77.0,84.6018816476889
1865,71.0,84.23397852186767
1866,71.0,83.8753921460696
1867,76.0,83.52680510984185
1868,79.0,83.18888096842038
1869,91.0,82.86226297961454
1870,97.0,82.54757287932986
1871,95.0,82.24540969805815
1872,96.0,81.95634862058863
1873,76.0,81.68093989111156
1874,68.0,81.41970776579663
1875,67.0,81.17314951484178
1876,67.0,80.9417344758913
1877,69.0,80.72590316062445
1878,66.0,80.52606641621698
1879,68.0,80.3426046432699
1880,69.0,80.17586707169518
1881,80.0,80.02617109593712
1882,73.0,79.89380167079378
1883,71.0,79.77901076898921
1884,71.0,79.68201690152934
1885,117.0,79.60300470175368
1886,85.0,79.5421245738752
1887,84.0,79.49949240667756
1888,70.0,79.47518935291404
1889,70.0,79.4692616748288
1890,65.0,79.48172065609398
1891,67.0,79.5125425803306
1892,64.0,79.56166877625411
1893,63.0,79.62900572935837
1894,63.0,79.71442525992602
1895,71.0,79.81776476702566
1896,70.0,79.93882753803207
1897,111.0,80.07738312307995
1898,92.0,80.23316777373807
1899,94.0,80.40588494506983
1900,100.0,80.59520586012289
1901,79.0,80.80077013577512
1902,72.0,81.02218646874437
1903,63.0,81.25903338045639
1904,65.0,81.51086001935312
1905,61.0,81.77718701911469
1906,66.0,82.05750741115992
1907,68.0,82.35128758969009
1908,68.0,82.6579683274382
1909,114.0,82.97696584018914
1910,97.0,83.30767289804696
1911,76.0,83.64945998133078
1912,73.0,84.00167647890153
1913,69.0,84.36365192663763
1914,85.0,84.73469728370088
1915,82.0,85.11410624416514
1916,79.0,85.5011565815101
1917,78.0,85.89511152342023
1918,135.0,86.29522115427243
1919,125.0,86.70072384264387
1920,111.0,87.11084769111972
1921,111.0,87.52481200564475
1922,104.0,87.94182878161793
1923,80.0,88.36110420390439
1924,81.0,88.78184015790802
1925,113.0,89.20323574882715
1926,121.0,89.6244888262038
1927,118.0,90.04479751086298
1928,147.0,90.46336172133451
1929,108.0,90.879384696854
1930,99.0,91.29207451404248
1931,79.0,91.70064559437732
1932,79.0,92.10432019958516
1933,72.0,92.5023299121119
1934,82.0,92.89391709784807
1935,92.0,93.27833634832955
1936,110.0,93.65485589966393
1937,114.0,94.02275902548516
1938,105.0,94.38134540128323
1939,94.0,94.72993243751098
1940,99.0,95.06785657893244
1941,124.0,95.39447456773829
1942,118.0,95.70916466802296
1943,122.0,96.01132784929466
1944,120.0,96.3003889267641
1945,119.0,96.57579765624118
1946,120.0,96.83702978155618
1947,111.0,97.08358803251105
1948,111.0,97.31500307146152
1949,88.0,97.53083438672837
1950,78.0,97.73067113113584
1951,65.0,97.91413290408292
1952,69.0,98.08087047565763
1953,104.0,98.2305664514157
1954,82.0,98.36293587655904
1955,81.0,98.4777267783636
1956,76.0,98.57472064582343
1957,112.0,98.65373284559912
1958,123.0,98.71461297347759
1959,128.0,98.75724514067524
1960,131.0,98.78154819443876
1961,112.0,98.787475872524
1962,105.0,98.77501689125882
1963,83.0,98.74419496702218
1964,82.0,98.69506877109868
1965,68.0,98.62773181799442
1966,67.0,98.54231228742677
1967,93.0,98.43897278032716
1968,106.0,98.31791000932071
1969,114.0,98.17935442427284
1970,97.0,98.02356977361471
1971,102.0,97.85085260228297
1972,97.0,97.66153168722995
1973,111.0,97.45596741157773
1974,105.0,97.23455107860842
1975,90.0,96.99770416689638
1976,83.0,96.74587752799965
1977,73.0,96.4795505282381
1978,76.0,96.19923013619295
1979,87.0,95.90544995766268
1980,86.0,95.59876921991457
1981,88.0,95.27977170716363
1982,101.0,94.94906464930581
1983,87.0,94.60727756602199
1984,116.0,94.25506106845125
1985,116.0,93.89308562071514
1986,120.0,93.522040263652
1987,115.0,93.14263130318774
1988,127.0,92.75558096584267
1989,122.0,92.36162602393267
1990,131.0,91.96151639308034
1991,91.0,91.5560137047089
1992,105.0,91.14588985623305
1993,88.0,90.73192554170802
1994,72.0,90.31490876573483
1995,75.0,89.89563334344837
1996,71.0,89.47489738944475
1997,67.0,89.0535017985256
1998,95.0,88.63224872114897
1999,76.0,88.21194003648979
2000,69.0,87.79337582601839
2001,88.0,87.37735285049891
2002,72.0,86.96466303331029
2003,73.0,86.55609195297558
2004,70.0,86.1524173477676
2005,69.0,85.75440763524087
2006,70.0,85.36282044950468
2007,66.0,84.97840119902322
2008,64.0,84.60188164768884
2009,68.0,84.23397852186761
2010,91.0,83.87539214606954
2011,88.0,83.5268051098419
2012,91.0,83.18888096842034
2013,88.0,82.86226297961448
2014,70.0,82.54757287932992
2015,69.0,82.24540969805821
2016,66.0,81.95634862058867
2017,66.0,81.6809398911116
2018,60.0,81.4197077657966
2019,67.0,81.17314951484174
2020,68.0,80.94173447589127
2021,65.0,80.72590316062441
2022,105.0,80.52606641621702
2023,87.0,80.34260464326987
2024,75.0,80.17586707169515
2025,69.0,80.02617109593714
2026,68.0,79.89380167079375
2027,61.0,79.7790107689892
2028,69.0,79.68201690152935
2029,61.0,79.60300470175369
2030,64.0,79.5421245738752
2031,65.0,79.49949240667756
2032,61.0,79.47518935291404
2033,122.0,79.4692616748288
2034,89.0,79.48172065609398
2035,98.0,79.51254258033062
2036,95.0,79.56166877625411
2037,84.0,79.62900572935838
2038,68.0,79.71442525992603
2039,61.0,79.81776476702565
2040,60.0,79.93882753803209
2041,64.0,80.07738312307997
2042,63.0,80.2331677737381
2043,59.0,80.40588494506979
2044,65.0,80.5952058601228
2045,62.0,80.80077013577508
2046,82.0,81.0221864687444
2047,77.0,81.25903338045634
2048,80.0,81.51086001935316
2049,74.0,81.77718701911473
2050,63.0,82.05750741115988
2051,66.0,82.35128758969014
2052,64.0,82.65796832743825
2053,69.0,82.9769658401892
2054,97.0,83.30767289804702
2055,98.0,83.64945998133072
2056,79.0,84.00167647890157
2057,80.0,84.36365192663757
2058,68.0,84.7346972837007
2059,75.0,85.11410624416509
2060,71.0,85.50115658151016
2061,82.0,85.89511152342017
2062,111.0,86.29522115427248
2063,118.0,86.70072384264392
2064,101.0,87.11084769111977
2065,94.0,87.5248120056448
2066,124.0,87.94182878161786
2067,88.0,88.36110420390446
2068,87.0,88.78184015790808
2069,88.0,89.20323574882708
2070,100.0,89.62448882620387
2071,110.0,90.0447975108629
2072,115.0,90.4633617213343
2073,94.0,90.87938469685393
2074,115.0,91.29207451404255
2075,85.0,91.70064559437725
2076,104.0,92.10432019958523
2077,83.0,92.50232991211183
2078,107.0,92.89391709784815
2079,119.0,93.27833634832962
2080,120.0,93.65485589966387
2081,99.0,94.02275902548521
2082,89.0,94.38134540128328
2083,116.0,94.72993243751093
2084,107.0,95.06785657893249
2085,96.0,95.39447456773823
2086,89.0,95.70916466802281
2087,92.0,96.01132784929462
2088,94.0,96.30038892676406
2089,119.0,96.57579765624122
2090,116.0,96.83702978155623
2091,109.0,97.083588032511
2092,119.0,97.31500307146155
2093,116.0,97.5308343867284
2094,117.0,97.73067113113581
2095,107.0,97.91413290408295
2096,119.0,98.08087047565766
2097,107.0,98.23056645141567
2098,91.0,98.36293587655905
2099,110.0,98.47772677836358
2100,104.0,98.57472064582342
2101,101.0,98.65373284559911
2102,98.0,98.71461297347759
2103,104.0,98.75724514067524
2104,107.0,98.78154819443876
2105,90.0,98.787475872524
2106,93.0,98.77501689125882
2107,91.0,98.74419496702218
2108,82.0,98.69506877109869
2109,76.0,98.6277318179944
2110,73.0,98.54231228742678
2111,103.0,98.43897278032715
2112,94.0,98.3179100093207
2113,88.0,98.17935442427287
2114,78.0,98.02356977361474
2115,95.0,97.850852602283
2116,91.0,97.66153168722998
2117,96.0,97.45596741157769
2118,85.0,97.23455107860838
2119,75.0,96.99770416689643
2120,76.0,96.74587752799961
2121,74.0,96.47955052823814
2122,72.0,96.19923013619291
2123,63.0,95.90544995766264
2124,64.0,95.59876921991463
2125,71.0,95.27977170716359
2126,77.0,94.94906464930575
2127,118.0,94.60727756602205
2128,107.0,94.25506106845131
2129,120.0,93.8930856207152
2130,133.0,93.52204026365207
2131,114.0,93.14263130318768
2132,123.0,92.75558096584274
2133,117.0,92.3616260239326
2134,111.0,91.96151639308027
2135,108.0,91.55601370470897
2136,87.0,91.14588985623298
2137,89.0,90.73192554170795
2138,69.0,90.3149087657349
2139,71.0,89.89563334344831
2140,68.0,89.47489738944468
2141,63.0,89.05350179852567
2142,78.0,88.63224872114904
2143,77.0,88.21194003649
2144,74.0,87.79337582601846
2145,79.0,87.37735285049884
2146,65.0,86.96466303331036
2147,66.0,86.55609195297552
2148,62.0,86.15241734776754
2149,59.0,85.75440763524094
2150,60.0,85.36282044950462
2151,91.0,84.97840119902315
2152,113.0,84.6018816476889
2153,99.0,84.23397852186756
2154,94.0,83.8753921460696
2155,92.0,83.52680510984185
2156,94.0,83.18888096842039
2157,69.0,82.86226297961464
2158,57.0,82.54757287932996
2159,56.0,82.24540969805817
2160,55.0,81.95634862058871
2161,64.0,81.68093989111156
2162,58.0,81.41970776579656
2163,58.0,81.17314951484178
2164,61.0,80.94173447589122
2165,80.0,80.72590316062445
2166,75.0,80.52606641621698
2167,66.0,80.34260464326984
2168,62.0,80.17586707169518
2169,61.0,80.02617109593712
2170,67.0,79.89380167079378
2171,61.0,79.77901076898924
2172,75.0,79.68201690152937
2173,67.0,79.60300470175368
2174,64.0,79.54212457387521
2175,69.0,79.49949240667756
2176,65.0,79.47518935291404
2177,87.0,79.4692616748288
2178,87.0,79.48172065609398
2179,93.0,79.5125425803306
2180,94.0,79.56166877625411
2181,66.0,79.6290057293584
2182,61.0,79.71442525992602
2183,59.0,79.81776476702566
2184,63.0,79.93882753803207
2185,63.0,80.0773831230799
2186,60.0,80.23316777373807
2187,54.0,80.40588494506981
2188,58.0,80.59520586012283
2189,68.0,80.80077013577512
2190,66.0,81.02218646874437
2191,75.0,81.25903338045639
2192,70.0,81.5108600193532
2193,70.0,81.77718701911468
2194,85.0,82.05750741115992
2195,89.0,82.35128758969019
2196,84.0,82.6579683274382
2197,80.0,82.97696584018924
2198,68.0,83.30767289804696
2199,71.0,83.64945998133066
2200,69.0,84.00167647890152
2201,67.0,84.36365192663752
2202,76.0,84.73469728370075
2203,100.0,85.11410624416514
2204,86.0,85.5011565815101
2205,77.0,85.89511152342023
2206,73.0,86.29522115427255
2207,69.0,86.70072384264387
2208,70.0,87.11084769111984
2209,87.0,87.52481200564488
2210,81.0,87.94182878161793
2211,88.0,88.36110420390453
2212,93.0,88.78184015790801
2213,122.0,89.20323574882701
2214,120.0,89.6244888262038
2215,98.0,90.04479751086284
2216,90.0,90.46336172133437
2217,77.0,90.87938469685399
2218,85.0,91.29207451404248
2219,109.0,91.70064559437732
2220,126.0,92.10432019958529
2221,110.0,92.50232991211189
2222,106.0,92.8939170978482
2223,91.0,93.27833634832955
2224,100.0,93.65485589966393
2225,95.0,94.02275902548527
2226,116.0,94.38134540128323
2227,90.0,94.72993243751087
2228,83.0,95.06785657893244
2229,98.0,95.39447456773817
2230,106.0,95.70916466802285
2231,90.0,96.01132784929466
2232,84.0,96.3003889267641
2233,78.0,96.57579765624126
2234,73.0,96.83702978155618
2235,119.0,97.08358803251103
2236,100.0,97.31500307146159
2237,117.0,97.53083438672836
2238,105.0,97.73067113113584
2239,120.0,97.91413290408298
2240,106.0,98.08087047565763
2241,104.0,98.23056645141565
2242,82.0,98.36293587655904
2243,72.0,98.47772677836356
2244,74.0,98.57472064582343
2245,79.0,98.65373284559911
2246,86.0,98.71461297347759
2247,102.0,98.75724514067525
2248,116.0,98.78154819443876
2249,112.0,98.787475872524
2250,119.0,98.77501689125882
2251,96.0,98.74419496702218
2252,112.0,98.69506877109868
2253,111.0,98.62773181799439
2254,89.0,98.54231228742677
2255,74.0,98.43897278032716
2256,69.0,98.31791000932077
2257,68.0,98.17935442427289
2258,79.0,98.02356977361471
2259,77.0,97.85085260228303
2260,88.0,97.66153168722995
2261,105.0,97.45596741157766
2262,86.0,97.23455107860842
2263,84.0,96.99770416689638
2264,90.0,96.74587752799957
2265,77.0,96.4795505282381
2266,80.0,96.19923013619287
2267,90.0,95.90544995766268
2268,103.0,95.59876921991457
2269,89.0,95.27977170716363
2270,84.0,94.94906464930592
2271,93.0,94.60727756602212
2272,87.0,94.25506106845125
2273,82.0,93.89308562071525
2274,84.0,93.522040263652
2275,87.0,93.14263130318763
2276,81.0,92.75558096584267
2277,92.0,92.36162602393254
2278,111.0,91.96151639308034
2279,113.0,91.5560137047089
2280,111.0,91.14588985623293
2281,102.0,90.73192554170802
2282,80.0,90.31490876573484
2283,73.0,89.89563334344838
2284,72.0,89.47489738944489
2285,74.0,89.05350179852574
2286,95.0,88.63224872114897
2287,97.0,88.21194003648993
2288,126.0,87.7933758260184
2289,84.0,87.37735285049891
2290,80.0,86.96466303331029
2291,82.0,86.55609195297545
2292,75.0,86.15241734776761
2293,74.0,85.75440763524087
2294,80.0,85.36282044950457
2295,99.0,84.97840119902322
2296,103.0,84.60188164768884
2297,106.0,84.23397852186761
2298,109.0,83.87539214606966
2299,84.0,83.5268051098419
2300,82.0,83.18888096842045
2301,78.0,82.8622629796146
2302,79.0,82.54757287932992
2303,86.0,82.24540969805821
2304,81.0,81.95634862058867
2305,81.0,81.68093989111152
2306,70.0,81.4197077657966
2307,74.0,81.17314951484174
2308,70.0,80.9417344758912
2309,74.0,80.72590316062443
2310,89.0,80.52606641621695
2311,84.0,80.34260464326988
2312,79.0,80.17586707169521
2313,74.0,80.02617109593714
2314,74.0,79.89380167079379
2315,73.0,79.77901076898922
2316,70.0,79.68201690152935
2317,71.0,79.60300470175369
2318,69.0,79.5421245738752
2319,63.0,79.49949240667755
2320,69.0,79.47518935291404
2321,67.0,79.4692616748288
2322,69.0,79.48172065609398
2323,80.0,79.51254258033062
2324,70.0,79.56166877625412
2325,87.0,79.62900572935838
2326,105.0,79.714425259926
2327,81.0,79.81776476702565
2328,82.0,79.93882753803204
2329,74.0,80.07738312307993
2330,76.0,80.2331677737381
2331,67.0,80.40588494506979
2332,75.0,80.59520586012286
2333,67.0,80.80077013577508
2334,68.0,81.0221864687444
2335,75.0,81.25903338045643
2336,64.0,81.51086001935316
2337,66.0,81.77718701911472
2338,74.0,82.05750741115996
2339,72.0,82.35128758969013
2340,74.0,82.65796832743814
2341,78.0,82.97696584018918
2342,85.0,83.3076728980469
2343,98.0,83.64945998133071
2344,83.0,84.00167647890146
2345,66.0,84.36365192663757
2346,72.0,84.73469728370083
2347,74.0,85.11410624416509
2348,74.0,85.50115658151016
2349,70.0,85.89511152342028
2350,70.0,86.29522115427248
2351,76.0,86.70072384264392
2352,79.0,87.11084769111991
2353,89.0,87.5248120056448
2354,78.0,87.94182878161786
2355,80.0,88.36110420390432
2356,87.0,88.78184015790794
2357,96.0,89.20323574882708
2358,106.0,89.62448882620373
2359,88.0,90.04479751086289
2360,99.0,90.46336172133444
2361,83.0,90.87938469685392
2362,128.0,91.29207451404254
2363,125.0,91.70064559437738
2364,111.0,92.10432019958522
2365,134.0,92.50232991211196
2366,124.0,92.89391709784813
2367,96.0,93.2783363483296
2368,84.0,93.65485589966386
2369,84.0,94.02275902548509
2370,93.0,94.38134540128317
2371,84.0,94.72993243751091
2372,90.0,95.06785657893238
2373,99.0,95.39447456773823
2374,84.0,95.70916466802291
2375,85.0,96.0113278492946
2376,99.0,96.30038892676414
2377,119.0,96.5757976562412
2378,91.0,96.83702978155623
2379,135.0,97.08358803251107
2380,145.0,97.31500307146155
2381,122.0,97.5308343867284
2382,99.0,97.73067113113581
2383,91.0,97.91413290408289
2384,114.0,98.0808704756576
2385,120.0,98.23056645141567
2386,114.0,98.36293587655902
2387,131.0,98.47772677836358
2388,122.0,98.57472064582342
2389,101.0,98.65373284559911
2390,112.0,98.7146129734776
2391,106.0,98.75724514067524
2392,105.0,98.78154819443876
2393,121.0,98.787475872524
2394,117.0,98.77501689125882
2395,87.0,98.74419496702218
2396,81.0,98.69506877109869
2397,76.0,98.62773181799443
2398,81.0,98.5423122874268
2399,81.0,98.43897278032718
2400,86.0,98.31791000932074
2401,85.0,98.17935442427287
2402,99.0,98.02356977361474
2403,86.0,97.850852602283
2404,90.0,97.66153168722992
2405,73.0,97.45596741157769
2406,68.0,97.23455107860839
2407,87.0,96.99770416689636
2408,87.0,96.74587752799962
2409,75.0,96.47955052823805
2410,66.0,96.19923013619291
2411,73.0,95.90544995766274
2412,79.0,95.59876921991463
2413,72.0,95.27977170716369
2414,80.0,94.94906464930587
2415,95.0,94.60727756602206
2416,87.0,94.25506106845131
2417,115.0,93.8930856207152
2418,103.0,93.52204026365195
2419,76.0,93.14263130318768
2420,82.0,92.75558096584261
2421,74.0,92.36162602393262
2422,77.0,91.96151639308029
2423,76.0,91.55601370470885
2424,88.0,91.145889856233
2425,97.0,90.7319255417081
2426,127.0,90.31490876573491
2427,129.0,89.89563334344845
2428,127.0,89.47489738944482
2429,120.0,89.05350179852569
2430,87.0,88.63224872114904
2431,72.0,88.21194003648986
2432,69.0,87.79337582601848
2433,67.0,87.37735285049884
2434,87.0,86.96466303331022
2435,99.0,86.55609195297552
2436,84.0,86.15241734776754
2437,79.0,85.75440763524081
2438,76.0,85.36282044950462
2439,80.0,84.97840119902328
2440,76.0,84.60188164768891
2441,83.0,84.23397852186768
2442,104.0,83.8753921460696
2443,92.0,83.52680510984186
2444,82.0,83.18888096842039
2445,72.0,82.86226297961454
2446,69.0,82.54757287932998
2447,71.0,82.24540969805817
2448,65.0,81.95634862058863
2449,87.0,81.68093989111156
2450,95.0,81.41970776579656
2451,78.0,81.17314951484171
2452,73.0,80.94173447589122
2453,69.0,80.72590316062445
2454,73.0,80.52606641621699
2455,66.0,80.34260464326991
2456,73.0,80.17586707169518
2457,75.0,80.02617109593716
2458,70.0,79.89380167079378
2459,69.0,79.77901076898921
2460,70.0,79.68201690152937
2461,73.0,79.60300470175368
2462,67.0,79.5421245738752
2463,74.0,79.49949240667756
2464,73.0,79.47518935291404
2465,84.0,79.4692616748288
2466,78.0,79.48172065609398
2467,73.0,79.5125425803306
2468,71.0,79.5616687762541
2469,72.0,79.62900572935837
2470,75.0,79.71442525992602
2471,74.0,79.81776476702562
2472,71.0,79.93882753803207
2473,76.0,80.07738312307994
2474,72.0,80.23316777373807
2475,66.0,80.40588494506981
2476,67.0,80.59520586012289
2477,65.0,80.80077013577512
2478,82.0,81.02218646874442
2479,68.0,81.25903338045639
2480,69.0,81.5108600193532
2481,69.0,81.77718701911468
2482,73.0,82.05750741115982
2483,69.0,82.35128758969009
2484,65.0,82.6579683274382
2485,64.0,82.97696584018912
2486,64.0,83.30767289804696
2487,78.0,83.64945998133076
2488,82.0,84.00167647890152
2489,100.0,84.36365192663763
2490,102.0,84.73469728370075
2491,80.0,85.11410624416514
2492,81.0,85.50115658151022
2493,66.0,85.89511152342023
2494,67.0,86.29522115427254
2495,80.0,86.70072384264385
2496,75.0,87.1108476911197
2497,80.0,87.52481200564473
2498,82.0,87.94182878161793
2499,79.0,88.36110420390439
2500,93.0,88.78184015790801
2501,86.0,89.20323574882701
2502,119.0,89.62448882620379
2503,108.0,90.04479751086296
2504,90.0,90.46336172133437
2505,75.0,90.87938469685399
2506,89.0,91.29207451404261
2507,85.0,91.7006455943773
2508,82.0,92.10432019958529
2509,103.0,92.50232991211189
2510,87.0,92.89391709784807
2511,74.0,93.27833634832955
2512,85.0,93.6548558996638
2513,119.0,94.02275902548514
2514,88.0,94.38134540128323
2515,129.0,94.72993243751085
2516,82.0,95.06785657893244
2517,112.0,95.39447456773829
2518,122.0,95.70916466802285
2519,99.0,96.01132784929466
2520,89.0,96.30038892676419
2521,79.0,96.57579765624125
2522,81.0,96.83702978155625
2523,83.0,97.08358803251103
2524,84.0,97.31500307146152
2525,89.0,97.53083438672836
2526,82.0,97.73067113113576
2527,98.0,97.91413290408292
2528,91.0,98.08087047565763
2529,115.0,98.23056645141565
2530,103.0,98.36293587655904
2531,128.0,98.4777267783636
2532,129.0,98.57472064582343
2533,82.0,98.65373284559912
2534,78.0,98.71461297347759
2535,77.0,98.75724514067525
2536,86.0,98.78154819443876
2537,94.0,98.787475872524
2538,89.0,98.77501689125882
2539,123.0,98.74419496702218
2540,124.0,98.6950687710987
2541,108.0,98.62773181799442
2542,87.0,98.54231228742677
2543,77.0,98.43897278032716
2544,75.0,98.31791000932073
2545,85.0,98.17935442427289
2546,85.0,98.02356977361471
2547,84.0,97.85085260228297
2548,79.0,97.66153168722995
2549,90.0,97.45596741157766
2550,90.0,97.23455107860835
2551,99.0,96.9977041668964
2552,91.0,96.74587752799967
2553,79.0,96.4795505282381
2554,86.0,96.19923013619297
2555,83.0,95.90544995766268
2556,86.0,95.59876921991469
2557,100.0,95.27977170716365
2558,80.0,94.94906464930583
2559,79.0,94.60727756602212
2560,85.0,94.25506106845125
2561,76.0,93.89308562071514
2562,85.0,93.52204026365202
2563,82.0,93.14263130318763
2564,82.0,92.75558096584255
2565,88.0,92.36162602393254
2566,97.0,91.96151639308036
2567,86.0,91.55601370470904
2568,87.0,91.14588985623307
2569,111.0,90.73192554170804
2570,113.0,90.31490876573498
2571,120.0,89.89563334344838
2572,110.0,89.47489738944476
2573,102.0,89.05350179852576
2574,78.0,88.63224872114897
2575,78.0,88.2119400364898
2576,78.0,87.7933758260184
2577,95.0,87.37735285049878
2578,102.0,86.96466303331029
2579,99.0,86.55609195297545
2580,94.0,86.15241734776761
2581,79.0,85.75440763524101
2582,89.0,85.3628204495047
2583,85.0,84.97840119902322
2584,80.0,84.60188164768897
2585,73.0,84.23397852186763
2586,72.0,83.87539214606954
2587,78.0,83.52680510984192
2588,78.0,83.18888096842034
2589,75.0,82.8622629796146
2590,71.0,82.54757287932992
2591,76.0,82.24540969805813
2592,96.0,81.95634862058868
2593,74.0,81.68093989111152
2594,73.0,81.4197077657966
2595,75.0,81.17314951484182
2596,70.0,80.94173447589127
2597,84.0,80.72590316062443
2598,75.0,80.52606641621702
2599,77.0,80.34260464326988
2600,70.0,80.17586707169521
2601,67.0,80.02617109593714
2602,73.0,79.89380167079375
2603,71.0,79.77901076898922
2604,69.0,79.68201690152935
2605,72.0,79.60300470175366
2606,67.0,79.54212457387521
2607,82.0,79.49949240667755
2608,79.0,79.47518935291404
2609,89.0,79.4692616748288
2610,86.0,79.48172065609398
2611,88.0,79.51254258033062
2612,112.0,79.56166877625412
2613,89.0,79.62900572935837
2614,79.0,79.714425259926
2615,68.0,79.81776476702564
2616,73.0,79.93882753803209
2617,70.0,80.07738312307997
2618,77.0,80.23316777373805
2619,78.0,80.40588494506979
2620,77.0,80.59520586012286
2621,77.0,80.80077013577515
2622,66.0,81.0221864687444
2623,66.0,81.25903338045643
2624,72.0,81.51086001935307
2625,69.0,81.77718701911463
2626,70.0,82.05750741115986
2627,71.0,82.35128758969013
2628,67.0,82.65796832743824
2629,59.0,82.97696584018908
2630,60.0,83.3076728980469
2631,81.0,83.64945998133071
2632,94.0,84.00167647890157
2633,93.0,84.36365192663769
2634,70.0,84.73469728370094
2635,65.0,85.11410624416507
2636,64.0,85.50115658151016
2637,60.0,85.89511152342016
2638,66.0,86.29522115427248
2639,68.0,86.70072384264392
2640,68.0,87.11084769111963
2641,106.0,87.52481200564466
2642,108.0,87.94182878161786
2643,94.0,88.36110420390445
2644,88.0,88.78184015790808
2645,76.0,89.20323574882721
2646,61.0,89.62448882620372
2647,66.0,90.04479751086289
2648,60.0,90.46336172133442
2649,77.0,90.87938469685406
2650,101.0,91.29207451404254
2651,105.0,91.70064559437725
2652,98.0,92.10432019958509
2653,76.0,92.50232991211182
2654,73.0,92.89391709784813
2655,103.0,93.2783363483296
2656,113.0,93.65485589966397
2657,127.0,94.02275902548509
2658,133.0,94.38134540128317
2659,124.0,94.72993243751091
2660,133.0,95.06785657893249
2661,128.0,95.39447456773833
2662,110.0,95.70916466802281
2663,123.0,96.0113278492946
2664,124.0,96.30038892676414
2665,127.0,96.5757976562412
2666,97.0,96.83702978155621
2667,82.0,97.08358803251107
2668,83.0,97.31500307146148
2669,101.0,97.53083438672833
2670,88.0,97.7306711311358
2671,85.0,97.91413290408293
2672,81.0,98.08087047565766
2673,67.0,98.23056645141563
2674,91.0,98.36293587655902
2675,84.0,98.47772677836358
2676,100.0,98.57472064582345
2677,106.0,98.65373284559914
2678,110.0,98.7146129734776
2679,117.0,98.75724514067524
2680,118.0,98.78154819443876
2681,95.0,98.787475872524
2682,77.0,98.77501689125882
2683,66.0,98.74419496702218
2684,63.0,98.6950687710987
2685,66.0,98.62773181799443
2686,66.0,98.5423122874268
2687,71.0,98.43897278032715
2688,102.0,98.3179100093207
2689,89.0,98.17935442427282
2690,98.0,98.02356977361474
2691,94.0,97.850852602283
2692,91.0,97.66153168722992
2693,77.0,97.4559674115777
2694,68.0,97.23455107860839
2695,66.0,96.99770416689651
2696,65.0,96.74587752799971
2697,66.0,96.47955052823815
2698,103.0,96.19923013619291
2699,122.0,95.90544995766264
2700,104.0,95.59876921991453
2701,93.0,95.2797717071637
2702,80.0,94.94906464930588
2703,77.0,94.60727756602206
2704,75.0,94.2550610684512
2705,74.0,93.89308562071508
2706,87.0,93.52204026365207
2707,91.0,93.1426313031877
2708,99.0,92.75558096584274
2709,114.0,92.36162602393262
2710,106.0,91.96151639308029
2711,97.0,91.55601370470885
2712,112.0,91.14588985623313
2713,96.0,90.73192554170811
2714,92.0,90.31490876573491
2715,73.0,89.89563334344831
2716,72.0,89.47489738944469
2717,74.0,89.05350179852583
2718,104.0,88.63224872114904
2719,74.0,88.21194003648988
2720,74.0,87.79337582601833
2721,74.0,87.37735285049885
2722,74.0,86.96466303331023
2723,67.0,86.55609195297566
2724,67.0,86.15241734776768
2725,59.0,85.75440763524094
2726,70.0,85.36282044950464
2727,93.0,84.97840119902317
2728,80.0,84.60188164768903
2729,73.0,84.23397852186768
2730,65.0,83.8753921460696
2731,66.0,83.52680510984186
2732,69.0,83.18888096842029
2733,77.0,82.86226297961444
2734,67.0,82.54757287932998
2735,64.0,82.24540969805817
2736,62.0,81.95634862058873
2737,65.0,81.68093989111156
2738,96.0,81.41970776579656
2739,84.0,81.17314951484187
2740,98.0,80.94173447589131
2741,101.0,80.72590316062445
2742,83.0,80.52606641621699
2743,84.0,80.34260464326985
2744,82.0,80.17586707169514
2745,66.0,80.02617109593717
2746,63.0,79.89380167079378
2747,63.0,79.77901076898921
2748,62.0,79.68201690152935
2749,64.0,79.60300470175368
2750,66.0,79.54212457387521
2751,66.0,79.49949240667758
2752,64.0,79.47518935291404
2753,69.0,79.4692616748288
2754,64.0,79.48172065609398
2755,59.0,79.51254258033062
2756,60.0,79.5616687762541
2757,109.0,79.62900572935837
2758,73.0,79.71442525992602
2759,62.0,79.81776476702566
2760,62.0,79.93882753803211
2761,56.0,80.0773831230799
2762,60.0,80.23316777373807
2763,59.0,80.40588494506981
2764,60.0,80.59520586012282
2765,64.0,80.80077013577511
2766,61.0,81.02218646874442
2767,99.0,81.2590333804563
2768,92.0,81.51086001935312
2769,81.0,81.77718701911468
2770,88.0,82.0575074111599
2771,68.0,82.35128758969019
2772,67.0,82.65796832743808
2773,64.0,82.97696584018912
2774,60.0,83.30767289804695
2775,58.0,83.64945998133076
2776,58.0,84.00167647890163
2777,61.0,84.36365192663762
2778,57.0,84.73469728370075
2779,54.0,85.11410624416501
2780,54.0,85.50115658151009
2781,106.0,85.89511152342021
2782,73.0,86.29522115427254
2783,84.0,86.70072384264373
2784,79.0,87.1108476911197
2785,65.0,87.52481200564473
2786,60.0,87.94182878161791
2787,63.0,88.36110420390452
2788,65.0,88.78184015790814
2789,74.0,89.20323574882701
2790,71.0,89.62448882620379
2791,69.0,90.04479751086296
2792,67.0,90.46336172133435
2793,75.0,90.87938469685399
2794,118.0,91.29207451404234
2795,87.0,91.70064559437718
2796,103.0,92.10432019958515
2797,107.0,92.50232991211189
2798,94.0,92.89391709784819
2799,108.0,93.27833634832966
2800,118.0,93.6548558996638
2801,117.0,94.02275902548514
2802,116.0,94.38134540128323
2803,131.0,94.72993243751097
2804,134.0,95.06785657893253
2805,89.0,95.39447456773817
2806,76.0,95.70916466802285
2807,67.0,96.01132784929456
2808,65.0,96.3003889267641
2809,101.0,96.57579765624125
2810,108.0,96.83702978155625
2811,111.0,97.08358803251095
2812,117.0,97.31500307146152
2813,130.0,97.53083438672836
2814,95.0,97.73067113113582
2815,84.0,97.91413290408296
2816,83.0,98.08087047565758
2817,72.0,98.23056645141564
2818,66.0,98.36293587655904
2819,103.0,98.4777267783636
2820,97.0,98.57472064582343
2821,102.0,98.65373284559912
2822,112.0,98.71461297347757
2823,122.0,98.75724514067524
2824,113.0,98.78154819443876
2825,102.0,98.787475872524
2826,83.0,98.77501689125882
2827,75.0,98.74419496702217
2828,75.0,98.6950687710987
2829,63.0,98.62773181799442
2830,96.0,98.54231228742677
2831,123.0,98.43897278032713
2832,124.0,98.31791000932068
2833,118.0,98.17935442427289
2834,105.0,98.02356977361471
2835,90.0,97.85085260228303
2836,89.0,97.66153168722997
2837,72.0,97.45596741157766
2838,67.0,97.23455107860835
2839,63.0,96.99770416689648
2840,63.0,96.74587752799967
2841,105.0,96.47955052823811
2842,105.0,96.19923013619287
2843,111.0,95.9054499576626
2844,104.0,95.59876921991469
2845,89.0,95.27977170716365
2846,87.0,94.94906464930583
2847,72.0,94.607277566022
2848,70.0,94.25506106845125
2849,72.0,93.89308562071515
2850,64.0,93.52204026365214
2851,73.0,93.14263130318776
2852,76.0,92.75558096584268
2853,83.0,92.36162602393254
2854,75.0,91.96151639308023
2855,72.0,91.55601370470904
2856,74.0,91.14588985623307
2857,112.0,90.73192554170804
2858,104.0,90.31490876573484
2859,121.0,89.89563334344825
2860,137.0,89.47489738944462
2861,107.0,89.05350179852576
2862,97.0,88.63224872114898
2863,90.0,88.21194003648995
2864,87.0,87.7933758260184
2865,72.0,87.37735285049878
2866,67.0,86.96466303331043
2867,62.0,86.55609195297559
2868,63.0,86.15241734776761
2869,65.0,85.75440763524088
2870,113.0,85.36282044950457
2871,100.0,84.97840119902311
2872,102.0,84.60188164768897
2873,89.0,84.23397852186763
2874,81.0,83.87539214606954
2875,72.0,83.5268051098418
2876,70.0,83.18888096842035
2877,60.0,82.8622629796146
2878,63.0,82.54757287933002
2879,73.0,82.24540969805822
2880,70.0,81.95634862058877
2881,58.0,81.68093989111152
2882,59.0,81.4197077657966
2883,65.0,81.17314951484182
2884,64.0,80.94173447589134
2885,60.0,80.72590316062443
2886,64.0,80.52606641621702
2887,99.0,80.34260464326982
2888,94.0,80.17586707169527
2889,72.0,80.02617109593714
2890,62.0,79.89380167079379
2891,60.0,79.77901076898927
2892,59.0,79.68201690152935
2893,57.0,79.60300470175369
2894,60.0,79.54212457387523
2895,62.0,79.49949240667758
2896,63.0,79.47518935291404
2897,61.0,79.4692616748288
2898,67.0,79.48172065609398
2899,99.0,79.51254258033059
2900,98.0,79.56166877625411
2901,82.0,79.62900572935835
2902,76.0,79.71442525992603
2903,66.0,79.81776476702564
2904,62.0,79.93882753803204
2905,61.0,80.07738312307987
2906,65.0,80.23316777373799
2907,62.0,80.40588494506979
2908,60.0,80.59520586012279
2909,56.0,80.80077013577515
2910,60.0,81.02218646874424
2911,71.0,81.25903338045634
2912,95.0,81.51086001935307
2913,93.0,81.77718701911472
2914,70.0,82.05750741115986
2915,69.0,82.35128758969023
2916,67.0,82.65796832743803
2917,60.0,82.97696584018918
2918,61.0,83.30767289804689
2919,59.0,83.6494599813306
2920,60.0,84.00167647890157
2921,64.0,84.36365192663732
2922,89.0,84.73469728370068
2923,71.0,85.11410624416494
2924,70.0,85.50115658151014
2925,69.0,85.89511152342016
2926,64.0,86.29522115427261
2927,64.0,86.70072384264365
2928,62.0,87.11084769111976
2929,62.0,87.52481200564466
2930,60.0,87.94182878161799
2931,87.0,88.36110420390445
2932,110.0,88.78184015790794
2933,90.0,89.20323574882694
2934,77.0,89.62448882620357
2935,63.0,90.04479751086289
2936,61.0,90.46336172133428
2937,66.0,90.87938469685405
2938,82.0,91.29207451404227
2939,135.0,91.70064559437724
2940,116.0,92.10432019958509
2941,116.0,92.50232991211169
2942,105.0,92.89391709784813
2943,96.0,93.27833634832922
2944,92.0,93.65485589966373
2945,109.0,94.02275902548496
2946,122.0,94.38134540128316
2947,127.0,94.7299324375108
2948,114.0,95.06785657893248
2949,129.0,95.39447456773802
2950,95.0,95.7091646680228
2951,118.0,96.0113278492945
2952,113.0,96.30038892676414
2953,92.0,96.5757976562412
2954,110.0,96.83702978155613
2955,117.0,97.08358803251092
2956,116.0,97.3150030714614
2957,124.0,97.53083438672832
2958,127.0,97.73067113113574
2959,99.0,97.91413290408293
2960,99.0,98.0808704756575
2961,88.0,98.23056645141563
2962,78.0,98.36293587655898
2963,107.0,98.47772677836358
2964,104.0,98.57472064582342
2965,109.0,98.6537328455991
2966,86.0,98.71461297347756
2967,77.0,98.75724514067524
2968,76.0,98.78154819443876
2969,121.0,98.787475872524
2970,102.0,98.77501689125882
2971,84.0,98.74419496702222
2972,83.0,98.6950687710987
2973,110.0,98.62773181799446
2974,82.0,98.5423122874268
2975,91.0,98.43897278032719
2976,84.0,98.31791000932078
2977,78.0,98.17935442427296
2978,114.0,98.02356977361474
2979,120.0,97.85085260228306
2980,124.0,97.66153168722992
2981,116.0,97.4559674115777
2982,101.0,97.23455107860846
2983,82.0,96.99770416689651
2984,79.0,96.7458775279998
2985,78.0,96.47955052823815
2986,114.0,96.19923013619301
2987,105.0,95.90544995766284
2988,118.0,95.59876921991484
2989,93.0,95.2797717071637
2990,86.0,94.949064649306
2991,100.0,94.60727756602206
2992,87.0,94.25506106845133
2993,106.0,93.89308562071533
2994,91.0,93.5220402636522
2995,85.0,93.1426313031877
2996,84.0,92.75558096584275
2997,98.0,92.36162602393274
2998,86.0,91.96151639308056
2999,85.0,91.55601370470924
3000,82.0,91.14588985623314
3001,80.0,90.73192554170824
3002,101.0,90.31490876573491
3003,81.0,89.89563334344845
3004,84.0,89.47489738944498
3005,84.0,89.05350179852597
3006,107.0,88.63224872114905
3007,106.0,88.21194003649002
3008,120.0,87.79337582601835
3009,116.0,87.37735285049912
3010,100.0,86.96466303331036
3011,103.0,86.55609195297566
3012,95.0,86.15241734776781
3013,77.0,85.75440763524095
3014,70.0,85.36282044950477
3015,62.0,84.97840119902342
3016,62.0,84.60188164768915
3017,66.0,84.23397852186768
3018,64.0,83.87539214606973
3019,114.0,83.52680510984186
3020,111.0,83.18888096842062
3021,67.0,82.86226297961466
3022,65.0,82.54757287933008
3023,65.0,82.24540969805818
3024,67.0,81.95634862058873
3025,100.0,81.68093989111166
3026,68.0,81.41970776579673
3027,64.0,81.17314951484195
3028,63.0,80.94173447589131
3029,60.0,80.72590316062453
3030,59.0,80.52606641621699
3031,61.0,80.34260464327002
3032,64.0,80.17586707169524
3033,62.0,80.02617109593722
3034,77.0,79.89380167079378
3035,98.0,79.77901076898925
3036,98.0,79.68201690152935
3037,79.0,79.60300470175372
3038,81.0,79.54212457387521
3039,64.0,79.49949240667758
3040,64.0,79.47518935291406
3041,64.0,79.4692616748288
3042,61.0,79.48172065609396
3043,60.0,79.5125425803306
3044,58.0,79.56166877625407
3045,57.0,79.62900572935837
3046,69.0,79.71442525992599
3047,84.0,79.81776476702566
3048,76.0,79.93882753803197
3049,71.0,80.0773831230799
3050,63.0,80.23316777373802
3051,60.0,80.40588494506981
3052,61.0,80.59520586012282
3053,59.0,80.80077013577505
3054,56.0,81.02218646874428
3055,58.0,81.25903338045622
3056,59.0,81.51086001935312
3057,64.0,81.77718701911458
3058,58.0,82.0575074111599
3059,62.0,82.35128758968989
3060,61.0,82.65796832743808
3061,61.0,82.97696584018902
3062,63.0,83.30767289804695
3063,60.0,83.64945998133065
3064,62.0,84.00167647890139
3065,61.0,84.36365192663737
3066,62.0,84.73469728370075
3067,63.0,85.114106244165
3068,64.0,85.50115658150996
3069,60.0,85.89511152342021
3070,87.0,86.29522115427214
3071,76.0,86.70072384264371
3072,75.0,87.11084769111956
3073,75.0,87.52481200564472
3074,70.0,87.94182878161777
3075,104.0,88.36110420390423
3076,94.0,88.78184015790772
3077,74.0,89.203235748827
3078,87.0,89.62448882620365
3079,86.0,90.04479751086295
3080,105.0,90.46336172133435
3081,74.0,90.87938469685385
3082,69.0,91.29207451404233
3083,82.0,91.70064559437704
3084,80.0,92.10432019958515
3085,77.0,92.50232991211175
3086,75.0,92.89391709784793
3087,72.0,93.27833634832929
3088,79.0,93.65485589966379
3089,106.0,94.02275902548503
3090,108.0,94.38134540128321
3091,126.0,94.72993243751085
3092,127.0,95.06785657893232
3093,94.0,95.39447456773806
3094,84.0,95.70916466802285
3095,84.0,96.01132784929455
3096,80.0,96.300388926764
3097,74.0,96.57579765624108
3098,91.0,96.837029781556
3099,98.0,97.08358803251095
3100,118.0,97.31500307146143
3101,106.0,97.53083438672836
3102,106.0,97.73067113113576
3103,103.0,97.91413290408285
3104,105.0,98.08087047565752
3105,81.0,98.23056645141564
3106,75.0,98.36293587655899
3107,77.0,98.4777267783636
3108,76.0,98.57472064582338
3109,75.0,98.65373284559911
3110,98.0,98.71461297347757
3111,124.0,98.75724514067522
3112,134.0,98.78154819443876
3113,99.0,98.787475872524
3114,106.0,98.77501689125883
3115,89.0,98.74419496702221
3116,85.0,98.6950687710987
3117,76.0,98.62773181799444
3118,76.0,98.54231228742677
3119,89.0,98.43897278032723
3120,93.0,98.31791000932077
3121,76.0,98.17935442427294
3122,75.0,98.02356977361471
3123,81.0,97.85085260228303
3124,78.0,97.66153168723002
3125,79.0,97.4559674115778
3126,112.0,97.23455107860858
3127,87.0,96.99770416689648
3128,86.0,96.74587752799975
3129,104.0,96.47955052823811
3130,89.0,96.19923013619315
3131,80.0,95.9054499576628
3132,79.0,95.5987692199148
3133,82.0,95.27977170716365
3134,75.0,94.94906464930594
3135,81.0,94.607277566022
3136,79.0,94.2550610684515
3137,108.0,93.89308562071527
3138,107.0,93.52204026365214
3139,98.0,93.14263130318788
3140,101.0,92.75558096584268
3141,84.0,92.36162602393294
3142,75.0,91.9615163930805
3143,76.0,91.55601370470919
3144,78.0,91.14588985623307
3145,91.0,90.73192554170818
3146,75.0,90.31490876573486
3147,89.0,89.89563334344867
3148,88.0,89.4748973894449
3149,78.0,89.0535017985259
3150,79.0,88.63224872114898
3151,72.0,88.21194003648995
3152,75.0,87.79337582601855
3153,105.0,87.37735285049905
3154,71.0,86.96466303331057
3155,88.0,86.55609195297559
3156,90.0,86.15241734776775
3157,122.0,85.75440763524088
3158,106.0,85.36282044950497
3159,101.0,84.97840119902337
3160,131.0,84.6018816476891
3161,107.0,84.23397852186763
3162,92.0,83.87539214606967
3163,86.0,83.52680510984203
3164,82.0,83.18888096842056
3165,82.0,82.8622629796146
3166,75.0,82.54757287933003
3167,74.0,82.24540969805832
3168,77.0,81.95634862058868
3169,85.0,81.68093989111179
3170,105.0,81.41970776579669
3171,80.0,81.17314951484191
3172,80.0,80.94173447589128
3173,71.0,80.7259031606245
3174,74.0,80.52606641621708
3175,74.0,80.34260464327
3176,71.0,80.17586707169521
3177,75.0,80.02617109593719
3178,113.0,79.89380167079376
3179,77.0,79.77901076898922
3180,86.0,79.68201690152938
3181,99.0,79.60300470175372
3182,89.0,79.54212457387524
3183,87.0,79.49949240667756
3184,80.0,79.47518935291404
3185,74.0,79.4692616748288
3186,77.0,79.48172065609397
3187,77.0,79.5125425803306
3188,76.0,79.56166877625408
3189,75.0,79.62900572935838
3190,121.0,79.714425259926
3191,83.0,79.81776476702561
3192,83.0,79.938827538032
3193,75.0,80.07738312307991
3194,75.0,80.23316777373805
3195,70.0,80.40588494506973
3196,72.0,80.59520586012272
3197,70.0,80.80077013577494
3198,70.0,81.02218646874431
3199,72.0,81.25903338045626
3200,74.0,81.51086001935315
3201,107.0,81.77718701911462
3202,76.0,82.05750741115976
3203,79.0,82.35128758968993
3204,75.0,82.65796832743813
3205,72.0,82.97696584018907
3206,71.0,83.307672898047
3207,72.0,83.64945998133048
3208,76.0,84.00167647890144
3209,71.0,84.36365192663743
3210,74.0,84.73469728370057
3211,99.0,85.11410624416507
3212,89.0,85.50115658151002
3213,78.0,85.89511152342001
3214,76.0,86.29522115427221
3215,86.0,86.70072384264378
3216,79.0,87.11084769111963
3217,70.0,87.52481200564479
3218,69.0,87.94182878161757
3219,74.0,88.3611042039043
3220,77.0,88.7818401579078
3221,66.0,89.20323574882707
3222,68.0,89.62448882620372
3223,70.0,90.04479751086275
3224,70.0,90.46336172133415
3225,70.0,90.87938469685363
3226,70.0,91.2920745140424
3227,72.0,91.70064559437711
3228,80.0,92.1043201995852
3229,66.0,92.50232991211156
3230,77.0,92.893917097848
3231,93.0,93.27833634832935
3232,102.0,93.65485589966384
3233,111.0,94.02275902548509
3234,117.0,94.38134540128327
3235,100.0,94.72993243751068
3236,100.0,95.06785657893236
3237,86.0,95.39447456773811
3238,119.0,95.7091646680227
3239,133.0,96.0113278492946
3240,137.0,96.30038892676386
3241,120.0,96.57579765624112
3242,130.0,96.83702978155604
3243,91.0,97.08358803251099
3244,92.0,97.31500307146148
3245,89.0,97.53083438672839
3246,96.0,97.73067113113567
3247,82.0,97.91413290408288
3248,83.0,98.08087047565755
3249,113.0,98.23056645141567
3250,96.0,98.362935876559
3251,113.0,98.47772677836355
3252,110.0,98.57472064582339
3253,95.0,98.65373284559907
3254,125.0,98.71461297347759
3255,130.0,98.75724514067522
3256,122.0,98.78154819443876
3257,102.0,98.787475872524
3258,93.0,98.77501689125883
3259,94.0,98.74419496702221
3260,91.0,98.69506877109869
3261,81.0,98.62773181799443
3262,81.0,98.54231228742682
3263,111.0,98.43897278032722
3264,122.0,98.31791000932074
3265,132.0,98.17935442427292
3266,129.0,98.0235697736148
3267,108.0,97.850852602283
3268,101.0,97.66153168723012
3269,94.0,97.45596741157777
3270,80.0,97.23455107860855
3271,78.0,96.99770416689644
3272,78.0,96.74587752799971
3273,97.0,96.47955052823824
3274,131.0,96.19923013619311
3275,112.0,95.90544995766274
3276,100.0,95.59876921991474
3277,81.0,95.2797717071636
3278,86.0,94.94906464930588
3279,87.0,94.60727756602219
3280,82.0,94.25506106845144
3281,98.0,93.89308562071545
3282,96.0,93.52204026365209
3283,78.0,93.14263130318783
3284,79.0,92.75558096584288
3285,89.0,92.36162602393289
3286,77.0,91.96151639308043
3287,82.0,91.55601370470912
3288,82.0,91.14588985623301
3289,90.0,90.73192554170811
3290,117.0,90.31490876573505
3291,103.0,89.8956333434486
3292,97.0,89.47489738944483
3293,88.0,89.05350179852583
3294,87.0,88.6322487211492
3295,76.0,88.21194003649015
3296,76.0,87.79337582601876
3297,88.0,87.377352850499
3298,84.0,86.9646630333105
3299,69.0,86.55609195297554
3300,68.0,86.15241734776768
3301,107.0,85.75440763524108
3302,117.0,85.3628204495049
3303,111.0,84.9784011990233
3304,101.0,84.60188164768904
3305,92.0,84.23397852186757
3306,87.0,83.87539214606984
3307,75.0,83.52680510984197
3308,75.0,83.1888809684205
3309,77.0,82.86226297961477
3310,79.0,82.54757287932998
3311,70.0,82.24540969805827
3312,76.0,81.95634862058883
3313,103.0,81.68093989111175
3314,77.0,81.41970776579664
3315,83.0,81.17314951484187
3316,81.0,80.94173447589124
3317,71.0,80.7259031606246
3318,73.0,80.52606641621705
3319,73.0,80.34260464326996
3320,79.0,80.17586707169518
3321,74.0,80.02617109593717
3322,68.0,79.89380167079382
3323,75.0,79.77901076898928
3324,75.0,79.68201690152944
3325,76.0,79.6030047017537
3326,108.0,79.54212457387523
3327,77.0,79.49949240667756
3328,75.0,79.47518935291404
3329,70.0,79.4692616748288
3330,69.0,79.48172065609397
3331,72.0,79.5125425803306
3332,76.0,79.5616687762541
3333,73.0,79.6290057293584
3334,120.0,79.71442525992595
3335,98.0,79.81776476702562
3336,84.0,79.93882753803202
3337,88.0,80.07738312307984
3338,88.0,80.23316777373807
3339,77.0,80.40588494506976
3340,76.0,80.59520586012276
3341,71.0,80.80077013577497
3342,71.0,81.02218646874435
3343,73.0,81.2590333804563
3344,71.0,81.51086001935319
3345,68.0,81.77718701911449
3346,66.0,82.0575074111598
3347,75.0,82.35128758968997
3348,76.0,82.65796832743818
3349,70.0,82.97696584018912
3350,68.0,83.30767289804683
3351,69.0,83.64945998133052
3352,67.0,84.00167647890127
3353,80.0,84.36365192663749
3354,80.0,84.73469728370063
3355,70.0,85.11410624416513
3356,69.0,85.50115658150982
3357,73.0,85.89511152342008
3358,70.0,86.29522115427227
3359,70.0,86.70072384264384
3360,69.0,87.11084769111969
3361,64.0,87.52481200564486
3362,91.0,87.94182878161763
3363,76.0,88.36110420390438
3364,76.0,88.78184015790785
3365,72.0,89.20323574882686
3366,71.0,89.62448882620377
3367,73.0,90.04479751086254
3368,79.0,90.46336172133421
3369,68.0,90.8793846968537
3370,72.0,91.29207451404245
3371,72.0,91.70064559437716
3372,75.0,92.10432019958527
3373,84.0,92.50232991211162
3374,79.0,92.89391709784806
3375,80.0,93.2783363483294
3376,80.0,93.65485589966391
3377,108.0,94.02275902548514
3378,134.0,94.3813454012831
3379,85.0,94.72993243751074
3380,87.0,95.06785657893221
3381,140.0,95.39447456773817
3382,113.0,95.70916466802274
3383,104.0,96.01132784929464
3384,94.0,96.3003889267639
3385,101.0,96.57579765624116
3386,87.0,96.83702978155608
3387,81.0,97.08358803251102
3388,83.0,97.3150030714615
3389,98.0,97.53083438672829
3390,96.0,97.7306711311357
3391,82.0,97.9141329040829
3392,79.0,98.08087047565758
3393,85.0,98.2305664514156
3394,76.0,98.36293587655904
3395,79.0,98.47772677836349
3396,81.0,98.5747206458234
3397,123.0,98.65373284559908
3398,114.0,98.71461297347759
3399,110.0,98.75724514067524
3400,98.0,98.78154819443876
3401,128.0,98.787475872524
3402,96.0,98.77501689125882
3403,89.0,98.7441949670222
3404,89.0,98.69506877109868
3405,75.0,98.62773181799442
3406,81.0,98.54231228742681
3407,136.0,98.4389727803272
3408,128.0,98.31791000932081
3409,96.0,98.1793544242729
3410,122.0,98.02356977361477
3411,94.0,97.85085260228308
3412,90.0,97.6615316872301
3413,95.0,97.45596741157775
3414,107.0,97.2345510786085
3415,82.0,96.9977041668964
3416,85.0,96.74587752799967
3417,81.0,96.47955052823819
3418,75.0,96.19923013619307
3419,80.0,95.9054499576627
3420,78.0,95.5987692199147
3421,91.0,95.27977170716376
3422,107.0,94.94906464930605
3423,77.0,94.60727756602236
3424,74.0,94.25506106845138
3425,78.0,93.8930856207154
3426,108.0,93.52204026365203
3427,104.0,93.14263130318777
3428,86.0,92.75558096584282
3429,80.0,92.36162602393281
3430,83.0,91.96151639308037
3431,88.0,91.55601370470906
3432,88.0,91.14588985623294
3433,113.0,90.73192554170832
3434,80.0,90.314908765735
3435,76.0,89.89563334344854
3436,78.0,89.47489738944505
3437,83.0,89.05350179852577
3438,99.0,88.63224872114913
3439,78.0,88.21194003649009
3440,97.0,87.79337582601869
3441,87.0,87.37735285049892
3442,80.0,86.96466303331044
3443,111.0,86.55609195297546
3444,95.0,86.15241734776788
3445,83.0,85.75440763524102
3446,78.0,85.36282044950484
3447,118.0,84.97840119902324
3448,126.0,84.60188164768898
3449,82.0,84.23397852186775
3450,79.0,83.87539214606979
3451,79.0,83.52680510984214
3452,81.0,83.18888096842046
3453,120.0,82.86226297961471
3454,79.0,82.54757287932993
3455,75.0,82.24540969805842
3456,72.0,81.95634862058878
3457,77.0,81.6809398911117
3458,102.0,81.41970776579662
3459,126.0,81.17314951484184
3460,117.0,80.9417344758912
3461,86.0,80.72590316062457
3462,84.0,80.52606641621702
3463,80.0,80.34260464326994
3464,83.0,80.17586707169527
3465,75.0,80.02617109593714
3466,80.0,79.89380167079388
3467,97.0,79.77901076898927
3468,87.0,79.68201690152942
3469,70.0,79.60300470175369
3470,68.0,79.54212457387523
3471,75.0,79.49949240667755
3472,76.0,79.47518935291406
3473,87.0,79.4692616748288
3474,70.0,79.48172065609397
3475,72.0,79.51254258033062
3476,73.0,79.5616687762541
3477,70.0,79.62900572935835
3478,67.0,79.71442525992597
3479,71.0,79.81776476702557
3480,69.0,79.93882753803204
3481,71.0,80.07738312307987
3482,71.0,80.2331677737381
3483,81.0,80.40588494506966
3484,84.0,80.59520586012279
3485,68.0,80.80077013577501
3486,67.0,81.02218646874438
3487,67.0,81.25903338045634
3488,70.0,81.51086001935306
3489,70.0,81.77718701911454
3490,68.0,82.05750741115985
3491,75.0,82.35128758969003
3492,78.0,82.65796832743803
3493,82.0,82.97696584018917
3494,101.0,83.30767289804666
3495,87.0,83.64945998133058
3496,92.0,84.00167647890133
3497,78.0,84.36365192663754
3498,73.0,84.73469728370068
3499,67.0,85.11410624416494
3500,64.0,85.50115658150989
3501,63.0,85.89511152342014
3502,62.0,86.29522115427233
3503,68.0,86.70072384264391
3504,63.0,87.11084769111976
3505,69.0,87.52481200564465
3506,64.0,87.9418287816177
3507,73.0,88.36110420390416
3508,68.0,88.78184015790792
3509,67.0,89.20323574882693
3510,66.0,89.62448882620357
3511,68.0,90.04479751086261
3512,58.0,90.46336172133428
3513,86.0,90.87938469685378
3514,105.0,91.29207451404253
3515,110.0,91.70064559437724
3516,88.0,92.10432019958508
3517,69.0,92.50232991211168
3518,66.0,92.89391709784812
3519,61.0,93.27833634832946
3520,84.0,93.65485589966373
3521,77.0,94.02275902548496
3522,74.0,94.38134540128293
3523,71.0,94.7299324375108
3524,82.0,95.06785657893226
3525,104.0,95.39447456773821
3526,98.0,95.7091646680228
3527,91.0,96.0113278492945
3528,103.0,96.30038892676394
3529,79.0,96.5757976562412
3530,90.0,96.83702978155613
3531,128.0,97.08358803251106
3532,123.0,97.31500307146139
3533,119.0,97.53083438672832
3534,96.0,97.73067113113572
3535,104.0,97.91413290408282
3536,104.0,98.0808704756576
3537,85.0,98.23056645141561
3538,79.0,98.36293587655896
3539,119.0,98.4777267783635
3540,91.0,98.57472064582342
3541,133.0,98.6537328455991
3542,137.0,98.7146129734776
3543,97.0,98.75724514067522
3544,96.0,98.78154819443876
3545,84.0,98.787475872524
3546,103.0,98.77501689125882
3547,114.0,98.7441949670222
3548,99.0,98.6950687710987
3549,134.0,98.62773181799446
3550,101.0,98.54231228742685
3551,103.0,98.43897278032719
3552,133.0,98.31791000932078
3553,102.0,98.17935442427287
3554,116.0,98.02356977361485
3555,110.0,97.85085260228306
3556,90.0,97.66153168723007
3557,85.0,97.4559674115777
3558,81.0,97.23455107860848
3559,128.0,96.99770416689637
3560,86.0,96.7458775279998
3561,84.0,96.47955052823815
3562,83.0,96.19923013619302
3563,84.0,95.90544995766285
3564,154.0,95.59876921991464
3565,117.0,95.27977170716392
3566,106.0,94.949064649306
3567,96.0,94.6072775660223
3568,97.0,94.25506106845133
3569,87.0,93.89308562071534
3570,80.0,93.52204026365197
3571,91.0,93.14263130318795
3572,122.0,92.75558096584275
3573,139.0,92.36162602393276
3574,125.0,91.9615163930803
3575,108.0,91.55601370470899
3576,108.0,91.14588985623314
3577,88.0,90.73192554170825
3578,84.0,90.3149087657352
3579,79.0,89.89563334344847
3580,87.0,89.47489738944498
3581,96.0,89.0535017985257
3582,95.0,88.63224872114934
3583,98.0,88.21194003649002
3584,97.0,87.79337582601862
3585,86.0,87.37735285049887
3586,80.0,86.96466303331037
3587,81.0,86.55609195297566
3588,78.0,86.15241734776782
3589,84.0,85.75440763524095
3590,84.0,85.36282044950478
3591,79.0,84.97840119902342
3592,93.0,84.60188164768893
3593,130.0,84.23397852186793
3594,136.0,83.87539214606973
3595,98.0,83.52680510984209
3596,94.0,83.1888809684204
3597,95.0,82.86226297961467
3598,97.0,82.54757287933009
3599,82.0,82.24540969805838
3600,73.0,81.95634862058874
3601,75.0,81.68093989111166
3602,71.0,81.41970776579657
3603,79.0,81.1731495148418
3604,73.0,80.94173447589131
3605,80.0,80.72590316062454
3606,77.0,80.52606641621712
3607,72.0,80.34260464326991
3608,72.0,80.17586707169524
3609,69.0,80.02617109593722
3610,73.0,79.89380167079386
3611,67.0,79.77901076898925
3612,75.0,79.68201690152941
3613,72.0,79.60300470175368
3614,69.0,79.54212457387521
3615,65.0,79.49949240667758
3616,79.0,79.47518935291406
3617,104.0,79.4692616748288
3618,102.0,79.48172065609397
3619,96.0,79.51254258033059
3620,92.0,79.56166877625407
3621,76.0,79.62900572935833
3622,78.0,79.71442525992599
3623,70.0,79.81776476702558
3624,74.0,79.93882753803206
3625,72.0,80.07738312307988
3626,70.0,80.23316777373802
3627,99.0,80.40588494506969
3628,96.0,80.59520586012282
3629,88.0,80.80077013577504
3630,86.0,81.02218646874442
3631,72.0,81.25903338045622
3632,72.0,81.5108600193531
3633,80.0,81.77718701911458
3634,74.0,82.0575074111597
3635,64.0,82.35128758969007
3636,62.0,82.65796832743807
3637,61.0,82.97696584018901
3638,61.0,83.30767289804672
3639,69.0,83.64945998133064
3640,93.0,84.00167647890139
3641,74.0,84.36365192663762
3642,71.0,84.7346972837005
3643,71.0,85.114106244165
3644,76.0,85.50115658150995
3645,70.0,85.8951115234202
3646,70.0,86.2952211542724
3647,69.0,86.70072384264371
3648,89.0,87.11084769111955
3649,84.0,87.52481200564445
3650,93.0,87.94182878161777
3651,72.0,88.36110420390423
3652,63.0,88.781840157908
3653,64.0,89.20323574882671
3654,65.0,89.62448882620363
3655,69.0,90.04479751086268
3656,67.0,90.46336172133434
3657,84.0,90.87938469685383
3658,108.0,91.2920745140426
3659,97.0,91.70064559437702
3660,90.0,92.10432019958513
3661,89.0,92.50232991211175
3662,84.0,92.89391709784793
3663,67.0,93.27833634832953
3664,74.0,93.65485589966354
3665,74.0,94.02275902548502
3666,75.0,94.38134540128297
3667,80.0,94.72993243751084
3668,75.0,95.06785657893231
3669,118.0,95.39447456773827
3670,101.0,95.70916466802264
3671,87.0,96.01132784929455
3672,91.0,96.300388926764
3673,84.0,96.57579765624125
3674,86.0,96.83702978155617
3675,78.0,97.08358803251095
3676,124.0,97.31500307146143
3677,132.0,97.53083438672822
3678,115.0,97.73067113113576
3679,89.0,97.91413290408285
3680,85.0,98.08087047565762
3681,88.0,98.23056645141554
3682,102.0,98.36293587655899
3683,91.0,98.47772677836352
3684,128.0,98.57472064582343
3685,91.0,98.6537328455991
3686,89.0,98.71461297347757
3687,105.0,98.75724514067522
3688,95.0,98.78154819443876
3689,123.0,98.787475872524
3690,132.0,98.77501689125883
3691,99.0,98.7441949670222
3692,103.0,98.69506877109873
3693,132.0,98.62773181799444
3694,135.0,98.54231228742684
3695,83.0,98.43897278032716
3696,84.0,98.31791000932077
3697,102.0,98.17935442427294
3698,106.0,98.02356977361482
3699,99.0,97.85085260228303
3700,136.0,97.66153168723002
3701,99.0,97.45596741157767
3702,117.0,97.23455107860843
3703,108.0,96.99770416689648
3704,97.0,96.74587752799975
3705,97.0,96.47955052823829
3706,98.0,96.19923013619297
3707,87.0,95.9054499576628
3708,83.0,95.5987692199148
3709,96.0,95.27977170716387
3710,108.0,94.94906464930594
3711,106.0,94.60727756602225
3712,111.0,94.25506106845127
3713,104.0,93.89308562071528
3714,109.0,93.52204026365216
3715,87.0,93.1426313031879
3716,90.0,92.7555809658427
3717,94.0,92.36162602393269
3718,95.0,91.9615163930805
3719,81.0,91.55601370470919
3720,86.0,91.14588985623335
3721,114.0,90.73192554170818
3722,93.0,90.31490876573514
3723,107.0,89.8956333434484
3724,105.0,89.47489738944492
3725,112.0,89.05350179852591
3726,99.0,88.63224872114927
3727,90.0,88.21194003648996
3728,90.0,87.79337582601856
3729,90.0,87.3773528504988
3730,78.0,86.96466303331057
3731,79.0,86.5560919529756
3732,80.0,86.15241734776777
3733,81.0,85.75440763524115
3734,82.0,85.36282044950471
3735,89.0,84.97840119902337
3736,93.0,84.60188164768911
3737,88.0,84.23397852186787
3738,93.0,83.87539214606969
3739,87.0,83.52680510984204
3740,80.0,83.18888096842035
3741,74.0,82.86226297961483
3742,105.0,82.54757287933003
3743,83.0,82.24540969805832
3744,95.0,81.95634862058868
3745,75.0,81.68093989111162
3746,74.0,81.4197077657967
3747,67.0,81.17314951484191
3748,68.0,80.94173447589142
3749,76.0,80.7259031606245
3750,75.0,80.52606641621709
3751,73.0,80.34260464326988
3752,70.0,80.17586707169532
3753,73.0,80.0261710959372
3754,70.0,79.89380167079383
3755,121.0,79.77901076898922
3756,88.0,79.6820169015294
3757,90.0,79.60300470175368
3758,80.0,79.54212457387524
3759,71.0,79.49949240667756
3760,76.0,79.47518935291404
3761,76.0,79.4692616748288
3762,77.0,79.48172065609398
3763,75.0,79.51254258033057
3764,72.0,79.56166877625408
3765,71.0,79.62900572935834
3766,76.0,79.714425259926
3767,79.0,79.81776476702561
3768,115.0,79.93882753803209
3769,85.0,80.07738312307981
3770,93.0,80.23316777373805
3771,84.0,80.40588494506972
3772,68.0,80.59520586012285
3773,68.0,80.80077013577508
3774,66.0,81.02218646874431
3775,72.0,81.25903338045626
3776,71.0,81.51086001935298
3777,86.0,81.77718701911462
3778,116.0,82.05750741115976
3779,89.0,82.35128758969012
3780,85.0,82.65796832743791
3781,71.0,82.97696584018907
3782,73.0,83.30767289804677
3783,72.0,83.6494599813307
3784,73.0,84.00167647890144
3785,69.0,84.36365192663743
3786,67.0,84.73469728370056
3787,67.0,85.11410624416506
3788,76.0,85.50115658151
3789,69.0,85.89511152342001
3790,67.0,86.29522115427245
3791,60.0,86.7007238426435
3792,64.0,87.11084769111962
3793,68.0,87.5248120056445
3794,68.0,87.94182878161783
3795,59.0,88.36110420390429
3796,77.0,88.78184015790778
3797,73.0,89.20323574882678
3798,73.0,89.6244888262037
3799,70.0,90.04479751086274
3800,79.0,90.46336172133441
3801,77.0,90.8793846968539
3802,71.0,91.29207451404238
3803,77.0,91.7006455943771
3804,98.0,92.10432019958493
3805,89.0,92.5023299121118
3806,79.0,92.89391709784799
3807,68.0,93.27833634832933
3808,67.0,93.6548558996636
3809,98.0,94.02275902548507
3810,120.0,94.38134540128303
3811,73.0,94.7299324375109
3812,74.0,95.06785657893236
3813,93.0,95.39447456773811
3814,96.0,95.7091646680227
3815,117.0,96.01132784929459
3816,97.0,96.30038892676404
3817,93.0,96.57579765624111
3818,110.0,96.83702978155604
3819,91.0,97.08358803251082
3820,83.0,97.31500307146146
3821,123.0,97.53083438672824
3822,76.0,97.7306711311358
3823,79.0,97.91413290408288
3824,106.0,98.08087047565755
3825,102.0,98.23056645141557
3826,113.0,98.362935876559
3827,122.0,98.47772677836355
3828,93.0,98.57472064582345
3829,95.0,98.65373284559907
3830,114.0,98.71461297347759
3831,122.0,98.75724514067522
3832,94.0,98.78154819443874
3833,94.0,98.787475872524
3834,125.0,98.77501689125883
3835,98.0,98.74419496702221
3836,98.0,98.69506877109873
3837,115.0,98.62773181799443
3838,102.0,98.54231228742682
3839,119.0,98.43897278032715
3840,97.0,98.31791000932083
3841,94.0,98.17935442427293
3842,91.0,98.0235697736148
3843,103.0,97.850852602283
3844,135.0,97.66153168723
3845,128.0,97.45596741157777
3846,108.0,97.23455107860855
3847,96.0,96.99770416689661
3848,84.0,96.74587752799972
3849,118.0,96.47955052823825
3850,107.0,96.19923013619292
3851,87.0,95.90544995766275
3852,84.0,95.59876921991476
3853,120.0,95.27977170716382
3854,104.0,94.9490646493059
3855,115.0,94.60727756602219
3856,109.0,94.25506106845121
3857,97.0,93.89308562071547
3858,94.0,93.52204026365209
3859,80.0,93.14263130318784
3860,126.0,92.75558096584288
3861,103.0,92.36162602393263
3862,96.0,91.96151639308044
3863,91.0,91.55601370470913
3864,86.0,91.14588985623328
3865,123.0,90.73192554170812
3866,101.0,90.31490876573507
3867,114.0,89.89563334344834
3868,114.0,89.47489738944512
3869,93.0,89.05350179852584
3870,89.0,88.6322487211492
3871,79.0,88.21194003648989
3872,83.0,87.79337582601849
3873,83.0,87.377352850499
3874,89.0,86.96466303331052
3875,77.0,86.5560919529758
3876,79.0,86.1524173477677
3877,109.0,85.7544076352411
3878,107.0,85.36282044950465
3879,87.0,84.97840119902355
3880,91.0,84.60188164768905
3881,83.0,84.23397852186781
3882,77.0,83.87539214606963
3883,98.0,83.52680510984199
3884,89.0,83.1888809684203
3885,102.0,82.86226297961477
3886,95.0,82.54757287932999
3887,80.0,82.24540969805828
3888,83.0,81.95634862058883
3889,76.0,81.68093989111158
3890,77.0,81.41970776579682
3891,75.0,81.17314951484188
3892,78.0,80.9417344758914
3893,91.0,80.72590316062447
3894,115.0,80.52606641621706
3895,94.0,80.34260464326985
3896,90.0,80.1758670716953
3897,77.0,80.02617109593717
3898,70.0,79.89380167079382
3899,67.0,79.77901076898921
3900,72.0,79.68201690152938
3901,77.0,79.6030047017537
3902,76.0,79.54212457387524
3903,91.0,79.49949240667758
3904,87.0,79.47518935291404
3905,71.0,79.4692616748288
3906,72.0,79.48172065609398
3907,77.0,79.51254258033057
3908,76.0,79.5616687762541
3909,71.0,79.62900572935834
3910,72.0,79.71442525992602
3911,74.0,79.81776476702562
3912,102.0,79.93882753803202
3913,94.0,80.07738312307984
3914,84.0,80.23316777373807
3915,81.0,80.40588494506974
3916,82.0,80.59520586012275
3917,76.0,80.80077013577511
3918,80.0,81.0221864687442
3919,76.0,81.25903338045629
3920,83.0,81.51086001935302
3921,74.0,81.77718701911466
3922,69.0,82.0575074111598
3923,72.0,82.35128758968997
3924,77.0,82.65796832743797
3925,73.0,82.97696584018911
3926,75.0,83.30767289804683
3927,76.0,83.64945998133075
3928,91.0,84.0016764789015
3929,81.0,84.36365192663749
3930,94.0,84.73469728370061
3931,77.0,85.11410624416487
3932,78.0,85.50115658151007
3933,79.0,85.89511152342007
3934,76.0,86.29522115427226
3935,74.0,86.70072384264357
3936,68.0,87.11084769111969
3937,71.0,87.52481200564458
3938,68.0,87.9418287816179
3939,69.0,88.36110420390436
3940,74.0,88.78184015790785
3941,72.0,89.20323574882686
3942,64.0,89.62448882620377
3943,66.0,90.04479751086281
3944,61.0,90.46336172133421
3945,69.0,90.87938469685369
3946,67.0,91.29207451404218
3947,73.0,91.70064559437715
3948,104.0,92.104320199585
3949,96.0,92.50232991211188
3950,105.0,92.89391709784805
3951,98.0,93.27833634832939
3952,112.0,93.65485589966366
3953,82.0,94.02275902548513
3954,74.0,94.38134540128308
3955,75.0,94.72993243751095
3956,72.0,95.0678565789322
3957,70.0,95.39447456773816
3958,68.0,95.70916466802274
3959,67.0,96.01132784929445
3960,68.0,96.30038892676409
3961,73.0,96.57579765624115
3962,73.0,96.83702978155608
3963,82.0,97.08358803251086
3964,99.0,97.3150030714615
3965,127.0,97.53083438672829
3966,128.0,97.73067113113582
3967,123.0,97.91413290408279
3968,101.0,98.08087047565758
3969,90.0,98.2305664514156
3970,87.0,98.36293587655902
3971,82.0,98.47772677836356
3972,116.0,98.5747206458234
3973,126.0,98.65373284559908
3974,131.0,98.71461297347756
3975,130.0,98.75724514067524
3976,120.0,98.78154819443874
3977,91.0,98.787475872524
3978,90.0,98.77501689125884
3979,122.0,98.7441949670222
3980,133.0,98.69506877109872
3981,114.0,98.62773181799443
3982,120.0,98.54231228742681
3983,95.0,98.43897278032713
3984,79.0,98.31791000932081
3985,96.0,98.1793544242729
3986,108.0,98.02356977361477
3987,138.0,97.8508526022831
3988,160.0,97.66153168722997
3989,142.0,97.45596741157789
3990,134.0,97.23455107860852
3991,140.0,96.99770416689657
3992,134.0,96.74587752799968
3993,137.0,96.4795505282382
3994,130.0,96.19923013619288
3995,132.0,95.9054499576629
3996,126.0,95.5987692199147
3997,123.0,95.27977170716376
3998,113.0,94.94906464930584
3999,97.0,94.60727756602213
4000,76.0,94.2550610684514
4001,80.0,93.8930856207154
4002,85.0,93.52204026365227
4003,80.0,93.14263130318777
4004,88.0,92.75558096584282
4005,78.0,92.36162602393257
4006,90.0,91.96151639308064
4007,91.0,91.55601370470907
4008,80.0,91.14588985623323
4009,81.0,90.73192554170805
4010,78.0,90.314908765735
4011,115.0,89.89563334344854
4012,117.0,89.47489738944506
4013,123.0,89.05350179852577
4014,126.0,88.63224872114914
4015,92.0,88.2119400364901
4016,73.0,87.79337582601843
4017,77.0,87.37735285049921
4018,73.0,86.96466303331044
4019,85.0,86.55609195297575
4020,76.0,86.15241734776764
4021,81.0,85.75440763524102
4022,86.0,85.36282044950485
4023,103.0,84.9784011990235
4024,73.0,84.601881647689
4025,76.0,84.23397852186775
4026,79.0,83.87539214606957
4027,103.0,83.52680510984193
4028,120.0,83.18888096842046
4029,137.0,82.86226297961473
4030,134.0,82.54757287933013
4031,116.0,82.24540969805824
4032,122.0,81.95634862058878
4033,128.0,81.6809398911117
4034,121.0,81.41970776579679
4035,142.0,81.17314951484184
4036,127.0,80.94173447589135
4037,119.0,80.72590316062443
4038,124.0,80.52606641621702
4039,109.0,80.34260464326994
4040,100.0,80.17586707169527
4041,75.0,80.02617109593714
4042,70.0,79.8938016707938
4043,70.0,79.77901076898927
4044,71.0,79.68201690152942
4045,68.0,79.60300470175375
4046,74.0,79.54212457387523
4047,65.0,79.49949240667758
4048,65.0,79.47518935291404
4049,65.0,79.4692616748288
4050,64.0,79.48172065609397
4051,68.0,79.51254258033059
4052,60.0,79.5616687762541
4053,91.0,79.62900572935835
4054,118.0,79.71442525992603
4055,101.0,79.81776476702557
4056,102.0,79.93882753803204
4057,86.0,80.07738312307987
4058,76.0,80.23316777373799
4059,65.0,80.40588494506977
4060,66.0,80.59520586012277
4061,62.0,80.800770135775
4062,64.0,81.02218646874422
4063,64.0,81.25903338045633
4064,66.0,81.51086001935306
4065,68.0,81.7771870191147
4066,66.0,82.05750741115966
4067,60.0,82.35128758969002
4068,62.0,82.65796832743801
4069,60.0,82.97696584018917
4070,64.0,83.30767289804687
4071,62.0,83.64945998133058
4072,63.0,84.00167647890132
4073,61.0,84.3636519266373
4074,64.0,84.73469728370067
4075,63.0,85.11410624416493
4076,62.0,85.50115658151013
4077,97.0,85.89511152341987
4078,90.0,86.29522115427233
4079,99.0,86.70072384264363
4080,74.0,87.11084769111974
4081,66.0,87.52481200564465
4082,67.0,87.94182878161797
4083,61.0,88.36110420390415
4084,59.0,88.78184015790791
4085,62.0,89.20323574882691
4086,59.0,89.62448882620356
4087,63.0,90.04479751086286
4088,62.0,90.463361721334
4089,58.0,90.87938469685376
4090,60.0,91.29207451404224
4091,67.0,91.70064559437722
4092,118.0,92.10432019958506
4093,100.0,92.50232991211193
4094,95.0,92.89391709784786
4095,99.0,93.27833634832946
4096,74.0,93.65485589966372
4097,68.0,94.02275902548519
4098,69.0,94.38134540128314
4099,62.0,94.72993243751078
4100,106.0,95.06785657893225
4101,87.0,95.394474567738
4102,82.0,95.70916466802278
4103,73.0,96.01132784929449
4104,81.0,96.30038892676413
4105,76.0,96.57579765624102
4106,79.0,96.83702978155613
4107,99.0,97.0835880325109
4108,96.0,97.31500307146153
4109,98.0,97.53083438672832
4110,121.0,97.73067113113572
4111,118.0,97.91413290408282
4112,121.0,98.08087047565759
4113,108.0,98.23056645141561
4114,107.0,98.36293587655896
4115,117.0,98.47772677836358
4116,108.0,98.57472064582336
4117,141.0,98.65373284559908
4118,138.0,98.71461297347756
4119,104.0,98.75724514067524
4120,89.0,98.78154819443876
4121,102.0,98.787475872524
4122,104.0,98.77501689125883
4123,98.0,98.7441949670222
4124,82.0,98.69506877109872
4125,116.0,98.62773181799442
4126,132.0,98.5423122874268
4127,119.0,98.43897278032719
4128,126.0,98.3179100093208
4129,153.0,98.17935442427297
4130,140.0,98.02356977361475
4131,121.0,97.85085260228307
4132,133.0,97.66153168723007
4133,122.0,97.45596741157784
4134,114.0,97.23455107860848
4135,119.0,96.99770416689653
4136,122.0,96.74587752799964
4137,120.0,96.47955052823816
4138,107.0,96.19923013619302
4139,78.0,95.90544995766285
4140,76.0,95.59876921991466
4141,89.0,95.27977170716372
4142,109.0,94.94906464930601
4143,113.0,94.6072775660223
4144,133.0,94.25506106845157
4145,143.0,93.89308562071534
4146,137.0,93.52204026365222
4147,114.0,93.14263130318771
4148,95.0,92.75558096584277
4149,79.0,92.36162602393276
4150,78.0,91.96151639308057
4151,95.0,91.556013704709
4152,80.0,91.14588985623315
4153,83.0,90.731925541708
4154,84.0,90.31490876573521
4155,85.0,89.89563334344848
4156,109.0,89.47489738944499
4157,113.0,89.05350179852599
4158,140.0,88.63224872114907
4159,162.0,88.21194003649003
4160,129.0,87.79337582601863
4161,127.0,87.37735285049914
4162,125.0,86.96466303331039
4163,120.0,86.55609195297568
4164,123.0,86.15241734776757
4165,91.0,85.75440763524122
4166,91.0,85.36282044950478
4167,70.0,84.97840119902344
4168,80.0,84.60188164768893
4169,74.0,84.2339785218677
4170,73.0,83.87539214606974
4171,78.0,83.5268051098421
4172,86.0,83.18888096842063
4173,100.0,82.86226297961467
4174,94.0,82.54757287933009
4175,83.0,82.24540969805818
4176,82.0,81.95634862058893
4177,103.0,81.68093989111168
4178,101.0,81.41970776579674
4179,125.0,81.1731495148418
4180,150.0,80.94173447589132
4181,131.0,80.7259031606244
4182,126.0,80.52606641621712
4183,84.0,80.34260464326991
4184,76.0,80.17586707169524
4185,62.0,80.02617109593722
4186,59.0,79.89380167079378
4187,59.0,79.77901076898932
4188,67.0,79.68201690152941
4189,63.0,79.60300470175373
4190,65.0,79.54212457387521
4191,83.0,79.49949240667758
4192,84.0,79.47518935291404
4193,78.0,79.4692616748288
4194,76.0,79.48172065609397
4195,69.0,79.51254258033059
4196,65.0,79.56166877625411
4197,73.0,79.62900572935837
4198,74.0,79.71442525992597
4199,66.0,79.81776476702558
4200,62.0,79.93882753803197
4201,76.0,80.07738312307988
4202,72.0,80.23316777373802
4203,89.0,80.4058849450698
4204,99.0,80.59520586012269
4205,114.0,80.80077013577504
4206,116.0,81.02218646874427
4207,108.0,81.25903338045637
4208,95.0,81.5108600193531
4209,65.0,81.77718701911458
4210,67.0,82.0575074111597
4211,61.0,82.35128758969006
4212,57.0,82.65796832743807
4213,65.0,82.976965840189
4214,62.0,83.30767289804693
4215,56.0,83.64945998133041
4216,52.0,84.00167647890137
4217,62.0,84.36365192663736
4218,64.0,84.73469728370073
4219,68.0,85.11410624416499
4220,64.0,85.50115658150993
4221,62.0,85.89511152341994
4222,70.0,86.29522115427238
4223,79.0,86.7007238426437
4224,93.0,87.11084769111982
4225,74.0,87.5248120056447
4226,71.0,87.94182878161776
4227,60.0,88.36110420390422
4228,66.0,88.78184015790771
4229,62.0,89.20323574882698
4230,63.0,89.62448882620363
4231,57.0,90.04479751086267
4232,61.0,90.46336172133407
4233,59.0,90.87938469685383
4234,60.0,91.29207451404231
4235,56.0,91.70064559437728
4236,56.0,92.10432019958513
4237,58.0,92.50232991211173
4238,58.0,92.89391709784792
4239,62.0,93.27833634832952
4240,59.0,93.65485589966377
4241,76.0,94.022759025485
4242,104.0,94.38134540128297
4243,121.0,94.72993243751061
4244,116.0,95.06785657893231
4245,105.0,95.39447456773804
4246,93.0,95.70916466802284
4247,93.0,96.01132784929453
4248,85.0,96.30038892676399
4249,74.0,96.57579765624106
4250,74.0,96.83702978155615
4251,72.0,97.08358803251093
4252,107.0,97.31500307146158
4253,92.0,97.53083438672822
4254,93.0,97.73067113113575
4255,96.0,97.91413290408283
4256,116.0,98.08087047565752
4257,98.0,98.23056645141564
4258,102.0,98.36293587655899
4259,131.0,98.47772677836352
4260,119.0,98.57472064582338
4261,96.0,98.6537328455991
4262,92.0,98.71461297347757
4263,92.0,98.75724514067524
4264,107.0,98.78154819443874
4265,126.0,98.787475872524
4266,132.0,98.77501689125883
4267,109.0,98.7441949670222
4268,99.0,98.6950687710987
4269,129.0,98.62773181799444
4270,129.0,98.54231228742684
4271,126.0,98.43897278032725
4272,95.0,98.31791000932077
4273,133.0,98.17935442427294
4274,102.0,98.02356977361472
4275,102.0,97.85085260228315
4276,100.0,97.66153168723004
4277,137.0,97.45596741157782
4278,119.0,97.23455107860843
4279,144.0,96.99770416689648
4280,112.0,96.7458775279996
4281,115.0,96.47955052823829
4282,162.0,96.19923013619298
4283,115.0,95.90544995766281
4284,91.0,95.5987692199148
4285,86.0,95.27977170716366
4286,86.0,94.94906464930617
4287,98.0,94.60727756602225
4288,118.0,94.25506106845151
4289,88.0,93.89308562071528
4290,90.0,93.52204026365216
4291,91.0,93.14263130318766
4292,96.0,92.75558096584295
4293,131.0,92.3616260239327
4294,116.0,91.96151639308052
4295,146.0,91.55601370470893
4296,138.0,91.14588985623308
4297,124.0,90.7319255417082
4298,122.0,90.31490876573514
4299,104.0,89.89563334344868
4300,103.0,89.47489738944492
4301,94.0,89.05350179852591
4302,94.0,88.632248721149
4303,88.0,88.21194003649023
4304,77.0,87.79337582601858
4305,115.0,87.37735285049908
4306,114.0,86.96466303331032
4307,77.0,86.55609195297562
4308,84.0,86.15241734776777
4309,116.0,85.75440763524117
4310,121.0,85.36282044950472
4311,83.0,84.97840119902338
4312,122.0,84.60188164768911
4313,73.0,84.23397852186764
4314,72.0,83.87539214606991
4315,81.0,83.52680510984204
4316,92.0,83.18888096842058
4317,86.0,82.86226297961463
4318,101.0,82.54757287933003
4319,122.0,82.24540969805834
4320,136.0,81.95634862058888
4321,140.0,81.68093989111163
4322,146.0,81.4197077657967
4323,112.0,81.17314951484177
4324,98.0,80.94173447589128
4325,82.0,80.72590316062451
4326,83.0,80.52606641621709
4327,77.0,80.34260464327
4328,81.0,80.17586707169522
4329,91.0,80.0261710959372
4330,100.0,79.89380167079385
4331,80.0,79.77901076898931
4332,81.0,79.6820169015294
4333,77.0,79.60300470175372
4334,73.0,79.54212457387521
4335,71.0,79.49949240667756
4336,71.0,79.47518935291404
4337,71.0,79.4692616748288
4338,70.0,79.48172065609398
4339,61.0,79.5125425803306
4340,64.0,79.56166877625408
4341,96.0,79.62900572935833
4342,109.0,79.71442525992593
4343,127.0,79.8177647670256
4344,93.0,79.938827538032
4345,103.0,80.07738312307991
4346,112.0,80.23316777373803
4347,76.0,80.40588494506972
4348,78.0,80.59520586012272
4349,69.0,80.80077013577507
4350,73.0,81.02218646874431
4351,69.0,81.25903338045642
4352,67.0,81.51086001935315
4353,60.0,81.77718701911462
4354,60.0,82.05750741115975
4355,59.0,82.35128758968992
4356,63.0,82.65796832743811
4357,70.0,82.97696584018905
4358,73.0,83.30767289804676
4359,60.0,83.64945998133045
4360,65.0,84.00167647890143
4361,62.0,84.36365192663742
4362,66.0,84.7346972837008
4363,94.0,85.11410624416504
4364,85.0,85.50115658151
4365,98.0,85.89511152342
4366,93.0,86.29522115427245
4367,71.0,86.70072384264375
4368,67.0,87.1108476911196
4369,65.0,87.5248120056445
4370,66.0,87.94182878161756
4371,64.0,88.36110420390429
4372,69.0,88.78184015790777
4373,70.0,89.20323574882705
4374,67.0,89.62448882620369
4375,64.0,90.04479751086272
4376,66.0,90.46336172133412
4377,66.0,90.87938469685389
4378,64.0,91.29207451404238
4379,92.0,91.70064559437735
4380,79.0,92.10432019958493
4381,70.0,92.5023299121118
4382,69.0,92.89391709784798
4383,69.0,93.27833634832933
4384,71.0,93.65485589966383
4385,75.0,94.02275902548506
4386,68.0,94.38134540128303
4387,69.0,94.72993243751067
4388,66.0,95.06785657893235
4389,74.0,95.3944745677381
4390,93.0,95.70916466802288
4391,33.0,96.01132784929439
4392,45.0,96.30038892676403
4393,72.0,96.57579765624111
4394,71.0,96.8370297815562
4395,69.0,97.08358803251097
4396,83.0,97.31500307146146
4397,77.0,97.53083438672824
4398,76.0,97.73067113113567
4399,71.0,97.91413290408286
4400,108.0,98.08087047565755
4401,107.0,98.23056645141565
4402,121.0,98.36293587655892
4403,108.0,98.47772677836353
4404,113.0,98.57472064582339
4405,105.0,98.65373284559911
4406,128.0,98.71461297347757
4407,111.0,98.75724514067525
4408,118.0,98.78154819443874
4409,106.0,98.787475872524
4410,114.0,98.77501689125883
4411,122.0,98.74419496702221
4412,112.0,98.69506877109869
4413,113.0,98.62773181799449
4414,131.0,98.54231228742682
4415,113.0,98.43897278032722
4416,96.0,98.31791000932076
4417,75.0,98.17935442427293
4418,69.0,98.0235697736147
4419,99.0,97.85085260228313
4420,125.0,97.66153168723001
4421,108.0,97.45596741157777
4422,104.0,97.2345510786084
4423,122.0,96.99770416689645
4424,120.0,96.74587752799972
4425,95.0,96.47955052823825
4426,93.0,96.19923013619312
4427,140.0,95.90544995766275
4428,107.0,95.59876921991476
4429,121.0,95.27977170716362
4430,100.0,94.94906464930612
4431,116.0,94.6072775660222
4432,96.0,94.25506106845145
4433,91.0,93.89308562071523
4434,85.0,93.5220402636521
4435,74.0,93.14263130318784
4436,102.0,92.7555809658429
4437,138.0,92.36162602393264
4438,127.0,91.96151639308044
4439,127.0,91.55601370470914
4440,94.0,91.14588985623303
4441,112.0,90.7319255417084
4442,89.0,90.31490876573508
4443,88.0,89.89563334344862
4444,82.0,89.47489738944486
4445,79.0,89.05350179852586
4446,78.0,88.63224872114921
4447,78.0,88.21194003649018
4448,77.0,87.7933758260185
4449,77.0,87.37735285049901
4450,77.0,86.96466303331026
4451,96.0,86.55609195297555
4452,108.0,86.15241734776771
4453,127.0,85.7544076352411
4454,117.0,85.36282044950491
4455,125.0,84.97840119902332
4456,92.0,84.60188164768905
4457,112.0,84.23397852186783
4458,93.0,83.87539214606986
4459,96.0,83.52680510984199
4460,81.0,83.18888096842053
4461,75.0,82.86226297961457
4462,73.0,82.54757287932999
4463,69.0,82.24540969805828
4464,74.0,81.95634862058884
4465,76.0,81.68093989111159
4466,75.0,81.41970776579666
4467,84.0,81.17314951484188
4468,112.0,80.9417344758914
4469,70.0,80.72590316062461
4470,68.0,80.52606641621706
4471,71.0,80.34260464326996
4472,72.0,80.1758670716952
4473,109.0,80.02617109593717
4474,110.0,79.89380167079382
4475,105.0,79.77901076898928
4476,96.0,79.68201690152938
4477,73.0,79.6030047017537
4478,69.0,79.5421245738752
4479,66.0,79.49949240667758
4480,77.0,79.47518935291404
4481,75.0,79.4692616748288
4482,73.0,79.48172065609397
4483,110.0,79.5125425803306
4484,90.0,79.5616687762541
4485,116.0,79.62900572935834
4486,111.0,79.71442525992595
4487,114.0,79.81776476702562
4488,91.0,79.93882753803202
4489,74.0,80.07738312307993
4490,75.0,80.23316777373796
4491,73.0,80.40588494506974
4492,78.0,80.59520586012275
4493,83.0,80.80077013577511
4494,81.0,81.02218646874434
4495,71.0,81.25903338045629
4496,72.0,81.51086001935302
4497,69.0,81.77718701911448
4498,72.0,82.05750741115979
4499,82.0,82.35128758968996
4500,69.0,82.65796832743817
4501,73.0,82.9769658401889
4502,73.0,83.30767289804682
4503,72.0,83.64945998133051
4504,106.0,84.00167647890149
4505,94.0,84.36365192663747
4506,84.0,84.73469728370085
4507,94.0,85.11410624416486
4508,84.0,85.50115658151006
4509,73.0,85.89511152342006
4510,70.0,86.29522115427226
4511,71.0,86.70072384264382
4512,70.0,87.1108476911194
4513,70.0,87.52481200564456
4514,69.0,87.94182878161762
4515,66.0,88.36110420390435
4516,68.0,88.78184015790784
4517,81.0,89.20323574882711
4518,81.0,89.62448882620349
4519,72.0,90.0447975108628
4520,68.0,90.4633617213342
4521,69.0,90.87938469685396
4522,68.0,91.29207451404244
4523,69.0,91.70064559437715
4524,73.0,92.10432019958499
4525,71.0,92.5023299121116
4526,77.0,92.89391709784805
4527,82.0,93.27833634832939
4528,70.0,93.65485589966389
4529,79.0,94.02275902548489
4530,77.0,94.38134540128308
4531,72.0,94.72993243751073
4532,74.0,95.0678565789324
4533,67.0,95.39447456773814
4534,65.0,95.70916466802274
4535,65.0,96.01132784929445
4536,77.0,96.30038892676407
4537,102.0,96.57579765624115
4538,73.0,96.83702978155607
4539,80.0,97.08358803251102
4540,81.0,97.31500307146135
4541,83.0,97.53083438672827
4542,81.0,97.7306711311357
4543,73.0,97.91413290408289
4544,72.0,98.08087047565756
4545,116.0,98.23056645141558
4546,93.0,98.36293587655895
4547,90.0,98.47772677836356
4548,81.0,98.5747206458234
4549,136.0,98.65373284559912
4550,109.0,98.71461297347759
4551,135.0,98.75724514067524
4552,108.0,98.78154819443874
4553,122.0,98.787475872524
4554,132.0,98.77501689125882
4555,119.0,98.7441949670222
4556,144.0,98.69506877109872
4557,104.0,98.62773181799447
4558,99.0,98.54231228742681
4559,113.0,98.4389727803272
4560,116.0,98.31791000932073
4561,106.0,98.1793544242729
4562,120.0,98.02356977361478
4563,133.0,97.8508526022831
4564,120.0,97.66153168722997
4565,131.0,97.45596741157775
4566,112.0,97.23455107860852
4567,99.0,96.99770416689657
4568,118.0,96.74587752799985
4569,86.0,96.4795505282382
4570,114.0,96.19923013619308
4571,128.0,95.90544995766271
4572,122.0,95.59876921991471
4573,93.0,95.27977170716377
4574,89.0,94.94906464930607
4575,93.0,94.60727756602215
4576,125.0,94.2550610684514
4577,125.0,93.89308562071517
4578,103.0,93.52204026365229
4579,98.0,93.14263130318778
4580,86.0,92.75558096584284
4581,86.0,92.36162602393284
4582,86.0,91.96151639308039
4583,96.0,91.55601370470907
4584,123.0,91.14588985623323
4585,83.0,90.73192554170834
4586,80.0,90.31490876573501
4587,77.0,89.89563334344855
4588,83.0,89.47489738944479
4589,97.0,89.05350179852606
4590,96.0,88.63224872114914
4591,97.0,88.2119400364901
4592,93.0,87.79337582601843
4593,96.0,87.37735285049895
4594,93.0,86.96466303331046
4595,102.0,86.55609195297575
4596,88.0,86.15241734776791
4597,83.0,85.75440763524104
4598,81.0,85.36282044950485
4599,76.0,84.97840119902325
4600,68.0,84.60188164768924
4601,69.0,84.23397852186777
4602,68.0,83.8753921460698
4603,89.0,83.52680510984194
4604,105.0,83.18888096842048
4605,78.0,82.86226297961451
4606,80.0,82.54757287933015
4607,79.0,82.24540969805824
4608,75.0,81.9563486205888
4609,95.0,81.68093989111172
4610,101.0,81.41970776579662
4611,102.0,81.173149514842
4612,80.0,80.94173447589135
4613,78.0,80.72590316062457
4614,80.0,80.52606641621703
4615,80.0,80.34260464326995
4616,84.0,80.17586707169517
4617,75.0,80.02617109593724
4618,87.0,79.8938016707938
4619,81.0,79.77901076898927
4620,81.0,79.68201690152937
4621,83.0,79.60300470175369
4622,83.0,79.54212457387523
4623,70.0,79.49949240667758
4624,71.0,79.47518935291406
4625,70.0,79.4692616748288
4626,88.0,79.48172065609397
4627,118.0,79.51254258033062
4628,84.0,79.56166877625407
4629,92.0,79.62900572935835
4630,91.0,79.71442525992596
4631,82.0,79.81776476702564
4632,79.0,79.93882753803203
4633,73.0,80.07738312307985
4634,72.0,80.23316777373799
4635,72.0,80.40588494506977
4636,70.0,80.59520586012277
4637,68.0,80.800770135775
4638,76.0,81.02218646874437
4639,72.0,81.25903338045617
4640,70.0,81.51086001935305
4641,70.0,81.77718701911452
4642,67.0,82.05750741115983
4643,73.0,82.35128758969002
4644,71.0,82.65796832743801
4645,74.0,82.97696584018894
4646,75.0,83.30767289804687
4647,109.0,83.64945998133057
4648,103.0,84.00167647890154
4649,89.0,84.36365192663753
4650,102.0,84.73469728370067
4651,101.0,85.11410624416492
4652,88.0,85.50115658150986
4653,77.0,85.89511152342013
4654,76.0,86.29522115427231
4655,73.0,86.70072384264363
4656,68.0,87.11084769111947
4657,71.0,87.52481200564463
4658,69.0,87.94182878161769
4659,68.0,88.36110420390442
4660,89.0,88.78184015790791
4661,84.0,89.20323574882691
4662,85.0,89.62448882620355
4663,73.0,90.04479751086286
4664,71.0,90.46336172133425
4665,68.0,90.87938469685375
4666,65.0,91.29207451404224
4667,71.0,91.70064559437695
4668,80.0,92.10432019958506
4669,77.0,92.50232991211166
4670,78.0,92.8939170978481
4671,73.0,93.27833634832945
4672,70.0,93.6548558996637
4673,81.0,94.02275902548494
4674,82.0,94.38134540128314
4675,77.0,94.72993243751077
4676,65.0,95.06785657893246
4677,68.0,95.39447456773799
4678,68.0,95.70916466802278
4679,74.0,96.01132784929449
4680,87.0,96.30038892676394
4681,72.0,96.57579765624119
4682,74.0,96.83702978155611
4683,66.0,97.08358803251089
4684,74.0,97.31500307146139
4685,101.0,97.53083438672832
4686,93.0,97.73067113113572
4687,72.0,97.91413290408292
4688,92.0,98.08087047565749
4689,75.0,98.23056645141561
4690,77.0,98.36293587655896
4691,102.0,98.47772677836358
4692,114.0,98.57472064582342
4693,117.0,98.65373284559908
4694,118.0,98.71461297347756
4695,94.0,98.75724514067521
4696,93.0,98.78154819443876
4697,113.0,98.787475872524
4698,92.0,98.77501689125882
4699,95.0,98.74419496702222
4700,96.0,98.69506877109872
4701,87.0,98.62773181799446
4702,87.0,98.5423122874268
4703,127.0,98.43897278032719
4704,123.0,98.31791000932071
4705,157.0,98.17935442427297
4706,126.0,98.02356977361475
4707,121.0,97.85085260228307
4708,92.0,97.66153168723007
4709,92.0,97.45596741157772
4710,89.0,97.23455107860863
4711,114.0,96.99770416689654
4712,126.0,96.74587752799981
4713,124.0,96.47955052823816
4714,124.0,96.19923013619302
4715,105.0,95.90544995766267
4716,91.0,95.59876921991486
4717,86.0,95.27977170716372
4718,84.0,94.94906464930601
4719,111.0,94.60727756602209
4720,109.0,94.25506106845134
4721,91.0,93.89308562071535
4722,86.0,93.52204026365223
4723,84.0,93.14263130318797
4724,80.0,92.75558096584277
4725,80.0,92.36162602393277
4726,78.0,91.96151639308032
4727,69.0,91.55601370470927
4728,95.0,91.14588985623317
4729,119.0,90.73192554170826
4730,120.0,90.31490876573494
4731,126.0,89.89563334344848
4732,97.0,89.474897389445
4733,91.0,89.053501798526
4734,90.0,88.63224872114908
4735,81.0,88.21194003649005
4736,92.0,87.79337582601865
4737,118.0,87.37735285049888
4738,100.0,86.96466303331066
4739,119.0,86.55609195297569
4740,85.0,86.15241734776784
4741,91.0,85.75440763524098
4742,91.0,85.3628204495048
4743,81.0,84.97840119902345
4744,78.0,84.60188164768918
4745,90.0,84.23397852186771
4746,93.0,83.87539214606974
4747,93.0,83.52680510984189
4748,91.0,83.18888096842042
4749,73.0,82.86226297961468
4750,75.0,82.54757287933009
4751,74.0,82.24540969805838
4752,106.0,81.95634862058874
4753,109.0,81.68093989111168
4754,97.0,81.41970776579674
4755,86.0,81.17314951484197
4756,75.0,80.94173447589132
4757,75.0,80.72590316062454
4758,76.0,80.526066416217
4759,110.0,80.34260464326992
4760,86.0,80.17586707169525
4761,121.0,80.02617109593723
4762,107.0,79.89380167079378
4763,104.0,79.77901076898925
4764,92.0,79.68201690152941
4765,86.0,79.60300470175373
4766,88.0,79.54212457387526
4767,73.0,79.49949240667758
4768,70.0,79.47518935291406
4769,104.0,79.4692616748288
4770,77.0,79.48172065609397
4771,70.0,79.51254258033059
4772,78.0,79.56166877625407
4773,78.0,79.62900572935837
4774,82.0,79.71442525992597
4775,80.0,79.81776476702565
4776,81.0,79.93882753803197
4777,79.0,80.07738312307988
4778,79.0,80.233167773738
4779,76.0,80.40588494506969
4780,74.0,80.5952058601228
4781,104.0,80.80077013577502
4782,107.0,81.02218646874427
4783,100.0,81.2590333804562
4784,93.0,81.51086001935309
4785,76.0,81.77718701911456
4786,75.0,82.05750741115989
4787,70.0,82.35128758968986
4788,73.0,82.65796832743806
4789,70.0,82.976965840189
4790,69.0,83.30767289804692
4791,71.0,83.64945998133062
4792,75.0,84.00167647890137
4793,84.0,84.36365192663736
4794,90.0,84.73469728370048
4795,92.0,85.11410624416499
4796,85.0,85.50115658150993
4797,68.0,85.89511152342018
4798,69.0,86.29522115427211
4799,70.0,86.70072384264368
4800,67.0,87.11084769111953
4801,69.0,87.52481200564469
4802,70.0,87.94182878161774
4803,71.0,88.36110420390449
4804,70.0,88.7818401579077
4805,68.0,89.20323574882697
4806,68.0,89.62448882620362
4807,102.0,90.04479751086265
4808,88.0,90.46336172133432
4809,88.0,90.87938469685355
4810,85.0,91.2920745140423
4811,75.0,91.70064559437701
4812,74.0,92.10432019958512
4813,70.0,92.50232991211173
4814,70.0,92.89391709784816
4815,70.0,93.27833634832926
4816,73.0,93.65485589966377
4817,69.0,94.022759025485
4818,79.0,94.3813454012832
4819,73.0,94.72993243751083
4820,78.0,95.0678565789323
4821,77.0,95.39447456773804
4822,73.0,95.70916466802262
4823,74.0,96.01132784929453
4824,77.0,96.30038892676399
4825,83.0,96.57579765624124
4826,87.0,96.83702978155598
4827,90.0,97.08358803251093
4828,97.0,97.31500307146142
4829,97.0,97.53083438672834
4830,92.0,97.73067113113575
4831,87.0,97.91413290408283
4832,85.0,98.08087047565752
4833,82.0,98.23056645141563
4834,79.0,98.36293587655898
4835,91.0,98.47772677836352
4836,96.0,98.57472064582342
4837,108.0,98.65373284559905
4838,118.0,98.71461297347757
4839,141.0,98.75724514067522
4840,90.0,98.78154819443876
4841,94.0,98.787475872524
4842,93.0,98.77501689125883
4843,128.0,98.74419496702222
4844,90.0,98.6950687710987
4845,102.0,98.62773181799444
4846,103.0,98.54231228742678
4847,90.0,98.43897278032718
4848,115.0,98.31791000932077
4849,142.0,98.17935442427296
4850,131.0,98.02356977361484
4851,105.0,97.85085260228304
4852,95.0,97.66153168723004
4853,97.0,97.45596741157782
4854,105.0,97.23455107860859
4855,130.0,96.9977041668965
4856,127.0,96.74587752799977
4857,103.0,96.47955052823812
4858,100.0,96.19923013619298
4859,94.0,95.90544995766281
4860,96.0,95.59876921991481
4861,150.0,95.27977170716368
4862,125.0,94.94906464930595
4863,110.0,94.60727756602226
4864,131.0,94.25506106845152
4865,131.0,93.89308562071554
4866,131.0,93.52204026365217
4867,114.0,93.14263130318791
4868,105.0,92.75558096584271
4869,92.0,92.36162602393271
4870,87.0,91.96151639308052
4871,98.0,91.55601370470922
4872,108.0,91.1458898562331
4873,91.0,90.73192554170821
4874,86.0,90.31490876573488
4875,83.0,89.89563334344842
4876,119.0,89.47489738944493
4877,109.0,89.05350179852593
4878,134.0,88.63224872114928
4879,126.0,88.21194003648998
4880,144.0,87.79337582601858
4881,138.0,87.37735285049908
4882,114.0,86.9646630333106
4883,129.0,86.55609195297562
4884,100.0,86.15241734776778
4885,111.0,85.75440763524091
4886,103.0,85.36282044950474
4887,87.0,84.97840119902338
4888,86.0,84.60188164768913
4889,87.0,84.23397852186766
4890,85.0,83.8753921460697
4891,87.0,83.52680510984206
4892,102.0,83.18888096842059
4893,82.0,82.86226297961484
4894,105.0,82.54757287933005
4895,98.0,82.24540969805834
4896,96.0,81.9563486205887
4897,87.0,81.68093989111163
4898,88.0,81.4197077657967
4899,93.0,81.17314951484192
4900,116.0,80.94173447589128
4901,114.0,80.72590316062451
4902,87.0,80.52606641621698
4903,90.0,80.34260464327001
4904,92.0,80.17586707169522
4905,119.0,80.0261710959372
4906,132.0,79.89380167079385
4907,132.0,79.77901076898924
4908,102.0,79.6820169015294
4909,105.0,79.60300470175372
4910,110.0,79.54212457387524
4911,101.0,79.49949240667756
4912,143.0,79.47518935291404
4913,133.0,79.4692616748288
4914,98.0,79.48172065609397
4915,89.0,79.5125425803306
4916,85.0,79.56166877625408
4917,82.0,79.62900572935838
4918,86.0,79.71442525992599
4919,86.0,79.8177647670256
4920,79.0,79.93882753803199
4921,87.0,80.07738312307981
4922,82.0,80.23316777373803
4923,79.0,80.40588494506972
4924,84.0,80.59520586012283
4925,81.0,80.80077013577493
4926,77.0,81.0221864687443
4927,83.0,81.25903338045624
4928,119.0,81.51086001935313
4929,92.0,81.7771870191146
4930,89.0,82.05750741115993
4931,81.0,82.35128758968992
4932,81.0,82.65796832743811
4933,78.0,82.97696584018905
4934,72.0,83.30767289804676
4935,76.0,83.64945998133068
4936,79.0,84.00167647890119
4937,86.0,84.36365192663742
4938,74.0,84.73469728370054
4939,85.0,85.11410624416504
4940,91.0,85.50115658150999
4941,126.0,85.89511152342025
4942,120.0,86.29522115427218
4943,124.0,86.70072384264375
4944,110.0,87.1108476911196
4945,88.0,87.52481200564476
4946,85.0,87.94182878161782
4947,85.0,88.36110420390428
4948,77.0,88.78184015790777
4949,79.0,89.20323574882677
4950,81.0,89.62448882620369
4951,78.0,90.04479751086272
4952,76.0,90.4633617213344
4953,73.0,90.8793846968536
4954,79.0,91.29207451404237
4955,76.0,91.70064559437708
4956,77.0,92.10432019958519
4957,83.0,92.50232991211179
4958,83.0,92.89391709784798
4959,78.0,93.27833634832932
4960,78.0,93.65485589966383
4961,83.0,94.02275902548506
4962,75.0,94.38134540128301
4963,78.0,94.72993243751088
4964,81.0,95.06785657893214
4965,79.0,95.39447456773809
4966,78.0,95.70916466802268
4967,88.0,96.01132784929457
4968,79.0,96.30038892676403
4969,90.0,96.5757976562411
4970,90.0,96.83702978155603
4971,90.0,97.08358803251097
4972,81.0,97.31500307146146
4973,85.0,97.53083438672837
4974,82.0,97.73067113113578
4975,85.0,97.91413290408286
4976,80.0,98.08087047565753
4977,118.0,98.23056645141557
4978,98.0,98.362935876559
4979,85.0,98.47772677836353
4980,82.0,98.57472064582339
4981,80.0,98.65373284559907
4982,89.0,98.71461297347757
4983,119.0,98.75724514067522
4984,102.0,98.78154819443876
4985,100.0,98.787475872524
4986,98.0,98.77501689125883
4987,123.0,98.74419496702221
4988,100.0,98.69506877109869
4989,103.0,98.62773181799444
4990,109.0,98.54231228742682
4991,95.0,98.43897278032723
4992,128.0,98.31791000932084
4993,94.0,98.17935442427293
4994,95.0,98.02356977361481
4995,91.0,97.85085260228301
4996,133.0,97.66153168723001
4997,115.0,97.45596741157779
4998,133.0,97.23455107860856
4999,115.0,96.99770416689645
5000,102.0,96.74587752799972
5001,95.0,96.47955052823808
5002,88.0,96.19923013619312
5003,100.0,95.90544995766277
5004,136.0,95.59876921991477
5005,137.0,95.27977170716383
5006,139.0,94.94906464930591
5007,143.0,94.6072775660222
5008,111.0,94.25506106845147
5009,113.0,93.89308562071548
5010,108.0,93.52204026365212
5011,91.0,93.14263130318785
5012,91.0,92.75558096584265
5013,92.0,92.36162602393291
5014,91.0,91.96151639308046
5015,123.0,91.55601370470914
5016,126.0,91.14588985623304
5017,142.0,90.73192554170814
5018,142.0,90.31490876573508
5019,137.0,89.89563334344862
5020,105.0,89.47489738944513
5021,95.0,89.05350179852586
5022,90.0,88.63224872114922
5023,91.0,88.2119400364899
5024,90.0,87.79337582601879
5025,104.0,87.37735285049902
5026,115.0,86.96466303331053
5027,121.0,86.55609195297556
5028,125.0,86.15241734776771
5029,138.0,85.75440763524085
5030,148.0,85.36282044950492
5031,135.0,84.97840119902332
5032,140.0,84.60188164768907
5033,108.0,84.23397852186784
5034,128.0,83.87539214606964
5035,124.0,83.52680510984223
5036,101.0,83.18888096842053
5037,96.0,82.86226297961478
5038,88.0,82.54757287933
5039,89.0,82.2454096980583
5040,82.0,81.95634862058866
5041,87.0,81.68093989111176
5042,80.0,81.41970776579667
5043,90.0,81.17314951484188
5044,85.0,80.94173447589125
5045,84.0,80.72590316062448
5046,84.0,80.52606641621706
5047,91.0,80.34260464326998
5048,125.0,80.1758670716953
5049,132.0,80.02617109593717
5050,125.0,79.89380167079382
5051,106.0,79.77901076898922
5052,137.0,79.68201690152944
5053,121.0,79.6030047017537
5054,120.0,79.54212457387524
5055,125.0,79.49949240667756
5056,141.0,79.47518935291404
5057,107.0,79.4692616748288
5058,130.0,79.48172065609397
5059,112.0,79.5125425803306
5060,107.0,79.5616687762541
5061,126.0,79.62900572935834
5062,108.0,79.714425259926
5063,89.0,79.81776476702554
5064,89.0,79.93882753803202
5065,85.0,80.07738312307984
5066,84.0,80.23316777373806
5067,78.0,80.40588494506974
5068,81.0,80.59520586012275
5069,81.0,80.80077013577495
5070,110.0,81.02218646874434
5071,83.0,81.25903338045629
5072,78.0,81.51086001935317
5073,78.0,81.77718701911465
5074,78.0,82.05750741115979
5075,85.0,82.35128758968996
5076,90.0,82.65796832743796
5077,104.0,82.9769658401891
5078,119.0,83.3076728980468
5079,93.0,83.64945998133051
5080,82.0,84.00167647890125
5081,89.0,84.36365192663747
5082,86.0,84.7346972837006
5083,82.0,85.1141062441651
5084,80.0,85.50115658151005
5085,82.0,85.89511152342006
5086,78.0,86.29522115427224
5087,84.0,86.70072384264381
5088,120.0,87.11084769111966
5089,86.0,87.52481200564456
5090,101.0,87.94182878161762
5091,91.0,88.36110420390406
5092,81.0,88.78184015790782
5093,82.0,89.20323574882683
5094,90.0,89.62448882620374
5095,77.0,90.04479751086278
5096,77.0,90.46336172133418
5097,75.0,90.87938469685368
5098,76.0,91.29207451404244
5099,82.0,91.70064559437714
5100,80.0,92.10432019958525
5101,88.0,92.50232991211159
5102,83.0,92.89391709784803
5103,80.0,93.27833634832938
5104,84.0,93.65485589966364
5105,88.0,94.02275902548512
5106,78.0,94.38134540128307
5107,80.0,94.72993243751071
5108,98.0,95.06785657893218
5109,87.0,95.39447456773814
5110,77.0,95.70916466802272
5111,91.0,96.01132784929462
5112,88.0,96.30038892676389
5113,97.0,96.57579765624114
5114,86.0,96.83702978155607
5115,86.0,97.083588032511
5116,88.0,97.31500307146149
5117,88.0,97.53083438672827
5118,89.0,97.7306711311357
5119,83.0,97.91413290408278
5120,93.0,98.08087047565756
5121,88.0,98.23056645141558
5122,89.0,98.36293587655902
5123,82.0,98.47772677836349
5124,94.0,98.57472064582339
5125,95.0,98.65373284559908
5126,101.0,98.71461297347759
5127,126.0,98.75724514067522
5128,120.0,98.78154819443876
5129,100.0,98.787475872524
5130,100.0,98.77501689125882
5131,97.0,98.7441949670222
5132,154.0,98.69506877109873
5133,162.0,98.62773181799443
5134,140.0,98.54231228742688
5135,118.0,98.4389727803272
5136,181.0,98.31791000932083
5137,132.0,98.1793544242729
5138,122.0,98.02356977361478
5139,96.0,97.85085260228298
5140,151.0,97.66153168723011
5141,161.0,97.45596741157775
5142,177.0,97.23455107860852
5143,132.0,96.99770416689641
5144,162.0,96.74587752799968
5145,131.0,96.47955052823822
5146,114.0,96.19923013619308
5147,112.0,95.90544995766291
5148,100.0,95.59876921991471
5149,99.0,95.27977170716377
5150,101.0,94.94906464930585
5151,132.0,94.60727756602238
5152,95.0,94.25506106845141
5153,83.0,93.89308562071542
5154,91.0,93.52204026365204
5155,96.0,93.1426313031878
5156,110.0,92.75558096584284
5157,116.0,92.36162602393284
5158,152.0,91.96151639308039
5159,152.0,91.55601370470909
5160,126.0,91.14588985623324
5161,103.0,90.73192554170808
5162,97.0,90.3149087657353
5163,89.0,89.89563334344857
5164,89.0,89.47489738944508
5165,139.0,89.0535017985258
5166,129.0,88.63224872114915
5167,145.0,88.21194003649012
5168,136.0,87.79337582601872
5169,138.0,87.37735285049895
5170,135.0,86.96466303331047
5171,156.0,86.55609195297549
5172,159.0,86.15241734776765
5173,161.0,85.75440763524105
5174,154.0,85.36282044950487
5175,125.0,84.97840119902351
5176,137.0,84.60188164768901
5177,154.0,84.23397852186777
5178,136.0,83.87539214606981
5179,110.0,83.52680510984217
5180,118.0,83.18888096842048
5181,121.0,82.86226297961474
5182,108.0,82.54757287932995
5183,110.0,82.24540969805825
5184,116.0,81.9563486205888
5185,105.0,81.68093989111172
5186,102.0,81.41970776579663
5187,94.0,81.17314951484185
5188,93.0,80.94173447589137
5189,94.0,80.72590316062458
5190,98.0,80.52606641621716
5191,87.0,80.34260464326995
5192,113.0,80.17586707169528
5193,131.0,80.02617109593716
5194,103.0,79.8938016707938
5195,94.0,79.77901076898927
5196,82.0,79.68201690152942
5197,87.0,79.60300470175369
5198,89.0,79.54212457387523
5199,83.0,79.49949240667755
5200,122.0,79.47518935291406
5201,121.0,79.4692616748288
5202,145.0,79.48172065609397
5203,141.0,79.51254258033059
5204,97.0,79.5616687762541
5205,111.0,79.62900572935835
5206,106.0,79.71442525992596
5207,91.0,79.81776476702557
5208,86.0,79.93882753803203
5209,87.0,80.07738312307985
5210,81.0,80.23316777373809
5211,86.0,80.40588494506966
5212,79.0,80.59520586012277
5213,93.0,80.800770135775
5214,95.0,81.02218646874437
5215,108.0,81.25903338045632
5216,105.0,81.51086001935305
5217,86.0,81.77718701911469
5218,85.0,82.05750741115965
5219,83.0,82.3512875896902
5220,77.0,82.657968327438
5221,92.0,82.97696584018894
5222,87.0,83.30767289804686
5223,82.0,83.64945998133057
5224,78.0,84.00167647890153
5225,84.0,84.36365192663753
5226,74.0,84.73469728370041
5227,93.0,85.11410624416516
5228,94.0,85.50115658150986
5229,86.0,85.89511152342011
5230,86.0,86.2952211542723
5231,114.0,86.70072384264361
5232,88.0,87.11084769111973
5233,87.0,87.52481200564435
5234,90.0,87.94182878161794
5235,93.0,88.36110420390413
5236,87.0,88.78184015790762
5237,81.0,89.2032357488269
5238,83.0,89.62448882620355
5239,107.0,90.04479751086285
5240,83.0,90.46336172133425
5241,84.0,90.87938469685402
5242,82.0,91.2920745140425
5243,82.0,91.70064559437694
5244,83.0,92.10432019958505
5245,86.0,92.50232991211166
5246,78.0,92.89391709784809
5247,77.0,93.27833634832943
5248,78.0,93.65485589966346
5249,83.0,94.02275902548517
5250,91.0,94.3813454012829
5251,83.0,94.729932437511
5252,84.0,95.06785657893224
5253,85.0,95.39447456773799
5254,81.0,95.70916466802277
5255,82.0,96.01132784929447
