Index,Raw_Data,GAM_Java
0,64.0,88.82016487356886
1,65.0,88.81480690868915
2,65.0,88.80952888746785
3,63.0,88.80432984368869
4,64.0,88.79920881113539
5,74.0,88.7941648235917
6,70.0,88.78919691484134
7,87.0,88.78430411866802
8,90.0,88.77948546885553
9,66.0,88.77473999918753
10,86.0,88.77006674344783
11,92.0,88.76546473542007
12,105.0,88.76093300888807
13,81.0,88.75647059763551
14,68.0,88.75207653544614
15,69.0,88.7477498561037
16,66.0,88.74348959339191
17,67.0,88.73929478109449
18,77.0,88.73516445299518
19,91.0,88.73109764287773
20,80.0,88.72709338452586
21,72.0,88.72315071172329
22,86.0,88.71926865825378
23,92.0,88.71544625790102
24,103.0,88.71168254444879
25,98.0,88.7079765516808
26,92.0,88.70432731338077
27,111.0,88.70073386333245
28,105.0,88.69719523531957
29,108.0,88.69371046312584
30,107.0,88.69027858053502
31,118.0,88.68689862133083
32,118.0,88.68356961929702
33,79.0,88.68029060821728
34,89.0,88.67706062187538
35,78.0,88.67387869405503
36,83.0,88.67074385853999
37,95.0,88.66765514911395
38,106.0,88.6646115995607
39,124.0,88.66161224366391
40,115.0,88.65865611520735
41,114.0,88.65574224797474
42,105.0,88.6528696757498
43,113.0,88.65003743231631
44,104.0,88.64724455145793
45,90.0,88.64449006695847
46,85.0,88.6417730126016
47,116.0,88.63909242217107
48,111.0,88.63644732945062
49,83.0,88.63383676822399
50,101.0,88.6312597722749
51,94.0,88.62871537538709
52,101.0,88.62620261134425
53,108.0,88.62372051393017
54,87.0,88.62126811692855
55,97.0,88.61884445412315
56,102.0,88.61644855929765
57,102.0,88.61407946623585
58,104.0,88.61173620872141
59,126.0,88.60941782053814
60,117.0,88.6071233354697
61,112.0,88.60485178729986
62,111.0,88.60260220981235
63,130.0,88.60037363679088
64,114.0,88.59816510201922
65,121.0,88.5959756392811
66,103.0,88.5938042823602
67,99.0,88.5916500650403
68,98.0,88.5895120211051
69,114.0,88.58738918433835
70,111.0,88.5852805885238
71,100.0,88.58318526744517
72,110.0,88.58110225488618
73,112.0,88.57903058463056
74,99.0,88.57696929046205
75,91.0,88.57491740616437
76,80.0,88.57287396552127
77,78.0,88.57083800231649
78,82.0,88.56880855033374
79,82.0,88.56678464335675
80,90.0,88.56476531516928
81,81.0,88.56274959955503
82,84.0,88.56073653029776
83,78.0,88.55872514118118
84,80.0,88.556714465989
85,80.0,88.55470353850504
86,88.0,88.55269139251294
87,91.0,88.55067706179646
88,90.0,88.54865958013937
89,85.0,88.54663798132535
90,78.0,88.54461129913814
91,90.0,88.54257856736152
92,89.0,88.54053881977914
93,97.0,88.53849109017482
94,117.0,88.53643441233224
95,117.0,88.53436782003513
96,99.0,88.53229034706723
97,80.0,88.53020102721229
98,70.0,88.52809889425403
99,69.0,88.52598298197616
100,66.0,88.52385232416246
101,64.0,88.52170595459663
102,67.0,88.51954290706242
103,68.0,88.51736221534352
104,66.0,88.5151629132237
105,72.0,88.5129440344867
106,73.0,88.5107046129162
107,67.0,88.50844368229599
108,70.0,88.50616027640979
109,93.0,88.5038534290413
110,87.0,88.50152217397428
111,102.0,88.49916554499248
112,86.0,88.49678257587956
113,71.0,88.49437230041934
114,72.0,88.49193375239548
115,66.0,88.48946596559178
116,68.0,88.48696797379189
117,63.0,88.48443881077964
118,66.0,88.48187751033868
119,66.0,88.47928310625278
120,63.0,88.47665463230565
121,64.0,88.47399112228103
122,66.0,88.47129160996268
123,62.0,88.4685551291343
124,65.0,88.46578071357963
125,84.0,88.46296739708241
126,95.0,88.46011421342637
127,79.0,88.45722019639526
128,78.0,88.45428437977274
129,66.0,88.45130579734261
130,65.0,88.4482834828886
131,63.0,88.44521647019442
132,65.0,88.4421037930438
133,67.0,88.43894448522047
134,64.0,88.4357375805082
135,64.0,88.43248211269068
136,61.0,88.42917711555165
137,61.0,88.42582162287488
138,78.0,88.42241466844403
139,86.0,88.41895528604292
140,94.0,88.41544250945519
141,104.0,88.41187537246464
142,110.0,88.40825290885496
143,89.0,88.40457415240992
144,84.0,88.40083813691324
145,69.0,88.39704389614862
146,66.0,88.39319046389983
147,74.0,88.38927687395059
148,77.0,88.38530216008463
149,87.0,88.38126535608568
150,80.0,88.37716549573747
151,69.0,88.37300161282373
152,68.0,88.36877274112823
153,61.0,88.36447791443464
154,62.0,88.36011616652675
155,71.0,88.35568653118825
156,60.0,88.3511880422029
157,66.0,88.34661973335442
158,85.0,88.34198063842653
159,67.0,88.33726979120297
160,72.0,88.33248622546748
161,72.0,88.32762897500379
162,99.0,88.32269707359565
163,86.0,88.31768955502673
164,78.0,88.31260545308085
165,81.0,88.30744380154164
166,66.0,88.30220363419295
167,92.0,88.29688398481841
168,91.0,88.2914838872018
169,106.0,88.28600237512684
170,123.0,88.28043848237726
171,110.0,88.27479124273684
172,110.0,88.26905968998923
173,116.0,88.2632428579182
174,119.0,88.25733978030752
175,101.0,88.25134949094085
176,107.0,88.24527102360199
177,105.0,88.23910341207461
178,86.0,88.23284569014248
179,104.0,88.22649689158935
180,100.0,88.2200560501989
181,95.0,88.2135221997549
182,116.0,88.20689437404107
183,110.0,88.20017160684114
184,104.0,88.19335293193883
185,122.0,88.1864373831179
186,111.0,88.17942399416208
187,93.0,88.17231179885509
188,88.0,88.16509983098065
189,96.0,88.15778712432251
190,103.0,88.1503727126644
191,83.0,88.14285562979005
192,80.0,88.13523490948317
193,96.0,88.12750958552755
194,100.0,88.11967869170688
195,106.0,88.11174126180485
196,115.0,88.10369632960528
197,115.0,88.09554292889186
198,106.0,88.08728009344833
199,106.0,88.0789068570584
200,125.0,88.07042225350581
201,126.0,88.06182531657433
202,111.0,88.05311508004763
203,111.0,88.04429057770948
204,110.0,88.03535084334361
205,102.0,88.02629491073378
206,97.0,88.01712181366365
207,109.0,88.00783058591699
208,94.0,87.99842026127756
209,84.0,87.98888987352905
210,75.0,87.9792384564552
211,82.0,87.96946504383976
212,87.0,87.95956866946646
213,89.0,87.94954836711902
214,90.0,87.93940317058117
215,81.0,87.92913211363665
216,80.0,87.91873423006919
217,77.0,87.90820855366253
218,94.0,87.89755411820039
219,91.0,87.88676995746651
220,90.0,87.87585510524463
221,84.0,87.86480859531844
222,85.0,87.85362946147171
223,93.0,87.84231673748818
224,92.0,87.83086945715156
225,83.0,87.81928665424559
226,86.0,87.80756736255401
227,95.0,87.79571061586051
228,91.0,87.78371544794888
229,110.0,87.77158089260283
230,126.0,87.7593059836061
231,75.0,87.74688975474238
232,78.0,87.73433123979544
233,72.0,87.72162947254901
234,83.0,87.70878348678683
235,87.0,87.6957923162926
236,105.0,87.6826549948501
237,99.0,87.66937055624301
238,76.0,87.65593803425507
239,67.0,87.64235646267005
240,71.0,87.62862487527167
241,76.0,87.61474230584363
242,74.0,87.6007077881697
243,76.0,87.58652035603359
244,69.0,87.57217904321902
245,70.0,87.55768288350976
246,91.0,87.54303091068954
247,80.0,87.52822215854202
248,73.0,87.51325566085103
249,74.0,87.49813045140024
250,68.0,87.48284556397341
251,63.0,87.46740003235425
252,66.0,87.45179289032652
253,70.0,87.43602317167394
254,76.0,87.42008991018022
255,88.0,87.40399213962911
256,121.0,87.38772889380435
257,99.0,87.37129920648965
258,71.0,87.35470211146877
259,78.0,87.33793664252543
260,74.0,87.32100183344335
261,105.0,87.30389671800629
262,77.0,87.28662032999794
263,70.0,87.26917170320208
264,70.0,87.2515498714024
265,65.0,87.23375386838268
266,75.0,87.2157827279266
267,63.0,87.19763548381792
268,63.0,87.17931116984037
269,64.0,87.16080881977767
270,63.0,87.14212746741356
271,67.0,87.12326614653178
272,77.0,87.10422389091605
273,92.0,87.08499973435012
274,107.0,87.06559271061771
275,96.0,87.04600185350252
276,85.0,87.02622619678834
277,67.0,87.00626477425888
278,68.0,86.98611661969785
279,66.0,86.965780766889
280,65.0,86.94525624961607
281,60.0,86.92454210166277
282,67.0,86.90363735681287
283,67.0,86.88254104885004
284,73.0,86.8612522115581
285,83.0,86.83976987872069
286,94.0,86.8180930841216
287,80.0,86.79622086154455
288,77.0,86.77415224477328
289,73.0,86.75188626759146
290,72.0,86.7294219637829
291,64.0,86.70675836713133
292,66.0,86.68389451142043
293,68.0,86.66082943043395
294,89.0,86.63756215795566
295,74.0,86.61409172776925
296,69.0,86.59041717365844
297,68.0,86.56653752940701
298,76.0,86.54245182879866
299,103.0,86.51815910561714
300,90.0,86.49365839364616
301,91.0,86.46894872666948
302,71.0,86.44402913847081
303,74.0,86.41889866283388
304,73.0,86.39355633354242
305,67.0,86.36800118438019
306,81.0,86.34223224913092
307,69.0,86.3162485615783
308,75.0,86.2900491555061
309,87.0,86.26363306469804
310,72.0,86.23699967158258
311,77.0,86.21015034901397
312,90.0,86.18308717509014
313,90.0,86.15581222873548
314,111.0,86.1283275888744
315,104.0,86.10063533443125
316,104.0,86.07273754433038
317,88.0,86.04463629749624
318,92.0,86.01633367285315
319,87.0,85.98783174932552
320,84.0,85.95913260583774
321,89.0,85.93023832131416
322,105.0,85.90115097467918
323,119.0,85.87187264485719
324,116.0,85.84240541077254
325,101.0,85.81275135134965
326,121.0,85.78291254551284
327,134.0,85.75289107218656
328,122.0,85.72268901029516
329,110.0,85.69230843876298
330,109.0,85.66175143651449
331,117.0,85.63102008247398
332,140.0,85.6001164555659
333,115.0,85.56904263471458
334,90.0,85.53780069884442
335,97.0,85.50639272687982
336,108.0,85.47482079774514
337,91.0,85.44308699036475
338,84.0,85.41119338366306
339,100.0,85.37914205656439
340,97.0,85.3469350879932
341,93.0,85.31457455687384
342,99.0,85.28206254213066
343,101.0,85.24940112268807
344,110.0,85.21659237747046
345,114.0,85.18363838540219
346,130.0,85.15054122540764
347,121.0,85.1173029764112
348,130.0,85.08392571733722
349,93.0,85.05041152711013
350,102.0,85.01676248465428
351,84.0,84.98298066889407
352,79.0,84.94906815875387
353,97.0,84.91502703315804
354,90.0,84.88085937103098
355,91.0,84.84656725129709
356,105.0,84.81215275288072
357,97.0,84.77761795470624
358,83.0,84.74296493569807
359,85.0,84.70819577478055
360,82.0,84.67331255087811
361,96.0,84.63831734291507
362,83.0,84.60321222981587
363,94.0,84.56799929050487
364,97.0,84.53268060390641
365,87.0,84.49725824894492
366,106.0,84.46173430454475
367,73.0,84.4261108496303
368,63.0,84.39038996312595
369,127.0,84.35457372395608
370,113.0,84.31866421104505
371,112.0,84.28266350331725
372,98.0,84.24657367969706
373,77.0,84.2103968191089
374,74.0,84.17413500047708
375,92.0,84.13779030272606
376,80.0,84.10136480478015
377,78.0,84.06486058556374
378,97.0,84.02827972400125
379,92.0,83.99162429901703
380,93.0,83.95489638953548
381,85.0,83.91809807448095
382,134.0,83.88123143277785
383,105.0,83.84429854335053
384,90.0,83.80730148512342
385,71.0,83.77024233702085
386,67.0,83.73312317796722
387,70.0,83.69594608688692
388,77.0,83.65871314270433
389,69.0,83.62142642434382
390,70.0,83.58408801072976
391,85.0,83.54669998078654
392,91.0,83.50926441343854
393,85.0,83.47178338761016
394,79.0,83.43425898222576
395,69.0,83.39669327620972
396,70.0,83.35908834848642
397,69.0,83.32144627798024
398,70.0,83.28376914361559
399,74.0,83.2460590243168
400,70.0,83.2083179990083
401,75.0,83.17054814661444
402,70.0,83.13275154605958
403,72.0,83.09493027626816
404,65.0,83.0570864161645
405,92.0,83.01922204467303
406,98.0,82.98133924071809
407,88.0,82.94344008322408
408,99.0,82.90552665111538
409,87.0,82.86760102331637
410,68.0,82.82966527875145
411,66.0,82.79172149634498
412,74.0,82.7537717550213
413,64.0,82.71581813370487
414,64.0,82.67786271132
415,76.0,82.63990756679112
416,73.0,82.6019547790426
417,90.0,82.56400642699879
418,71.0,82.52606458958412
419,68.0,82.48813134572293
420,73.0,82.4502087743396
421,69.0,82.41229895435853
422,63.0,82.3744039647041
423,64.0,82.33652588430068
424,68.0,82.2986667920727
425,63.0,82.26082876694443
426,64.0,82.22301388784034
427,87.0,82.18522423368479
428,87.0,82.14746188340214
429,95.0,82.10972891591682
430,74.0,82.07202741015315
431,74.0,82.03435944503553
432,65.0,81.99672709948835
433,69.0,81.95913245243602
434,64.0,81.92157758280285
435,62.0,81.88406456951328
436,69.0,81.84659549149168
437,97.0,81.8091724276624
438,60.0,81.77179745694986
439,56.0,81.73447265827842
440,62.0,81.69720011057244
441,58.0,81.65998189275633
442,65.0,81.62282008375445
443,68.0,81.58571676249122
444,76.0,81.54867400789097
445,72.0,81.51169389887812
446,60.0,81.47477851437701
447,75.0,81.43792993331206
448,71.0,81.40115023460763
449,64.0,81.3644414971881
450,63.0,81.32780579997785
451,68.0,81.29124522190128
452,72.0,81.25476184188274
453,55.0,81.21835773884665
454,59.0,81.18203499171734
455,59.0,81.14579567941924
456,56.0,81.1096418808767
457,99.0,81.07357567501408
458,58.0,81.03759914075584
459,58.0,81.00171435702626
460,61.0,80.9659234027498
461,58.0,80.93022835685079
462,82.0,80.89463129825364
463,107.0,80.8591343058827
464,106.0,80.8237394586624
465,102.0,80.78844883551706
466,80.0,80.75326451537113
467,77.0,80.71818857714892
468,112.0,80.68322309977486
469,77.0,80.64837016217328
470,70.0,80.61363184326862
471,86.0,80.57901022198523
472,113.0,80.5445073772475
473,68.0,80.51012538797978
474,74.0,80.4758663331065
475,66.0,80.44173229155199
476,84.0,80.40772534224065
477,103.0,80.37384756409689
478,120.0,80.34010103604507
479,109.0,80.30648783700953
480,117.0,80.27301004591472
481,109.0,80.23966974168496
482,80.0,80.20646900324468
483,115.0,80.17340990951821
484,102.0,80.14049453943
485,108.0,80.10772497190436
486,99.0,80.0751032858657
487,80.0,80.0426315602384
488,87.0,80.01031187394683
489,115.0,79.97814630591539
490,131.0,79.94613693506845
491,120.0,79.91428584033038
492,103.0,79.88259510062558
493,103.0,79.85106679487843
494,112.0,79.8197030020133
495,98.0,79.78850580095455
496,123.0,79.7574772706266
497,68.0,79.7266194899538
498,94.0,79.69593453786055
499,105.0,79.66542449327123
500,103.0,79.6350914351102
501,102.0,79.60493744230187
502,76.0,79.57496459377059
503,74.0,79.54517496844078
504,82.0,79.51557064523676
505,92.0,79.48615370308295
506,72.0,79.45692622090374
507,71.0,79.4278902776235
508,68.0,79.39904795216661
509,67.0,79.37040132345743
510,65.0,79.34195247042035
511,104.0,79.31370347197978
512,96.0,79.28565640706006
513,64.0,79.25781335458562
514,71.0,79.23017639348078
515,81.0,79.20274760266996
516,89.0,79.17552906107751
517,104.0,79.14852284762785
518,64.0,79.12173104124533
519,65.0,79.09515572085436
520,77.0,79.06879896537927
521,80.0,79.04266285374452
522,74.0,79.01674946487441
523,91.0,78.99106087769334
524,99.0,78.96559917112572
525,101.0,78.94036642409591
526,90.0,78.9153647155283
527,82.0,78.89059612434725
528,74.0,78.86606272947716
529,83.0,78.84176660984241
530,77.0,78.81770984436737
531,86.0,78.79389451197642
532,114.0,78.77032269159396
533,77.0,78.74699646214434
534,91.0,78.72391790255196
535,80.0,78.70108909174121
536,67.0,78.67851210863645
537,59.0,78.65618903216206
538,60.0,78.63412194124244
539,63.0,78.61231291480196
540,57.0,78.59076403176499
541,65.0,78.56947737105592
542,98.0,78.54845501159913
543,89.0,78.52769903231899
544,86.0,78.50721151213989
545,85.0,78.48699452998623
546,81.0,78.46705016478238
547,63.0,78.44738049545268
548,67.0,78.42798760092157
549,62.0,78.40887356011336
550,59.0,78.39004045195252
551,55.0,78.37149035536336
552,62.0,78.35322534927028
553,61.0,78.33524751259768
554,62.0,78.3175589242699
555,67.0,78.30016166321136
556,73.0,78.28305780834641
557,80.0,78.26624943859947
558,70.0,78.24973863289487
559,62.0,78.23352747015704
560,63.0,78.21761802931033
561,62.0,78.2020123892791
562,56.0,78.18671262898779
563,60.0,78.17172082736074
564,58.0,78.15703906332233
565,57.0,78.14266941579696
566,68.0,78.12861396370899
567,65.0,78.11487478598279
568,56.0,78.10145396154277
569,78.0,78.08835356931331
570,76.0,78.0755756882188
571,84.0,78.06312239718358
572,74.0,78.05099577513204
573,67.0,78.03919790098858
574,66.0,78.02773085367758
575,61.0,78.0165967121234
576,60.0,78.00579755525044
577,59.0,77.99533546198307
578,60.0,77.98521251124568
579,58.0,77.97543078196263
580,58.0,77.9659923530583
581,60.0,77.95689930345712
582,75.0,77.94815371208341
583,71.0,77.93975765786159
584,74.0,77.931713219716
585,67.0,77.9240224765711
586,62.0,77.91668750735116
587,59.0,77.90971039098063
588,62.0,77.90309320638389
589,62.0,77.89683803248529
590,65.0,77.89094694820925
591,109.0,77.88542203248011
592,102.0,77.88026536422228
593,68.0,77.87547902236012
594,63.0,77.87106508581802
595,93.0,77.86702563352036
596,95.0,77.86336274439152
597,80.0,77.86007849735587
598,86.0,77.85717497133783
599,76.0,77.85465424526173
600,83.0,77.85251839805197
601,70.0,77.85076950863295
602,71.0,77.84940965592901
603,68.0,77.84844091886455
604,62.0,77.84786537636398
605,85.0,77.84768510735165
606,70.0,77.84790219075191
607,103.0,77.8485187054892
608,80.0,77.84953673048787
609,74.0,77.85095834467229
610,112.0,77.85278562696688
611,61.0,77.85502065629598
612,83.0,77.857665511584
613,82.0,77.8607222717553
614,91.0,77.86419301573426
615,85.0,77.86807982244527
616,75.0,77.8723847708127
617,96.0,77.87710993976096
618,97.0,77.88225740821439
619,95.0,77.88782894401375
620,75.0,77.89382373627659
621,109.0,77.90023969905981
622,80.0,77.90707473735833
623,112.0,77.91432675616699
624,121.0,77.92199366048072
625,100.0,77.93007335529438
626,100.0,77.93856374560285
627,105.0,77.94746273640105
628,104.0,77.95676823268381
629,109.0,77.96647813944608
630,100.0,77.97659036168271
631,104.0,77.98710280438858
632,87.0,77.99801337255859
633,111.0,78.00931997118761
634,95.0,78.02102050527056
635,100.0,78.03311287980227
636,102.0,78.04559499977765
637,106.0,78.0584647701916
638,100.0,78.071720096039
639,109.0,78.08535888231474
640,106.0,78.09937903401367
641,73.0,78.11377845613072
642,98.0,78.12855505366073
643,85.0,78.14370673159864
644,81.0,78.1592313949393
645,76.0,78.17512694867757
646,94.0,78.19139129780841
647,76.0,78.20802234732665
648,66.0,78.22501800222717
649,67.0,78.24237616750489
650,74.0,78.26009474815464
651,77.0,78.27817164917138
652,85.0,78.29660477554994
653,70.0,78.31539203228525
654,89.0,78.33453132437212
655,80.0,78.35402055680552
656,85.0,78.37385763458029
657,73.0,78.39404046269132
658,73.0,78.41456694613349
659,69.0,78.43543498990171
660,77.0,78.45664249899085
661,74.0,78.47818737839577
662,76.0,78.50006753311138
663,72.0,78.52228086813258
664,87.0,78.54482528845425
665,83.0,78.56769869907124
666,96.0,78.59089900497845
667,89.0,78.6144241111708
668,81.0,78.63827192264317
669,81.0,78.6624403443904
670,121.0,78.68692728140739
671,88.0,78.71173063868903
672,98.0,78.73684832123026
673,107.0,78.76227823402587
674,115.0,78.78801828207081
675,81.0,78.81406637035994
676,85.0,78.84042040388815
677,69.0,78.8670782876503
678,68.0,78.89403792664135
679,69.0,78.92129722585611
680,69.0,78.9488540902895
681,81.0,78.97670642493641
682,104.0,79.00485213479168
683,88.0,79.03328912485027
684,73.0,79.06201530010698
685,80.0,79.09102856555675
686,74.0,79.12032682619447
687,69.0,79.14990798701498
688,62.0,79.17976995301323
689,72.0,79.20991062918405
690,70.0,79.24032792052233
691,68.0,79.27101973202299
692,66.0,79.30198396868089
693,70.0,79.33321853549093
694,70.0,79.36472133744797
695,69.0,79.39649027954691
696,73.0,79.42852326678265
697,64.0,79.46081820415004
698,61.0,79.493372996644
699,61.0,79.5261855492594
700,63.0,79.55925376699112
701,57.0,79.59257555483403
702,61.0,79.62614881778308
703,60.0,79.65997146083308
704,63.0,79.69404138897895
705,59.0,79.72835650721557
706,60.0,79.76291472053785
707,63.0,79.79771393394061
708,118.0,79.83275205241883
709,83.0,79.8680269809673
710,81.0,79.90353662458097
711,69.0,79.93927888825469
712,63.0,79.97525167698336
713,66.0,80.01145289576186
714,66.0,80.04788044958508
715,65.0,80.08453224344792
716,65.0,80.12140618234523
717,64.0,80.15850017127192
718,63.0,80.19581211522288
719,64.0,80.23333991919296
720,74.0,80.27108148817709
721,78.0,80.30903472717011
722,76.0,80.34719754116696
723,72.0,80.38556783516249
724,69.0,80.4241435141516
725,60.0,80.46292248312913
726,60.0,80.50190264709002
727,59.0,80.54108191102912
728,68.0,80.58045817994136
729,68.0,80.62002935882157
730,62.0,80.65979335266468
731,61.0,80.69974806646555
732,59.0,80.73989140521905
733,57.0,80.7802212739201
734,58.0,80.8207355775636
735,59.0,80.86143222114437
736,62.0,80.90230910965735
737,67.0,80.9433641480974
738,110.0,80.98459524145942
739,79.0,81.02600029473828
740,75.0,81.06757721292888
741,74.0,81.1093239010261
742,65.0,81.15123826402483
743,66.0,81.19331820691991
744,66.0,81.23556163470631
745,95.0,81.27796645237886
746,68.0,81.32053056493244
747,63.0,81.36325187736195
748,75.0,81.40612829466225
749,94.0,81.44915772182829
750,78.0,81.4923380638549
751,102.0,81.53566722573699
752,122.0,81.57914311246942
753,89.0,81.62276362904709
754,91.0,81.6665266804649
755,72.0,81.71043017171773
756,82.0,81.75447200780042
757,73.0,81.7986500937079
758,75.0,81.84296233443507
759,87.0,81.88740663497676
760,83.0,81.93198090032791
761,81.0,81.97668303548339
762,102.0,82.02151094543807
763,94.0,82.06646253518682
764,91.0,82.11153570972455
765,88.0,82.15672837404617
766,97.0,82.20203843314651
767,107.0,82.24746379202051
768,108.0,82.293002355663
769,100.0,82.33865202906891
770,103.0,82.3844107172331
771,87.0,82.43027632515046
772,73.0,82.4762467578159
773,89.0,82.52231992022426
774,110.0,82.56849371737046
775,86.0,82.61476605424937
776,81.0,82.66113483585588
777,89.0,82.70759796718487
778,86.0,82.75415335323126
779,93.0,82.80079889898985
780,103.0,82.84753250945563
781,93.0,82.89435208962341
782,72.0,82.94125554448811
783,98.0,82.9882407790446
784,109.0,83.03530569828779
785,61.0,83.08244820721252
786,70.0,83.12966621081371
787,86.0,83.17695761408625
788,73.0,83.22432032202498
789,86.0,83.27175223962485
790,100.0,83.3192512718807
791,106.0,83.36681532378742
792,74.0,83.4144423003399
793,112.0,83.46213010653304
794,93.0,83.5098766473617
795,80.0,83.55767982782079
796,72.0,83.60553755290518
797,84.0,83.65344772760976
798,78.0,83.7014082569294
799,73.0,83.749417045859
800,75.0,83.79747199939347
801,81.0,83.84557102252764
802,74.0,83.89371202025643
803,106.0,83.94189289757472
804,78.0,83.99011155947741
805,77.0,84.03836591095934
806,75.0,84.08665385701546
807,69.0,84.1349733026406
808,67.0,84.18332215282965
809,122.0,84.23169831257755
810,66.0,84.28009968687911
811,75.0,84.32852418072926
812,74.0,84.37696969912288
813,63.0,84.42543414705484
814,83.0,84.47391542952005
815,106.0,84.52241145151338
816,75.0,84.57092011802973
817,79.0,84.61943933406396
818,72.0,84.66796700461096
819,67.0,84.71650103466564
820,66.0,84.76503932922283
821,68.0,84.81357979327748
822,70.0,84.86212033182444
823,65.0,84.91065884985859
824,70.0,84.95919325237486
825,74.0,85.0077214443681
826,96.0,85.05624133083319
827,102.0,85.104750816765
828,83.0,85.15324780715846
829,94.0,85.20173020700844
830,82.0,85.2501959213098
831,64.0,85.29864285505745
832,65.0,85.34706891324629
833,62.0,85.39547200087117
834,59.0,85.44385002292698
835,56.0,85.49220088440862
836,62.0,85.54052249031098
837,59.0,85.58881274562893
838,63.0,85.63706955535736
839,61.0,85.68529082449116
840,70.0,85.73347445802521
841,68.0,85.78161836095438
842,63.0,85.82972043827358
843,95.0,85.87777859497768
844,65.0,85.9257907360616
845,81.0,85.97375476652019
846,77.0,86.02166859134832
847,62.0,86.0695301155409
848,60.0,86.11733724409282
849,53.0,86.16508788199896
850,54.0,86.21277993425419
851,56.0,86.26041130585341
852,58.0,86.30797990179154
853,59.0,86.35548362706339
854,72.0,86.40292038666388
855,81.0,86.45028808558793
856,72.0,86.49758462883037
857,71.0,86.5448079213861
858,67.0,86.59195586825003
859,68.0,86.63902637441703
860,65.0,86.68601734488198
861,73.0,86.73292668463978
862,66.0,86.77975229868528
863,64.0,86.82649209201342
864,59.0,86.87314396961904
865,60.0,86.91970583649703
866,74.0,86.96617559764229
867,75.0,87.01255115804972
868,76.0,87.05883042271417
869,68.0,87.10501129663054
870,63.0,87.15109168479373
871,65.0,87.19706949219861
872,66.0,87.24294262384005
873,65.0,87.28870898471295
874,67.0,87.3343664798122
875,61.0,87.37991301413271
876,76.0,87.4253464926693
877,72.0,87.47066482041693
878,72.0,87.51586590237042
879,76.0,87.5609476435247
880,76.0,87.6059079488746
881,80.0,87.65074472341509
882,73.0,87.69545587214097
883,74.0,87.7400393000472
884,66.0,87.7844929121286
885,66.0,87.8288146133801
886,135.0,87.87300230879657
887,92.0,87.91705390337289
888,92.0,87.96096730210394
889,83.0,88.00474040998463
890,81.0,88.04837113200982
891,83.0,88.0918573731744
892,84.0,88.13519703847328
893,89.0,88.17838803290131
894,76.0,88.22142826145338
895,87.0,88.26431562912443
896,93.0,88.30704804090925
897,89.0,88.3496234018028
898,108.0,88.39203961679993
899,125.0,88.43429459089555
900,114.0,88.47638622908453
901,100.0,88.51831243636175
902,102.0,88.56007111772213
903,118.0,88.60166017816049
904,103.0,88.64307752267177
905,93.0,88.68432105625081
906,121.0,88.72538868389256
907,95.0,88.76627831059186
908,85.0,88.80698784134358
909,113.0,88.84751518114265
910,115.0,88.88785823498392
911,146.0,88.92801490786229
912,144.0,88.96798310477266
913,111.0,89.00776073070989
914,93.0,89.04734569066888
915,128.0,89.0867358896445
916,139.0,89.12592923263163
917,110.0,89.1649236246252
918,89.0,89.20371697062005
919,118.0,89.24230717561109
920,127.0,89.28069214459317
921,115.0,89.31886978256122
922,144.0,89.35683799451012
923,115.0,89.3945946854347
924,111.0,89.43213776032992
925,96.0,89.46946512419062
926,94.0,89.50657468201169
927,120.0,89.54346433878803
928,136.0,89.58013212769937
929,112.0,89.61657768332105
930,129.0,89.65280172878842
931,122.0,89.68880500803913
932,117.0,89.72458826501085
933,111.0,89.76015224364126
934,127.0,89.79549768786802
935,133.0,89.83062534162882
936,133.0,89.86553594886126
937,134.0,89.90023025350308
938,120.0,89.93470899949195
939,122.0,89.96897293076549
940,118.0,90.0030227912614
941,112.0,90.03685932491733
942,112.0,90.07048327567098
943,106.0,90.10389538745999
944,107.0,90.13709640422204
945,75.0,90.17008706989476
946,87.0,90.20286812841589
947,106.0,90.23544032372304
948,126.0,90.26780439975391
949,112.0,90.29996110044617
950,127.0,90.33191116973747
951,108.0,90.36365535156547
952,107.0,90.39519438986785
953,91.0,90.42652902858231
954,84.0,90.45766001164648
955,82.0,90.48858808299804
956,82.0,90.51931398657464
957,82.0,90.549838466314
958,78.0,90.5801622661537
959,79.0,90.61028613003151
960,76.0,90.64021080188506
961,75.0,90.66993702565199
962,76.0,90.69946554526997
963,108.0,90.72879710467672
964,100.0,90.75793244780985
965,104.0,90.78687231860707
966,129.0,90.81561746100601
967,97.0,90.84416861894437
968,106.0,90.87252653635983
969,92.0,90.90069195719002
970,81.0,90.92866562537264
971,77.0,90.95644828484534
972,89.0,90.98404067954577
973,81.0,91.01144355341164
974,92.0,91.0386576503806
975,117.0,91.0656837143903
976,110.0,91.09252248937847
977,111.0,91.1191747192827
978,104.0,91.14564114804071
979,78.0,91.17192251959014
980,83.0,91.19801957786868
981,90.0,91.22393306681398
982,72.0,91.24966373036371
983,72.0,91.27521231245558
984,69.0,91.30057955702719
985,68.0,91.32576620801626
986,67.0,91.35077300936044
987,71.0,91.37560070499738
988,67.0,91.40025003886478
989,116.0,91.42472175490032
990,108.0,91.44901659704162
991,120.0,91.47313530922636
992,109.0,91.49707863539227
993,92.0,91.52084731947694
994,84.0,91.54444210541809
995,76.0,91.56786373715332
996,81.0,91.59111295862039
997,81.0,91.61419051375691
998,80.0,91.63709714650057
999,77.0,91.65983360078901
1000,77.0,91.68240062055993
1001,72.0,91.704798949751
1002,81.0,91.72702933229988
1003,70.0,91.74909251214422
1004,67.0,91.7709892332217
1005,73.0,91.79272023947
1006,74.0,91.81428627482678
1007,69.0,91.83568808322973
1008,74.0,91.85692640861646
1009,74.0,91.87800199492469
1010,68.0,91.89891558609207
1011,65.0,91.91966792605628
1012,74.0,91.94025975875499
1013,111.0,91.96069182812585
1014,93.0,91.98096487810655
1015,85.0,92.00107965263474
1016,81.0,92.02103689564807
1017,81.0,92.04083735108428
1018,71.0,92.06048176288095
1019,72.0,92.07997087497581
1020,67.0,92.09930543130652
1021,63.0,92.11848617581072
1022,75.0,92.1375138524261
1023,74.0,92.15638920509032
1024,70.0,92.17511297774105
1025,71.0,92.19368591431599
1026,69.0,92.21210875875273
1027,81.0,92.23038225498902
1028,79.0,92.2485071469625
1029,72.0,92.26648417861084
1030,68.0,92.28431409387167
1031,69.0,92.30199763668273
1032,67.0,92.31953555098163
1033,70.0,92.33692858070606
1034,100.0,92.3541774697937
1035,80.0,92.37128296218218
1036,74.0,92.38824580180922
1037,76.0,92.40506673261245
1038,70.0,92.42174649852957
1039,70.0,92.4382858434982
1040,75.0,92.45468551145605
1041,112.0,92.47094624634077
1042,83.0,92.48706879209007
1043,92.0,92.50305389264156
1044,95.0,92.51890229193292
1045,124.0,92.53461473390185
1046,83.0,92.55019196248598
1047,133.0,92.56563472162301
1048,133.0,92.58094375525059
1049,103.0,92.5961198073064
1050,92.0,92.6111636217281
1051,95.0,92.62607594245335
1052,99.0,92.64085751341985
1053,98.0,92.65550907856523
1054,86.0,92.6700313818272
1055,143.0,92.6844251671434
1056,149.0,92.69869117845147
1057,134.0,92.71283015968915
1058,105.0,92.72684285479406
1059,84.0,92.74073000770386
1060,86.0,92.75449236235626
1061,88.0,92.7681306626889
1062,138.0,92.78164565263945
1063,97.0,92.79503807614557
1064,100.0,92.80830867714498
1065,117.0,92.82145819957529
1066,138.0,92.83448738737418
1067,144.0,92.84739698447932
1068,134.0,92.8601877348284
1069,130.0,92.87286038235906
1070,117.0,92.885415671009
1071,107.0,92.89785434471587
1072,101.0,92.91017714741731
1073,90.0,92.92238482305105
1074,92.0,92.93447811555471
1075,145.0,92.94645776886597
1076,150.0,92.95832452692254
1077,141.0,92.970079133662
1078,116.0,92.98172233302209
1079,112.0,92.99325486894047
1080,109.0,93.00467748535478
1081,105.0,93.0159909262027
1082,88.0,93.02719593542193
1083,74.0,93.03829325695008
1084,81.0,93.04928363472489
1085,104.0,93.06016781268394
1086,111.0,93.07094653476499
1087,128.0,93.08162054490565
1088,127.0,93.09219058704359
1089,147.0,93.10265740511649
1090,129.0,93.11302174306205
1091,116.0,93.1232843448179
1092,127.0,93.13344595432172
1093,148.0,93.14350731551116
1094,122.0,93.15346917232391
1095,109.0,93.16333226869763
1096,111.0,93.17309734857004
1097,84.0,93.1827651558787
1098,85.0,93.19233643456134
1099,105.0,93.20181192855566
1100,98.0,93.21119238179928
1101,76.0,93.22047853822991
1102,82.0,93.22967114178515
1103,104.0,93.23877093640274
1104,115.0,93.2477786660203
1105,108.0,93.25669507457553
1106,87.0,93.26552090600607
1107,72.0,93.27425690424964
1108,72.0,93.28290381324385
1109,83.0,93.29146237692639
1110,114.0,93.29993333923494
1111,102.0,93.30831744410716
1112,102.0,93.3166154354807
1113,130.0,93.32482805729325
1114,101.0,93.33295605348248
1115,104.0,93.34100016798605
1116,98.0,93.34896114474164
1117,79.0,93.35683972768689
1118,75.0,93.36463666075952
1119,79.0,93.37235268789713
1120,77.0,93.37998855303745
1121,88.0,93.38754500011812
1122,88.0,93.3950227730768
1123,84.0,93.40242261585118
1124,83.0,93.40974527237891
1125,86.0,93.41699148659768
1126,75.0,93.42416200244513
1127,126.0,93.43125756385896
1128,123.0,93.43827891477682
1129,80.0,93.44522679913638
1130,77.0,93.45210196087531
1131,76.0,93.45890514393128
1132,76.0,93.46563709224193
1133,71.0,93.47229854974499
1134,68.0,93.47889026037808
1135,72.0,93.48541296807888
1136,68.0,93.49186741678507
1137,69.0,93.4982543504343
1138,65.0,93.50457451296423
1139,77.0,93.51082864831255
1140,73.0,93.51701750041694
1141,70.0,93.52314181321508
1142,72.0,93.52920233064455
1143,81.0,93.53519979664313
1144,84.0,93.54113495514841
1145,90.0,93.54700855009808
1146,78.0,93.55282132542985
1147,73.0,93.55857402508131
1148,76.0,93.5642673929902
1149,78.0,93.56990217309415
1150,76.0,93.57547910933086
1151,67.0,93.58099894563794
1152,74.0,93.5864624259531
1153,105.0,93.59187029421403
1154,98.0,93.59722329435836
1155,90.0,93.60252217032378
1156,88.0,93.60776766604793
1157,70.0,93.61296052546851
1158,77.0,93.6181014925232
1159,80.0,93.6231913111496
1160,71.0,93.62823072528545
1161,70.0,93.63322047886838
1162,72.0,93.63816131583609
1163,74.0,93.6430539801262
1164,73.0,93.64789921567642
1165,69.0,93.65269776642441
1166,75.0,93.6574503763078
1167,76.0,93.66215778926436
1168,80.0,93.66682074923163
1169,76.0,93.67144000014738
1170,79.0,93.67601628594922
1171,80.0,93.68055035057482
1172,82.0,93.68504293796188
1173,87.0,93.68949479204807
1174,82.0,93.69390665677103
1175,127.0,93.69827927606843
1176,117.0,93.70261339387795
1177,90.0,93.70690975413726
1178,78.0,93.71116910078403
1179,76.0,93.71539217775593
1180,74.0,93.71957972899062
1181,77.0,93.72373249842575
1182,78.0,93.72785122999903
1183,122.0,93.7319366676481
1184,128.0,93.73598955531062
1185,71.0,93.74001063692431
1186,117.0,93.74400065642678
1187,103.0,93.74796035775574
1188,97.0,93.75189048484883
1189,104.0,93.75579178164372
1190,84.0,93.7596649920781
1191,101.0,93.76351086008961
1192,111.0,93.76733012961594
1193,92.0,93.77112354459476
1194,85.0,93.77489184896372
1195,146.0,93.7786357866605
1196,147.0,93.78235610162278
1197,101.0,93.7860535377882
1198,85.0,93.78972883909447
1199,85.0,93.7933827494792
1200,86.0,93.79701601288012
1201,99.0,93.80062937323484
1202,82.0,93.80422357448109
1203,86.0,93.80779936055649
1204,137.0,93.81135747539872
1205,108.0,93.81489866294545
1206,90.0,93.81842366713438
1207,85.0,93.82193323190313
1208,84.0,93.82542810118942
1209,112.0,93.82890901893086
1210,124.0,93.83237672906515
1211,126.0,93.83583197552993
1212,122.0,93.83927550226292
1213,116.0,93.84270805320176
1214,116.0,93.84613037228411
1215,108.0,93.84954320344767
1216,98.0,93.85294729063007
1217,86.0,93.856343377769
1218,121.0,93.85973220880211
1219,110.0,93.86311452766711
1220,104.0,93.86649107830162
1221,91.0,93.86986260464333
1222,87.0,93.87322985062991
1223,137.0,93.87659356019903
1224,119.0,93.87995447728836
1225,131.0,93.88331334583556
1226,114.0,93.88667090977829
1227,99.0,93.89002791305424
1228,109.0,93.89338509960105
1229,116.0,93.89674321335644
1230,100.0,93.90010299825803
1231,78.0,93.9034651982435
1232,87.0,93.90683055725053
1233,86.0,93.91019981921677
1234,119.0,93.9135737280799
1235,115.0,93.9169530277776
1236,117.0,93.92033846224751
1237,133.0,93.92373075250197
1238,100.0,93.9271301585308
1239,82.0,93.93053651335902
1240,78.0,93.93394963391046
1241,124.0,93.937369337109
1242,96.0,93.94079543987846
1243,79.0,93.9442277591427
1244,88.0,93.94766611182558
1245,82.0,93.95111031485096
1246,74.0,93.95456018514265
1247,80.0,93.95801553962451
1248,85.0,93.96147619522043
1249,140.0,93.96494196885419
1250,101.0,93.96841267744968
1251,89.0,93.97188813793076
1252,81.0,93.97536816722123
1253,92.0,93.978852582245
1254,101.0,93.98234119992588
1255,112.0,93.98583383718771
1256,121.0,93.98933031095436
1257,101.0,93.9928304381497
1258,81.0,93.99633403569752
1259,73.0,93.99984092052172
1260,68.0,94.00335090954611
1261,67.0,94.00686381969454
1262,74.0,94.01037946789093
1263,73.0,94.01389767105906
1264,71.0,94.01741824612276
1265,70.0,94.02094101000593
1266,68.0,94.02446577963242
1267,70.0,94.02799237192603
1268,67.0,94.03152060381065
1269,73.0,94.03505029221013
1270,79.0,94.03858125404828
1271,110.0,94.04211330624898
1272,106.0,94.04564626573608
1273,86.0,94.04917994943341
1274,73.0,94.05271417426485
1275,80.0,94.05624875715421
1276,77.0,94.05978351502534
1277,73.0,94.06331826480213
1278,70.0,94.0668528234084
1279,76.0,94.07038700776798
1280,71.0,94.07392063480476
1281,75.0,94.07745352144258
1282,127.0,94.08098548460525
1283,91.0,94.08451634121666
1284,97.0,94.08804590820064
1285,111.0,94.09157400248105
1286,105.0,94.09510044098171
1287,92.0,94.09862504062652
1288,89.0,94.10214761833926
1289,88.0,94.10566799104386
1290,80.0,94.1091859756641
1291,75.0,94.11270138912387
1292,81.0,94.11621404834699
1293,77.0,94.11972377025732
1294,73.0,94.12323037177873
1295,77.0,94.12673366983503
1296,75.0,94.13023348135009
1297,77.0,94.13372962324776
1298,73.0,94.13722191245188
1299,72.0,94.14071016588629
1300,72.0,94.14419420047487
1301,70.0,94.14767383314145
1302,73.0,94.15114888080987
1303,77.0,94.15461916040398
1304,67.0,94.15808448884766
1305,70.0,94.16154468306472
1306,69.0,94.16499955997902
1307,73.0,94.16844893651441
1308,73.0,94.17189262959474
1309,68.0,94.17533045614388
1310,69.0,94.17876223308562
1311,70.0,94.18218777734387
1312,63.0,94.18560690584245
1313,88.0,94.18901943550522
1314,75.0,94.192425183256
1315,81.0,94.19582396601866
1316,85.0,94.19921560071708
1317,84.0,94.20259990427505
1318,81.0,94.20597669361644
1319,67.0,94.20934578566512
1320,69.0,94.21270699734492
1321,64.0,94.21606014557968
1322,64.0,94.21940504729328
1323,67.0,94.22274151940954
1324,68.0,94.2260693788523
1325,73.0,94.22938844254543
1326,109.0,94.23269852741278
1327,106.0,94.2359994503782
1328,127.0,94.23929102836553
1329,111.0,94.2425730782986
1330,85.0,94.24584541710131
1331,78.0,94.24910786169745
1332,75.0,94.25236022901092
1333,71.0,94.2556023359655
1334,71.0,94.25883399948512
1335,125.0,94.26205503649358
1336,116.0,94.26526526391474
1337,122.0,94.26846449867244
1338,126.0,94.27165255769056
1339,118.0,94.2748292578929
1340,116.0,94.27799441620333
1341,96.0,94.28114784954573
1342,95.0,94.2842893748439
1343,77.0,94.28741880902172
1344,77.0,94.290535969003
1345,94.0,94.29364067171164
1346,129.0,94.29673273407148
1347,90.0,94.29981197300634
1348,100.0,94.30287820544005
1349,95.0,94.30593124829655
1350,78.0,94.3089709184996
1351,77.0,94.31199703297307
1352,83.0,94.3150094086408
1353,88.0,94.31800786242668
1354,128.0,94.32099221125455
1355,93.0,94.32396227204822
1356,103.0,94.32691786173156
1357,91.0,94.32985879722843
1358,87.0,94.33278489546265
1359,137.0,94.3356959733581
1360,117.0,94.3385918478386
1361,117.0,94.34147233582803
1362,135.0,94.34433725425022
1363,135.0,94.34718642002899
1364,139.0,94.35001965008827
1365,105.0,94.35283676135181
1366,114.0,94.35563757074354
1367,141.0,94.35842189518726
1368,115.0,94.36118955160684
1369,142.0,94.36394035692611
1370,112.0,94.36667412806895
1371,133.0,94.36939068195917
1372,134.0,94.37208983552064
1373,136.0,94.37477140567721
1374,111.0,94.37743520935273
1375,118.0,94.38008106347104
1376,124.0,94.38270878495597
1377,124.0,94.38531819073141
1378,101.0,94.3879090977212
1379,128.0,94.39048132284915
1380,118.0,94.39303468303916
1381,92.0,94.39556899521506
1382,91.0,94.39808407630066
1383,85.0,94.40057974321986
1384,92.0,94.4030558128965
1385,80.0,94.40551210225439
1386,77.0,94.40794842821745
1387,82.0,94.41036460770945
1388,82.0,94.41276045765429
1389,82.0,94.41513579497578
1390,94.0,94.41749043659783
1391,90.0,94.41982419944422
1392,117.0,94.42213690043884
1393,116.0,94.42442835650553
1394,95.0,94.42669838456814
1395,79.0,94.42894680155051
1396,79.0,94.43117342437647
1397,87.0,94.43337806996992
1398,106.0,94.43556055525467
1399,86.0,94.43772069715456
1400,85.0,94.43985831259349
1401,97.0,94.44197321849526
1402,130.0,94.44406523178372
1403,134.0,94.44613416938276
1404,127.0,94.4481798482162
1405,116.0,94.45020208520788
1406,102.0,94.45220069728164
1407,111.0,94.45417550136136
1408,111.0,94.45612631437089
1409,122.0,94.45805295323404
1410,108.0,94.4599552348747
1411,94.0,94.46183297621668
1412,89.0,94.46368599418389
1413,89.0,94.46551410570012
1414,88.0,94.46731712768924
1415,88.0,94.46909487707508
1416,82.0,94.4708471707815
1417,76.0,94.47257382573235
1418,80.0,94.47427465885153
1419,120.0,94.47594948706278
1420,121.0,94.47759812729002
1421,93.0,94.47922039645712
1422,79.0,94.48081611148787
1423,77.0,94.48238508930615
1424,79.0,94.4839271468358
1425,84.0,94.48544210100066
1426,74.0,94.4869297687246
1427,73.0,94.48838996693145
1428,72.0,94.48982251254508
1429,125.0,94.49122722248933
1430,84.0,94.49260391368803
1431,75.0,94.49395240306505
1432,80.0,94.49527250754421
1433,74.0,94.4965640440494
1434,74.0,94.49782682950445
1435,67.0,94.49906068083318
1436,72.0,94.5002654149595
1437,76.0,94.50144084880722
1438,110.0,94.50258679930018
1439,102.0,94.50370308336223
1440,80.0,94.50478951791725
1441,96.0,94.50584591988904
1442,97.0,94.50687210620151
1443,96.0,94.50786789377848
1444,81.0,94.50883309954376
1445,71.0,94.50976754042122
1446,79.0,94.51067103333477
1447,84.0,94.51154339520818
1448,81.0,94.51238444296536
1449,75.0,94.51319399353008
1450,81.0,94.51397186382624
1451,97.0,94.5147178707777
1452,81.0,94.51543183130829
1453,83.0,94.51611356234189
1454,84.0,94.51676288080228
1455,71.0,94.51737960361335
1456,89.0,94.51796354769895
1457,81.0,94.51851452998292
1458,73.0,94.51903236738914
1459,99.0,94.51951687684141
1460,110.0,94.51996787526359
1461,96.0,94.52038517957956
1462,83.0,94.52076860671315
1463,70.0,94.52111797358819
1464,76.0,94.52143309712855
1465,71.0,94.52171379425808
1466,69.0,94.5219598819006
1467,66.0,94.52217117698001
1468,70.0,94.52234749642011
1469,80.0,94.52248865714478
1470,95.0,94.52259447607784
1471,97.0,94.52266477014317
1472,104.0,94.52269935626461
1473,98.0,94.52269805136598
1474,88.0,94.52266067237115
1475,81.0,94.52258703620399
1476,82.0,94.5224769597883
1477,76.0,94.52233026004797
1478,81.0,94.52214675390685
1479,113.0,94.52192625828874
1480,117.0,94.52166859011754
1481,132.0,94.5213735663171
1482,132.0,94.5210410038112
1483,111.0,94.52067071952378
1484,104.0,94.52026253037863
1485,89.0,94.51981625329961
1486,112.0,94.51933170521059
1487,137.0,94.51880870303539
1488,103.0,94.51824706369786
1489,142.0,94.51764660412188
1490,96.0,94.51700714123128
1491,91.0,94.51632849194986
1492,96.0,94.51561047320156
1493,94.0,94.51485290191017
1494,78.0,94.51405559499955
1495,70.0,94.51321836939354
1496,71.0,94.51234104201602
1497,75.0,94.51142342979081
1498,111.0,94.51046534964175
1499,143.0,94.50946661849272
1500,122.0,94.50842705326757
1501,143.0,94.50734647089008
1502,93.0,94.5062246882842
1503,97.0,94.5050615223737
1504,108.0,94.50385679008245
1505,94.0,94.50261030833433
1506,118.0,94.50132189405315
1507,123.0,94.49999136416278
1508,105.0,94.49861853558706
1509,133.0,94.49720322524983
1510,138.0,94.49574525007496
1511,129.0,94.4942444269863
1512,116.0,94.49270057290765
1513,96.0,94.49111350476292
1514,86.0,94.48948303947593
1515,79.0,94.48780899397052
1516,83.0,94.48609118517054
1517,98.0,94.48432942999987
1518,119.0,94.48252354538234
1519,87.0,94.48067334824178
1520,91.0,94.47877865550205
1521,123.0,94.476839284087
1522,98.0,94.47485505092052
1523,98.0,94.47282577292638
1524,91.0,94.4707512670285
1525,113.0,94.46863135015067
1526,99.0,94.46646583921678
1527,116.0,94.46425455115066
1528,97.0,94.46199730287616
1529,90.0,94.45969391131712
1530,83.0,94.45734419339742
1531,99.0,94.45494796604088
1532,104.0,94.45250504617132
1533,103.0,94.45001525071267
1534,111.0,94.44747839658874
1535,105.0,94.44489430072335
1536,107.0,94.44226278004038
1537,100.0,94.43958365146365
1538,80.0,94.43685673191705
1539,77.0,94.4340818383244
1540,81.0,94.43125878760956
1541,98.0,94.42838739669637
1542,95.0,94.42546748250868
1543,82.0,94.42249886197033
1544,93.0,94.41948135200519
1545,92.0,94.41641476953708
1546,132.0,94.41329893383396
1547,88.0,94.41013374926064
1548,81.0,94.40691922735961
1549,93.0,94.40365538650734
1550,97.0,94.40034224508022
1551,111.0,94.39697982145479
1552,120.0,94.39356813400747
1553,102.0,94.39010720111476
1554,96.0,94.38659704115305
1555,89.0,94.38303767249887
1556,97.0,94.37942911352864
1557,85.0,94.37577138261884
1558,79.0,94.3720644981459
1559,74.0,94.36830847848633
1560,79.0,94.36450334201655
1561,89.0,94.36064910711302
1562,82.0,94.35674579215221
1563,66.0,94.35279341551059
1564,77.0,94.34879199556462
1565,76.0,94.34474155069074
1566,79.0,94.34064209926542
1567,113.0,94.33649365966514
1568,105.0,94.33229625026635
1569,112.0,94.32804988944548
1570,89.0,94.32375459557902
1571,95.0,94.3194103870434
1572,113.0,94.31501728221514
1573,87.0,94.31057529947064
1574,71.0,94.30608445718637
1575,65.0,94.30154477373884
1576,71.0,94.29695626750447
1577,71.0,94.2923189568597
1578,66.0,94.28763286018102
1579,67.0,94.28289799584488
1580,67.0,94.27811438222774
1581,69.0,94.27328203770607
1582,113.0,94.26840098065635
1583,71.0,94.26347122945496
1584,71.0,94.25849280247846
1585,71.0,94.25346571810324
1586,69.0,94.24838999470579
1587,83.0,94.24326565066258
1588,73.0,94.23809270435002
1589,77.0,94.23287117414465
1590,82.0,94.22760107842284
1591,99.0,94.2222824355611
1592,99.0,94.21691526393592
1593,88.0,94.2114995819237
1594,76.0,94.20603540790093
1595,66.0,94.20052276024406
1596,73.0,94.19496165732956
1597,103.0,94.18935211753387
1598,92.0,94.18369415923348
1599,84.0,94.17798780080483
1600,81.0,94.1722330606244
1601,72.0,94.16642995706862
1602,68.0,94.16057850851396
1603,62.0,94.1546787333369
1604,64.0,94.14873064991389
1605,66.0,94.14273427662137
1606,66.0,94.13668963183581
1607,68.0,94.1305967339337
1608,76.0,94.12445560129146
1609,80.0,94.11826625228558
1610,68.0,94.1120287052925
1611,68.0,94.10574297868867
1612,70.0,94.09940909085059
1613,105.0,94.0930270601547
1614,90.0,94.08659690497743
1615,97.0,94.08011864369527
1616,82.0,94.0735922946847
1617,77.0,94.06701787632215
1618,82.0,94.06039540698409
1619,84.0,94.05372490504696
1620,97.0,94.04700638888725
1621,93.0,94.04023987688139
1622,113.0,94.03342538740588
1623,129.0,94.02656293883715
1624,142.0,94.01965254955168
1625,104.0,94.0126942379259
1626,90.0,94.00568802233629
1627,119.0,93.99863392115931
1628,133.0,93.99153195277142
1629,142.0,93.9843821355491
1630,120.0,93.97718448786875
1631,111.0,93.9699390281069
1632,128.0,93.96264577463995
1633,116.0,93.9553047458444
1634,144.0,93.94791596009671
1635,136.0,93.94047943577333
1636,159.0,93.9329951912507
1637,100.0,93.9254632449053
1638,109.0,93.91788361511361
1639,84.0,93.91025632025205
1640,94.0,93.9025813786971
1641,105.0,93.89485880882523
1642,83.0,93.8870886290129
1643,78.0,93.87927085763654
1644,86.0,93.87140551307263
1645,102.0,93.86349261369763
1646,102.0,93.855532177888
1647,117.0,93.8475242240202
1648,121.0,93.83946877047069
1649,135.0,93.83136583561594
1650,112.0,93.8232154378324
1651,106.0,93.81501759549653
1652,132.0,93.80677232698478
1653,101.0,93.79847965067364
1654,92.0,93.79013958493954
1655,116.0,93.78175214815894
1656,119.0,93.77331735870834
1657,135.0,93.76483523496412
1658,126.0,93.75630579530284
1659,124.0,93.74772905810089
1660,107.0,93.73910504173476
1661,100.0,93.7304337645809
1662,103.0,93.72171524501574
1663,96.0,93.7129495014158
1664,89.0,93.70413655215754
1665,82.0,93.69527641561734
1666,98.0,93.68636911017174
1667,101.0,93.67741465419716
1668,103.0,93.66841306607009
1669,98.0,93.65936436416696
1670,103.0,93.65026856686423
1671,97.0,93.64112569253838
1672,108.0,93.63193575956588
1673,131.0,93.62269878632316
1674,116.0,93.61341479118668
1675,119.0,93.60408379253293
1676,116.0,93.59470580873835
1677,120.0,93.5852808581794
1678,108.0,93.57580895923256
1679,87.0,93.56629013027423
1680,82.0,93.55672438968094
1681,83.0,93.54711175582912
1682,92.0,93.53745224709526
1683,76.0,93.52774588185576
1684,78.0,93.51799267848713
1685,79.0,93.5081926553658
1686,92.0,93.49834583086825
1687,116.0,93.48845222337096
1688,108.0,93.47851185125032
1689,83.0,93.46852473288286
1690,116.0,93.45849088664501
1691,126.0,93.44841033091323
1692,119.0,93.43828308406398
1693,98.0,93.42810916447374
1694,104.0,93.41788859051894
1695,91.0,93.40762138057606
1696,102.0,93.39730755302156
1697,87.0,93.3869471262319
1698,79.0,93.37654011858352
1699,77.0,93.36608654845291
1700,78.0,93.3555864342165
1701,101.0,93.34503979425078
1702,80.0,93.33444664693218
1703,80.0,93.3238070106372
1704,77.0,93.31312090374225
1705,77.0,93.30238834462382
1706,87.0,93.29160935165835
1707,124.0,93.28078394322235
1708,129.0,93.26991213769223
1709,94.0,93.25899395344446
1710,107.0,93.24802940885552
1711,100.0,93.23701852230184
1712,97.0,93.22596131215992
1713,75.0,93.21485779680619
1714,72.0,93.20370799461709
1715,80.0,93.19251192396912
1716,73.0,93.18126960323875
1717,68.0,93.1699810508024
1718,82.0,93.15864628503654
1719,92.0,93.14726532431764
1720,102.0,93.13583818702217
1721,85.0,93.12436489152657
1722,84.0,93.11284545620731
1723,72.0,93.10127989944085
1724,75.0,93.08966823960363
1725,69.0,93.07801049507214
1726,70.0,93.06630668422284
1727,99.0,93.05455682543216
1728,74.0,93.04276093707658
1729,81.0,93.03091903753256
1730,70.0,93.01903114517654
1731,73.0,93.00709727838502
1732,62.0,92.99511745553444
1733,61.0,92.98309169500125
1734,71.0,92.97102001516194
1735,76.0,92.95890243439293
1736,76.0,92.94673897107069
1737,75.0,92.9345296435717
1738,65.0,92.9222744702724
1739,66.0,92.90997346954927
1740,74.0,92.89762665977877
1741,81.0,92.88523405933732
1742,77.0,92.8727956866014
1743,97.0,92.86031155994753
1744,104.0,92.84778169775208
1745,105.0,92.83520611839158
1746,78.0,92.82258484024243
1747,70.0,92.80991788168113
1748,74.0,92.79720526108413
1749,68.0,92.7844469968279
1750,69.0,92.77164310728888
1751,66.0,92.75879361084354
1752,62.0,92.74589852586834
1753,71.0,92.73295787073974
1754,100.0,92.71997166383422
1755,87.0,92.7069399235282
1756,102.0,92.69386266819816
1757,88.0,92.68073991622057
1758,69.0,92.66757168597188
1759,63.0,92.65435799582855
1760,65.0,92.64109886416702
1761,64.0,92.62779430936381
1762,98.0,92.6144443497953
1763,73.0,92.60104900383803
1764,74.0,92.5876082898684
1765,116.0,92.5741222262629
1766,103.0,92.56059083139796
1767,88.0,92.54701412365007
1768,84.0,92.5333921213957
1769,70.0,92.51972484301129
1770,70.0,92.50601230687327
1771,84.0,92.49225453135817
1772,110.0,92.4784515348424
1773,94.0,92.46460333570245
1774,77.0,92.45070995231472
1775,72.0,92.43677140305576
1776,71.0,92.42278770630195
1777,114.0,92.40875888042979
1778,120.0,92.39468494381575
1779,110.0,92.38056591483625
1780,106.0,92.36640181186777
1781,109.0,92.35219265328679
1782,137.0,92.33793845746975
1783,113.0,92.3236392427931
1784,100.0,92.30929502763333
1785,97.0,92.29490583036687
1786,73.0,92.28047166937021
1787,69.0,92.26599256301978
1788,70.0,92.25146852969208
1789,112.0,92.2368995877635
1790,120.0,92.22228575561057
1791,126.0,92.20762705160972
1792,129.0,92.19292349413743
1793,119.0,92.17817510157013
1794,112.0,92.16338189228428
1795,115.0,92.14854388465638
1796,108.0,92.13366109706284
1797,125.0,92.11873354788017
1798,118.0,92.10376125548478
1799,112.0,92.08874423825317
1800,123.0,92.07368251456178
1801,131.0,92.05857610278707
1802,109.0,92.04342502130552
1803,98.0,92.02822928849358
1804,99.0,92.01298892272767
1805,93.0,91.99770394238433
1806,90.0,91.98237436583995
1807,110.0,91.96700021147102
1808,101.0,91.95158149765399
1809,90.0,91.93611824276532
1810,71.0,91.92061046518151
1811,71.0,91.90505818327895
1812,66.0,91.88946141543416
1813,69.0,91.87382018002357
1814,127.0,91.85813449542363
1815,98.0,91.84240438001083
1816,111.0,91.82662985216163
1817,116.0,91.81081093025244
1818,96.0,91.79494763265978
1819,82.0,91.77903997776009
1820,77.0,91.76308798392982
1821,67.0,91.74709166954545
1822,69.0,91.7310510529834
1823,86.0,91.71496615262019
1824,81.0,91.69883698683222
1825,67.0,91.682663573996
1826,93.0,91.66644593248795
1827,104.0,91.65018408068455
1828,93.0,91.63387803696227
1829,75.0,91.61752781969754
1830,87.0,91.60113344726685
1831,91.0,91.58469493804667
1832,93.0,91.56821231041337
1833,83.0,91.55168558274354
1834,83.0,91.53511477341357
1835,76.0,91.51849990079991
1836,78.0,91.50184098327907
1837,111.0,91.48513803922744
1838,126.0,91.46839108702153
1839,115.0,91.45160014503779
1840,115.0,91.43476523165268
1841,119.0,91.41788636524268
1842,119.0,91.4009635641842
1843,115.0,91.38399684685373
1844,124.0,91.36698623162775
1845,121.0,91.34993173688268
1846,118.0,91.33283338099501
1847,104.0,91.3156911823412
1848,104.0,91.29850515929769
1849,112.0,91.28127533024093
1850,105.0,91.26400171354742
1851,110.0,91.2466843275936
1852,111.0,91.22932319075593
1853,107.0,91.21191832141085
1854,84.0,91.19446973793485
1855,65.0,91.17697746083014
1856,66.0,91.15944168317488
1857,73.0,91.14186289525958
1858,81.0,91.12424161676094
1859,118.0,91.10657836735571
1860,102.0,91.08887366672062
1861,103.0,91.07112803453234
1862,114.0,91.05334199046762
1863,86.0,91.03551605420316
1864,77.0,91.01765074541571
1865,71.0,90.99974658378196
1866,71.0,90.98180408897865
1867,76.0,90.96382378068245
1868,79.0,90.94580617857014
1869,91.0,90.9277518023184
1870,97.0,90.90966117160397
1871,95.0,90.89153480610356
1872,96.0,90.87337322549388
1873,76.0,90.85517694945165
1874,68.0,90.83694649765363
1875,67.0,90.81868238977647
1876,67.0,90.80038514549692
1877,69.0,90.78205528449172
1878,66.0,90.76369332643755
1879,68.0,90.74529979101113
1880,69.0,90.72687519788924
1881,80.0,90.70842006674852
1882,73.0,90.68993491726573
1883,71.0,90.67142026911759
1884,71.0,90.65287664198078
1885,117.0,90.63430455553208
1886,85.0,90.61570452944815
1887,84.0,90.59707708340575
1888,70.0,90.57842273708157
1889,70.0,90.55974201015235
1890,65.0,90.54103542229481
1891,67.0,90.52230349318563
1892,64.0,90.50354674250157
1893,63.0,90.48476568991931
1894,63.0,90.46596085511564
1895,71.0,90.4471327577672
1896,70.0,90.42828191755073
1897,111.0,90.40940885414298
1898,92.0,90.39051408722065
1899,94.0,90.37159813646043
1900,100.0,90.35266152153909
1901,79.0,90.3337047621333
1902,72.0,90.31472837791982
1903,63.0,90.29573288857532
1904,65.0,90.27671881377655
1905,61.0,90.25768667320024
1906,66.0,90.23863698652308
1907,68.0,90.21957027342184
1908,68.0,90.20048705357316
1909,114.0,90.18138784665379
1910,97.0,90.16227317234049
1911,76.0,90.14314355030992
1912,73.0,90.12399950023884
1913,69.0,90.10484154180395
1914,85.0,90.08567019468197
1915,82.0,90.06648597854961
1916,79.0,90.04728941308359
1917,78.0,90.02808101796064
1918,135.0,90.00886131285749
1919,125.0,89.98963081745084
1920,111.0,89.97039005141741
1921,111.0,89.95113953443392
1922,104.0,89.93187978617706
1923,80.0,89.91261132632361
1924,81.0,89.89333467455025
1925,113.0,89.8740503505337
1926,121.0,89.85475887395067
1927,118.0,89.83546076447789
1928,147.0,89.8161565417921
1929,108.0,89.79684672556999
1930,99.0,89.77753183548826
1931,79.0,89.75821239122368
1932,79.0,89.73888891245292
1933,72.0,89.71956191885275
1934,82.0,89.70023193009983
1935,92.0,89.68089946587091
1936,110.0,89.66156504584272
1937,114.0,89.64222918969195
1938,105.0,89.62289241709534
1939,94.0,89.6035552477296
1940,99.0,89.58421820127147
1941,124.0,89.56488179739762
1942,118.0,89.5455465557848
1943,122.0,89.52621299610972
1944,120.0,89.50688163804912
1945,119.0,89.48755300127966
1946,120.0,89.46822760547815
1947,111.0,89.44890597032125
1948,111.0,89.42958861548567
1949,88.0,89.41027606064814
1950,78.0,89.3909688254854
1951,65.0,89.37166742967413
1952,69.0,89.35237239289108
1953,104.0,89.33308423481297
1954,82.0,89.3138034751165
1955,81.0,89.2945306334784
1956,76.0,89.27526622957538
1957,112.0,89.25601078308416
1958,123.0,89.23676481368145
1959,128.0,89.21752884104399
1960,131.0,89.19830338484849
1961,112.0,89.17908896477167
1962,105.0,89.15988610049023
1963,83.0,89.1406953116809
1964,82.0,89.1215171180204
1965,68.0,89.10235203918546
1966,67.0,89.08320059485278
1967,93.0,89.0640633046991
1968,106.0,89.04494068840111
1969,114.0,89.02583326563555
1970,97.0,89.00674155607913
1971,102.0,88.98766607940857
1972,97.0,88.96860735530058
1973,111.0,88.94956590343189
1974,105.0,88.93054224347924
1975,90.0,88.91153689511928
1976,83.0,88.8925503780288
1977,73.0,88.87358321188448
1978,76.0,88.85463591636305
1979,87.0,88.83570901114125
1980,86.0,88.81680301589573
1981,88.0,88.79791845030327
1982,101.0,88.77905583404059
1983,87.0,88.76021568678439
1984,116.0,88.74139852821138
1985,116.0,88.72260487799828
1986,120.0,88.70383525582183
1987,115.0,88.6850901813587
1988,127.0,88.66637017428569
1989,122.0,88.64767575427945
1990,131.0,88.62900744101671
1991,91.0,88.61036575417421
1992,105.0,88.59175121342864
1993,88.0,88.57316433845676
1994,72.0,88.55460564893525
1995,75.0,88.53607566454083
1996,71.0,88.51757490495025
1997,67.0,88.49910388984021
1998,95.0,88.48066313888741
1999,76.0,88.46225317176858
2000,69.0,88.44387450816046
2001,88.0,88.42552766773974
2002,72.0,88.40721317018316
2003,73.0,88.38893153516743
2004,70.0,88.37068328236926
2005,69.0,88.35246893146538
2006,70.0,88.3342890021325
2007,66.0,88.31614401404734
2008,64.0,88.2980344868866
2009,68.0,88.27996094032707
2010,91.0,88.2619238940454
2011,88.0,88.24392386771831
2012,91.0,88.22596138102253
2013,88.0,88.20803695363479
2014,70.0,88.19015110523182
2015,69.0,88.1723043554903
2016,66.0,88.15449722408698
2017,66.0,88.13673023069853
2018,60.0,88.11900389500175
2019,67.0,88.10131873667329
2020,68.0,88.08367527538991
2021,65.0,88.06607403082829
2022,105.0,88.04851552266518
2023,87.0,88.03100027057728
2024,75.0,88.01352879424132
2025,69.0,87.996101613334
2026,68.0,87.97871924753208
2027,61.0,87.96138221651223
2028,69.0,87.9440910399512
2029,61.0,87.92684623752568
2030,64.0,87.9096483289124
2031,65.0,87.89249783378811
2032,61.0,87.8753952718295
2033,122.0,87.85834116271329
2034,89.0,87.84133602611618
2035,98.0,87.82438038171492
2036,95.0,87.80747474918623
2037,84.0,87.79061964820677
2038,68.0,87.77381559845335
2039,61.0,87.75706311960262
2040,60.0,87.74036273133133
2041,64.0,87.72371495331619
2042,63.0,87.70712030523389
2043,59.0,87.6905793067612
2044,65.0,87.6740924775748
2045,62.0,87.65766033735143
2046,82.0,87.6412834057678
2047,77.0,87.62496220250063
2048,80.0,87.60869724722664
2049,74.0,87.59248905962254
2050,63.0,87.57633815936504
2051,66.0,87.56024506613089
2052,64.0,87.54421029959678
2053,69.0,87.52823437943944
2054,97.0,87.5123178253356
2055,98.0,87.49646115696194
2056,79.0,87.48066489399523
2057,80.0,87.46492955611217
2058,68.0,87.44925566298943
2059,75.0,87.43364373430381
2060,71.0,87.41809428973197
2061,82.0,87.40260784895065
2062,111.0,87.38718493163657
2063,118.0,87.37182605746642
2064,101.0,87.35653174611694
2065,94.0,87.3413025172649
2066,124.0,87.32613889058692
2067,88.0,87.3110413857598
2068,87.0,87.2960105224602
2069,88.0,87.28104682036485
2070,100.0,87.26615079915051
2071,110.0,87.25132297849385
2072,115.0,87.23656387807165
2073,94.0,87.22187401756054
2074,115.0,87.2072539166373
2075,85.0,87.19270409497864
2076,104.0,87.17822507226127
2077,83.0,87.16381736816192
2078,107.0,87.14948150235728
2079,119.0,87.1352179945241
2080,120.0,87.12102736433908
2081,99.0,87.10691013147894
2082,89.0,87.09286681562041
2083,116.0,87.0788979364402
2084,107.0,87.06500401361504
2085,96.0,87.05118556682162
2086,89.0,87.03744311573668
2087,92.0,87.02377718003692
2088,94.0,87.01018827939912
2089,119.0,86.99667693349993
2090,116.0,86.98324366201605
2091,109.0,86.96988898462429
2092,119.0,86.9566134210013
2093,116.0,86.94341749082382
2094,117.0,86.93030171376856
2095,107.0,86.91726660951223
2096,119.0,86.90431269773157
2097,107.0,86.89144049810328
2098,91.0,86.87865053030411
2099,110.0,86.86594331401074
2100,104.0,86.8533193688999
2101,101.0,86.84077921464831
2102,98.0,86.82832337093271
2103,104.0,86.81595235742978
2104,107.0,86.80366669381628
2105,90.0,86.79146689976889
2106,93.0,86.77935349496433
2107,91.0,86.76732699907936
2108,82.0,86.75538793179066
2109,76.0,86.74353681277495
2110,73.0,86.73177416170897
2111,103.0,86.72010049826943
2112,94.0,86.70851634213304
2113,88.0,86.69702221297652
2114,78.0,86.6856186304766
2115,95.0,86.67430611430999
2116,91.0,86.66308518415339
2117,96.0,86.65195635968357
2118,85.0,86.6409201605772
2119,75.0,86.62997710651098
2120,76.0,86.6191277171617
2121,74.0,86.60837251220603
2122,72.0,86.59771201132071
2123,63.0,86.58714673418243
2124,64.0,86.57667720046794
2125,71.0,86.56630392985393
2126,77.0,86.55602744201714
2127,118.0,86.54584825663427
2128,107.0,86.53576689338207
2129,120.0,86.52578387193724
2130,133.0,86.51589971197647
2131,114.0,86.50611493317652
2132,123.0,86.49643005521409
2133,117.0,86.4868455977659
2134,111.0,86.47736208050868
2135,108.0,86.46798002311914
2136,87.0,86.45869994527399
2137,89.0,86.44952236664996
2138,69.0,86.44044780692374
2139,71.0,86.43147678577209
2140,68.0,86.4226098228717
2141,63.0,86.4138474378993
2142,78.0,86.40519015053164
2143,77.0,86.39663848044538
2144,74.0,86.38819294731728
2145,79.0,86.37985407082401
2146,65.0,86.37162237064233
2147,66.0,86.36349836644895
2148,62.0,86.3554825779206
2149,59.0,86.34757552473398
2150,60.0,86.3397777265658
2151,91.0,86.33208970309283
2152,113.0,86.32451197399172
2153,99.0,86.31704505893921
2154,94.0,86.30968947761207
2155,92.0,86.30244574968695
2156,94.0,86.29531439484059
2157,69.0,86.28829593274973
2158,57.0,86.28139088309106
2159,56.0,86.2745997655413
2160,55.0,86.26792309977718
2161,64.0,86.26136140547544
2162,58.0,86.25491520231277
2163,58.0,86.24858500996588
2164,61.0,86.24237134695794
2165,80.0,86.23627439463232
2166,75.0,86.2302935304755
2167,66.0,86.22442801473862
2168,62.0,86.21867710767282
2169,61.0,86.21304006952924
2170,67.0,86.20751616055904
2171,61.0,86.20210464101332
2172,75.0,86.19680477114328
2173,67.0,86.1916158112
2174,64.0,86.18653702143467
2175,69.0,86.18156766209843
2176,65.0,86.17670699344238
2177,87.0,86.17195427571767
2178,87.0,86.16730876917549
2179,93.0,86.16276973406696
2180,94.0,86.15833643064317
2181,66.0,86.15400811915534
2182,61.0,86.14978405985455
2183,59.0,86.14566351299197
2184,63.0,86.14164573881875
2185,63.0,86.13772999758602
2186,60.0,86.13391554954492
2187,54.0,86.13020165494657
2188,58.0,86.12658757404213
2189,68.0,86.12307256708277
2190,66.0,86.1196558943196
2191,75.0,86.1163368160038
2192,70.0,86.11311459238642
2193,70.0,86.10998848371871
2194,85.0,86.10695775025174
2195,89.0,86.10402165223667
2196,84.0,86.10117944992466
2197,80.0,86.09843040356682
2198,68.0,86.09577377341434
2199,71.0,86.0932088197183
2200,69.0,86.0907348027299
2201,67.0,86.08835098270022
2202,76.0,86.08605661988045
2203,100.0,86.08385097452171
2204,86.0,86.08173330687518
2205,77.0,86.07970287719195
2206,73.0,86.07775894572318
2207,69.0,86.07590077272
2208,70.0,86.0741276184336
2209,87.0,86.07243874311504
2210,81.0,86.07083340701556
2211,88.0,86.0693108703862
2212,93.0,86.06787039347816
2213,122.0,86.0665112365426
2214,120.0,86.06523265983063
2215,98.0,86.06403392359336
2216,90.0,86.06291428808201
2217,77.0,86.06187301354765
2218,85.0,86.06090936024145
2219,109.0,86.06002258841458
2220,126.0,86.05921195831814
2221,110.0,86.05847673020328
2222,106.0,86.05781616432114
2223,91.0,86.05722952092287
2224,100.0,86.05671606025963
2225,95.0,86.0562750425825
2226,116.0,86.05590572814272
2227,90.0,86.05560737719134
2228,83.0,86.05537924997952
2229,98.0,86.05522060675844
2230,106.0,86.0551307077792
2231,90.0,86.05510881329299
2232,84.0,86.0551541835509
2233,78.0,86.05526607880411
2234,73.0,86.05544375930374
2235,119.0,86.05568648530091
2236,100.0,86.05599351704683
2237,117.0,86.05636411479259
2238,105.0,86.05679753878933
2239,120.0,86.05729304928818
2240,106.0,86.05784990654033
2241,104.0,86.0584673707969
2242,82.0,86.059144702309
2243,72.0,86.05988116132784
2244,74.0,86.06067600810451
2245,79.0,86.06152850289014
2246,86.0,86.06243790593591
2247,102.0,86.06340347749294
2248,116.0,86.0644244778124
2249,112.0,86.06550016714537
2250,119.0,86.06662980574305
2251,96.0,86.06781265385656
2252,112.0,86.06904797173704
2253,111.0,86.07033501963564
2254,89.0,86.0716730578035
2255,74.0,86.07306134649173
2256,69.0,86.07449914595152
2257,68.0,86.07598571643399
2258,79.0,86.07752031819028
2259,77.0,86.07910221147155
2260,88.0,86.08073065652891
2261,105.0,86.0824049136135
2262,86.0,86.0841242429765
2263,84.0,86.08588790486903
2264,90.0,86.08769515954224
2265,77.0,86.08954526724725
2266,80.0,86.09143748823519
2267,90.0,86.09337108275727
2268,103.0,86.09534531106456
2269,89.0,86.09735943340823
2270,84.0,86.09941271003945
2271,93.0,86.10150440120931
2272,87.0,86.10363376716897
2273,82.0,86.10580006816959
2274,84.0,86.1080025644623
2275,87.0,86.1102405162982
2276,81.0,86.11251318392853
2277,92.0,86.11481982760432
2278,111.0,86.11715970757679
2279,113.0,86.11953208409705
2280,111.0,86.12193621741623
2281,102.0,86.12437136778551
2282,80.0,86.126836795456
2283,73.0,86.12933176067885
2284,72.0,86.13185552370521
2285,74.0,86.13440734478621
2286,95.0,86.136986484173
2287,97.0,86.1395922021167
2288,126.0,86.14222375886848
2289,84.0,86.14488041467948
2290,80.0,86.14756142980082
2291,82.0,86.15026606448367
2292,75.0,86.15299357897914
2293,74.0,86.15574323353837
2294,80.0,86.15851428841256
2295,99.0,86.16130600385276
2296,103.0,86.1641176401102
2297,106.0,86.16694845743595
2298,109.0,86.16979771608122
2299,84.0,86.1726646762971
2300,82.0,86.17554859833476
2301,78.0,86.17844874244531
2302,79.0,86.18136436887993
2303,86.0,86.18429473788972
2304,81.0,86.18723910972584
2305,81.0,86.19019674463947
2306,70.0,86.19316690288167
2307,74.0,86.19614884470367
2308,70.0,86.19914183035654
2309,74.0,86.20214512009147
2310,89.0,86.20515797415958
2311,84.0,86.20817965281199
2312,79.0,86.21120941629991
2313,74.0,86.21424652487441
2314,74.0,86.21729023878667
2315,73.0,86.22033981828783
2316,70.0,86.22339452362898
2317,71.0,86.22645361506133
2318,69.0,86.22951635283601
2319,63.0,86.23258199720412
2320,69.0,86.23564980841685
2321,67.0,86.23871904672531
2322,69.0,86.24178897238066
2323,80.0,86.24485884563403
2324,70.0,86.24792792673655
2325,87.0,86.25099547593939
2326,105.0,86.25406075349368
2327,81.0,86.25712301965055
2328,82.0,86.26018153466114
2329,74.0,86.26323555877664
2330,76.0,86.26628435224812
2331,67.0,86.26932717532678
2332,75.0,86.27236328826372
2333,67.0,86.2753919513101
2334,68.0,86.27841242471706
2335,75.0,86.28142396873575
2336,64.0,86.28442584361729
2337,66.0,86.28741730961286
2338,74.0,86.29039762697354
2339,72.0,86.29336605595054
2340,74.0,86.29632185679495
2341,78.0,86.29926428975794
2342,85.0,86.30219261509063
2343,98.0,86.30510609304419
2344,83.0,86.30800398386974
2345,66.0,86.31088554781842
2346,72.0,86.31375004514139
2347,74.0,86.31659673608976
2348,74.0,86.31942488091472
2349,70.0,86.32223373986739
2350,70.0,86.32502257319888
2351,76.0,86.32779064116035
2352,79.0,86.33053720400297
2353,89.0,86.33326152197785
2354,78.0,86.33596285533613
2355,80.0,86.33864046432896
2356,87.0,86.34129360920751
2357,96.0,86.3439215502229
2358,106.0,86.34652354762625
2359,88.0,86.34909886166871
2360,99.0,86.35164675260144
2361,83.0,86.35416648067557
2362,128.0,86.35665730614227
2363,125.0,86.35911848925262
2364,111.0,86.36154929025781
2365,134.0,86.36394896940898
2366,124.0,86.36631678695723
2367,96.0,86.36865200315376
2368,84.0,86.37095387824965
2369,84.0,86.3732216724961
2370,93.0,86.37545464614422
2371,84.0,86.37765205944515
2372,90.0,86.37981317265006
2373,99.0,86.38193724601005
2374,84.0,86.3840235397763
2375,85.0,86.38607131419992
2376,99.0,86.38807982953207
2377,119.0,86.39004834602389
2378,91.0,86.39197612392651
2379,135.0,86.39386242349109
2380,145.0,86.39570650496876
2381,122.0,86.39750762861065
2382,99.0,86.39926505466792
2383,91.0,86.40097804339169
2384,114.0,86.40264585503316
2385,120.0,86.40426774984341
2386,114.0,86.40584298807359
2387,131.0,86.40737082997487
2388,122.0,86.40885053579836
2389,101.0,86.41028136579523
2390,112.0,86.41166258021659
2391,106.0,86.4129934393136
2392,105.0,86.4142732033374
2393,121.0,86.41550113253913
2394,117.0,86.41667648716995
2395,87.0,86.41779852748098
2396,81.0,86.41886651372336
2397,76.0,86.41987970614824
2398,81.0,86.42083736500675
2399,81.0,86.42173875055006
2400,86.0,86.42258312302928
2401,85.0,86.42336974269557
2402,99.0,86.42409786980006
2403,86.0,86.4247667645939
2404,90.0,86.42537568732821
2405,73.0,86.42592389825417
2406,68.0,86.42641065762291
2407,87.0,86.42683522568555
2408,87.0,86.42719686269326
2409,75.0,86.42749482889714
2410,66.0,86.42772838454837
2411,73.0,86.42789678989809
2412,79.0,86.42799930519742
2413,72.0,86.42803519069753
2414,80.0,86.42800370664952
2415,95.0,86.42790411330456
2416,87.0,86.42773567091379
2417,115.0,86.42749763972836
2418,103.0,86.4271892799994
2419,76.0,86.42680985197804
2420,82.0,86.42635861591543
2421,74.0,86.42583483206273
2422,77.0,86.42523776067105
2423,76.0,86.42456666199156
2424,88.0,86.42382079627538
2425,97.0,86.42299942377367
2426,127.0,86.42210180473757
2427,129.0,86.42112719941821
2428,127.0,86.42007486806673
2429,120.0,86.41894407093429
2430,87.0,86.417734068272
2431,72.0,86.41644412033102
2432,69.0,86.41507348736249
2433,67.0,86.41362142961756
2434,87.0,86.41208720734738
2435,99.0,86.41047008080308
2436,84.0,86.40876931023578
2437,79.0,86.40698415589664
2438,76.0,86.4051138780368
2439,80.0,86.40315773690743
2440,76.0,86.40111499275963
2441,83.0,86.39898490584454
2442,104.0,86.39676673641331
2443,92.0,86.39445974471712
2444,82.0,86.39206319100707
2445,72.0,86.38957633553431
2446,69.0,86.38699843854998
2447,71.0,86.38432876030524
2448,65.0,86.38156656105119
2449,87.0,86.37871110103903
2450,95.0,86.37576164051985
2451,78.0,86.37271743974483
2452,73.0,86.36957775896505
2453,69.0,86.36634185843174
2454,73.0,86.36300899839598
2455,66.0,86.35957843910893
2456,73.0,86.35604944082172
2457,75.0,86.35242126378553
2458,70.0,86.34869316825144
2459,69.0,86.34486441447062
2460,70.0,86.34093426269425
2461,73.0,86.33690197317341
2462,67.0,86.3327668061593
2463,74.0,86.328528021903
2464,73.0,86.3241848806557
2465,84.0,86.3197366426685
2466,78.0,86.31518256819257
2467,73.0,86.31052191747906
2468,71.0,86.30575395077908
2469,72.0,86.3008779283438
2470,75.0,86.29589311042436
2471,74.0,86.29079875727189
2472,71.0,86.28559412913752
2473,76.0,86.2802784863231
2474,72.0,86.27485138444973
2475,66.0,86.26931336993802
2476,67.0,86.26366519676309
2477,65.0,86.25790761890002
2478,82.0,86.25204139032401
2479,68.0,86.24606726501014
2480,69.0,86.23998599693353
2481,69.0,86.23379834006933
2482,73.0,86.22750504839266
2483,69.0,86.22110687587868
2484,65.0,86.21460457650247
2485,64.0,86.20799890423916
2486,64.0,86.20129061306392
2487,78.0,86.19448045695181
2488,82.0,86.18756918987802
2489,100.0,86.18055756581764
2490,102.0,86.17344633874582
2491,80.0,86.16623626263768
2492,81.0,86.15892809146833
2493,66.0,86.15152257921292
2494,67.0,86.14402047984656
2495,80.0,86.13642254734441
2496,75.0,86.12872953568157
2497,80.0,86.12094219883315
2498,82.0,86.11306129077433
2499,79.0,86.10508756548019
2500,93.0,86.09702177692586
2501,86.0,86.08886467908646
2502,119.0,86.08061702593717
2503,108.0,86.0722795714531
2504,90.0,86.06385306960934
2505,75.0,86.05533827438103
2506,89.0,86.04673593974331
2507,85.0,86.03804681967131
2508,82.0,86.02927166814015
2509,103.0,86.02041123912494
2510,87.0,86.01146628660085
2511,74.0,86.002437564543
2512,85.0,85.99332582692647
2513,119.0,85.98413182772642
2514,88.0,85.97485632091797
2515,129.0,85.96550006047626
2516,82.0,85.95606380037641
2517,112.0,85.94654829459354
2518,122.0,85.93695429710277
2519,99.0,85.92728256187925
2520,89.0,85.91753384289812
2521,79.0,85.90770889413447
2522,81.0,85.89780846956344
2523,83.0,85.88783332316015
2524,84.0,85.87778420889974
2525,89.0,85.86766188075735
2526,82.0,85.85746709270809
2527,98.0,85.84720059872708
2528,91.0,85.83686315278946
2529,115.0,85.82645550887034
2530,103.0,85.81597842094487
2531,128.0,85.80543264298818
2532,129.0,85.79481892897537
2533,82.0,85.78413803288157
2534,78.0,85.77339070868194
2535,77.0,85.7625777103516
2536,86.0,85.75169979186563
2537,94.0,85.7407577071992
2538,89.0,85.72975221032742
2539,123.0,85.71868405522544
2540,124.0,85.70755399586837
2541,108.0,85.69636278623135
2542,87.0,85.6851111802895
2543,77.0,85.67379993201791
2544,75.0,85.66242979539177
2545,85.0,85.65100152438616
2546,85.0,85.63951587297626
2547,84.0,85.62797359513714
2548,79.0,85.61637544484395
2549,90.0,85.60472217607182
2550,90.0,85.59301454279587
2551,99.0,85.58125329899124
2552,91.0,85.56943919863306
2553,79.0,85.55757299569643
2554,86.0,85.54565544415648
2555,83.0,85.5336872979884
2556,86.0,85.52166931116723
2557,100.0,85.50960223766815
2558,80.0,85.49748683146626
2559,79.0,85.48532384653672
2560,85.0,85.47311403685462
2561,76.0,85.4608581563951
2562,85.0,85.44855695913333
2563,82.0,85.43621119904435
2564,82.0,85.42382163010338
2565,88.0,85.41138900628548
2566,97.0,85.3989140815658
2567,86.0,85.38639760991948
2568,87.0,85.37384034532164
2569,111.0,85.3612430417474
2570,113.0,85.34860645317187
2571,120.0,85.33593133357022
2572,110.0,85.32321843691756
2573,102.0,85.31046851718898
2574,78.0,85.29768232835966
2575,78.0,85.28486062440471
2576,78.0,85.27200415929926
2577,95.0,85.2591136870184
2578,102.0,85.24618996153731
2579,99.0,85.23323373683108
2580,94.0,85.22024576687488
2581,79.0,85.2072268056438
2582,89.0,85.19417760711298
2583,85.0,85.18109892525754
2584,80.0,85.16799151405259
2585,73.0,85.15485612747331
2586,72.0,85.14169351949478
2587,78.0,85.12850444409214
2588,78.0,85.11528965524055
2589,75.0,85.10204990691508
2590,71.0,85.0887859530909
2591,76.0,85.07549854774312
2592,96.0,85.06218844484685
2593,74.0,85.04885639837725
2594,73.0,85.03550316230945
2595,75.0,85.02212949061854
2596,70.0,85.00873613727968
2597,84.0,84.99532385626799
2598,75.0,84.9818934015586
2599,77.0,84.96844552712659
2600,70.0,84.95498098694716
2601,67.0,84.94150053499541
2602,73.0,84.92800492524644
2603,71.0,84.9144949116754
2604,69.0,84.90097124825745
2605,72.0,84.88743468896766
2606,67.0,84.8738859877812
2607,82.0,84.86032589867315
2608,79.0,84.8467551756187
2609,89.0,84.8331745725929
2610,86.0,84.81958484357095
2611,88.0,84.80598674252794
2612,112.0,84.792381023439
2613,89.0,84.77876844027928
2614,79.0,84.76514974702386
2615,68.0,84.75152569764792
2616,73.0,84.73789704612655
2617,70.0,84.7242645464349
2618,77.0,84.71062895254809
2619,78.0,84.69699101844124
2620,77.0,84.68335149808948
2621,77.0,84.66971114546794
2622,66.0,84.65607071455177
2623,66.0,84.64243095931607
2624,72.0,84.62879263373594
2625,69.0,84.61515649178658
2626,70.0,84.60152328744303
2627,71.0,84.58789377468048
2628,67.0,84.57426870747405
2629,59.0,84.56064883979886
2630,60.0,84.54703492563004
2631,81.0,84.5334277189427
2632,94.0,84.519827973712
2633,93.0,84.50623644391302
2634,70.0,84.49265388352093
2635,65.0,84.47908104651086
2636,64.0,84.46551868685788
2637,60.0,84.45196755853719
2638,66.0,84.43842841552386
2639,68.0,84.42490201179304
2640,68.0,84.41138910131987
2641,106.0,84.39789043807946
2642,108.0,84.38440677604694
2643,94.0,84.37093886919745
2644,88.0,84.35748747150609
2645,76.0,84.34405333694801
2646,61.0,84.33063721949834
2647,66.0,84.31723987313221
2648,60.0,84.30386205182471
2649,77.0,84.29050450955101
2650,101.0,84.27716800028621
2651,105.0,84.26385327800546
2652,98.0,84.25056109668387
2653,76.0,84.23729221029654
2654,73.0,84.22404737281867
2655,103.0,84.21082733822533
2656,113.0,84.19763286049168
2657,127.0,84.18446469359283
2658,133.0,84.1713235915039
2659,124.0,84.15821030820001
2660,133.0,84.14512559765633
2661,128.0,84.13207021384794
2662,110.0,84.11904491075
2663,123.0,84.10605044233762
2664,124.0,84.09308756258594
2665,127.0,84.08015702547006
2666,97.0,84.06725958496514
2667,82.0,84.05439599504629
2668,83.0,84.04156700968863
2669,101.0,84.02877338286733
2670,88.0,84.01601586855745
2671,85.0,84.00329522073419
2672,81.0,83.99061219337261
2673,67.0,83.97796754044788
2674,91.0,83.9653620159351
2675,84.0,83.95279637380942
2676,100.0,83.94027136804597
2677,106.0,83.92778775261986
2678,110.0,83.91534628150623
2679,117.0,83.90294770868019
2680,118.0,83.89059278811688
2681,95.0,83.87828227379143
2682,77.0,83.86601691967894
2683,66.0,83.85379747975456
2684,63.0,83.84162470799346
2685,66.0,83.8294993583707
2686,66.0,83.81742218486143
2687,71.0,83.80539394144078
2688,102.0,83.79341538208386
2689,89.0,83.78148726076584
2690,98.0,83.76961033146179
2691,94.0,83.7577853481469
2692,91.0,83.74601306479626
2693,77.0,83.73429423538498
2694,68.0,83.72262961388823
2695,66.0,83.71101995428111
2696,65.0,83.69946601053877
2697,66.0,83.6879685366363
2698,103.0,83.67652828654886
2699,122.0,83.66514601425156
2700,104.0,83.65382247371952
2701,93.0,83.64255841892789
2702,80.0,83.63135460385179
2703,77.0,83.62021178246636
2704,75.0,83.60913070874669
2705,74.0,83.59811213666795
2706,87.0,83.58715682020524
2707,91.0,83.57626551333367
2708,99.0,83.56543897002841
2709,114.0,83.55467794426458
2710,106.0,83.54398319001727
2711,97.0,83.53335546126164
2712,112.0,83.52279551197283
2713,96.0,83.51230409612593
2714,92.0,83.50188196769608
2715,73.0,83.49152988065842
2716,72.0,83.48124858898807
2717,74.0,83.47103884666015
2718,104.0,83.46090140764981
2719,74.0,83.45083702593216
2720,74.0,83.4408464554823
2721,74.0,83.43093045027541
2722,74.0,83.42108976428658
2723,67.0,83.41132515149096
2724,67.0,83.40163736586365
2725,59.0,83.3920271613798
2726,70.0,83.38249529201455
2727,93.0,83.373042511743
2728,80.0,83.3636695745403
2729,73.0,83.35437723438153
2730,65.0,83.34516624524186
2731,66.0,83.33603736109643
2732,69.0,83.32699133592031
2733,77.0,83.31802892368869
2734,67.0,83.30915087837667
2735,64.0,83.30035795395938
2736,62.0,83.29165090441192
2737,65.0,83.28303048370945
2738,96.0,83.2744974458271
2739,84.0,83.26605254473998
2740,98.0,83.25769653442322
2741,101.0,83.24943016885194
2742,83.0,83.24125420200129
2743,84.0,83.2331693878464
2744,82.0,83.22517648036238
2745,66.0,83.21727623352433
2746,63.0,83.20946940130742
2747,63.0,83.20175673768678
2748,62.0,83.19413899663749
2749,64.0,83.18661693213474
2750,66.0,83.17919129815361
2751,66.0,83.17186284866924
2752,64.0,83.16463233765677
2753,69.0,83.15750051909131
2754,64.0,83.150468146948
2755,59.0,83.14353597520196
2756,60.0,83.13670475782831
2757,109.0,83.1299752488022
2758,73.0,83.12334820209874
2759,62.0,83.11682437169307
2760,62.0,83.11040451156029
2761,56.0,83.10408937567554
2762,60.0,83.09787971801397
2763,59.0,83.0917762925507
2764,60.0,83.08577985326083
2765,64.0,83.07989115411952
2766,61.0,83.07411094910186
2767,99.0,83.068439992183
2768,92.0,83.06287903733808
2769,81.0,83.0574288385422
2770,88.0,83.0520901497705
2771,68.0,83.04686372499812
2772,67.0,83.04175031820017
2773,64.0,83.03675068335178
2774,60.0,83.03186557442808
2775,58.0,83.02709574540422
2776,58.0,83.02244195025527
2777,61.0,83.01790494295642
2778,57.0,83.01348547748276
2779,54.0,83.00918430780942
2780,54.0,83.00500218791153
2781,106.0,83.00093987176422
2782,73.0,82.99699811334264
2783,84.0,82.9931774947038
2784,79.0,82.98947777722265
2785,65.0,82.9858984776602
2786,60.0,82.98243911273549
2787,63.0,82.97909919916762
2788,65.0,82.9758782536756
2789,74.0,82.97277579297847
2790,71.0,82.96979133379529
2791,69.0,82.9669243928451
2792,67.0,82.964174486847
2793,75.0,82.96154113252001
2794,118.0,82.95902384658315
2795,87.0,82.9566221457555
2796,103.0,82.9543355467561
2797,107.0,82.95216356630402
2798,94.0,82.9501057211183
2799,108.0,82.94816152791797
2800,118.0,82.94633050342212
2801,117.0,82.94461216434975
2802,116.0,82.94300602741994
2803,131.0,82.94151160935175
2804,134.0,82.9401284268642
2805,89.0,82.93885599667637
2806,76.0,82.93769383550729
2807,67.0,82.93664146007603
2808,65.0,82.93569838710161
2809,101.0,82.9348641333031
2810,108.0,82.93413821539954
2811,111.0,82.93352015011001
2812,117.0,82.93300945415352
2813,130.0,82.93260564424916
2814,95.0,82.93230823711593
2815,84.0,82.93211674947294
2816,83.0,82.93203069803918
2817,72.0,82.93204959953373
2818,66.0,82.93217297067564
2819,103.0,82.93240032818396
2820,97.0,82.93273118877777
2821,102.0,82.93316506917603
2822,112.0,82.9337014860979
2823,122.0,82.93433995626235
2824,113.0,82.93507999638847
2825,102.0,82.93592112319527
2826,83.0,82.93686285340186
2827,75.0,82.93790470372727
2828,75.0,82.93904619089051
2829,63.0,82.94028683161066
2830,96.0,82.94162614260681
2831,123.0,82.94306364059794
2832,124.0,82.94459884230312
2833,118.0,82.94623126444141
2834,105.0,82.9479604237319
2835,90.0,82.94978583689355
2836,89.0,82.95170702064549
2837,72.0,82.95372349170674
2838,67.0,82.95583476679634
2839,63.0,82.95804036263334
2840,63.0,82.96033979593682
2841,105.0,82.9627325834258
2842,105.0,82.96521824181934
2843,111.0,82.9677962878365
2844,104.0,82.97046623819634
2845,89.0,82.97322760961785
2846,87.0,82.97607991882015
2847,72.0,82.97902268252224
2848,70.0,82.9820554174432
2849,72.0,82.98517764030208
2850,64.0,82.98838886781792
2851,73.0,82.99168861670978
2852,76.0,82.99507640369669
2853,83.0,82.9985517454977
2854,75.0,83.0021141588319
2855,72.0,83.00576316041831
2856,74.0,83.00949826697597
2857,112.0,83.01331899522393
2858,104.0,83.01722486188127
2859,121.0,83.02121538366703
2860,137.0,83.02529007730023
2861,107.0,83.02944845949996
2862,97.0,83.03369004698526
2863,90.0,83.03801435647514
2864,87.0,83.04242090468871
2865,72.0,83.04690920834499
2866,67.0,83.05147878416304
2867,62.0,83.0561291488619
2868,63.0,83.06085981916061
2869,65.0,83.06567031177825
2870,113.0,83.07056014343385
2871,100.0,83.07552883084645
2872,102.0,83.08057589073515
2873,89.0,83.08570083981894
2874,81.0,83.09090319481689
2875,72.0,83.09618247244806
2876,70.0,83.10153818943151
2877,60.0,83.10696986248625
2878,63.0,83.11247700833138
2879,73.0,83.1180591436859
2880,70.0,83.12371578526889
2881,58.0,83.1294464497994
2882,59.0,83.13525065399648
2883,65.0,83.14112791457919
2884,64.0,83.14707774826654
2885,60.0,83.15309967177761
2886,64.0,83.15919320183146
2887,99.0,83.16535785514712
2888,94.0,83.17159314844363
2889,72.0,83.17789859844008
2890,62.0,83.18427372185548
2891,60.0,83.19071803540892
2892,59.0,83.1972310558194
2893,57.0,83.20381229980602
2894,60.0,83.21046128408778
2895,62.0,83.21717752538378
2896,63.0,83.22396054041303
2897,61.0,83.23080984589461
2898,67.0,83.23772495854756
2899,99.0,83.24470539509092
2900,98.0,83.25175067224373
2901,82.0,83.25886030672508
2902,76.0,83.26603381525399
2903,66.0,83.27327071454954
2904,62.0,83.28057052133073
2905,61.0,83.28793275231665
2906,65.0,83.29535692422633
2907,62.0,83.30284255377885
2908,60.0,83.3103891576932
2909,56.0,83.3179962526885
2910,60.0,83.32566335548375
2911,71.0,83.33338998279804
2912,95.0,83.34117565135038
2913,93.0,83.34901987785985
2914,70.0,83.35692217904548
2915,69.0,83.36488207162634
2916,67.0,83.37289907232146
2917,60.0,83.38097269784991
2918,61.0,83.38910246493073
2919,59.0,83.39728789028295
2920,60.0,83.40552849062567
2921,64.0,83.41382378267788
2922,89.0,83.42217328315868
2923,71.0,83.4305765087871
2924,70.0,83.43903297628218
2925,69.0,83.44754220236298
2926,64.0,83.45610370374858
2927,64.0,83.46471699715796
2928,62.0,83.47338159931023
2929,62.0,83.48209702692442
2930,60.0,83.49086279671958
2931,87.0,83.49967842541474
2932,110.0,83.50854342972902
2933,90.0,83.51745732638139
2934,77.0,83.52641963209092
2935,63.0,83.53542986357668
2936,61.0,83.54448753755773
2937,66.0,83.55359217075308
2938,82.0,83.56274327988181
2939,135.0,83.57194038166297
2940,116.0,83.58118299281558
2941,116.0,83.59047063005875
2942,105.0,83.59980281011147
2943,96.0,83.6091790496928
2944,92.0,83.61859886552182
2945,109.0,83.62806177431754
2946,122.0,83.63756729279906
2947,127.0,83.6471149376854
2948,114.0,83.6567042256956
2949,129.0,83.66633467354875
2950,95.0,83.67600579796384
2951,118.0,83.68571711565998
2952,113.0,83.69546814335617
2953,92.0,83.7052583977715
2954,110.0,83.715087395625
2955,117.0,83.72495465363572
2956,116.0,83.7348596885227
2957,124.0,83.74480201700503
2958,127.0,83.75478115580174
2959,99.0,83.76479662163186
2960,99.0,83.77484793121442
2961,88.0,83.78493460126856
2962,78.0,83.79505614851325
2963,107.0,83.80521208966756
2964,104.0,83.81540194145055
2965,109.0,83.82562522058126
2966,86.0,83.83588144377876
2967,77.0,83.8461701277621
2968,76.0,83.85649078925027
2969,121.0,83.86684294496237
2970,102.0,83.87722611161749
2971,84.0,83.8876398059346
2972,83.0,83.89808354463281
2973,110.0,83.90855684443112
2974,82.0,83.91905922204862
2975,91.0,83.92959019420435
2976,84.0,83.94014927761734
2977,78.0,83.95073598900667
2978,114.0,83.96134984509138
2979,120.0,83.97199036259049
2980,124.0,83.98265705822311
2981,116.0,83.99334944870824
2982,101.0,84.00406705076496
2983,82.0,84.0148093811123
2984,79.0,84.02557595646931
2985,78.0,84.03636629355505
2986,114.0,84.04717990908857
2987,105.0,84.05801631978892
2988,118.0,84.06887504237515
2989,93.0,84.07975559356629
2990,86.0,84.09065749008143
2991,100.0,84.10158024863959
2992,87.0,84.11252338595982
2993,106.0,84.12348641876119
2994,91.0,84.13446886376272
2995,85.0,84.1454702376835
2996,84.0,84.15649005724255
2997,98.0,84.16752783915894
2998,86.0,84.17858310015168
2999,85.0,84.18965535693988
3000,82.0,84.20074412624254
3001,80.0,84.21184892477875
3002,101.0,84.22296926926751
3003,81.0,84.2341046764279
3004,84.0,84.24525466297898
3005,84.0,84.25641874563982
3006,107.0,84.2675964411294
3007,106.0,84.27878726616683
3008,120.0,84.28999073747113
3009,116.0,84.30120637176135
3010,100.0,84.31243368575656
3011,103.0,84.32367219617582
3012,95.0,84.33492141973812
3013,77.0,84.3461808731626
3014,70.0,84.35745007316822
3015,62.0,84.3687285364741
3016,62.0,84.38001577979922
3017,66.0,84.39131131986271
3018,64.0,84.40261467338357
3019,114.0,84.41392535708086
3020,111.0,84.42524288767365
3021,67.0,84.43656678188093
3022,65.0,84.44789655642181
3023,65.0,84.45923172801533
3024,67.0,84.47057181338054
3025,100.0,84.48191632923645
3026,68.0,84.49326479230217
3027,64.0,84.5046167192967
3028,63.0,84.51597162693915
3029,60.0,84.5273290319485
3030,59.0,84.53868845104383
3031,61.0,84.5500494009442
3032,64.0,84.56141139836865
3033,62.0,84.57277396003624
3034,77.0,84.58413660266604
3035,98.0,84.59549884297702
3036,98.0,84.60686019768832
3037,79.0,84.61822018351891
3038,81.0,84.62957831718793
3039,64.0,84.64093411541437
3040,64.0,84.65228709491731
3041,64.0,84.66363677241574
3042,61.0,84.6749826646288
3043,60.0,84.68632428827546
3044,58.0,84.69766116007482
3045,57.0,84.70899279674592
3046,69.0,84.72031871500779
3047,84.0,84.73163843157948
3048,76.0,84.7429514631801
3049,71.0,84.75425732652862
3050,63.0,84.76555553834413
3051,60.0,84.77684561534568
3052,61.0,84.78812707425232
3053,59.0,84.79939943178309
3054,56.0,84.81066220465702
3055,58.0,84.82191490959322
3056,59.0,84.8331570633107
3057,64.0,84.8443881825285
3058,58.0,84.85560778396571
3059,62.0,84.86681538434135
3060,61.0,84.87801050037446
3061,61.0,84.88919264878412
3062,63.0,84.90036134628934
3063,60.0,84.91151610960922
3064,62.0,84.92265645546279
3065,61.0,84.93378190056909
3066,62.0,84.94489196164719
3067,63.0,84.9559861554161
3068,64.0,84.96706399859491
3069,60.0,84.97812500790263
3070,87.0,84.98916870005837
3071,76.0,85.00019459178114
3072,75.0,85.01120219979002
3073,75.0,85.022191040804
3074,70.0,85.03316063154217
3075,104.0,85.0441104887236
3076,94.0,85.05504012906732
3077,74.0,85.06594906929237
3078,87.0,85.0768368261178
3079,86.0,85.08770291626267
3080,105.0,85.09854685644602
3081,74.0,85.10936816338692
3082,69.0,85.12016635380441
3083,82.0,85.13094094441756
3084,80.0,85.14169145194535
3085,77.0,85.15241739310689
3086,75.0,85.16311828462125
3087,72.0,85.17379364320743
3088,79.0,85.1844429855845
3089,106.0,85.1950658284715
3090,108.0,85.2056616885875
3091,126.0,85.21623008265153
3092,127.0,85.22677057535084
3093,94.0,85.2372830602796
3094,84.0,85.24776756899304
3095,84.0,85.25822413351828
3096,80.0,85.26865278588245
3097,74.0,85.27905355811272
3098,91.0,85.28942648223618
3099,98.0,85.29977159028005
3100,118.0,85.31008891427139
3101,106.0,85.32037848623739
3102,106.0,85.3306403382052
3103,103.0,85.34087450220194
3104,105.0,85.35108101025473
3105,81.0,85.36125989439078
3106,75.0,85.37141118663719
3107,77.0,85.3815349190211
3108,76.0,85.39163112356965
3109,75.0,85.40169983231002
3110,98.0,85.41174107726933
3111,124.0,85.42175489047469
3112,134.0,85.43174130395329
3113,99.0,85.44170034973223
3114,106.0,85.45163205983869
3115,89.0,85.46153646629979
3116,85.0,85.4714136011427
3117,76.0,85.48126349639456
3118,76.0,85.49108618408248
3119,89.0,85.50088169623362
3120,93.0,85.51065006487512
3121,76.0,85.52039132203414
3122,75.0,85.53010549973779
3123,81.0,85.53979263001324
3124,78.0,85.54945274488763
3125,79.0,85.55908587638808
3126,112.0,85.56869205654176
3127,87.0,85.57827131737581
3128,86.0,85.58782369091735
3129,104.0,85.59734920919355
3130,89.0,85.60684790423154
3131,80.0,85.61631980805845
3132,79.0,85.62576495270145
3133,82.0,85.63518337018765
3134,75.0,85.64457509254423
3135,81.0,85.65394015179831
3136,79.0,85.66327857997703
3137,108.0,85.67259040910756
3138,107.0,85.68187567121699
3139,98.0,85.69113439833252
3140,101.0,85.70036662248125
3141,84.0,85.70957237569034
3142,75.0,85.71875168998695
3143,76.0,85.7279045973982
3144,78.0,85.73703112995123
3145,91.0,85.74613131967321
3146,75.0,85.75520519859124
3147,89.0,85.7642527987325
3148,88.0,85.77327415212412
3149,78.0,85.78226929079324
3150,79.0,85.79123824676701
3151,72.0,85.80018105207256
3152,75.0,85.80909773873702
3153,105.0,85.81798833878757
3154,71.0,85.82685288425137
3155,88.0,85.8356914071555
3156,90.0,85.8445039395271
3157,122.0,85.85329051339338
3158,106.0,85.86205116078145
3159,101.0,85.87078591371842
3160,131.0,85.87949480423148
3161,107.0,85.88817786434775
3162,92.0,85.8968351260944
3163,86.0,85.90546662149852
3164,82.0,85.9140723825873
3165,82.0,85.92265244138787
3166,75.0,85.93120682992735
3167,74.0,85.9397355802329
3168,77.0,85.94823872433167
3169,85.0,85.9567162942508
3170,105.0,85.9651683220174
3171,80.0,85.9735948396587
3172,80.0,85.98199587920173
3173,71.0,85.99037147267371
3174,74.0,85.99872165210176
3175,74.0,86.00704644951301
3176,71.0,86.01534589693465
3177,75.0,86.02362002639377
3178,113.0,86.0318688699175
3179,77.0,86.04009245953306
3180,86.0,86.04829082726752
3181,99.0,86.05646400514806
3182,89.0,86.0646120252018
3183,87.0,86.07273491945588
3184,80.0,86.08083271993748
3185,74.0,86.08890545867372
3186,77.0,86.09695316769174
3187,77.0,86.10497587901868
3188,76.0,86.11297362468169
3189,75.0,86.12094643670791
3190,121.0,86.12889434712449
3191,83.0,86.13681738795856
3192,83.0,86.14471559123726
3193,75.0,86.15258898898776
3194,75.0,86.16043761323716
3195,70.0,86.16826149601263
3196,72.0,86.17606066934134
3197,70.0,86.18383516525039
3198,70.0,86.19158501576689
3199,72.0,86.1993102529181
3200,74.0,86.20701090873104
3201,107.0,86.21468701523291
3202,76.0,86.22233860445085
3203,79.0,86.22996570841201
3204,75.0,86.23756835914351
3205,72.0,86.24514658867251
3206,71.0,86.25270042902613
3207,72.0,86.26022991223155
3208,76.0,86.2677350703159
3209,71.0,86.27521593530628
3210,74.0,86.28267253922989
3211,99.0,86.29010491411385
3212,89.0,86.2975130919853
3213,78.0,86.30489710487137
3214,76.0,86.31225698479925
3215,86.0,86.31959276379601
3216,79.0,86.32690447388889
3217,70.0,86.33419214710493
3218,69.0,86.34145581547133
3219,74.0,86.34869551101522
3220,77.0,86.35591126576377
3221,66.0,86.36310311174405
3222,68.0,86.37027108098329
3223,70.0,86.37741520550857
3224,70.0,86.38453551734708
3225,70.0,86.39163204852592
3226,70.0,86.39870483107225
3227,72.0,86.40575389701321
3228,80.0,86.41277927837595
3229,66.0,86.41978100718761
3230,77.0,86.42675911547532
3231,93.0,86.43371363526626
3232,102.0,86.44064459858754
3233,111.0,86.44755203746631
3234,117.0,86.4544359839297
3235,100.0,86.46129647000487
3236,100.0,86.46813352771896
3237,86.0,86.4749471890991
3238,119.0,86.48173748617246
3239,133.0,86.48850445096616
3240,137.0,86.49524811550737
3241,120.0,86.50196851182318
3242,130.0,86.50866567194078
3243,91.0,86.51533962788727
3244,92.0,86.52199041168984
3245,89.0,86.52861805537563
3246,96.0,86.53522259097176
3247,82.0,86.54180405050533
3248,83.0,86.5483624660036
3249,113.0,86.5548978694936
3250,96.0,86.56141029300254
3251,113.0,86.56789976855751
3252,110.0,86.57436632818569
3253,95.0,86.58081000391422
3254,125.0,86.58723082777024
3255,130.0,86.59362883178088
3256,122.0,86.6000040479733
3257,102.0,86.60635650837463
3258,93.0,86.61268624501203
3259,94.0,86.61899328991261
3260,91.0,86.62527767510353
3261,81.0,86.63153943261197
3262,81.0,86.63777859446502
3263,111.0,86.64399519268984
3264,122.0,86.65018925931358
3265,132.0,86.65636082636337
3266,129.0,86.66250992586633
3267,108.0,86.66863658984967
3268,101.0,86.67474085034048
3269,94.0,86.68082273936594
3270,80.0,86.68688228895314
3271,78.0,86.69291953112928
3272,78.0,86.69893449792144
3273,97.0,86.70492722135684
3274,131.0,86.71089773346256
3275,112.0,86.71684606626576
3276,100.0,86.7227722517936
3277,81.0,86.72867632207318
3278,86.0,86.7345583091317
3279,87.0,86.74041824499626
3280,82.0,86.74625616169403
3281,98.0,86.75207209125215
3282,96.0,86.75786606569771
3283,78.0,86.76363811705791
3284,79.0,86.7693882773599
3285,89.0,86.7751165786308
3286,77.0,86.78082305289774
3287,82.0,86.78650773218787
3288,82.0,86.79217064852837
3289,90.0,86.79781183394631
3290,117.0,86.80343132046889
3291,103.0,86.80902914012326
3292,97.0,86.81460532493652
3293,88.0,86.82015990693584
3294,87.0,86.82569291814833
3295,76.0,86.83120439060119
3296,76.0,86.83669435632152
3297,88.0,86.84216284733645
3298,84.0,86.8476098956732
3299,69.0,86.8530355333588
3300,68.0,86.85843979242048
3301,107.0,86.86382270488537
3302,117.0,86.86918430278057
3303,111.0,86.87452461813325
3304,101.0,86.87984368297057
3305,92.0,86.88514152931965
3306,87.0,86.89041818920764
3307,75.0,86.89567369466167
3308,75.0,86.90090807770889
3309,77.0,86.90612137037644
3310,79.0,86.9113136046915
3311,70.0,86.91648481268116
3312,76.0,86.9216350263726
3313,103.0,86.92676427779291
3314,77.0,86.9318725989693
3315,83.0,86.93696002192887
3316,81.0,86.94202657869879
3317,71.0,86.94707230130618
3318,73.0,86.95209722177819
3319,73.0,86.95710137214196
3320,79.0,86.96208478442462
3321,74.0,86.96704749065337
3322,68.0,86.97198952285528
3323,75.0,86.97691091305752
3324,75.0,86.98181169328724
3325,76.0,86.9866918955716
3326,108.0,86.9915515519377
3327,77.0,86.99639069441272
3328,75.0,87.00120935502379
3329,70.0,87.00600756579801
3330,69.0,87.01078535876262
3331,72.0,87.01554276594467
3332,76.0,87.02027981937134
3333,73.0,87.02499655106979
3334,120.0,87.02969299306712
3335,98.0,87.03436917739052
3336,84.0,87.0390251360671
3337,88.0,87.043660901124
3338,88.0,87.04827650458839
3339,77.0,87.05287197848739
3340,76.0,87.05744735484815
3341,71.0,87.06200266569782
3342,71.0,87.06653794306354
3343,73.0,87.07105321897242
3344,71.0,87.07554852545165
3345,68.0,87.08002389452835
3346,66.0,87.08447935822967
3347,75.0,87.08891494858274
3348,76.0,87.09333069761473
3349,70.0,87.09772663735275
3350,68.0,87.10210279982397
3351,69.0,87.10645921705549
3352,67.0,87.11079592107451
3353,80.0,87.11511294390813
3354,80.0,87.11941031758353
3355,70.0,87.12368807412783
3356,69.0,87.12794624556814
3357,73.0,87.13218486393167
3358,70.0,87.13640396124552
3359,70.0,87.14060356953684
3360,69.0,87.14478372083275
3361,64.0,87.14894444716045
3362,91.0,87.15308578054702
3363,76.0,87.15720775301966
3364,76.0,87.16131039660547
3365,72.0,87.16539374333163
3366,71.0,87.16945782522524
3367,73.0,87.17350267431347
3368,79.0,87.17752832262346
3369,68.0,87.18153480218231
3370,72.0,87.18552214501725
3371,72.0,87.18949038315536
3372,75.0,87.19343954862377
3373,84.0,87.19736967344967
3374,79.0,87.20128078966019
3375,80.0,87.20517292928247
3376,80.0,87.20904612434363
3377,108.0,87.21290040687083
3378,134.0,87.21673580889123
3379,85.0,87.22055236243196
3380,87.0,87.22435009952015
3381,140.0,87.22812905218294
3382,113.0,87.23188925244749
3383,104.0,87.23563073234092
3384,94.0,87.2393535238904
3385,101.0,87.24305765912307
3386,87.0,87.24674317006605
3387,81.0,87.25041008874652
3388,83.0,87.25405844719161
3389,98.0,87.25768827742841
3390,96.0,87.26129961148415
3391,82.0,87.2648924813859
3392,79.0,87.26846691916083
3393,85.0,87.27202295683611
3394,76.0,87.27556062643883
3395,79.0,87.27907995999617
3396,81.0,87.28258098953526
3397,123.0,87.28606374708323
3398,114.0,87.28952826466725
3399,110.0,87.29297457431446
3400,98.0,87.29640270805197
3401,128.0,87.29981270813244
3402,96.0,87.30320472022909
3403,89.0,87.30657895006607
3404,89.0,87.30993560410742
3405,75.0,87.31327488881702
3406,81.0,87.3165970106588
3407,136.0,87.3199021760967
3408,128.0,87.32319059159465
3409,96.0,87.32646246361658
3410,122.0,87.32971799862644
3411,94.0,87.33295740308814
3412,90.0,87.33618088346563
3413,95.0,87.33938864622283
3414,107.0,87.34258089782368
3415,82.0,87.3457578447321
3416,85.0,87.34891969341203
3417,81.0,87.3520666503274
3418,75.0,87.35519892194215
3419,80.0,87.3583167147202
3420,78.0,87.3614202351255
3421,91.0,87.36450968962194
3422,107.0,87.36758528467351
3423,77.0,87.37064722674411
3424,74.0,87.37369572229767
3425,78.0,87.37673097779812
3426,108.0,87.37975319970941
3427,104.0,87.38276259449549
3428,86.0,87.38575936862023
3429,80.0,87.38874372854761
3430,83.0,87.39171588074153
3431,88.0,87.39467603166595
3432,88.0,87.39762438778483
3433,113.0,87.40056115556204
3434,80.0,87.40348654146153
3435,76.0,87.40640075194726
3436,78.0,87.40930399348312
3437,83.0,87.41219647253307
3438,99.0,87.41507839556107
3439,78.0,87.41794996903097
3440,97.0,87.42081139940676
3441,87.0,87.4236628931524
3442,80.0,87.42650465673175
3443,111.0,87.42933689660877
3444,95.0,87.43215981924743
3445,83.0,87.43497363111163
3446,78.0,87.43777853866528
3447,118.0,87.44057474837236
3448,126.0,87.44336246669675
3449,82.0,87.44614190010243
3450,79.0,87.44891325505333
3451,79.0,87.45167673801333
3452,81.0,87.45443255544642
3453,120.0,87.45718091381649
3454,79.0,87.45992201958751
3455,75.0,87.46265607922338
3456,72.0,87.46538329918803
3457,77.0,87.46810388594544
3458,102.0,87.47081804595949
3459,126.0,87.47352598569412
3460,117.0,87.47622791161331
3461,86.0,87.47892403018095
3462,84.0,87.48161454786096
3463,80.0,87.48429967111728
3464,83.0,87.48697960641388
3465,75.0,87.48965456021466
3466,80.0,87.49232473898354
3467,97.0,87.49499034918449
3468,87.0,87.4976515972814
3469,70.0,87.50030868973823
3470,68.0,87.50296183301892
3471,75.0,87.50561123358736
3472,76.0,87.50825709790752
3473,87.0,87.51089963244334
3474,70.0,87.51353904365871
3475,72.0,87.5161755380176
3476,73.0,87.51880932198394
3477,70.0,87.52144060202163
3478,67.0,87.52406958459463
3479,71.0,87.52669647616685
3480,69.0,87.52932148320225
3481,71.0,87.53194481216474
3482,71.0,87.53456666951827
3483,81.0,87.53718726172677
3484,84.0,87.53980679525415
3485,68.0,87.54242547656436
3486,67.0,87.54504351212134
3487,67.0,87.54766110838901
3488,70.0,87.55027847183129
3489,70.0,87.55289580891215
3490,68.0,87.55551332609546
3491,75.0,87.55813122984523
3492,78.0,87.56074972662536
3493,82.0,87.56336902289974
3494,101.0,87.56598932513235
3495,87.0,87.5686108397871
3496,92.0,87.57123377332793
3497,78.0,87.57385833221878
3498,73.0,87.5764847229236
3499,67.0,87.57911315190626
3500,64.0,87.58174382563074
3501,63.0,87.58437695056097
3502,62.0,87.58701273316088
3503,68.0,87.58965137989436
3504,63.0,87.59229309722541
3505,69.0,87.59493809161793
3506,64.0,87.59758656953584
3507,73.0,87.6002387374431
3508,68.0,87.60289480180363
3509,67.0,87.60555496908134
3510,66.0,87.60821944574019
3511,68.0,87.61088843824409
3512,58.0,87.613562153057
3513,86.0,87.61624079664283
3514,105.0,87.61892457546553
3515,110.0,87.62161369598901
3516,88.0,87.62430836467722
3517,69.0,87.62700878799409
3518,66.0,87.62971517240355
3519,61.0,87.63242772436952
3520,84.0,87.63514665035594
3521,77.0,87.63787215682676
3522,74.0,87.64060445024589
3523,71.0,87.64334373707725
3524,82.0,87.64609022378482
3525,104.0,87.64884411683249
3526,98.0,87.65160562268422
3527,91.0,87.6543749478039
3528,103.0,87.6571522986555
3529,79.0,87.65993788170296
3530,90.0,87.66273190341016
3531,128.0,87.66553457024109
3532,123.0,87.66834608865966
3533,119.0,87.6711666651298
3534,96.0,87.67399650611543
3535,104.0,87.6768358180805
3536,104.0,87.67968480748894
3537,85.0,87.68254368080467
3538,79.0,87.68541264449165
3539,119.0,87.68829190501378
3540,91.0,87.691181668835
3541,133.0,87.69408214241926
3542,137.0,87.69699353223047
3543,97.0,87.69991604473257
3544,96.0,87.7028498863895
3545,84.0,87.7057952636652
3546,103.0,87.70875238302357
3547,114.0,87.71172145092855
3548,99.0,87.7147026738441
3549,134.0,87.71769625823414
3550,101.0,87.72070241056258
3551,103.0,87.72372133729341
3552,133.0,87.72675324489047
3553,102.0,87.72979833981775
3554,116.0,87.7328568285392
3555,110.0,87.73592891751872
3556,90.0,87.73901481322022
3557,85.0,87.7421147221077
3558,81.0,87.74522885064502
3559,128.0,87.74835740529619
3560,86.0,87.75150059252506
3561,84.0,87.75465861879562
3562,83.0,87.75783169057178
3563,84.0,87.76102001431747
3564,154.0,87.76422379649662
3565,117.0,87.76744324357318
3566,106.0,87.77067856201107
3567,96.0,87.77392995827422
3568,97.0,87.77719763882658
3569,87.0,87.78048181013206
3570,80.0,87.78378267865459
3571,91.0,87.78710045085813
3572,122.0,87.79043533320657
3573,139.0,87.79378753216388
3574,125.0,87.79715725419398
3575,108.0,87.80054470576079
3576,108.0,87.80395009332825
3577,88.0,87.8073736233603
3578,84.0,87.81081550232089
3579,79.0,87.81427593667391
3580,87.0,87.8177551328833
3581,96.0,87.82125329741301
3582,95.0,87.824770636727
3583,98.0,87.8283073572891
3584,97.0,87.83186366556336
3585,86.0,87.83543976801363
3586,80.0,87.8390358711039
3587,81.0,87.84265218129806
3588,78.0,87.84628890506008
3589,84.0,87.84994624885387
3590,84.0,87.85362441914334
3591,79.0,87.85732362239246
3592,93.0,87.86104406506514
3593,130.0,87.86478595362532
3594,136.0,87.86854949453694
3595,98.0,87.8723348942639
3596,94.0,87.87614235927018
3597,95.0,87.87997209601966
3598,97.0,87.88382431097634
3599,82.0,87.88769921060407
3600,73.0,87.89159700136685
3601,75.0,87.89551788972858
3602,71.0,87.8994620821532
3603,79.0,87.90342978510463
3604,73.0,87.90742120504683
3605,80.0,87.91143654844372
3606,77.0,87.9154760217592
3607,72.0,87.91953983145724
3608,72.0,87.92362818400176
3609,69.0,87.9277412858567
3610,73.0,87.93187934348599
3611,67.0,87.93604256335354
3612,75.0,87.9402311519233
3613,72.0,87.94444531565922
3614,69.0,87.94868526102522
3615,65.0,87.9529511944852
3616,79.0,87.95724332250313
3617,104.0,87.96156185154292
3618,102.0,87.96590698806854
3619,96.0,87.97027893854386
3620,92.0,87.97467790943286
3621,76.0,87.97910410719948
3622,78.0,87.9835577383076
3623,70.0,87.9880390092212
3624,74.0,87.99254812640419
3625,72.0,87.99708529632052
3626,70.0,88.0016507254341
3627,99.0,88.00624462020886
3628,96.0,88.01086718710876
3629,88.0,88.01551863259772
3630,86.0,88.02019916313965
3631,72.0,88.02490898519852
3632,72.0,88.02964830523825
3633,80.0,88.03441732972274
3634,74.0,88.03921626511595
3635,64.0,88.04404531788181
3636,62.0,88.04890469448426
3637,61.0,88.05379460138724
3638,61.0,88.05871524505464
3639,69.0,88.06366683195041
3640,93.0,88.0686495685385
3641,74.0,88.07366366128284
3642,71.0,88.07870931664735
3643,71.0,88.08378674109596
3644,76.0,88.0888961410926
3645,70.0,88.09403772310124
3646,70.0,88.09921169358576
3647,69.0,88.10441825901013
3648,89.0,88.10965762583827
3649,84.0,88.11493000053407
3650,93.0,88.12023558956155
3651,72.0,88.12557459938458
3652,63.0,88.1309472364671
3653,64.0,88.13635370727305
3654,65.0,88.14179421826633
3655,69.0,88.14726897591093
3656,67.0,88.15277818667076
3657,84.0,88.15832205700974
3658,108.0,88.16390079339179
3659,97.0,88.16951460228087
3660,90.0,88.17516369014092
3661,89.0,88.18084826343585
3662,84.0,88.18656852862959
3663,67.0,88.19232469218606
3664,74.0,88.19811696056925
3665,74.0,88.20394554024303
3666,75.0,88.20981063767135
3667,80.0,88.21571245931817
3668,75.0,88.22165121164738
3669,118.0,88.22762710112293
3670,101.0,88.23364033420877
3671,87.0,88.23969111736882
3672,91.0,88.24577965706698
3673,84.0,88.25190615976723
3674,86.0,88.2580708319335
3675,78.0,88.26427388002968
3676,124.0,88.27051551051973
3677,132.0,88.27679592986759
3678,115.0,88.28311534453715
3679,89.0,88.28947396099241
3680,85.0,88.29587198569726
3681,88.0,88.30230962511561
3682,102.0,88.30878708571146
3683,91.0,88.31530457394867
3684,128.0,88.32186229629123
3685,91.0,88.32846045920303
3686,89.0,88.33509926914802
3687,105.0,88.34177893259012
3688,95.0,88.3484996559933
3689,123.0,88.35526164582144
3690,132.0,88.36206510853852
3691,99.0,88.36891025060842
3692,103.0,88.37579727849511
3693,132.0,88.38272639866253
3694,135.0,88.38969781757459
3695,83.0,88.39671174169521
3696,84.0,88.40376837748835
3697,102.0,88.41086793141794
3698,106.0,88.4180106099479
3699,99.0,88.42519661954216
3700,136.0,88.43242616666468
3701,99.0,88.43969945777934
3702,117.0,88.44701669935012
3703,108.0,88.45437809784093
3704,97.0,88.46178385971571
3705,97.0,88.46923419143839
3706,98.0,88.4767292994729
3707,87.0,88.48426939028317
3708,83.0,88.49185467033314
3709,96.0,88.49948534608674
3710,108.0,88.50716160717153
3711,106.0,88.5148833791703
3712,111.0,88.5226503780194
3713,104.0,88.53046231388028
3714,109.0,88.53831889691442
3715,87.0,88.54621983728325
3716,90.0,88.55416484514824
3717,94.0,88.56215363067086
3718,95.0,88.5701859040126
3719,81.0,88.57826137533486
3720,86.0,88.58637975479915
3721,114.0,88.59454075256689
3722,93.0,88.60274407879956
3723,107.0,88.61098944365864
3724,105.0,88.6192765573056
3725,112.0,88.62760512990184
3726,99.0,88.63597487160888
3727,90.0,88.64438549258814
3728,90.0,88.65283670300113
3729,90.0,88.66132821300923
3730,78.0,88.669859732774
3731,79.0,88.67843097245684
3732,80.0,88.6870416422192
3733,81.0,88.69569145222259
3734,82.0,88.70438011262844
3735,89.0,88.71310733359823
3736,93.0,88.72187282529339
3737,88.0,88.73067629787539
3738,93.0,88.73951746150573
3739,87.0,88.74839602634584
3740,80.0,88.75731170255715
3741,74.0,88.76626420030118
3742,105.0,88.77525322973936
3743,83.0,88.78427850103316
3744,95.0,88.79333972434402
3745,75.0,88.80243660983345
3746,74.0,88.81156886766284
3747,67.0,88.8207362079937
3748,68.0,88.82993834098751
3749,76.0,88.83917497680567
3750,75.0,88.84844582560969
3751,73.0,88.857750597561
3752,70.0,88.86708900282109
3753,73.0,88.87646075155139
3754,70.0,88.88586555391339
3755,121.0,88.89530312006853
3756,88.0,88.9047731601783
3757,90.0,88.91427538440412
3758,80.0,88.92380950290749
3759,71.0,88.93337522584983
3760,76.0,88.94297226339262
3761,76.0,88.95260032569733
3762,77.0,88.96225912292543
3763,75.0,88.97194836523836
3764,72.0,88.98166776279757
3765,71.0,88.99141702576458
3766,76.0,89.00119586430077
3767,79.0,89.01100398856767
3768,115.0,89.0208411087267
3769,85.0,89.03070693493932
3770,93.0,89.04060117736704
3771,84.0,89.05052354617125
3772,68.0,89.06047375151346
3773,68.0,89.0704515035551
3774,66.0,89.08045651245767
3775,72.0,89.09048848838259
3776,71.0,89.10054714149136
3777,86.0,89.11063218194542
3778,116.0,89.12074331990621
3779,89.0,89.13088026553525
3780,85.0,89.14104272899392
3781,71.0,89.15123042044377
3782,73.0,89.1614430500462
3783,72.0,89.17168032796269
3784,73.0,89.18194196435468
3785,69.0,89.19222766938367
3786,67.0,89.20253715321111
3787,67.0,89.21287012599844
3788,76.0,89.22322629790713
3789,69.0,89.23360537909862
3790,67.0,89.24400707973444
3791,60.0,89.25443110997598
3792,64.0,89.26487717998474
3793,68.0,89.27534499992215
3794,68.0,89.2858342799497
3795,59.0,89.29634473022885
3796,77.0,89.30687606092103
3797,73.0,89.31742798218777
3798,73.0,89.32800020419043
3799,70.0,89.33859243709054
3800,79.0,89.34920439104955
3801,77.0,89.35983577622892
3802,71.0,89.3704863027901
3803,77.0,89.38115568089457
3804,98.0,89.39184362070375
3805,89.0,89.40254983237918
3806,79.0,89.41327402608225
3807,68.0,89.42401591197444
3808,67.0,89.4347752002172
3809,98.0,89.44555160097202
3810,120.0,89.45634482440035
3811,73.0,89.46715458066363
3812,74.0,89.47798057992335
3813,93.0,89.48882253234098
3814,96.0,89.49968014807793
3815,117.0,89.51055313729572
3816,97.0,89.52144121015574
3817,93.0,89.53234407681954
3818,110.0,89.54326144744851
3819,91.0,89.55419303220415
3820,83.0,89.56513854124788
3821,123.0,89.57609768474119
3822,76.0,89.58707017284557
3823,79.0,89.59805571572242
3824,106.0,89.60905402353326
3825,102.0,89.62006480643952
3826,113.0,89.63108777460263
3827,122.0,89.6421226381841
3828,93.0,89.65316910734538
3829,95.0,89.66422689224792
3830,114.0,89.67529570305321
3831,122.0,89.68637524992266
3832,94.0,89.69746524301776
3833,94.0,89.70856539249999
3834,125.0,89.71967540853079
3835,98.0,89.73079500127162
3836,98.0,89.74192388088393
3837,115.0,89.75306175752921
3838,102.0,89.7642083413689
3839,119.0,89.77536334256446
3840,97.0,89.78652647127736
3841,94.0,89.79769743766906
3842,91.0,89.80887595190103
3843,103.0,89.8200617241347
3844,135.0,89.83125446453158
3845,128.0,89.84245388325309
3846,108.0,89.85365969046072
3847,96.0,89.8648715963159
3848,84.0,89.87608931098008
3849,118.0,89.88731254461479
3850,107.0,89.89854100738143
3851,87.0,89.90977440944147
3852,84.0,89.92101246095639
3853,120.0,89.93225487208764
3854,104.0,89.94350135299669
3855,115.0,89.95475161384499
3856,109.0,89.96600536479401
3857,97.0,89.9772623160052
3858,94.0,89.98852217764002
3859,80.0,89.99978465985996
3860,126.0,90.01104947282643
3861,103.0,90.02231632670093
3862,96.0,90.03358493164491
3863,91.0,90.04485499781984
3864,86.0,90.05612623538717
3865,123.0,90.06739835450837
3866,101.0,90.07867106534489
3867,114.0,90.08994407805818
3868,114.0,90.10121710280974
3869,93.0,90.112489849761
3870,89.0,90.12376202907343
3871,79.0,90.13503335090851
3872,83.0,90.14630352542767
3873,83.0,90.15757226279234
3874,89.0,90.16883927316407
3875,77.0,90.18010426670429
3876,79.0,90.1913669535744
3877,109.0,90.20262704393592
3878,107.0,90.2138842479503
3879,87.0,90.22513827577902
3880,91.0,90.23638883758349
3881,83.0,90.24763564352523
3882,77.0,90.25887840376565
3883,98.0,90.27011682846626
3884,89.0,90.28135062778847
3885,102.0,90.29257951189376
3886,95.0,90.30380319094363
3887,80.0,90.31502137509946
3888,83.0,90.32623377452278
3889,76.0,90.33744009937504
3890,77.0,90.34864005981768
3891,75.0,90.35983336601218
3892,78.0,90.37101972811998
3893,91.0,90.38219885630257
3894,115.0,90.39337046072139
3895,94.0,90.4045342515379
3896,90.0,90.41568993891357
3897,77.0,90.42683723300983
3898,70.0,90.43797584398821
3899,67.0,90.44910548201013
3900,72.0,90.46022585723703
3901,77.0,90.47133667983039
3902,76.0,90.48243765995169
3903,91.0,90.49352850776235
3904,87.0,90.50460893342388
3905,71.0,90.51567864709773
3906,72.0,90.52673735894531
3907,77.0,90.53778477912813
3908,76.0,90.54882061780764
3909,71.0,90.55984458514531
3910,72.0,90.57085639130257
3911,74.0,90.58185574644094
3912,102.0,90.5928423607218
3913,94.0,90.60381594430667
3914,84.0,90.61477620735702
3915,81.0,90.62572286003426
3916,82.0,90.63665561249991
3917,76.0,90.64757417491538
3918,80.0,90.65847825744211
3919,76.0,90.66936757024166
3920,83.0,90.68024182347541
3921,74.0,90.69110072730486
3922,69.0,90.70194399189143
3923,72.0,90.71277132739661
3924,77.0,90.72358244398185
3925,73.0,90.73437705180864
3926,75.0,90.7451548610384
3927,76.0,90.75591558183261
3928,91.0,90.76665892435274
3929,81.0,90.77738459876025
3930,94.0,90.78809231521657
3931,77.0,90.7987817838832
3932,78.0,90.80945271492158
3933,79.0,90.82010481849318
3934,76.0,90.83073780475945
3935,74.0,90.84135138388186
3936,68.0,90.85194526602186
3937,71.0,90.86251916134091
3938,68.0,90.87307278000051
3939,69.0,90.8836058321621
3940,74.0,90.8941180279871
3941,72.0,90.90460907763702
3942,64.0,90.91507869127332
3943,66.0,90.92552657905742
3944,61.0,90.93595245115083
3945,69.0,90.94635601771496
3946,67.0,90.95673698891132
3947,73.0,90.96709507490135
3948,104.0,90.97742998584651
3949,96.0,90.98774143190826
3950,105.0,90.99802912324807
3951,98.0,91.00829277002738
3952,112.0,91.0185320824077
3953,82.0,91.02874677055043
3954,74.0,91.03893654461707
3955,75.0,91.04910111476904
3956,72.0,91.05924019116786
3957,70.0,91.06935348397496
3958,68.0,91.07944070335178
3959,67.0,91.08950155945983
3960,68.0,91.09953576246052
3961,73.0,91.10954302251535
3962,73.0,91.11952304978577
3963,82.0,91.12947555443326
3964,99.0,91.1394002466192
3965,127.0,91.14929683650514
3966,128.0,91.15916503425251
3967,123.0,91.16900455002279
3968,101.0,91.17881509397738
3969,90.0,91.18859637627781
3970,87.0,91.19834810708552
3971,82.0,91.20806999656197
3972,116.0,91.2177617548686
3973,126.0,91.2274230921669
3974,131.0,91.23705371861831
3975,130.0,91.2466533443843
3976,120.0,91.25622167962635
3977,91.0,91.26575843450588
3978,90.0,91.27526331918438
3979,122.0,91.2847360438233
3980,133.0,91.2941763185841
3981,114.0,91.30358385362828
3982,120.0,91.31295835911726
3983,95.0,91.32229954521247
3984,79.0,91.33160712207543
3985,96.0,91.3408807998676
3986,108.0,91.35012028875039
3987,138.0,91.35932529888532
3988,160.0,91.36849554043381
3989,142.0,91.37763072355732
3990,134.0,91.38673055841737
3991,140.0,91.39579475517534
3992,134.0,91.40482302399273
3993,137.0,91.41381507503101
3994,130.0,91.42277061845161
3995,132.0,91.43168936441606
3996,126.0,91.44057102308574
3997,123.0,91.44941530462212
3998,113.0,91.45822191918673
3999,97.0,91.46699057694096
4000,76.0,91.47572098804629
4001,80.0,91.4844128626642
4002,85.0,91.49306591095615
4003,80.0,91.50167984308356
4004,88.0,91.51025436920794
4005,78.0,91.51878919949074
4006,90.0,91.52728404409339
4007,91.0,91.53573861317739
4008,80.0,91.5441526169042
4009,81.0,91.55252576543523
4010,78.0,91.56085776893201
4011,115.0,91.56914833755593
4012,117.0,91.57739718146853
4013,123.0,91.58560401083119
4014,126.0,91.59376853580542
4015,92.0,91.6018904665527
4016,73.0,91.60996951323447
4017,77.0,91.61800538601213
4018,73.0,91.62599779504724
4019,85.0,91.63394645226472
4020,76.0,91.6418511163536
4021,81.0,91.6497115964972
4022,86.0,91.65752770438975
4023,103.0,91.66529925172557
4024,73.0,91.67302605019884
4025,76.0,91.68070791150384
4026,79.0,91.68834464733484
4027,103.0,91.69593606938608
4028,120.0,91.70348198935181
4029,137.0,91.7109822189263
4030,134.0,91.71843656980381
4031,116.0,91.72584485367852
4032,122.0,91.73320688224479
4033,128.0,91.74052246719681
4034,121.0,91.74779142022884
4035,142.0,91.75501355303516
4036,127.0,91.76218867730998
4037,119.0,91.76931660474757
4038,124.0,91.77639714704222
4039,109.0,91.78343011588815
4040,100.0,91.79041532297963
4041,75.0,91.79735258001088
4042,70.0,91.8042416986762
4043,70.0,91.81108249066978
4044,71.0,91.81787476768596
4045,68.0,91.82461834141893
4046,74.0,91.83131302356296
4047,65.0,91.8379586258123
4048,65.0,91.84455495986123
4049,65.0,91.85110183740397
4050,64.0,91.8575990701348
4051,68.0,91.86404646974796
4052,60.0,91.87044384793768
4053,91.0,91.87679101639826
4054,118.0,91.88308778682394
4055,101.0,91.88933397090892
4056,102.0,91.89552938034754
4057,86.0,91.90167382683401
4058,76.0,91.90776712206261
4059,65.0,91.91380907772752
4060,66.0,91.91979950552307
4061,62.0,91.92573821714349
4062,64.0,91.93162502428302
4063,64.0,91.93745973863592
4064,66.0,91.94324217189647
4065,68.0,91.94897213575891
4066,66.0,91.95464944191745
4067,60.0,91.9602739020664
4068,62.0,91.96584532790001
4069,60.0,91.9713635311125
4070,64.0,91.97682832339814
4071,62.0,91.98223951645119
4072,63.0,91.9875969219659
4073,61.0,91.99290035163652
4074,64.0,91.99814961715732
4075,63.0,92.00334453022252
4076,62.0,92.00848490252639
4077,97.0,92.01357054576322
4078,90.0,92.01860127162722
4079,99.0,92.02357689181262
4080,74.0,92.02849721801375
4081,66.0,92.03336206192482
4082,67.0,92.03817123524007
4083,61.0,92.04292454965378
4084,59.0,92.04762181686019
4085,62.0,92.05226284855357
4086,59.0,92.05684745642814
4087,63.0,92.06137545217815
4088,62.0,92.06584664749793
4089,58.0,92.07026085408168
4090,60.0,92.07461788362363
4091,67.0,92.07891754781808
4092,118.0,92.08315965835925
4093,100.0,92.08734402694141
4094,95.0,92.0914704652588
4095,99.0,92.0955387850057
4096,74.0,92.09954879787637
4097,68.0,92.103500315565
4098,69.0,92.10739314976591
4099,62.0,92.11122711217332
4100,106.0,92.11500201448149
4101,87.0,92.11871766838468
4102,82.0,92.12237388557716
4103,73.0,92.12597047775314
4104,81.0,92.12950725660693
4105,76.0,92.13298403383273
4106,79.0,92.1364006211248
4107,99.0,92.13975683017743
4108,96.0,92.14305247268484
4109,98.0,92.14628736034132
4110,121.0,92.14946130484107
4111,118.0,92.1525741178784
4112,121.0,92.15562561114754
4113,108.0,92.15861559634273
4114,107.0,92.16154388515822
4115,117.0,92.16441028928831
4116,108.0,92.16721462042722
4117,141.0,92.16995669026919
4118,138.0,92.17263631050848
4119,104.0,92.17525329283937
4120,89.0,92.17780744895612
4121,102.0,92.18029859055294
4122,104.0,92.1827265293241
4123,98.0,92.18509107696387
4124,82.0,92.18739204516648
4125,116.0,92.1896292456262
4126,132.0,92.1918024900373
4127,119.0,92.193911590094
4128,126.0,92.19595635749056
4129,153.0,92.19793660392126
4130,140.0,92.19985214108031
4131,121.0,92.201702780662
4132,133.0,92.20348833436059
4133,122.0,92.2052086138703
4134,114.0,92.20686343088539
4135,119.0,92.20845259710013
4136,122.0,92.20997592420878
4137,120.0,92.21143322390557
4138,107.0,92.21282430788477
4139,78.0,92.21414898784062
4140,76.0,92.21540707546741
4141,89.0,92.21659838245935
4142,109.0,92.21772272051071
4143,113.0,92.21877990131574
4144,133.0,92.2197697365687
4145,143.0,92.22069203796384
4146,137.0,92.22154661719541
4147,114.0,92.22233328595769
4148,95.0,92.22305185594487
4149,79.0,92.22370213885128
4150,78.0,92.22428394637113
4151,95.0,92.22479709019866
4152,80.0,92.2252413820282
4153,83.0,92.22561663355393
4154,84.0,92.2259226564701
4155,85.0,92.226159262471
4156,109.0,92.2263262632509
4157,113.0,92.22642347050399
4158,140.0,92.22645069592458
4159,162.0,92.2264077512069
4160,129.0,92.2262944480452
4161,127.0,92.22611059813374
4162,125.0,92.22585601316679
4163,120.0,92.22553050483856
4164,123.0,92.22513388484337
4165,91.0,92.2246659648754
4166,91.0,92.22412655662896
4167,70.0,92.22351547179828
4168,80.0,92.22283252207761
4169,74.0,92.22207751916122
4170,73.0,92.22125027474333
4171,78.0,92.22035060051826
4172,86.0,92.2193783081802
4173,100.0,92.21833320942342
4174,94.0,92.21721511594218
4175,83.0,92.21602383943075
4176,82.0,92.21475919158335
4177,103.0,92.21342098409424
4178,101.0,92.21200902865772
4179,125.0,92.21052313696798
4180,150.0,92.2089631207193
4181,131.0,92.20732879160593
4182,126.0,92.20561996132217
4183,84.0,92.20383644156219
4184,76.0,92.20197804402031
4185,62.0,92.20004458039075
4186,59.0,92.19803586236776
4187,59.0,92.19595170164563
4188,67.0,92.19379190991859
4189,63.0,92.19155629888087
4190,65.0,92.18924468022678
4191,83.0,92.18685686565055
4192,84.0,92.18439266684639
4193,78.0,92.1818518955086
4194,76.0,92.17923436333146
4195,69.0,92.17653988200915
4196,65.0,92.17376826323596
4197,73.0,92.17091931870615
4198,74.0,92.16799286011397
4199,66.0,92.16498869915368
4200,62.0,92.16190664751952
4201,76.0,92.15874651690577
4202,72.0,92.15550811900663
4203,89.0,92.15219126551642
4204,99.0,92.14879576812933
4205,114.0,92.14532143853965
4206,116.0,92.14176808844165
4207,108.0,92.13813552952955
4208,95.0,92.13442357349761
4209,65.0,92.13063203204008
4210,67.0,92.12676071685125
4211,61.0,92.12280943962533
4212,57.0,92.11877801205661
4213,65.0,92.1146662458393
4214,62.0,92.1104739526677
4215,56.0,92.10620094423604
4216,52.0,92.10184703223855
4217,62.0,92.09741202836953
4218,64.0,92.09289574432322
4219,68.0,92.08829799179385
4220,64.0,92.0836185824757
4221,62.0,92.07885732806301
4222,70.0,92.07401404025003
4223,79.0,92.06908853073104
4224,93.0,92.06408061120025
4225,74.0,92.05899009335198
4226,71.0,92.05381678888041
4227,60.0,92.04856050947984
4228,66.0,92.0432210668445
4229,62.0,92.03779827266867
4230,63.0,92.03229193864657
4231,57.0,92.02670187647249
4232,61.0,92.02102789784065
4233,59.0,92.01526981444532
4234,60.0,92.00942743798075
4235,56.0,92.0035005801412
4236,56.0,91.99748905262095
4237,58.0,91.9913926671142
4238,58.0,91.98521123531522
4239,62.0,91.97894456891825
4240,59.0,91.9725924796176
4241,76.0,91.9661547791075
4242,104.0,91.95963127908216
4243,121.0,91.95302179123588
4244,116.0,91.9463261272629
4245,105.0,91.93954409885748
4246,93.0,91.93267551771385
4247,93.0,91.9257201955263
4248,85.0,91.91867794398905
4249,74.0,91.9115485747964
4250,74.0,91.90433189964253
4251,72.0,91.89702773022177
4252,107.0,91.88963587822832
4253,92.0,91.88215615535645
4254,93.0,91.87458837330043
4255,96.0,91.8669323437545
4256,116.0,91.8591878784129
4257,98.0,91.85135478896991
4258,102.0,91.84343288711977
4259,131.0,91.83542198455676
4260,119.0,91.82732189297509
4261,96.0,91.81913242406902
4262,92.0,91.81085338953284
4263,92.0,91.80248460106077
4264,107.0,91.79402587034707
4265,126.0,91.78547700908601
4266,132.0,91.77683782897182
4267,109.0,91.76810814169878
4268,99.0,91.75928775896112
4269,129.0,91.7503764924531
4270,129.0,91.74137415386897
4271,126.0,91.73228055490301
4272,95.0,91.72309550724945
4273,133.0,91.71381882260256
4274,102.0,91.70445031265656
4275,102.0,91.69498978910573
4276,100.0,91.68543706364432
4277,137.0,91.67579194796656
4278,119.0,91.66605425376677
4279,144.0,91.65622379273914
4280,112.0,91.64630037657794
4281,115.0,91.63628381697744
4282,162.0,91.62617392563187
4283,115.0,91.61597051423551
4284,91.0,91.6056733944826
4285,86.0,91.5952823780674
4286,86.0,91.58479727668411
4287,98.0,91.57421790202704
4288,118.0,91.56354406579048
4289,88.0,91.5527755796686
4290,90.0,91.54191225535571
4291,91.0,91.53095390454602
4292,96.0,91.51990033893385
4293,131.0,91.50875137021339
4294,116.0,91.4975068100789
4295,146.0,91.48616647022469
4296,138.0,91.47473016234493
4297,124.0,91.46319769813395
4298,122.0,91.45156888928595
4299,104.0,91.43984354749522
4300,103.0,91.428021484456
4301,94.0,91.41610251186253
4302,94.0,91.40408644140909
4303,88.0,91.39197308478992
4304,77.0,91.37976225369925
4305,115.0,91.36745375983138
4306,114.0,91.35504741488053
4307,77.0,91.34254303054098
4308,84.0,91.32994041850698
4309,116.0,91.31723939047274
4310,121.0,91.30443975813253
4311,83.0,91.29154133318065
4312,122.0,91.27854392731132
4313,73.0,91.2654473522188
4314,72.0,91.25225141959734
4315,81.0,91.2389559411412
4316,92.0,91.22556072854462
4317,86.0,91.21206559350186
4318,101.0,91.19847034770716
4319,122.0,91.18477480285482
4320,136.0,91.17097877063908
4321,140.0,91.15708206275411
4322,146.0,91.1430844908943
4323,112.0,91.12898586675378
4324,98.0,91.11478600202689
4325,82.0,91.10048470840786
4326,83.0,91.08608179759091
4327,77.0,91.07157708127032
4328,81.0,91.05697038147078
4329,91.0,91.0422620607943
4330,100.0,91.0274532770938
4331,80.0,91.01254525187855
4332,81.0,90.99753920665788
4333,77.0,90.98243636294114
4334,73.0,90.9672379422376
4335,71.0,90.95194516605659
4336,71.0,90.93655925590741
4337,71.0,90.92108143329939
4338,70.0,90.90551291974182
4339,61.0,90.88985493674403
4340,64.0,90.87410870581533
4341,96.0,90.85827544846502
4342,109.0,90.84235638620241
4343,127.0,90.82635274053685
4344,93.0,90.81026573297758
4345,103.0,90.794096585034
4346,112.0,90.77784651821534
4347,76.0,90.76151675403098
4348,78.0,90.7451085139902
4349,69.0,90.72862301960231
4350,73.0,90.71206149237662
4351,69.0,90.69542515382246
4352,67.0,90.67871522544912
4353,60.0,90.66193292876592
4354,60.0,90.6450794852822
4355,59.0,90.62815611650723
4356,63.0,90.61116404395035
4357,70.0,90.59410448912084
4358,73.0,90.57697867352803
4359,60.0,90.55978781868127
4360,65.0,90.54253314608982
4361,62.0,90.52521587726301
4362,66.0,90.50783723371015
4363,94.0,90.49039843694054
4364,85.0,90.47290070846354
4365,98.0,90.4553452697884
4366,93.0,90.43773334242448
4367,71.0,90.42006614788106
4368,67.0,90.40234490766746
4369,65.0,90.38457084329302
4370,66.0,90.36674517626702
4371,64.0,90.34886912809877
4372,69.0,90.3309439202976
4373,70.0,90.31297077437281
4374,67.0,90.29495091183372
4375,64.0,90.27688555418965
4376,66.0,90.2587759229499
4377,66.0,90.24062323962377
4378,64.0,90.22242872572058
4379,92.0,90.20419360274968
4380,79.0,90.18591909222033
4381,70.0,90.16760641564186
4382,69.0,90.14925679452361
4383,69.0,90.13087145037483
4384,71.0,90.11245160470487
4385,75.0,90.09399847902309
4386,68.0,90.0755132948387
4387,69.0,90.0569972736611
4388,66.0,90.03845163699953
4389,74.0,90.01987760636338
4390,93.0,90.0012764032619
4391,33.0,89.98264924920443
4392,45.0,89.96399736570027
4393,72.0,89.94532197425873
4394,71.0,89.92662429638915
4395,69.0,89.9079055536008
4396,83.0,89.88916696740304
4397,77.0,89.87040975930515
4398,76.0,89.85163515081643
4399,71.0,89.83284436344624
4400,108.0,89.81403861870383
4401,107.0,89.79521913809857
4402,121.0,89.77638714313974
4403,108.0,89.75754385533665
4404,113.0,89.73869049619864
4405,105.0,89.71982828723499
4406,128.0,89.70095844995501
4407,111.0,89.68208220586807
4408,118.0,89.6632007764834
4409,106.0,89.64431538331038
4410,114.0,89.62542724785825
4411,122.0,89.60653759163641
4412,112.0,89.58764763615414
4413,113.0,89.56875860292068
4414,131.0,89.54987171344546
4415,113.0,89.53098818923769
4416,96.0,89.51210925180678
4417,75.0,89.49323612266194
4418,69.0,89.47437002331255
4419,99.0,89.45551217526791
4420,125.0,89.43666380003731
4421,108.0,89.41782611913008
4422,104.0,89.39900035405556
4423,122.0,89.38018772632299
4424,120.0,89.36138945744175
4425,95.0,89.3426067689211
4426,93.0,89.32384088227039
4427,140.0,89.30509301899892
4428,107.0,89.28636440061601
4429,121.0,89.26765624863097
4430,100.0,89.2489697845531
4431,116.0,89.2303062298917
4432,96.0,89.21166680615612
4433,91.0,89.19305273485564
4434,85.0,89.17446523749962
4435,74.0,89.15590553559728
4436,102.0,89.13737485065803
4437,138.0,89.11887440419116
4438,127.0,89.10040541770591
4439,127.0,89.08196911271169
4440,94.0,89.06356671071772
4441,112.0,89.0451994332334
4442,89.0,89.02686850176799
4443,88.0,89.0085751378308
4444,82.0,88.99032056293119
4445,79.0,88.9721059985784
4446,78.0,88.9539326662818
4447,78.0,88.93580178755069
4448,77.0,88.91771458389437
4449,77.0,88.89967227682214
4450,77.0,88.88167608784335
4451,96.0,88.86372723846728
4452,108.0,88.84582695020326
4453,127.0,88.82797644456058
4454,117.0,88.81017694304857
4455,125.0,88.79242966717655
4456,92.0,88.77473583845381
4457,112.0,88.7570966783897
4458,93.0,88.7395134084935
4459,96.0,88.7219872502745
4460,81.0,88.70451942524205
4461,75.0,88.68711115490547
4462,73.0,88.66976366077402
4463,69.0,88.65247816435708
4464,74.0,88.63525588716392
4465,76.0,88.61809805070385
4466,75.0,88.60100587648621
4467,84.0,88.58398058602029
4468,112.0,88.5670234008154
4469,70.0,88.55013554238084
4470,68.0,88.53331823222598
4471,71.0,88.51657269186008
4472,72.0,88.49990014279246
4473,109.0,88.48330180653242
4474,110.0,88.46677890458933
4475,105.0,88.45033265847243
4476,96.0,88.43396428969109
4477,73.0,88.41767501975457
4478,69.0,88.40146607017223
4479,66.0,88.38533866245336
4480,77.0,88.36929401810724
4481,75.0,88.35333335864324
4482,73.0,88.33745790557064
4483,110.0,88.32166888039878
4484,90.0,88.30596750463694
4485,116.0,88.29035499979442
4486,111.0,88.27483258738057
4487,114.0,88.2594014889047
4488,91.0,88.2440629258761
4489,74.0,88.22881811980409
4490,75.0,88.21366829219798
4491,73.0,88.1986146645671
4492,78.0,88.18365845842074
4493,83.0,88.1688008952682
4494,81.0,88.15404319661886
4495,71.0,88.13938658398195
4496,72.0,88.12483227886682
4497,69.0,88.11038150278277
4498,72.0,88.09603547723914
4499,82.0,88.0817954237452
4500,69.0,88.06766256381029
4501,73.0,88.05363811894372
4502,73.0,88.03972331065482
4503,72.0,88.02591936045287
4504,106.0,88.01222748984719
4505,94.0,87.9986489203471
4506,84.0,87.98518487346192
4507,94.0,87.9718365707009
4508,84.0,87.95860523357345
4509,73.0,87.94549208358882
4510,70.0,87.93249834225632
4511,71.0,87.91962523108532
4512,70.0,87.90687397158504
4513,70.0,87.89424578526487
4514,69.0,87.8817418936341
4515,66.0,87.86936351820201
4516,68.0,87.85711188047797
4517,81.0,87.84498820197123
4518,81.0,87.83299370419115
4519,72.0,87.82112960864704
4520,68.0,87.80939713684818
4521,69.0,87.79779751030391
4522,68.0,87.7863319505235
4523,69.0,87.77500167901633
4524,73.0,87.76380791729166
4525,71.0,87.75275188685883
4526,77.0,87.74183480922713
4527,82.0,87.73105790590587
4528,70.0,87.72042239840438
4529,79.0,87.70992950823198
4530,77.0,87.69958045689796
4531,72.0,87.68937646591166
4532,74.0,87.67931875678235
4533,67.0,87.66940855101936
4534,65.0,87.65964707013202
4535,65.0,87.65003553562964
4536,77.0,87.6405751690215
4537,102.0,87.63126719181695
4538,73.0,87.62211282552528
4539,80.0,87.61311329165581
4540,81.0,87.60426981171783
4541,83.0,87.5955836072207
4542,81.0,87.58705589967369
4543,73.0,87.57868791058611
4544,72.0,87.5704808614673
4545,116.0,87.56243597382658
4546,93.0,87.55455446917323
4547,90.0,87.54683756901657
4548,81.0,87.53928649486592
4549,136.0,87.5319024682306
4550,109.0,87.5246867106199
4551,135.0,87.51764044354313
4552,108.0,87.51076488850963
4553,122.0,87.5040612670287
4554,132.0,87.49753080060964
4555,119.0,87.49117471076178
4556,144.0,87.48499421899443
4557,104.0,87.47899054681687
4558,99.0,87.47316491573848
4559,113.0,87.46751854726847
4560,116.0,87.46205266291625
4561,106.0,87.45676848419109
4562,120.0,87.45166723260232
4563,133.0,87.44675012965922
4564,120.0,87.44201839687112
4565,131.0,87.43747325574734
4566,112.0,87.43311592779719
4567,99.0,87.42894763452998
4568,118.0,87.424969597455
4569,86.0,87.42118303808158
4570,114.0,87.41758917791907
4571,128.0,87.41418923847672
4572,122.0,87.41098444126385
4573,93.0,87.40797600778981
4574,89.0,87.4051651595639
4575,93.0,87.40255311809541
4576,125.0,87.40014110489366
4577,125.0,87.39793034146798
4578,103.0,87.3959220493277
4579,98.0,87.39411744998205
4580,86.0,87.39251776494042
4581,86.0,87.39112421571208
4582,86.0,87.38993802380637
4583,96.0,87.38896041073261
4584,123.0,87.38819259800006
4585,83.0,87.38763580711807
4586,80.0,87.38729125959595
4587,77.0,87.38716017694304
4588,83.0,87.3872437806686
4589,97.0,87.38754329228196
4590,96.0,87.38805993329245
4591,97.0,87.38879492520934
4592,93.0,87.38974948954198
4593,96.0,87.39092484779968
4594,93.0,87.39232222149177
4595,102.0,87.3939428321275
4596,88.0,87.39578790121622
4597,83.0,87.39785865026725
4598,81.0,87.40015630078989
4599,76.0,87.40268207429345
4600,68.0,87.40543719228728
4601,69.0,87.40842287628062
4602,68.0,87.41164034778285
4603,89.0,87.41509082830322
4604,105.0,87.4187755393511
4605,78.0,87.42269570243577
4606,80.0,87.42685253906656
4607,79.0,87.43124727075275
4608,75.0,87.4358811190037
4609,95.0,87.44075530532868
4610,101.0,87.445871051237
4611,102.0,87.45122957823803
4612,80.0,87.45683210784102
4613,78.0,87.46267986155532
4614,80.0,87.4687740608902
4615,80.0,87.475115927355
4616,84.0,87.48170668245905
4617,75.0,87.48854754771166
4618,87.0,87.49563974462208
4619,81.0,87.50298449469969
4620,81.0,87.5105830194538
4621,83.0,87.51843654039368
4622,83.0,87.52654627902866
4623,70.0,87.53491345686807
4624,71.0,87.54353929542121
4625,70.0,87.55242501619736
4626,88.0,87.56157184070588
4627,118.0,87.57098099045608
4628,84.0,87.58065368695723
4629,92.0,87.59059115171868
4630,91.0,87.60079460624975
4631,82.0,87.6112652720597
4632,79.0,87.62200437065789
4633,73.0,87.63301312355362
4634,72.0,87.64429275225619
4635,72.0,87.65584447827491
4636,70.0,87.66766952311916
4637,68.0,87.67976910301174
4638,76.0,87.69214369036303
4639,72.0,87.70479225327293
4640,70.0,87.71771357836923
4641,70.0,87.73090645227973
4642,67.0,87.7443696616322
4643,73.0,87.7581019930545
4644,71.0,87.77210223317435
4645,74.0,87.78636916861961
4646,75.0,87.80090158601811
4647,109.0,87.81569827199753
4648,103.0,87.83075801318579
4649,89.0,87.84607959621061
4650,102.0,87.86166180769983
4651,101.0,87.87750343428124
4652,88.0,87.89360326258262
4653,77.0,87.9099600792318
4654,76.0,87.92657267085654
4655,73.0,87.94343982408469
4656,68.0,87.96056032554402
4657,71.0,87.9779329618623
4658,69.0,87.99555651966739
4659,68.0,88.01342978558704
4660,89.0,88.03155154624908
4661,84.0,88.0499205882813
4662,85.0,88.06853569831146
4663,73.0,88.08739566296744
4664,71.0,88.10649926887695
4665,68.0,88.12584530266784
4666,65.0,88.14543255096791
4667,71.0,88.16525980040495
4668,80.0,88.18532583760677
4669,77.0,88.20562944920114
4670,78.0,88.22616942181587
4671,73.0,88.2469445420788
4672,70.0,88.26795359661764
4673,81.0,88.28919537206028
4674,82.0,88.31066865503448
4675,77.0,88.33237223216804
4676,65.0,88.35430489008874
4677,68.0,88.37646541542439
4678,68.0,88.39885259480285
4679,74.0,88.42146521485182
4680,87.0,88.44430206219916
4681,72.0,88.46736192347267
4682,74.0,88.49064358530009
4683,66.0,88.5141458343093
4684,74.0,88.53786745712804
4685,101.0,88.56180724038414
4686,93.0,88.58596397070541
4687,72.0,88.6103364347196
4688,92.0,88.63492341905453
4689,75.0,88.65972371033803
4690,77.0,88.68473609519785
4691,102.0,88.70995936026182
4692,114.0,88.73539229215774
4693,117.0,88.76103367751341
4694,118.0,88.7868823029566
4695,94.0,88.81293695511513
4696,93.0,88.83919642061682
4697,113.0,88.8656594860894
4698,92.0,88.89232493816077
4699,95.0,88.91919156345864
4700,96.0,88.94625814861085
4701,87.0,88.9735234802452
4702,87.0,89.0009863449895
4703,127.0,89.0286455294715
4704,123.0,89.05649982031903
4705,157.0,89.0845480041599
4706,126.0,89.1127888676219
4707,121.0,89.14122119733281
4708,92.0,89.16984377992047
4709,92.0,89.19865540201262
4710,89.0,89.2276548502371
4711,114.0,89.25684091122173
4712,126.0,89.28621237159425
4713,124.0,89.3157680179825
4714,124.0,89.3455066370143
4715,105.0,89.37542701531736
4716,91.0,89.40552793951957
4717,86.0,89.43580819624869
4718,84.0,89.46626657213253
4719,111.0,89.49690185379887
4720,109.0,89.52771282787555
4721,91.0,89.5586982809903
4722,86.0,89.58985699977096
4723,84.0,89.62118777084538
4724,80.0,89.65268938084125
4725,80.0,89.68436061638646
4726,78.0,89.71620026410878
4727,69.0,89.748207110636
4728,95.0,89.7803799425959
4729,119.0,89.81271754661631
4730,120.0,89.84521870932504
4731,126.0,89.87788221734986
4732,97.0,89.91070685731857
4733,91.0,89.94369141585899
4734,90.0,89.9768346795989
4735,81.0,90.01013543516612
4736,92.0,90.0435924691884
4737,118.0,90.07720456829361
4738,100.0,90.1109705191095
4739,119.0,90.14488910826385
4740,85.0,90.17895912238454
4741,91.0,90.2131793480993
4742,91.0,90.24754857203594
4743,81.0,90.2820655808223
4744,78.0,90.31672916108612
4745,90.0,90.35153809945523
4746,93.0,90.3864911825574
4747,93.0,90.42158719702047
4748,91.0,90.45682492947223
4749,73.0,90.49220316654046
4750,75.0,90.52772069485299
4751,74.0,90.56337630103756
4752,106.0,90.59916877172203
4753,109.0,90.63509689353418
4754,97.0,90.6711594531018
4755,86.0,90.70735523705271
4756,75.0,90.74368303201466
4757,75.0,90.7801416246155
4758,76.0,90.81672980148304
4759,110.0,90.853446349245
4760,86.0,90.89029005452926
4761,121.0,90.92725970396357
4762,107.0,90.96435408417575
4763,104.0,91.0015719817936
4764,92.0,91.03891218344492
4765,86.0,91.07637347575749
4766,88.0,91.11395464535914
4767,73.0,91.15165447887763
4768,70.0,91.1894717629408
4769,104.0,91.22740528417641
4770,77.0,91.26545382921229
4771,70.0,91.30361618467622
4772,78.0,91.34189113719601
4773,78.0,91.38027747339947
4774,82.0,91.41877397991436
4775,80.0,91.45737944336852
4776,81.0,91.4960926503897
4777,79.0,91.53491238760574
4778,79.0,91.57383744164449
4779,76.0,91.61286659913361
4780,74.0,91.65199864670103
4781,104.0,91.69123237097446
4782,107.0,91.73056655858176
4783,100.0,91.76999999615069
4784,93.0,91.80953147030905
4785,76.0,91.8491597676847
4786,75.0,91.88888367490534
4787,70.0,91.92870197859882
4788,73.0,91.96861346539296
4789,70.0,92.00861692191555
4790,69.0,92.04871113479436
4791,71.0,92.08889489065719
4792,75.0,92.12916697613186
4793,84.0,92.16952617784618
4794,90.0,92.20997128242794
4795,92.0,92.25050107650492
4796,85.0,92.29111434670492
4797,68.0,92.33180987965575
4798,69.0,92.37258646198522
4799,70.0,92.4134428803211
4800,67.0,92.45437792129123
4801,69.0,92.49539037152336
4802,70.0,92.53647901764532
4803,71.0,92.57764264628491
4804,70.0,92.6188800440699
4805,68.0,92.66018999762812
4806,68.0,92.70157129358736
4807,102.0,92.74302271857543
4808,88.0,92.78454305922011
4809,88.0,92.8261311021492
4810,85.0,92.86778563399052
4811,75.0,92.90950544137185
4812,74.0,92.95128931092098
4813,70.0,92.99313602926574
4814,70.0,93.03504438303388
4815,70.0,93.07701315885326
4816,73.0,93.11904114335162
4817,69.0,93.16112712315685
4818,79.0,93.2032698848966
4819,73.0,93.2454682151988
4820,78.0,93.2877209006912
4821,77.0,93.3300267280016
4822,73.0,93.37238448375781
4823,74.0,93.41479295458763
4824,77.0,93.4572509271188
4825,83.0,93.49975718797923
4826,87.0,93.5423105237966
4827,90.0,93.58490972119883
4828,97.0,93.62755356681362
4829,97.0,93.67024084726877
4830,92.0,93.71297034919218
4831,87.0,93.75574085921153
4832,85.0,93.79855116395471
4833,82.0,93.84140005004944
4834,79.0,93.88428630412356
4835,91.0,93.92720871280493
4836,96.0,93.97016606272122
4837,108.0,94.01315714050033
4838,118.0,94.05618073277002
4839,141.0,94.09923562615808
4840,90.0,94.14232060729233
4841,94.0,94.18543446280057
4842,93.0,94.22857597931058
4843,128.0,94.27174394345018
4844,90.0,94.31493714184712
4845,102.0,94.3581543611293
4846,103.0,94.40139438792441
4847,90.0,94.4446560088603
4848,115.0,94.48793801056476
4849,142.0,94.5312391796656
4850,131.0,94.57455830279066
4851,105.0,94.61789416656761
4852,95.0,94.66124555762438
4853,97.0,94.7046112625887
4854,105.0,94.74799006808838
4855,130.0,94.79138076075125
4856,127.0,94.83478212720506
4857,103.0,94.87819295407766
4858,100.0,94.92161202799682
4859,94.0,94.9650381355903
4860,96.0,95.00847006348597
4861,150.0,95.05190659831162
4862,125.0,95.09534652669502
4863,110.0,95.13878863526395
4864,131.0,95.18223171064625
4865,131.0,95.22567453946972
4866,131.0,95.26911590836212
4867,114.0,95.31255460395131
4868,105.0,95.35598941286503
4869,92.0,95.39941912173107
4870,87.0,95.44284251717731
4871,98.0,95.48625838583146
4872,108.0,95.5296655143214
4873,91.0,95.57306268927486
4874,86.0,95.61644869731968
4875,83.0,95.65982232508361
4876,119.0,95.70318235919451
4877,109.0,95.74652758628015
4878,134.0,95.78985679296832
4879,126.0,95.83316876588687
4880,144.0,95.87646229166353
4881,138.0,95.9197361569261
4882,114.0,95.96298914830246
4883,129.0,96.00622005242032
4884,100.0,96.04942765590752
4885,111.0,96.09261074539185
4886,103.0,96.13576810750112
4887,87.0,96.17889852886316
4888,86.0,96.22200079610568
4889,87.0,96.26507369585656
4890,85.0,96.30811601474353
4891,87.0,96.35112653939444
4892,102.0,96.39410405643711
4893,82.0,96.43704735249926
4894,105.0,96.47995521420877
4895,98.0,96.52282642819338
4896,96.0,96.56565978108091
4897,87.0,96.6084540594992
4898,88.0,96.65120805007597
4899,93.0,96.69392053943908
4900,116.0,96.73659031421627
4901,114.0,96.77921616103541
4902,87.0,96.82179686652428
4903,90.0,96.86433121731062
4904,92.0,96.90681800002233
4905,119.0,96.9492560012871
4906,132.0,96.99164400773277
4907,132.0,97.03398080598721
4908,102.0,97.07626518267813
4909,105.0,97.11849592443336
4910,110.0,97.1606718178807
4911,101.0,97.20279164964792
4912,143.0,97.24485420636287
4913,133.0,97.28685827465331
4914,98.0,97.32880264114708
4915,89.0,97.37068609247191
4916,85.0,97.41250741525566
4917,82.0,97.45426539612612
4918,86.0,97.49595882171107
4919,86.0,97.53758647863832
4920,79.0,97.57914715353564
4921,87.0,97.62063963303088
4922,82.0,97.66206270375183
4923,79.0,97.70341515232624
4924,84.0,97.74469576538196
4925,81.0,97.78590332954678
4926,77.0,97.82703663144846
4927,83.0,97.86809445771486
4928,119.0,97.9090755949737
4929,92.0,97.94997882985288
4930,89.0,97.99080294898012
4931,81.0,98.03154673898322
4932,81.0,98.07220898649005
4933,78.0,98.11278847812835
4934,72.0,98.15328400052593
4935,76.0,98.19369434031059
4936,79.0,98.2340182841101
4937,86.0,98.27425461855233
4938,74.0,98.31440213026498
4939,85.0,98.35445960587597
4940,91.0,98.394425832013
4941,126.0,98.43429959530391
4942,120.0,98.4740796823765
4943,124.0,98.51376487985854
4944,110.0,98.55335397437788
4945,88.0,98.59284575256225
4946,85.0,98.6322390010074
4947,85.0,98.67153247890481
4948,77.0,98.71072486810263
4949,79.0,98.74981483690142
4950,81.0,98.78880105360174
4951,78.0,98.82768218650419
4952,76.0,98.8664569039093
4953,73.0,98.90512387411765
4954,79.0,98.94368176542989
4955,76.0,98.98212924614649
4956,77.0,99.02046498456812
4957,83.0,99.05868764899527
4958,83.0,99.09679590772853
4959,78.0,99.13478842906855
4960,78.0,99.17266388131581
4961,83.0,99.21042093277096
4962,75.0,99.24805825173452
4963,78.0,99.28557450650705
4964,81.0,99.32296836538919
4965,79.0,99.36023849668146
4966,78.0,99.39738356868449
4967,88.0,99.43440224969878
4968,79.0,99.47129320802492
4969,90.0,99.50805511196356
4970,90.0,99.54468662981517
4971,90.0,99.5811864298804
4972,81.0,99.61755318045978
4973,85.0,99.65378554985391
4974,82.0,99.68988220636336
4975,85.0,99.7258418182887
4976,80.0,99.7616630539305
4977,118.0,99.79734458158933
4978,98.0,99.83288506956575
4979,85.0,99.8682831861604
4980,82.0,99.90353759967377
4981,80.0,99.9386469784065
4982,89.0,99.97360999065911
4983,119.0,100.0084253047322
4984,102.0,100.04309158892637
4985,100.0,100.07760751154214
4986,98.0,100.11197174088015
4987,123.0,100.14618294524091
4988,100.0,100.180239792925
4989,103.0,100.21414095223305
4990,109.0,100.24788509146558
4991,95.0,100.2814708789232
4992,128.0,100.31489698290645
4993,94.0,100.34816207171593
4994,95.0,100.3812648136522
4995,91.0,100.41420387701582
4996,133.0,100.44697793010742
4997,115.0,100.4795856412275
4998,133.0,100.51202567867666
4999,115.0,100.54429671075553
5000,102.0,100.57639740576461
5001,95.0,100.60832643200453
5002,88.0,100.6400824577758
5003,100.0,100.67166415137905
5004,136.0,100.70307018111482
5005,137.0,100.7342992152837
5006,139.0,100.76534992218629
5007,143.0,100.79622097012309
5008,111.0,100.82691102739474
5009,113.0,100.8574187623018
5010,108.0,100.88774284314485
5011,91.0,100.91788193822443
5012,91.0,100.94783471584114
5013,92.0,100.97759984429555
5014,91.0,101.00717599188823
5015,123.0,101.03656182691977
5016,126.0,101.06575601769073
5017,142.0,101.09475723250169
5018,142.0,101.1235641396532
5019,137.0,101.15217540744584
5020,105.0,101.18058970418024
5021,95.0,101.20880569815692
5022,90.0,101.23682205767645
5023,91.0,101.26463745103943
5024,90.0,101.29225054654641
5025,104.0,101.31966001249799
5026,115.0,101.34686451719473
5027,121.0,101.3738627289372
5028,125.0,101.40065331602601
5029,138.0,101.42723494676166
5030,148.0,101.45360628944478
5031,135.0,101.47976601237596
5032,140.0,101.5057127838557
5033,108.0,101.53144527218465
5034,128.0,101.55696214566335
5035,124.0,101.58226207259237
5036,101.0,101.60734372127229
5037,96.0,101.6322057600037
5038,88.0,101.65684685708716
5039,89.0,101.68126568082322
5040,82.0,101.70546089951249
5041,87.0,101.72943118145551
5042,80.0,101.7531751949529
5043,90.0,101.77669160830521
5044,85.0,101.79997908981301
5045,84.0,101.82303630777686
5046,84.0,101.84586193049738
5047,91.0,101.8684546262751
5048,125.0,101.89081306341062
5049,132.0,101.91293591020448
5050,125.0,101.93482183495729
5051,106.0,101.95646950596964
5052,137.0,101.97787759154203
5053,121.0,101.99904475997508
5054,120.0,102.01996967956937
5055,125.0,102.04065101862548
5056,141.0,102.06108744544399
5057,107.0,102.08127762832542
5058,130.0,102.10122023557038
5059,112.0,102.12091393547946
5060,107.0,102.14035739635321
5061,126.0,102.15954928649222
5062,108.0,102.17848827419704
5063,89.0,102.19717302776827
5064,89.0,102.21560221550646
5065,85.0,102.23377450571219
5066,84.0,102.25168856668607
5067,78.0,102.26934306672862
5068,81.0,102.28673667414047
5069,81.0,102.30386805722213
5070,110.0,102.32073588427421
5071,83.0,102.3373388235973
5072,78.0,102.35367554349192
5073,78.0,102.36974471225872
5074,78.0,102.38554499819821
5075,85.0,102.401075069611
5076,90.0,102.41633359479763
5077,104.0,102.43131924205872
5078,119.0,102.4460306796948
5079,93.0,102.46046657600645
5080,82.0,102.4746255992943
5081,89.0,102.48850641785884
5082,86.0,102.50210770000069
5083,82.0,102.51542811402045
5084,80.0,102.52846632821864
5085,82.0,102.54122101089585
5086,78.0,102.55369083035266
5087,84.0,102.56587445488965
5088,120.0,102.57777055280741
5089,86.0,102.58937779240647
5090,101.0,102.60069484198745
5091,91.0,102.61172036985086
5092,81.0,102.62245304429733
5093,82.0,102.63289153362742
5094,90.0,102.64303450614169
5095,77.0,102.65288063014076
5096,77.0,102.66242857392514
5097,75.0,102.67167700579544
5098,76.0,102.68062459405225
5099,82.0,102.68927000699611
5100,80.0,102.69761191292758
5101,88.0,102.7056489801473
5102,83.0,102.71337987695577
5103,80.0,102.72080327165361
5104,84.0,102.72791783254141
5105,88.0,102.73472222791966
5106,78.0,102.74121512608905
5107,80.0,102.74739519535007
5108,98.0,102.7532611040033
5109,87.0,102.75881152034935
5110,77.0,102.76404511268878
5111,91.0,102.76896054932214
5112,88.0,102.77355649855002
5113,97.0,102.77783162867304
5114,86.0,102.7817846079917
5115,86.0,102.78541410480662
5116,88.0,102.78871878741833
5117,88.0,102.79169732412748
5118,89.0,102.79434838323455
5119,83.0,102.79667063304021
5120,93.0,102.79866274184495
5121,88.0,102.8003233779494
5122,89.0,102.8016512096541
5123,82.0,102.80264490525965
5124,94.0,102.80330313306659
5125,95.0,102.80362456137554
5126,101.0,102.80360785848704
5127,126.0,102.80325169270168
5128,120.0,102.80255473232002
5129,100.0,102.80151564564264
5130,100.0,102.80013310097011
5131,97.0,102.79840576660303
5132,154.0,102.79633231084195
5133,162.0,102.79391140198743
5134,140.0,102.79114170834006
5135,118.0,102.78802189820044
5136,181.0,102.78455063986908
5137,132.0,102.78072660164665
5138,122.0,102.77654845183363
5139,96.0,102.77201485873066
5140,151.0,102.76712449063824
5141,161.0,102.76187601585701
5142,177.0,102.75626810268753
5143,132.0,102.75029941943038
5144,162.0,102.74396863438608
5145,131.0,102.7372744158553
5146,114.0,102.73021543213852
5147,112.0,102.72279035153637
5148,100.0,102.71499784234942
5149,99.0,102.70683657287819
5150,101.0,102.6983052114233
5151,132.0,102.68940242628537
5152,95.0,102.68012688576488
5153,83.0,102.67047725816245
5154,91.0,102.66045221177869
5155,96.0,102.65005041491409
5156,110.0,102.63927053586927
5157,116.0,102.62811124294483
5158,152.0,102.6165712044413
5159,152.0,102.60464908865929
5160,126.0,102.59234356389933
5161,103.0,102.57965329846202
5162,97.0,102.56657696064795
5163,89.0,102.55311321875767
5164,89.0,102.53926074109177
5165,139.0,102.5250181959508
5166,129.0,102.51038425163536
5167,145.0,102.495357576446
5168,136.0,102.47993683868333
5169,138.0,102.46412070664788
5170,135.0,102.44790784864026
5171,156.0,102.431296932961
5172,159.0,102.41428662791076
5173,161.0,102.39687560179001
5174,154.0,102.37906252289937
5175,125.0,102.36084605953943
5176,137.0,102.34222488001073
5177,154.0,102.32319765261389
5178,136.0,102.30376304564945
5179,110.0,102.28391972741798
5180,118.0,102.26366636622005
5181,121.0,102.24300163035629
5182,108.0,102.22192418812722
5183,110.0,102.20043270783341
5184,116.0,102.17852585777545
5185,105.0,102.15620230625393
5186,102.0,102.1334607215694
5187,94.0,102.11029977202244
5188,93.0,102.08671812591365
5189,94.0,102.06271445154357
5190,98.0,102.03828741721276
5191,87.0,102.01343569122184
5192,113.0,101.98815794187135
5193,131.0,101.9624528374619
5194,103.0,101.93631904629403
5195,94.0,101.9097552366683
5196,82.0,101.88276007688535
5197,87.0,101.85533223524567
5198,89.0,101.82747038004992
5199,83.0,101.79917317959861
5200,122.0,101.77043930219233
5201,121.0,101.74126741613166
5202,145.0,101.71165618971716
5203,141.0,101.68160429124943
5204,97.0,101.65111038902906
5205,111.0,101.62017315135654
5206,106.0,101.58879124653252
5207,91.0,101.55696334285756
5208,86.0,101.52468810863223
5209,87.0,101.4919642121571
5210,81.0,101.45879032173272
5211,86.0,101.42516510565972
5212,79.0,101.3910872322386
5213,93.0,101.35655536977002
5214,95.0,101.3215681865545
5215,108.0,101.2861243508926
5216,105.0,101.25022253108496
5217,86.0,101.21386139543206
5218,85.0,101.17703961223457
5219,83.0,101.13975584979302
5220,77.0,101.10200877640796
5221,92.0,101.06379706037998
5222,87.0,101.02511937000968
5223,82.0,100.98597437359764
5224,78.0,100.94636073944436
5225,84.0,100.9062771358505
5226,74.0,100.86572223111659
5227,93.0,100.8246946935432
5228,94.0,100.78319319143093
5229,86.0,100.74121639308031
5230,86.0,100.69876296679197
5231,114.0,100.65583158086648
5232,88.0,100.61242090360435
5233,87.0,100.56852960330623
5234,90.0,100.52415634827264
5235,93.0,100.47929980680416
5236,87.0,100.43395864720142
5237,81.0,100.38813153776493
5238,83.0,100.34181714679528
5239,107.0,100.29501414259303
5240,83.0,100.2477211934588
5241,84.0,100.19993696769316
5242,82.0,100.15166013359661
5243,82.0,100.10288935946983
5244,83.0,100.05362331361327
5245,86.0,100.00386066432765
5246,78.0,99.95360007991343
5247,77.0,99.90284022867121
5248,78.0,99.85157977890161
5249,83.0,99.79981739890513
5250,91.0,99.74755175698242
5251,83.0,99.69478152143402
5252,84.0,99.64150536056044
5253,85.0,99.58772194266238
5254,81.0,99.5334299360403
5255,82.0,99.47862800899486
