Index,Raw_Data,Spline_Fixed_Java,Spline_Auto_Java
0,64.0,63.98015716185644,63.98026962517463
1,65.0,65.0845474685593,65.08411068407452
2,65.0,64.85915973978327,64.8596841261065
3,63.0,63.1146227482039,63.11479581658794
4,64.0,63.95378919417608,63.95252102205801
5,74.0,74.00750653587251,74.00934394724244
6,70.0,70.0004823376514,69.99922328197874
7,87.0,87.00270185020446,87.00217111293131
8,90.0,89.99068138587745,89.99346201214028
9,66.0,66.01420060621867,66.00985925371188
10,86.0,85.98454201248717,85.98929971568755
11,92.0,92.01406720206859,92.00967529971177
12,105.0,104.98944425851879,104.99297309258586
13,81.0,81.00368923519281,81.00147058536717
14,68.0,68.0103662020991,68.01124547731922
15,69.0,68.95112686244421,68.9509649833989
16,66.0,66.11776150311412,66.11788608679674
17,67.0,66.8418402102295,66.84176394657904
18,77.0,77.1192946744645,77.11894888268046
19,91.0,90.94892423573475,90.94943765066333
20,80.0,80.01288732830412,80.01299438528706
21,72.0,71.99990059889824,71.99884240780244
22,86.0,85.99578175264924,85.99736863973688
23,92.0,92.004249405203,92.0028662279525
24,103.0,102.9986093205236,102.99905793543661
25,98.0,97.99669580587548,97.99770370921422
26,92.0,92.0077741442119,92.00538987489811
27,111.0,110.99023539608035,110.99323183487219
28,105.0,105.00878038177697,105.00608558719144
29,108.0,107.99431346935415,107.99605927274699
30,107.0,107.00065383105844,107.00045199806935
31,118.0,118.00649483857003,118.00450276489087
32,118.0,117.98619868610999,117.99043362536719
33,79.0,79.01750479813029,79.01213299206933
34,89.0,88.98427767641829,88.98910208738941
35,78.0,78.01010277719428,78.00700347740609
36,83.0,82.99642395468729,82.99752021617738
37,95.0,94.9979180619059,94.99855770138664
38,106.0,106.00631425226217,106.00437644725255
39,124.0,123.99116012036122,123.99387229926114
40,115.0,115.00971110897626,115.00673221214798
41,114.0,113.99044506714327,113.99337560154825
42,105.0,105.00878169246398,105.00608868227721
43,113.0,112.99247917823318,112.99478511025049
44,104.0,104.00670735710933,104.0046507785558
45,90.0,89.99288972593135,89.99507109405826
46,85.0,85.00676755802351,85.00468999125428
47,116.0,115.99758316845393,115.99832581118481
48,111.0,110.99458959369093,110.9962501138134
49,83.0,83.01168259632402,83.00809608675803
50,101.0,100.98786191810512,100.99158829863215
51,94.0,94.00689216761434,94.00477651552674
52,101.0,101.00082621850228,101.00057223776956
53,108.0,107.99288761964225,107.99507106414849
54,87.0,87.00940036359981,87.00651551160658
55,97.0,96.99176691278498,96.99429208997819
56,102.0,102.00672372408273,102.00466289906919
57,102.0,101.99272209092436,101.99495278262458
58,104.0,104.0092414932202,104.00640791995713
59,126.0,125.98956311919032,125.99276340172435
60,117.0,117.01052059564799,117.00729530356585
61,112.0,111.98865856553938,111.99213531625662
62,111.0,111.01381880110154,111.00958151372886
63,130.0,129.98365240047605,129.98866628839698
64,114.0,114.01686418440778,114.01169153010756
65,121.0,120.98499875979222,120.98959958878486
66,103.0,103.01199020560914,103.00831345438999
67,99.0,98.99075807765513,98.99359185291942
68,98.0,98.00683680551992,98.00474040011703
69,114.0,113.9962567223838,113.99740415623577
70,111.0,111.00011022926026,111.0000778519425
71,100.0,100.00202067069704,100.00139908876156
72,110.0,109.99866891200229,109.9990782912958
73,112.0,111.9990942685177,111.99937218104853
74,99.0,99.00248611366065,99.0017226447868
75,91.0,90.99756266304038,90.99831137709491
76,80.0,80.00096516503703,80.00066808174147
77,78.0,78.00139873104376,78.00097086722985
78,82.0,81.99593559727168,81.99717971141246
79,82.0,82.00643337367941,82.00446886176644
80,90.0,89.99203194074063,89.99444292996598
81,81.0,81.00847946166269,81.00600272091081
82,84.0,83.99125037455903,83.99347018854044
83,78.0,78.01159010205002,78.0097662057844
84,80.0,79.97422662195027,79.97567274318872
85,80.0,80.08234689954571,80.08119354776872
86,88.0,87.80909280051517,87.8099942610125
87,91.0,91.25352396516769,91.25306215712229
88,90.0,89.81304755436054,89.81266184875344
89,85.0,85.07434129175803,85.07594687588936
90,78.0,77.98621516629977,77.982823343794
91,90.0,89.99421257424633,90.00211725974621
92,89.0,89.0248877538217,89.00021160146974
93,97.0,96.91094296342979,97.00060163311322
94,117.0,117.21362664586849,116.99899142480831
95,117.0,116.7123564662586,117.000460028736
96,99.0,99.21520036863926,99.00041259442041
97,80.0,79.90924378639934,79.99809474733577
98,70.0,70.0267393165869,70.00649646300778
99,69.0,68.98797045933757,68.98518960356067
100,66.0,66.00861750547442,66.01938785862048
101,64.0,63.99457808236403,63.98567587725147
102,67.0,67.00263502186603,67.00628726337021
103,68.0,67.99810466499343,67.99749406663592
104,66.0,66.00198263395824,66.0016924927036
105,72.0,71.9981280190577,71.99861677964697
106,73.0,73.00251086211246,73.00176470401432
107,67.0,66.99477117168468,66.99636774622766
108,70.0,70.00957601879327,70.00664046570307
109,93.0,92.98683066379787,92.9908708174264
110,87.0,87.01367525591911,87.00947917855395
111,102.0,101.98957559151732,101.99277396367435
112,86.0,86.00476971528619,86.00330703012287
113,71.0,71.00069429446035,71.00048019020545
114,72.0,71.99595555618741,71.99719673485117
115,66.0,66.00518804640305,66.0035990176248
116,68.0,67.99504719217569,67.99655424342939
117,63.0,63.00395381117895,63.002788340807925
118,66.0,65.9971978624934,65.9978801653169
119,66.0,66.0029810672383,66.00272741139723
120,63.0,62.99178302874223,62.991839136597626
121,64.0,64.03000934611839,64.0300000074754
122,66.0,65.92876786124468,65.92862327046925
123,62.0,62.095027473361256,62.09536307362803
124,65.0,64.92857901002489,64.92849147451932
125,84.0,84.0326232803488,84.03181261201433
126,95.0,94.98573596309812,94.98764766327277
127,79.0,79.01048254130136,79.0079265891048
128,78.0,77.99127303584748,77.99377354781166
129,66.0,66.00659030130733,66.0046162111158
130,65.0,64.99573356427271,64.99702912057063
131,63.0,63.002122638051105,63.001475607287986
132,65.0,64.99963732739164,64.99974683310215
133,67.0,66.99923444459372,66.99947047870147
134,64.0,64.00091222295943,64.00063138199086
135,64.0,64.0001258704948,64.00008795136813
136,61.0,60.998015491731366,60.99862405512708
137,61.0,61.00357798930836,61.002480324569895
138,78.0,77.99604451227636,77.99725766221759
139,86.0,86.00354407933567,86.00245783795827
140,94.0,93.99611733660828,93.99730710903127
141,104.0,104.00575335877326,104.00398924051198
142,110.0,109.99198855385711,109.99444626078403
143,89.0,89.00871380959106,89.00604012349667
144,84.0,83.99297939452599,83.9951335034271
145,69.0,69.0036027238124,69.00249770278825
146,66.0,66.00015528938788,66.00010684298736
147,74.0,73.99705088337106,73.99795676168767
148,77.0,77.00396264376948,77.00274588262262
149,87.0,86.99702847097184,86.9979406580347
150,80.0,80.000641695114,80.000445119323
151,69.0,69.00141465680258,69.00097967563646
152,68.0,67.99834696376628,67.99885506166476
153,61.0,60.99981367358373,60.99987077743886
154,62.0,62.00264439087929,62.00183178532454
155,71.0,70.99689781851758,70.99785183686005
156,60.0,59.99972564684961,59.99980772225028
157,66.0,66.00641056306833,66.0044448960425
158,85.0,84.98799884395194,84.99168043941502
159,67.0,67.01492483427263,67.0103462406839
160,72.0,71.98427657923965,71.98910018871764
161,72.0,72.01502001693734,72.01041166863548
162,99.0,98.9883581734757,98.99193057360746
163,86.0,86.0047559217787,86.00329643405327
164,78.0,78.0039975272455,78.00277049654125
165,81.0,80.98846010941534,80.9920020727478
166,66.0,66.01521871963455,66.01054774677075
167,92.0,91.98620236118691,91.99043680723162
168,91.0,91.0080980112477,91.00561347069944
169,106.0,105.99902778362741,105.9993249148848
170,123.0,122.99583910619714,122.99711693449665
171,110.0,110.0058507052432,110.00405605408285
172,110.0,109.99425103995303,109.99601051216254
173,116.0,116.00619792797892,116.00431188816557
174,119.0,118.99301171244666,118.99509929891934
175,101.0,101.00590746567761,101.00430700591929
176,107.0,106.99718367963192,106.99725300823626
177,105.0,105.00386700361788,105.00564832608607
178,86.0,85.97232973110863,85.96974702149389
179,104.0,104.08116015160194,104.0827376387625
180,100.0,99.88298435931661,99.88339390361219
181,95.0,95.09189360634281,95.09017449295793
182,116.0,115.95911907275809,115.96059371242875
183,110.0,110.0098884872749,110.00982050875712
184,104.0,104.001757211007,104.00042215624623
185,122.0,121.9951012273744,121.99681849263553
186,111.0,111.00343338713024,111.00232237025276
187,93.0,92.9991738731417,92.9994425663895
188,88.0,87.99856030634824,87.99899823032999
189,96.0,96.00347428155149,96.0024087808394
190,103.0,102.99564276471034,102.99698021928333
191,83.0,83.00274598896753,83.00190314277327
192,80.0,80.0003436161176,80.00023766744678
193,96.0,95.99775068292888,95.99844171759258
194,100.0,100.00194376048987,100.00134685359782
195,106.0,105.99926710899027,105.99949200648871
196,115.0,114.99999597704662,114.99999724751119
197,115.0,115.00048980160584,115.0003395693289
198,106.0,105.9985038501321,105.99896313789571
199,106.0,106.00229120769535,106.0015875372972
200,125.0,124.99868058274251,124.99908599610508
201,126.0,125.99894062573404,125.99926560357602
202,111.0,111.00269839768528,111.00187044780094
203,111.0,110.99720521667562,110.99806208602993
204,110.0,110.00293331952213,110.00203459057683
205,102.0,101.99537038170145,101.99678965330787
206,97.0,97.00713586767202,97.00494705582247
207,109.0,108.99157594166351,108.99416028940911
208,94.0,94.00777466074126,94.00538974054858
209,84.0,83.99381503867413,83.99571204548928
210,75.0,75.0044590311106,75.00309142866614
211,82.0,81.99752416302093,81.99828354905544
212,87.0,87.00016597578615,87.000115066152
213,89.0,89.00214355108636,89.00148610126706
214,90.0,89.99581675059422,89.99709973295748
215,81.0,81.00597093139481,81.00413966203416
216,80.0,79.99240955119711,79.99473774766774
217,77.0,77.00862721675745,77.00598073796363
218,94.0,93.99168792510339,93.99423774411106
219,91.0,91.0065869293658,91.00456661212455
220,90.0,89.99577339078886,89.99706929720485
221,84.0,84.00197730666974,84.00137164785681
222,85.0,84.99954174021457,84.99968141249883
223,93.0,93.00012338093023,93.0000860343919
224,92.0,91.99963275092821,91.99974537948559
225,83.0,82.99976879374773,82.99984002536655
226,86.0,86.00180939364265,86.0012527150335
227,95.0,94.99797075961091,94.99859629025163
228,91.0,90.99786755183243,90.9985186903591
229,110.0,110.01069074103862,110.00741239939296
230,126.0,125.98090714691158,125.98676496055603
231,75.0,75.02221425589201,75.0153986735856
232,78.0,77.98031756139109,77.98635506772024
233,72.0,72.01517284947502,72.01052001568408
234,83.0,82.98850476384443,82.99202927876816
235,87.0,87.00848604193445,87.00588419559509
236,105.0,104.9949836009481,104.99652122913398
237,99.0,99.00149849372511,99.00104017289709
238,76.0,76.00058286868648,76.00040293611596
239,67.0,66.99886336650474,66.99921256511145
240,71.0,71.0015017817898,71.00104085506412
241,76.0,75.9977907173472,75.99846899391343
242,74.0,74.0023717859598,74.00164319115257
243,76.0,75.9991600177671,75.99941868912315
244,69.0,68.99743805211266,68.99822377954233
245,70.0,70.00614660095071,70.00426016615707
246,91.0,90.99272238805158,90.99495603081131
247,80.0,80.00518540835212,80.00359446225443
248,73.0,72.99804323707914,72.99864260794328
249,74.0,74.00008668537741,74.00006144085145
250,68.0,67.999902711263,67.99993142369952
251,63.0,63.000966162125394,63.00067067233684
252,66.0,65.99797973015411,65.99859856722216
253,70.0,70.00379440283125,70.00263106684321
254,76.0,75.99325200290913,75.99532258566587
255,88.0,88.00907133714045,88.00628636135042
256,121.0,120.99275693587873,120.99498173260444
257,99.0,99.00017184533888,99.0001172086023
258,71.0,71.00908916206818,71.00630133054874
259,78.0,77.9831562486816,77.98832375589222
260,74.0,74.02107407972383,74.01460969735459
261,105.0,104.97962769926535,104.98587091185755
262,77.0,77.0145693259337,77.01012896578735
263,70.0,69.99368459113826,69.99551104896791
264,70.0,69.99962719636379,70.00015322552395
265,65.0,65.00151150653048,64.99951727600748
266,75.0,75.01080133815236,75.01319278517015
267,63.0,62.936208340094666,62.934493152270235
268,63.0,63.164753230257425,63.165117561352325
269,64.0,63.77543590443021,63.77608615423177
270,63.0,63.168046566911904,63.16739979785767
271,67.0,66.93049208908087,66.93053222854391
272,77.0,77.01655205918354,77.01717683355106
273,92.0,91.9992134811805,91.99792695334155
274,107.0,106.99534791729334,106.99718430864509
275,96.0,96.00652549718768,96.00441423611379
276,85.0,84.99308062550986,84.995232218812
277,67.0,67.00655068369267,67.00453392498733
278,68.0,67.99431494002035,67.9960601028305
279,66.0,66.00495212353475,66.0034335096735
280,65.0,64.99514432311403,64.99663307628077
281,60.0,60.00500954377741,60.00347349150023
282,67.0,66.99524681894789,66.99670411395851
283,67.0,67.00424718419865,67.00294543878141
284,73.0,72.99557734717558,72.99693283871974
285,83.0,83.00564669349737,83.0039153126294
286,94.0,93.99313392165732,93.99523978257025
287,80.0,80.00686196898882,80.00475750330209
288,77.0,76.99407598404278,76.995892157794
289,73.0,73.00530346462246,73.00367810535492
290,72.0,71.99434857905035,71.99608056389282
291,64.0,64.00694589048906,64.0048165849834
292,66.0,65.99097006748555,65.99373936947721
293,68.0,68.01100388088373,68.00762801251705
294,89.0,88.98898805488395,88.99236714340124
295,74.0,74.00796389673707,74.00551978096668
296,69.0,68.99743493526235,68.99822249747811
297,68.0,67.99612478743076,67.99731343689128
298,76.0,76.01002548913368,76.00694951799991
299,103.0,102.9858116430304,102.99016502160913
300,90.0,90.01527627575796,90.01058920466545
301,91.0,90.98647884449991,90.99062726602983
302,71.0,71.00946479485565,71.00656107704968
303,74.0,73.99639783042502,73.99750241249065
304,73.0,72.99722736211277,72.99807934489627
305,67.0,67.0074636939179,67.00517185946892
306,81.0,80.99160623893755,80.99418327895818
307,69.0,69.00507395403851,69.00351667492231
308,75.0,75.00035332040025,75.00024365574941
309,87.0,86.99598879588547,86.99722201195392
310,72.0,72.0032078163948,72.00222110060196
311,77.0,77.00146310904475,77.00101576124771
312,90.0,89.9928455822835,89.9950400843557
313,90.0,90.01128955402804,90.00782589295632
314,111.0,110.98705351468499,110.99102575436422
315,104.0,104.01272233180137,104.00881735384876
316,104.0,103.98844426322174,103.99199847371952
317,88.0,88.00960603364193,88.00662261152527
318,92.0,91.99338860230067,91.99555537145274
319,87.0,87.00254664426025,87.00124573327264
320,84.0,84.00426140181187,84.00489653004914
321,89.0,88.97648332268743,88.9764460799645
322,105.0,105.05846646269329,105.05787548134812
323,119.0,118.92240394308038,118.92295652102489
324,116.0,116.05495261071175,116.05544103129957
325,101.0,100.980712291379,100.97937580053895
326,121.0,121.00291534149815,121.00396455169889
327,134.0,133.99938221728613,133.9990521372648
328,122.0,121.9998668063705,122.00004552657
329,110.0,110.00233978828228,110.00158588118269
330,109.0,108.99440982692325,108.99613444678789
331,117.0,117.00829887818256,117.0057497138596
332,140.0,139.99178170116062,139.9943041386042
333,115.0,115.00515976314658,115.0035772377372
334,90.0,89.99766834654659,89.99838242645296
335,97.0,97.00202879453684,97.00140700059748
336,108.0,107.99773509839655,107.99843022834543
337,91.0,91.0003757065762,91.00026040490803
338,84.0,84.00258115194913,84.00178830876267
339,100.0,99.99647033969848,99.99755463258779
340,97.0,97.00161030080389,97.0011152414442
341,93.0,93.0014165105575,93.0009825682124
342,99.0,98.99605699793649,98.99726580838295
343,101.0,101.00603489246339,101.00418502811121
344,110.0,109.99138714516266,109.99402722472021
345,114.0,114.01222430092403,114.00847653840879
346,130.0,129.9833264378221,129.98843947178653
347,121.0,121.02107799542762,121.01461289271055
348,130.0,129.97630856382986,129.983576453436
349,93.0,93.02235715917536,93.0154981926637
350,102.0,101.9837430737749,101.98872985370662
351,84.0,84.00728933924321,84.00505518365166
352,79.0,79.00060868024723,79.00041871786938
353,97.0,96.99600029375146,96.99723022450866
354,90.0,90.00264576031168,90.00183301149264
355,91.0,91.00022653572384,91.00015608288834
356,105.0,104.99908610731126,104.9993683545814
357,97.0,96.9984760035425,96.99894196829509
358,83.0,83.00539757928203,83.00374252508993
359,85.0,84.99101878626905,84.9937739247834
360,82.0,82.01145659329045,82.00794132222939
361,96.0,95.98823533568593,95.99184573446192
362,83.0,83.00856380044193,83.00593551566696
363,94.0,93.99816632901614,93.99872854190757
364,97.0,96.993948421253,96.9958076035972
365,87.0,87.0106266378878,87.0073618850827
366,106.0,105.99267188564926,105.99492459341326
367,73.0,72.99579903477435,72.9970861108601
368,63.0,63.01736218619669,63.012034000008185
369,127.0,126.97648953044336,126.98370491708067
370,113.0,113.02030252783929,113.01407327205672
371,112.0,111.98736606568907,111.99123994138928
372,98.0,98.00660650472737,98.00458303678275
373,77.0,76.99509556523923,76.99659776939606
374,74.0,74.00587169940651,74.00407061118311
375,92.0,91.99454893606118,91.99622260595916
376,80.0,80.00134149922982,80.00092831457084
377,78.0,78.00488432738484,78.00338728317027
378,97.0,96.9893436187755,96.99261111724641
379,92.0,92.01596542329457,92.01106967187854
380,93.0,92.97797723571843,92.98473177886015
381,85.0,85.02719374280758,85.01885165629096
382,134.0,133.9724142615313,133.9808768252565
383,105.0,105.02229185148585,105.01545461403633
384,90.0,89.98517637687335,89.98972104945383
385,71.0,71.00891139639471,71.00618093799336
386,67.0,66.99429640477709,66.99604330064776
387,70.0,70.00444792192387,70.00308551796715
388,77.0,76.99644284414923,76.99753139485962
389,69.0,69.00194428433906,69.00135564928203
390,70.0,69.9996674959005,69.99974205512484
391,85.0,85.00024392856524,85.00026857101409
392,91.0,90.99782505384115,90.99812426190941
393,85.0,85.00676057361872,85.00605811512348
394,79.0,78.98024826753779,78.9811894379513
395,69.0,69.0653700894385,69.06441795508741
396,70.0,69.84875663527198,69.84946603870294
397,69.0,69.200211313285,69.2000377391896
398,70.0,69.85299568805875,69.8524045002913
399,74.0,74.05787631117165,74.05922316166716
400,70.0,69.98954014724407,69.98763108583876
401,75.0,74.99685567882244,74.99919105484081
402,70.0,70.00785938103283,70.00508124100952
403,72.0,71.99010410688098,71.99323875106776
404,65.0,65.0092981371817,65.0064184622516
405,92.0,91.99482371535603,91.99641898802884
406,98.0,97.99914548206158,97.99940681840192
407,88.0,88.00511513521454,88.0035446666202
408,99.0,98.9945266163536,98.99620665993439
409,87.0,87.00346006167635,87.00239883122748
410,68.0,67.99778555201038,67.99846427873666
411,66.0,66.00266040629499,66.00184407441081
412,74.0,73.9973189777665,73.9981424271348
413,64.0,64.00013176194717,64.00009114155061
414,64.0,64.00467300473865,64.00323540157653
415,76.0,75.99033322978728,75.9933168947962
416,73.0,73.01264354153815,73.0086970831301
417,90.0,89.98818777245833,89.99206170577772
418,71.0,71.00598427163759,71.00321767101903
419,68.0,68.00733196860588,68.00855554217684
420,73.0,72.97299138001199,72.97296946883654
421,69.0,69.03778486357892,69.03733055537002
422,63.0,62.97160303796476,62.972006429596085
423,64.0,64.01195633963695,64.01176127224963
424,68.0,67.99778038373688,67.99753193034246
425,63.0,62.99685753333662,62.998069623733315
426,64.0,64.00791930525574,64.0054239151919
427,87.0,86.98840634435125,86.99198029042896
428,87.0,87.01364649771308,87.00945594499366
429,95.0,94.9858081116822,94.9901622654638
430,74.0,74.01332839916239,74.00924043029501
431,74.0,73.98858302346235,73.99208383993266
432,65.0,65.00922930042569,65.0064003113578
433,69.0,68.99238323637738,68.99471686732848
434,64.0,64.00779506890792,64.00540697313346
435,62.0,61.98907167549815,61.992421920010074
436,69.0,69.01579048239282,69.01094666039768
437,97.0,96.98189975793109,96.98745358191437
438,60.0,60.014647908616645,60.01015366058887
439,56.0,55.992782536614946,55.9949956043979
440,62.0,62.000391542424616,62.00027370988239
441,58.0,58.00320697643349,58.002220793739795
442,65.0,64.99613739624657,64.99732423166755
443,68.0,68.00249734724912,68.00172987255073
444,76.0,76.0005557538459,76.00038587821768
445,72.0,71.9955339237474,71.99690440063412
446,60.0,60.007116133397865,60.004931986484415
447,75.0,74.99318826330543,74.99527885279298
448,71.0,71.00421080259568,71.00291880911058
449,64.0,63.998785624677986,63.99915790137706
450,63.0,62.998554309473974,62.99899840916862
451,68.0,68.00398637939635,68.00276204773814
452,72.0,71.99453897789697,71.99621703140565
453,55.0,55.00360066562434,55.00249214695287
454,59.0,59.00310963519768,59.00216038145909
455,59.0,58.986391279466304,58.990558616799476
456,56.0,56.023658388842875,56.016423465916176
457,99.0,98.97233675282833,98.98073460915175
458,58.0,58.023549297117555,58.01666360297979
459,58.0,57.983666039612025,57.98740763174588
460,61.0,61.01801990886037,61.01722615661405
461,58.0,57.96558341442362,57.96482283144357
462,82.0,82.04723753858657,82.04791630136226
463,107.0,106.9620437244848,106.96237333204435
464,106.0,106.01847211627648,106.01753337321409
465,102.0,101.99527847890144,101.99546253230822
466,80.0,79.99456953072757,79.99657307859749
467,77.0,77.01485918155264,77.01021009189365
468,112.0,111.98000408752138,111.98616249698534
469,77.0,77.01969483055349,77.01364862018393
470,70.0,69.98132839046343,69.9870541248262
471,86.0,86.02128035156528,86.01475510540115
472,113.0,112.97461935052236,112.98240389760531
473,68.0,68.02593560969642,68.01798019795805
474,74.0,73.9781954078261,73.98488265929355
475,66.0,66.01594719735708,66.01105793586548
476,84.0,83.98846048870769,83.99199754868005
477,103.0,103.00965501477926,103.00669465690774
478,120.0,119.99137800024086,119.99402361266276
479,109.0,109.0050673587171,109.00351082122714
480,117.0,117.00300532436486,117.00208490103026
481,109.0,108.98638556310466,108.99056249318434
482,80.0,80.02162965115379,80.01499227780388
483,115.0,114.9770404625467,114.9840856484046
484,102.0,102.01786427247892,102.01238388550496
485,108.0,107.99000179866316,107.99306714218861
486,99.0,99.0034465749315,99.00239202064348
487,80.0,79.99959429830189,79.99971655263128
488,87.0,86.99996310051289,86.9999752742435
489,115.0,115.0002248026184,115.00015611062625
490,131.0,130.99911215566263,130.99938330024582
491,120.0,120.00187932411966,120.00130533200712
492,103.0,102.99531075774894,102.9967455540446
493,103.0,103.01122356068909,103.00778425946228
494,112.0,111.97895147880855,111.98540627032982
495,98.0,98.0309120480502,98.02142909703764
496,123.0,122.96413130331332,122.97513645019336
497,68.0,68.0321919955184,68.02231518275552
498,94.0,93.97888974986205,93.98536484521182
499,105.0,105.00817484285113,105.00566997067943
500,103.0,103.00170049688066,103.00117537413604
501,102.0,101.99310836913935,101.99522503481852
502,76.0,76.00823859118543,76.00571044159831
503,74.0,73.99188932532638,73.9943767545961
504,82.0,82.00868843792924,82.00602423129183
505,92.0,91.99025409505363,91.99324284522572
506,72.0,72.00972690470704,72.00674421477316
507,71.0,70.9911563847238,70.99386752355913
508,68.0,68.00908823945906,68.00630194069737
509,67.0,66.98898868254409,66.99236618737729
510,65.0,65.01180525127745,65.00818304240292
511,104.0,103.99176432404724,103.99429082521578
512,96.0,96.00163696303512,96.00113695616318
513,64.0,64.0026257770146,64.00181650093451
514,71.0,70.99885948788727,70.9992128007286
515,81.0,80.995115646755,80.99661232739993
516,89.0,89.01188640648238,89.00823974247783
517,104.0,103.98407093937155,103.98895867484224
518,64.0,64.01473144785615,64.01021203707622
519,65.0,64.98978270192623,64.99291535996348
520,77.0,77.00678285694471,77.00470513229956
521,80.0,79.99376527032712,79.99567374990292
522,74.0,74.00672271252223,74.00466975543519
523,91.0,90.99359766718274,90.99552994783141
524,99.0,99.0056981075485,99.0040663635941
525,101.0,100.99381361214886,100.9952806289246
526,90.0,90.01029490073762,90.00874046932876
527,82.0,81.97433876114616,81.97622978517809
528,74.0,74.08088961813911,74.07839336413694
529,83.0,82.81672018726256,82.81956483049035
530,77.0,77.23766131689798,77.23631184884307
531,86.0,85.83395653182357,85.83151089100987
532,114.0,114.05297986323077,114.05904905965038
533,77.0,77.0034987866925,76.99644234158076
534,91.0,90.9869573960454,90.9925614097673
535,80.0,80.00955269104409,80.00619454209802
536,67.0,66.99520477684679,66.99678823347172
537,59.0,59.00174591490264,59.00118212351774
538,60.0,59.999675964855996,59.999781090123726
539,63.0,63.00094354074781,63.00065417253246
540,57.0,56.99576954890458,56.99706658738427
541,65.0,65.00861252430845,65.0059702964145
542,98.0,97.98920985127143,97.99252043829794
543,89.0,89.00953388620334,89.00660955522798
544,86.0,85.99283529159263,85.99503195635809
545,85.0,85.00640764516922,85.00444236197511
546,81.0,80.99269733380588,80.99494176059905
547,63.0,63.00792104471124,63.00547177209023
548,67.0,66.9929636922676,66.99519594677075
549,62.0,62.004995566611896,62.003186410819424
550,59.0,58.99841872332065,58.99993891484855
551,55.0,54.99181939165179,54.99046328255042
552,62.0,62.04362437792959,62.044669938733996
553,61.0,60.88908440290442,60.88860038893411
554,62.0,62.15116153101857,62.15105040971781
555,67.0,66.8857429004167,66.88628414228367
556,73.0,73.04965397746528,73.04884958316674
557,80.0,79.98468936737932,79.98552037233694
558,70.0,70.00521444140035,70.00465094994209
559,62.0,61.99818547400852,61.99846388651815
560,63.0,63.001286491146416,63.000966764827844
561,62.0,61.997912933623155,61.99853322201686
562,56.0,56.00255251469436,56.001774531831984
563,60.0,59.998324850159314,59.9988372186894
564,58.0,57.99994306583098,57.99996197260909
565,57.0,57.00080749831519,57.00055776563923
566,68.0,68.00120326206644,68.00083600899403
567,65.0,64.99427613770729,64.99603123630624
568,56.0,56.01020304324363,56.00707274134306
569,78.0,77.98787512506341,77.99159534894305
570,76.0,76.01104487409617,76.0076563347753
571,84.0,83.9919891322389,83.99444630086519
572,74.0,74.00426537292176,74.00295776496161
573,67.0,66.99902595139856,66.99932361690766
574,66.0,65.99897286866492,65.99928893176546
575,61.0,61.00173775132663,61.00120418955079
576,60.0,59.99819718075312,59.99875015817242
577,59.0,59.00183069655422,59.00126959633911
578,60.0,59.99786954931774,59.99852229742397
579,58.0,58.00297155032325,58.00206090242137
580,58.0,57.995443159695654,57.996840333715184
581,60.0,60.00643102758114,60.004458458166226
582,75.0,74.99250115781035,74.99480161287306
583,71.0,71.00708397119094,71.00491083333111
584,74.0,73.99446650472517,73.99616380347558
585,67.0,67.00367675051605,67.00254901575249
586,62.0,61.99801333596524,61.99862304389106
587,59.0,59.00000312249381,59.00000136771426
588,62.0,62.00337535919619,62.002340590521115
589,62.0,61.99194905396639,61.994419169151826
590,65.0,65.01122837578562,65.00778268927219
591,109.0,108.98997465379,108.99305061790668
592,102.0,102.00604942949722,102.00419457784878
593,68.0,67.99625803115023,67.99740493754908
594,63.0,63.00364456850424,63.00252616241797
595,93.0,92.99796766019061,92.99859234752398
596,95.0,94.99732379737439,94.9981441157098
597,80.0,80.00794188575573,80.00550523875862
598,86.0,85.98884261774845,85.99226617094143
599,76.0,76.01185469482733,76.00821703895215
600,83.0,82.98970467206213,82.99286422320354
601,70.0,70.00637665439864,70.00441896629548
602,71.0,70.99998429051023,70.99999056717377
603,68.0,67.99176910374347,67.99429336075762
604,62.0,62.01679225622454,62.01164014515249
605,85.0,84.97696512271406,84.98403423198394
606,70.0,70.02363143004571,70.01637777143543
607,103.0,102.98425251246178,102.9890874721755
608,80.0,79.99967576169095,79.99977359012041
609,74.0,74.01902370756206,74.01318591340707
610,112.0,111.96811302301735,111.97789892124456
611,61.0,61.03387604553607,61.02348077050495
612,83.0,82.97306456013541,82.98132822995413
613,82.0,82.01658884800439,82.01150111297304
614,91.0,90.9934583913373,90.99546334621162
615,85.0,84.9979647471879,84.99859056116607
616,75.0,75.00837287602593,75.00580401450932
617,96.0,95.98748875648319,95.9913253763239
618,97.0,97.01663281895804,97.01153308154545
619,95.0,94.9772181406914,94.98420469943358
620,75.0,75.02934504157795,75.02034325992975
621,109.0,108.96828942221245,108.97801819886165
622,80.0,80.02664767380702,80.01847277301162
623,112.0,111.98418019561879,111.98903098541733
624,121.0,121.00506511078765,121.00351572756591
625,100.0,100.00043936797528,100.00029982660735
626,100.0,99.99979712729561,99.99986290639669
627,105.0,104.99709418041236,104.9979833106701
628,104.0,104.00654609295572,104.00453974757193
629,109.0,108.98973814592766,108.99288438127198
630,100.0,100.0143367677316,100.00994030419463
631,104.0,103.98158568195956,103.98723361562914
632,87.0,87.02092655096469,87.0145073353678
633,111.0,110.97984910371784,110.98603029079308
634,95.0,95.01622401272517,95.01124822674865
635,100.0,99.98859091049616,99.99208912965344
636,102.0,102.00782141484365,102.00542316330338
637,106.0,105.99480643633503,105.99640005039606
638,100.0,100.0011529062792,100.00079770326029
639,109.0,109.00603470303133,109.00418465935383
640,106.0,105.9852990551484,105.98980898036173
641,73.0,73.02049836888168,73.01420928577399
642,98.0,97.9791687872068,97.98555900179073
643,85.0,85.01770532547845,85.01227568642844
644,81.0,80.98500918651051,80.98960544011949
645,76.0,76.01378403497938,76.00955745440619
646,94.0,93.98785749970783,93.99158093882235
647,76.0,76.00894747852018,76.00620465316706
648,66.0,65.99417904191075,65.99596192974884
649,67.0,67.00487080472342,67.00337971763336
650,74.0,73.99341884751101,73.9954349445548
651,77.0,77.01019278329714,77.00706797712037
652,85.0,84.98571778617013,84.99009799809572
653,70.0,70.01697858924044,70.01177071081881
654,89.0,88.98286918669056,88.98812356600564
655,80.0,80.01523461596929,80.01056254340901
656,85.0,84.98737420624259,84.9912454346028
657,73.0,73.01030568536899,73.00714644250294
658,73.0,72.99126691820823,72.99394374724018
659,69.0,69.0079350605144,69.00550292010486
660,77.0,76.99229783036657,76.99465858029485
661,74.0,74.00808216005764,74.00560480791432
662,76.0,75.99070873030253,75.99355721955345
663,72.0,72.01095300803478,72.00759440265871
664,87.0,86.9879313781121,86.99163226997005
665,83.0,83.0119477077478,83.0082845529012
666,96.0,95.98882993672261,95.99225329692216
667,89.0,89.01190314166794,89.00825582624016
668,81.0,80.98378461718181,80.9887551503488
669,81.0,81.02274312214813,81.01576934879915
670,121.0,120.97333777061789,120.98151063081458
671,88.0,88.02508007378722,88.01740968552403
672,98.0,97.97922711572485,97.98551267232097
673,107.0,107.01821984134924,107.01295419383501
674,115.0,114.98271181055644,114.98679352462216
675,81.0,81.01213220332585,81.0130326611931
676,85.0,85.00939291201907,84.98909130515551
677,69.0,68.91637983266573,69.00740635199011
678,68.0,68.22008086816582,67.99592213619178
679,69.0,68.70026534189076,69.00228368872733
680,69.0,69.22232750327089,68.99748076157107
681,81.0,80.91104275472482,81.00370438291267
682,104.0,104.019876923534,103.99636140954581
683,88.0,87.9952617422259,88.00133571529052
684,73.0,73.00422606717902,73.00171000143717
685,80.0,79.99439625223673,79.9964356611742
686,74.0,74.00603465967393,74.004099995954
687,69.0,68.9938024381985,68.99572497450558
688,62.0,62.00627431653337,62.00434426008758
689,72.0,71.99438044260336,71.99610546102068
690,70.0,70.00427594925661,70.00296432206528
691,68.0,67.99701080550653,67.99792747144318
692,66.0,66.00196538503063,66.00136257097608
693,70.0,69.99931474576442,69.99952504807445
694,70.0,69.99887637067006,69.9992210638627
695,69.0,69.00292885072535,69.00203017976294
696,73.0,72.99612554301694,72.99731422833173
697,64.0,64.00375567994253,64.00260386199483
698,61.0,60.99663561357325,60.9976669388148
699,61.0,61.00357346220197,61.00247813197861
700,63.0,62.99567956660055,62.997004116382804
701,57.0,57.004934724849306,57.0034218791055
702,61.0,60.99480916859273,60.99639995194249
703,60.0,60.005635485916265,60.0039093920078
704,63.0,62.99267590382535,62.99491850294293
705,59.0,59.01166581240408,59.00809368210364
706,60.0,59.98077917383539,59.986661678121564
707,63.0,63.02721773077257,63.018913256047256
708,118.0,117.96992925201053,117.97898107138509
709,83.0,83.02424048918284,83.01747138876595
710,81.0,80.99056469497384,80.99091986757387
711,69.0,68.97866683004051,68.9947934020983
712,63.0,63.10969401517474,63.04008589544068
713,66.0,65.74414848447313,65.89930483344965
714,66.0,66.25271940605404,66.13552024995778
715,65.0,65.04557150480318,64.89895444079293
716,65.0,64.66754412073242,65.04245303657734
717,64.0,64.3046256295149,63.987018576568374
718,63.0,62.8777409182756,63.01080308010751
719,64.0,63.9912781164107,63.96748470954299
720,74.0,74.0485637053988,74.03172080543168
721,78.0,78.07182068749137,78.09252497318643
722,76.0,75.74703065383723,75.74745785233411
723,72.0,72.25490880004809,72.24181921331892
724,69.0,68.8798800644963,68.88844007475811
725,60.0,60.030477823370035,60.027260885915254
726,60.0,60.00646889564774,60.008257099907
727,59.0,58.934435019839164,58.93331706606906
728,68.0,68.16830898481389,68.16863448185661
729,68.0,67.77115624286188,67.77154920690461
730,62.0,62.1716734151009,62.1711043833988
731,61.0,60.92802166388941,60.9283204854534
732,59.0,59.018834431577886,59.01889241915292
733,57.0,56.99632395066804,56.995889156494606
734,58.0,57.99796306869627,57.99900480255006
735,59.0,59.00697917564739,59.00472822686412
736,62.0,61.98632717789279,61.990550501827315
737,67.0,67.02033190968842,67.01408582693905
738,110.0,109.97751522567445,109.98441691892722
739,79.0,79.01782888101366,79.01235779849408
740,75.0,74.99095905230915,74.99373239361361
741,74.0,74.00046462380088,74.00032292347707
742,65.0,65.00630289585817,65.00436885904809
743,66.0,65.98790154912062,65.99161325850096
744,66.0,66.01672132374173,66.01159127293951
745,95.0,94.98195129436205,94.98748817764009
746,68.0,68.01556380704488,68.01079051840831
747,63.0,62.987527431776336,62.991351619104165
748,75.0,75.01171114191064,75.00811943994172
749,94.0,93.98860999219204,93.9921052640815
750,78.0,78.00698510738172,78.00484033780367
751,102.0,102.00246730472595,102.00171109749283
752,122.0,121.98736568799929,121.99124255778501
753,89.0,89.0186597769283,89.01293397895991
754,91.0,90.98046220883289,90.9864566473442
755,72.0,72.016940017637,72.0117435118949
756,82.0,81.98770267942862,81.99147389257577
757,73.0,73.0067421257233,73.00467641282962
758,75.0,74.99770499517564,74.99840473865072
759,87.0,87.00120510679855,87.00084284022287
760,83.0,82.99621572156842,82.99735827112964
761,81.0,81.00760183918572,81.00533230266683
762,102.0,101.99015557233595,101.99294328660159
763,94.0,94.01081417478579,94.00836541501081
764,91.0,90.98401300507844,90.98567386702187
765,88.0,88.04170486383204,88.04101596505257
766,97.0,96.90668520459637,96.90635899059895
767,107.0,107.1243099282447,107.12498629359165
768,108.0,107.90538509986847,107.90545864105458
769,100.0,100.04275446261396,100.04174235429565
770,103.0,102.98572864111263,102.98686354123585
771,87.0,87.00519924358453,87.0044742981292
772,73.0,72.9966651064793,72.99745397640379
773,89.0,89.00558907461941,89.00393709168873
774,110.0,109.99218909596647,109.99456957989685
775,86.0,86.0064066371033,86.00444490713308
776,81.0,80.99780176890164,80.99847451911944
777,89.0,88.99876882954324,88.999147939875
778,86.0,86.00206151033069,86.00142840195029
779,93.0,92.99822656655539,92.99877050587689
780,103.0,103.00277140109652,103.00192093726064
781,93.0,92.99542841218556,92.9968325221265
782,72.0,72.0032314983608,72.0022381036768
783,98.0,98.00328399522009,98.00227658544804
784,109.0,108.98963119324196,108.9928148096388
785,61.0,61.011066313415746,61.007668091497194
786,70.0,69.99552726839843,69.99690099307185
787,86.0,85.99626301220299,85.99740937263962
788,73.0,73.00880419235004,73.00610387290143
789,86.0,85.98818877639349,85.9918099760248
790,100.0,100.01657414038982,100.01149218479033
791,106.0,105.97659496590829,105.98377382504975
792,74.0,74.02784128162716,74.01930025316699
793,112.0,111.97393996852557,111.98193395594988
794,93.0,93.01970679806097,93.01366360081974
795,80.0,79.98642411692353,79.99058543987678
796,72.0,72.00995626419504,72.00690519227868
797,84.0,83.99228844679183,83.99465117092335
798,78.0,78.00598809654281,78.00415444011142
799,73.0,72.99393177492007,72.99578958536753
800,75.0,75.00944333733469,75.00654972012313
801,81.0,80.98449454375486,80.98924923144617
802,74.0,74.02116212650787,74.01467078452558
803,106.0,105.9772291933905,105.98421386978191
804,78.0,78.01957575707658,78.013573396104
805,77.0,76.98468759790141,76.98937927754848
806,75.0,75.01557981594107,75.01080721510078
807,69.0,68.9770730081446,68.98410144234624
808,67.0,67.03346061521935,67.02319700018542
809,122.0,121.96117348799037,121.97308558376626
810,66.0,66.03371812991936,66.02337432712636
811,75.0,74.97877532113854,74.9852828987883
812,74.0,74.00974103809065,74.00675914429556
813,63.0,62.99430518727063,62.99604596434096
814,83.0,83.00903806710575,83.00626890350996
815,106.0,105.98583650875788,105.9901809920479
816,75.0,75.01544030644308,75.01070304524873
817,79.0,78.98796598206641,78.99165756128406
818,72.0,72.00694551018731,72.00481593983909
819,67.0,66.9971360995921,66.99801332596356
820,66.0,66.00023126691119,66.00016124497242
821,68.0,68.00171797101838,68.00119044005201
822,70.0,69.99657945420185,69.997629215258
823,65.0,65.00467253959401,65.0032384250434
824,70.0,69.99507421327571,69.9965864579296
825,74.0,74.00321078594988,74.00222457202584
826,96.0,96.00108283467614,96.00075102910704
827,102.0,101.99365555282249,101.9956029414911
828,83.0,83.00906796892619,83.00628428897778
829,94.0,93.9927563679413,93.99497972281206
830,82.0,82.00255348747481,82.00177035412209
831,64.0,64.00152951051115,64.00105929499267
832,65.0,64.99676902588274,64.99776088331727
833,62.0,62.003446033116774,62.00238897990785
834,59.0,58.996247507972676,58.99739814845253
835,56.0,56.004561229491415,56.00316240058936
836,62.0,61.99467790884758,61.996310515944984
837,59.0,59.0055567213006,59.0038515651921
838,63.0,62.99504357212665,62.996565433593375
839,61.0,61.00267920694621,61.00185504724895
840,70.0,70.00258749883814,70.00179613345927
841,68.0,67.98899510340446,67.99236983839808
842,63.0,63.01991602274035,63.013805701592695
843,95.0,94.97525306362452,94.9828464898991
844,65.0,65.02256654980997,65.0156428991908
845,81.0,80.98525346955591,80.98977514392945
846,77.0,77.00575499163824,77.00399746953366
847,62.0,62.000498766489926,62.00032214853207
848,60.0,59.99708607769837,59.99805970858959
849,53.0,53.00234992523727,53.00133819143096
850,54.0,54.000882967747216,54.001694349236516
851,56.0,55.98916132512976,55.98844753723743
852,58.0,58.04664179728961,58.04740728505091
853,59.0,58.884752760165796,58.88405334450311
854,72.0,72.15693345713294,72.15712134036394
855,81.0,80.88040019808054,80.88103771751136
856,72.0,72.05317712476648,72.0519329604105
857,71.0,70.98217549642183,70.98362128421205
858,67.0,67.00833828511195,67.00679975130029
859,68.0,67.99414834012362,67.99588973361783
860,65.0,65.00372060932806,65.00177333872907
861,73.0,73.00445566406195,73.00636644348671
862,66.0,65.96480067745088,65.96329454579737
863,64.0,64.09340160354719,64.09418961358371
864,59.0,58.871050727113925,58.87114120585921
865,60.0,60.09882368271023,60.09794913068781
866,74.0,73.95567732198253,73.95696522323556
867,75.0,75.01486041669331,75.01359963297813
868,76.0,75.99406653565727,75.9950031297195
869,68.0,68.00243934174307,68.00192726640316
870,63.0,62.99909708080462,62.999314169962176
871,65.0,65.00085662580403,65.00059471288156
872,66.0,65.99792632089625,65.99862171066744
873,65.0,65.00380443716861,65.00239703870461
874,67.0,66.99590777025522,66.99806646202086
875,61.0,60.99728223323068,60.99474357382412
876,76.0,76.03413516459767,76.03624733440492
877,72.0,71.90484119914284,71.903936905289
878,72.0,72.13269110076631,72.13232910885925
879,76.0,75.89848731966237,75.89953340908416
880,76.0,76.0450751044604,76.04382878518217
881,80.0,79.98535962520913,79.98648196378166
882,73.0,73.00378768363608,73.00352521389064
883,74.0,74.00575082474694,74.0037485922769
884,66.0,65.98137908502295,65.98715426929203
885,66.0,66.0315329269405,66.02184119741506
886,135.0,134.9627208903136,134.97416396100402
887,92.0,92.03262927401258,92.02261764295818
888,92.0,91.97821178042213,91.98489395914727
889,83.0,83.01111508107793,83.00770956990024
890,81.0,80.99651348248113,80.99757580249437
891,83.0,82.99841690633352,82.99892072320384
892,84.0,84.00507659635608,84.00345778417005
893,89.0,88.99347401822081,88.99570062070005
894,76.0,76.003812388714,76.0018092924174
895,87.0,87.00697979371745,87.00794545157977
896,93.0,92.96155029669838,92.96175145312782
897,89.0,89.09252961029927,89.09187669088786
898,108.0,107.87805524321182,107.8782870867034
899,125.0,125.08907377989713,125.08948261981982
900,114.0,113.96461737892193,113.96387600751122
901,100.0,100.00700701875807,100.00796514708551
902,102.0,102.00091167271773,101.99979793893823
903,118.0,117.99914859839348,117.99963447494623
904,103.0,102.99549420990645,102.99681684922558
905,93.0,93.01050676918261,93.00729694310223
906,121.0,120.98899991988212,120.99237361833367
907,95.0,95.00414132753555,95.00287027066724
908,85.0,85.0057165210645,85.00396171840552
909,113.0,112.98744782434709,112.99130068745599
910,115.0,115.01353696317611,115.0093828273867
911,146.0,145.98986639806358,145.99297445426058
912,144.0,144.00664417867128,144.00460798281517
913,111.0,110.99381873761638,110.9957133075218
914,93.0,93.00699314679787,93.00484846943799
915,128.0,127.99412604373643,127.99592744121743
916,139.0,139.00400833180714,139.0027794183931
917,110.0,109.99584436331767,109.99711976089016
918,89.0,89.00422010228925,89.00292299760083
919,118.0,118.00042331216001,118.00029618352121
920,127.0,126.99019695334019,126.99320336773513
921,115.0,115.01874236174277,115.01299158697105
922,144.0,143.97774947259998,143.9845768654998
923,115.0,115.01943050336484,115.01346960637052
924,111.0,110.98702518871983,110.99100343520527
925,96.0,96.00679217041346,96.0047124901407
926,94.0,93.99554540030235,93.99690746070166
927,120.0,120.00738209843209,120.00512061067883
928,136.0,135.9871066166625,135.99106099790356
929,112.0,112.01614307578147,112.01119063701597
930,129.0,128.98494220063714,128.98956121845112
931,122.0,122.01173762610586,122.0081380646259
932,117.0,116.99109219431581,116.99382353299096
933,111.0,111.00680222766329,111.00471624390214
934,127.0,126.99588300706674,126.99714564030452
935,133.0,133.00049304713642,133.00034227730336
936,133.0,133.00309627603474,133.00214551566577
937,134.0,133.9946050057971,133.99626130014042
938,120.0,120.00553381022004,120.0038348925162
939,122.0,121.99650926568303,121.99758118041166
940,118.0,118.00015464949331,118.00010635601221
941,112.0,112.00357572226044,112.00247968545155
942,112.0,111.99242484850879,111.99474776039011
943,106.0,106.0117471824814,106.0081441763021
944,107.0,106.98522904855089,106.98975969579381
945,75.0,75.01520740788658,75.01054378544968
946,87.0,86.98584247412353,86.9901823809108
947,106.0,106.01446394686954,106.01003189426677
948,126.0,125.98320461194703,125.98834716966738
949,112.0,112.01891085285067,112.0131389895079
950,127.0,126.9811931316793,126.98685622432042
951,108.0,108.0168475713787,108.01207417500893
952,107.0,106.98403878302518,106.98746326423216
953,91.0,91.02412714365047,91.02221624973274
954,84.0,83.95559278554185,83.95608486511938
955,82.0,82.05591145510006,82.0563607338227
956,82.0,81.95970433853569,81.95893612679455
957,82.0,82.01520733822657,82.01603110511599
958,78.0,77.99829157231653,77.9973457033982
959,79.0,78.99732180217937,78.99853632297626
960,76.0,76.00548318492771,76.00369639928621
961,75.0,74.99126449961523,74.99397299572207
962,76.0,76.01095501302204,76.00758455812625
963,108.0,107.991269616697,107.9939528629732
964,100.0,100.00055209615115,100.0003803443079
965,104.0,104.01054205176092,104.00730782335037
966,129.0,128.98112593306823,128.98691751847747
967,97.0,97.02073471723172,97.01437375017468
968,106.0,105.9829594682046,105.98818170198929
969,92.0,92.01185428882827,92.00823842558648
970,81.0,80.99138171890759,80.99395179321286
971,77.0,77.00736798533984,77.0053830654276
972,89.0,88.99509135876146,88.99555137100424
973,81.0,80.99685358419393,81.00178287075204
974,92.0,92.02421507319902,92.00184305879017
975,117.0,116.91324546519215,116.99593864733026
976,110.0,110.1986475743887,110.00333741797535
977,111.0,110.73945770397988,110.9995816084809
978,104.0,104.19056216986084,103.99773576382174
979,78.0,77.92259614790231,78.00241655436889
980,83.0,83.02174185728866,83.00013084812736
981,90.0,89.9896609033334,89.99679684481943
982,72.0,72.00817226492424,72.00461907203412
983,72.0,71.99341523858585,71.99570868552519
984,69.0,69.0054943417281,69.00373969378907
985,68.0,67.99348094899898,67.99549608426067
986,67.0,67.01061446442391,67.00735647640917
987,71.0,70.98293109627558,70.9881669746719
988,67.0,67.02285006581442,67.01583994744385
989,116.0,115.97573152582939,115.98317716245697
990,108.0,108.02023490485567,108.01402745913761
991,120.0,119.98705241265446,119.99102301536632
992,109.0,109.00558429448431,109.00387338928684
993,92.0,91.9997879285537,91.99985076375975
994,84.0,83.99728363954706,83.9981185751329
995,76.0,76.00371614770653,76.0025753369409
996,81.0,80.99647003688742,80.99755287932445
997,81.0,81.00303908908161,81.00210753036632
998,80.0,79.99687611216704,79.99783335406353
999,77.0,77.00417609993798,77.00289592807562
1000,77.0,76.99414553477534,76.99594109215371
1001,72.0,72.00711673285545,72.00493343828029
1002,81.0,80.99324051662434,80.99531422108154
1003,70.0,70.00467928524631,70.00324431774973
1004,67.0,66.99761356670584,66.99834458056128
1005,73.0,73.00149523905303,73.00103749601311
1006,74.0,73.99808491388903,73.99867220223072
1007,69.0,69.0021807170117,69.0015111858483
1008,74.0,73.99872249141917,73.9991153827214
1009,74.0,73.99929465535939,73.9995097502563
1010,68.0,68.00375103571275,68.00260171500159
1011,65.0,64.99176230419886,64.99428857000635
1012,74.0,74.01298247823401,74.00899959420101
1013,111.0,110.98506812583628,110.98964936489416
1014,93.0,93.01278923979385,93.00886623898774
1015,85.0,84.99101036989704,84.99376661783566
1016,81.0,81.0064675838085,81.00448517972143
1017,81.0,80.99453392434378,80.99620980765421
1018,71.0,71.00440460215314,71.00305368360074
1019,72.0,71.99780886286607,71.99848074641736
1020,67.0,66.99923602806085,66.99947134492501
1021,63.0,63.00290473249292,63.00201174003015
1022,75.0,74.99711236788247,74.99800171938926
1023,74.0,74.00085660494277,74.00058466058529
1024,70.0,70.00192496476771,70.00136622027703
1025,71.0,70.99559946286263,70.99683123459783
1026,69.0,69.00637840681861,69.00486382739616
1027,81.0,80.99028680051823,80.99161497839134
1028,79.0,79.02310073004828,79.02217807631476
1029,72.0,71.92222601384609,71.9230825267536
1030,68.0,68.18328754456758,68.18207548693614
1031,69.0,68.75674856642695,68.75762243872963
1032,67.0,67.17608585098841,67.17708364289525
1033,70.0,69.93555234080883,69.93231933815721
1034,100.0,100.0069211238548,100.01096379172785
1035,80.0,80.00456308245774,80.00151010433322
1036,74.0,73.99759177113553,73.99877376016389
1037,76.0,75.9976347226069,75.99824095852036
1038,70.0,70.00736428175102,70.00513855868468
1039,70.0,69.9863742232944,69.99054363016538
1040,75.0,75.02079114996336,75.01441713624854
1041,112.0,111.97399960864654,111.98197303355616
1042,83.0,83.02788479716682,83.01933428331371
1043,92.0,91.97071481474862,91.97969400585545
1044,95.0,95.03319076356057,95.02301231278012
1045,124.0,123.96277992956006,123.9741968930488
1046,83.0,83.03530888926879,83.02447728637773
1047,133.0,132.9746576154057,132.9824299347085
1048,133.0,133.01262892731006,133.00875945310426
1049,103.0,102.99579771116498,102.99708102709049
1050,92.0,92.00206000280684,92.00143321859045
1051,95.0,94.99573286447244,94.99703795763634
1052,99.0,99.00941470396566,99.00652891569817
1053,98.0,97.98394244348437,97.98886818537461
1054,86.0,86.02028173555398,86.01405851271873
1055,143.0,142.98139289882081,142.98710237135668
1056,149.0,149.01225442769243,149.00849466382977
1057,134.0,133.9951203965389,133.9966176202587
1058,105.0,104.99773740179599,104.99843047752353
1059,84.0,84.01027257262162,84.00712270394473
1060,86.0,85.98040875175937,85.98641810297718
1061,88.0,88.02785227107415,88.01930711814362
1062,138.0,137.96954934905628,137.97889217002376
1063,97.0,97.02526817770898,97.01751662396333
1064,100.0,99.9840526359645,99.98894277910782
1065,117.0,117.00771654416086,117.00535223000531
1066,138.0,137.99777997583234,137.99845847237304
1067,144.0,143.998653354735,143.99906837422427
1068,134.0,134.00323220043333,134.00223941780905
1069,130.0,129.99668359281063,129.9977012455755
1070,117.0,117.00231766332598,117.00160765715998
1071,107.0,106.99810951660466,106.99868736994551
1072,101.0,101.00395202026468,101.00274191762637
1073,90.0,89.99113250685329,89.99385162113053
1074,92.0,92.0138493492804,92.00960063566019
1075,145.0,144.98465501902064,144.9893626650072
1076,150.0,150.01331258820804,150.00922934320948
1077,141.0,140.989582306457,140.9927767688188
1078,116.0,116.00801527299257,116.00555792145197
1079,112.0,111.9940796193571,111.99589438677627
1080,109.0,109.00417263771001,109.00289398092644
1081,105.0,104.99715153204868,104.99802386687423
1082,88.0,88.00209409839248,88.00145349431914
1083,74.0,73.99724040745254,73.99808503159372
1084,81.0,81.00523118499538,81.0036280293173
1085,104.0,103.99154434480877,103.99413712197943
1086,111.0,111.0112984866851,111.00783329885945
1087,128.0,127.9866088515928,127.99071631695766
1088,127.0,127.0140440984339,127.00973618319217
1089,147.0,146.9877207415311,146.9914867052266
1090,129.0,129.00900394207054,129.00624371827294
1091,116.0,115.99281146392468,115.99501473630656
1092,127.0,127.00788053638271,127.00546356516611
1093,148.0,147.99208649611649,147.9945149136952
1094,122.0,122.0040675443931,122.00281936018519
1095,109.0,109.00216204151522,109.00149754004785
1096,111.0,110.99391933296673,110.99578679771967
1097,84.0,84.00517910240025,84.0035891986876
1098,85.0,84.99817562794556,84.99873471193689
1099,105.0,105.00018919313834,105.00013227107547
1100,98.0,97.99894040688544,97.99926510529791
1101,76.0,76.00176756109792,76.0012250687979
1102,82.0,81.99908653356786,81.99936677646384
1103,104.0,103.9997530119775,103.9998292175953
1104,115.0,115.0006912501096,115.00047850209192
1105,108.0,107.99954629657509,107.99968636892392
1106,87.0,86.99933788420874,86.99954006714789
1107,72.0,72.00296433900141,72.0020554461754
1108,72.0,71.9938943857512,71.99576811452523
1109,83.0,83.0083778845481,83.00580555507418
1110,114.0,113.99332902421416,113.99537830231391
1111,102.0,101.99937631158778,101.99956623569206
1112,102.0,102.0103556869159,102.00717775637152
1113,130.0,129.9835170389054,129.98857605001518
1114,101.0,101.01560629022998,101.01081710053023
1115,104.0,103.99030707466959,103.99327993519564
1116,98.0,98.00363662990813,98.00252346949492
1117,79.0,78.99903699722886,78.99932973202215
1118,75.0,75.00172753393402,75.00119928937464
1119,79.0,78.99630204795344,78.99743580935866
1120,77.0,77.00479390554976,77.00332367940773
1121,88.0,87.99546562871988,87.99685557699672
1122,88.0,88.0041459324202,88.00287612629424
1123,84.0,83.9943810749143,83.99610246251616
1124,83.0,83.00992832283879,83.0068837872965
1125,86.0,85.98483079157486,85.98948523138449
1126,75.0,75.01660720687673,75.01151037404168
1127,126.0,125.98903182214028,125.99239754427626
1128,123.0,123.00132199989794,123.00091805817935
1129,80.0,80.00552461593618,80.00382687819243
1130,77.0,76.99334260229429,76.99538709833685
1131,76.0,76.0045260198046,76.00313671605711
1132,76.0,75.9980359783255,75.99863861630787
1133,71.0,70.99963926372448,70.99974994740623
1134,68.0,68.00248985085547,68.00172606622168
1135,72.0,71.99578952479939,71.99708099374197
1136,68.0,68.00552667502873,68.00383156773732
1137,69.0,68.99339918325524,68.99542385394989
1138,65.0,65.00706726864955,65.0048994317478
1139,77.0,76.99366648206023,76.99560897074457
1140,73.0,73.00475481337031,73.00329715458602
1141,70.0,69.99640591635541,69.99750718121068
1142,72.0,72.00359874880179,72.00249587389467
1143,81.0,80.99560481153335,80.99695251491724
1144,84.0,84.00510305564625,84.00353769610169
1145,90.0,89.99513904230287,89.99663031632909
1146,78.0,78.00337844164018,78.00234223447663
1147,73.0,72.9985943785451,72.9990249059272
1148,76.0,75.99996289892718,75.99997532953016
1149,78.0,78.00052043623103,78.0003594889581
1150,76.0,76.00041327085404,76.00028769577384
1151,67.0,66.99677898567413,66.99776674767386
1152,74.0,74.00649118765345,74.00449903405573
1153,105.0,104.99290482482581,104.99508219848572
1154,98.0,98.00366608887305,98.00254394211927
1155,90.0,90.00166963700062,90.0011443180535
1156,88.0,87.99452004879046,87.99624925343525
1157,70.0,70.005559575326,70.00367910845893
1158,77.0,76.998467476883,76.99958562472796
1159,80.0,79.99264043760613,79.99248160182339
1160,71.0,71.03060098101568,71.03023379248228
1161,70.0,69.9283598831511,69.928760479167
1162,72.0,72.09481778015699,72.09465473721116
1163,74.0,73.93042955923143,73.93019474685849
1164,73.0,73.02710858772043,73.0278136807583
1165,69.0,68.99564767690106,68.99456558633534
1166,75.0,74.9979755256777,74.99924429240235
1167,76.0,76.00367463834219,76.00237371281901
1168,80.0,79.99622869179481,79.99743252245241
1169,76.0,76.00287545784504,76.00198003238575
1170,79.0,78.99917457609705,78.99943245103638
1171,80.0,79.99730597795437,79.99813003341268
1172,82.0,82.00791226952872,82.00548619391964
1173,87.0,86.98619086689828,86.99042740576162
1174,82.0,82.0171896503054,82.01191510583214
1175,127.0,126.98482545053665,126.98948107315567
1176,117.0,117.00922878513916,117.00639909435421
1177,90.0,89.99593163227772,89.99717697677629
1178,78.0,78.00238439077495,78.00165537816571
1179,76.0,75.99659542490681,75.99763872633314
1180,74.0,74.00555164342235,74.00384766654574
1181,77.0,76.9931659107475,76.9952656873737
1182,78.0,78.00336838973803,78.00233061428901
1183,122.0,122.00779031156765,122.00540303629136
1184,128.0,127.97724036785426,127.98422389896523
1185,71.0,71.03177911489367,71.0220259300493
1186,117.0,116.97145018616287,116.98021173496534
1187,103.0,103.01598387791245,103.01108061997073
1188,97.0,96.9979959086906,96.99860758425237
1189,104.0,103.9929028452122,103.99508389086729
1190,84.0,84.0093332433081,84.00646794775852
1191,101.0,100.99270073475253,100.99493930541155
1192,111.0,111.00646881208478,111.00448633217543
1193,92.0,91.99036177513582,91.99331783154494
1194,85.0,85.01275537646137,85.00884122123765
1195,146.0,145.9898280652567,145.99294921349596
1196,147.0,147.00329150299143,147.00228340258946
1197,101.0,101.00121749730519,101.00084116660531
1198,85.0,84.99962335093764,84.99974056626677
1199,85.0,84.99689079607613,84.99784525838514
1200,86.0,86.00519397995588,86.00359806673092
1201,99.0,98.99731473920949,98.99814116113646
1202,82.0,81.99470456136102,81.99632920779491
1203,86.0,86.01465203322213,86.01015082641754
1204,137.0,136.98156546514443,136.98724065509055
1205,108.0,108.01394787507328,108.00960413163243
1206,90.0,89.99515385301788,89.99687615996737
1207,85.0,84.9953321106499,84.99588379543772
1208,84.0,84.01617682452672,84.01450592868119
1209,112.0,111.95477084365865,111.95635323719571
1210,124.0,124.0983022686075,124.09755105565137
1211,126.0,125.87189936592188,125.87177807130084
1212,122.0,122.09363422072838,122.09431533484725
1213,116.0,115.96341500573124,115.96234489968246
1214,116.0,116.0055872309478,116.00716583156407
1215,108.0,108.00531782083885,108.00280539152303
1216,98.0,97.98797959553127,97.99190318167534
1217,86.0,86.01643894624524,86.01133132126009
1218,121.0,120.9837111301425,120.98872733363687
1219,110.0,110.01074640782352,110.00744295537726
1220,104.0,103.99879908475361,103.9991701297526
1221,91.0,90.98959755973891,90.99278842874455
1222,87.0,87.02093208075524,87.01450913515166
1223,137.0,136.97389284326297,136.98190403120296
1224,119.0,119.02389263331625,119.01656185312376
1225,131.0,130.98363075284183,130.98865157944877
1226,114.0,114.0078007798338,114.00541003235442
1227,99.0,98.99814513693195,98.99871188600386
1228,109.0,108.99922210093911,108.99946152264391
1229,116.0,116.00268300022331,116.00186064752594
1230,100.0,99.99370825828554,99.99563739357787
1231,78.0,78.0110339207444,78.0076492208085
1232,87.0,86.98531030262109,86.98981760314054
1233,86.0,86.01529842895803,86.01060354876851
1234,119.0,118.98856661079083,118.99207579109333
1235,115.0,115.00332356350947,115.00230328396897
1236,117.0,117.00595403469337,117.00412710544258
1237,133.0,132.98740025349704,132.9912658225732
1238,100.0,100.01610359474951,100.01116410313645
1239,82.0,81.98097343516429,81.98680945868445
1240,78.0,78.02160206134351,78.01497497544781
1241,124.0,123.97990138476244,123.98606737999229
1242,96.0,96.01300040450018,96.00901389196541
1243,79.0,78.9951722818307,78.99664910964738
1244,88.0,88.00121276843508,88.00084605091227
1245,82.0,81.99643323904128,81.99752250837496
1246,74.0,74.01023974660532,74.00710212824899
1247,80.0,79.98074509689184,79.98665022482344
1248,85.0,85.02739312024237,85.01898940101566
1249,140.0,139.9700019442618,139.97920539620415
1250,101.0,101.02543509528941,101.01763276608541
1251,89.0,88.98261264163834,88.98794442180994
1252,81.0,81.01028040216877,81.00712941529423
1253,92.0,91.99484163808906,91.99642165694061
1254,101.0,101.00109854229451,101.00076390220342
1255,112.0,112.00203788842208,112.00140904678062
1256,121.0,120.99670088993335,120.99772185643917
1257,101.0,101.00236611190427,101.00161134439571
1258,81.0,80.99944832875273,80.99972355129344
1259,73.0,72.99906088310246,72.99895235665247
1260,68.0,68.00378251528014,68.00410469509828
1261,67.0,66.98395008125065,66.98333933859976
1262,74.0,74.06511598516325,74.06579477381918
1263,73.0,72.8404791527614,72.84001449320219
1264,71.0,71.21559787615138,71.21568159861235
1265,70.0,69.83779456754085,69.83815341961846
1266,68.0,68.07002862785595,68.06920056863692
1267,70.0,69.97761860266249,69.97894955191381
1268,67.0,67.01110330853876,67.00918074289956
1269,73.0,72.99030067545975,72.99287850446248
1270,79.0,79.0099578428725,79.00700950705436
1271,110.0,109.99132224099867,109.99395542713617
1272,106.0,106.00617401590635,106.00428883318231
1273,86.0,85.99536395315879,85.99678272023883
1274,73.0,73.00455770760954,73.0031609178039
1275,80.0,79.9955182895014,79.9968927770326
1276,77.0,77.00374035682768,77.00259267370637
1277,73.0,72.99722183811772,72.99807529278392
1278,70.0,70.0009759634993,70.00067418054354
1279,76.0,76.0038775020127,76.00269049317853
1280,71.0,70.98711913954024,70.99107075446243
1281,75.0,75.02272325307342,75.01574541057427
1282,127.0,126.97311351562027,126.9813857433888
1283,91.0,91.02207265450761,91.01521874758801
1284,97.0,96.9881239445231,96.99207110071532
1285,111.0,111.00144849333917,110.99986568420455
1286,105.0,105.01224433293054,105.01274626308947
1287,92.0,91.97301103860785,91.97293370752138
1288,89.0,88.99753832386959,88.99729368969157
1289,88.0,88.10344995481515,88.10380255414462
1290,80.0,79.81954376125513,79.81947197074672
1291,75.0,75.14469189209613,75.14434428189224
1292,81.0,80.93785170507648,80.93827846239441
1293,77.0,77.01632887740568,77.01631359181047
1294,73.0,72.99746732330851,72.99690597590177
1295,77.0,76.99811068771287,76.99904914653075
1296,75.0,75.00299334719017,75.00197876484779
1297,77.0,76.99730637312629,76.99815844557169
1298,73.0,73.00174452471299,73.00120279515541
1299,72.0,71.99929270561123,71.99951079546878
1300,72.0,72.00027817727158,72.00019335532419
1301,70.0,69.99895602113658,69.99927549467871
1302,73.0,73.00289180346405,73.0020050893653
1303,77.0,76.99522521033265,76.99669006814945
1304,67.0,67.00551413131751,67.00382231584098
1305,70.0,69.99515625460175,69.99664213810732
1306,69.0,69.00332845198724,69.00230794151247
1307,73.0,72.9983068848564,72.9988250558329
1308,73.0,73.0007890795522,73.00054891668854
1309,68.0,67.99831373613792,67.99882880196097
1310,69.0,69.00502005168453,69.00348185685934
1311,70.0,69.9899707144414,69.9930467476048
1312,63.0,63.0143322930533,63.00993501032602
1313,88.0,87.9847159730372,87.9894056078429
1314,75.0,75.01220362657841,75.00845959635221
1315,81.0,80.99307899103393,80.9952015452529
1316,85.0,85.00178970037184,85.00124176153004
1317,84.0,84.0021511543064,84.00149015077763
1318,81.0,80.99522363897827,80.99668978903158
1319,67.0,67.00584270249806,67.00404983233919
1320,69.0,68.99472902374478,68.99634571206647
1321,64.0,64.0038604049996,64.0026775338379
1322,64.0,63.99684542744058,63.997810794127446
1323,67.0,67.00471346545007,67.00327014772674
1324,68.0,67.99099784876176,67.99375759469537
1325,73.0,73.01438251566032,73.0099707760495
1326,109.0,108.98219670948323,108.98765899844808
1327,106.0,106.01700341654016,106.01178638116195
1328,127.0,126.98795406347142,126.99164945588335
1329,111.0,111.00533921780428,111.0037021179717
1330,85.0,85.00012300130818,85.0000846580373
1331,78.0,77.99626252024136,77.99740843321979
1332,75.0,75.00785525379207,75.00544693704974
1333,71.0,70.98586787799341,70.99020259251057
1334,71.0,71.02009431276244,71.01392885596027
1335,125.0,124.97888981752851,124.98536758057675
1336,116.0,116.01573354823407,116.0109062076489
1337,122.0,121.99286340238527,121.99505195943713
1338,126.0,125.99925418137381,125.99948437591685
1339,118.0,118.00633711789024,118.00439195415319
1340,116.0,115.99021306624293,115.99321580561426
1341,96.0,96.01137177759149,96.00788386417682
1342,95.0,94.9885479635095,94.99205912746298
1343,77.0,77.01156562832819,77.00802088346128
1344,77.0,76.98578037480198,76.99013931010275
1345,94.0,94.01974464278382,94.01368904831557
1346,129.0,128.97594751197033,128.98332648048253
1347,90.0,90.02239171998778,90.01552240677992
1348,100.0,99.98491653502526,99.98954160067035
1349,95.0,95.00732171385378,95.00508023123376
1350,78.0,77.99591313351029,77.99716121107409
1351,77.0,77.00693256090314,77.00481071946763
1352,83.0,82.9856071143198,82.9900198231353
1353,88.0,88.02282547192002,88.01582297640749
1354,128.0,127.97282668405235,127.98116515336818
1355,93.0,93.02366191111028,93.0164004123013
1356,103.0,102.98754878758378,102.99136931045969
1357,91.0,90.99754138017815,90.99829778924651
1358,87.0,87.01471073410241,87.01019324707092
1359,137.0,136.9815234093328,136.98719630146718
1360,117.0,117.012928382137,117.00895984782109
1361,117.0,116.99700249984537,116.99792153742662
1362,135.0,134.99427219875093,134.99603195707985
1363,135.0,135.01072220587616,135.0074289511467
1364,139.0,138.98940153334547,138.99265761348127
1365,105.0,105.0036694915139,105.00253955903366
1366,114.0,114.00908452271625,114.00629984071753
1367,141.0,140.97739024316468,140.98432627509533
1368,115.0,115.03150821365483,115.02184154055395
1369,142.0,141.9664002681164,141.97670774979673
1370,112.0,112.02998692478903,112.02078958605192
1371,133.0,132.97610363981724,132.98343081301894
1372,134.0,134.0188092333429,134.0130433044736
1373,136.0,135.98418496832835,135.98903269702663
1374,111.0,111.01368148280226,111.00948795758408
1375,118.0,117.98784909577812,117.99157313371902
1376,124.0,124.01274362964234,124.00883705264253
1377,124.0,123.984809352095,123.98946795936689
1378,101.0,101.0157585038907,101.01092631352489
1379,128.0,127.98873657950605,127.99218141712618
1380,118.0,118.00330659193364,118.00233455626235
1381,92.0,92.00345200004688,92.00223631841527
1382,91.0,90.99424136442354,90.99658740865777
1383,85.0,85.00113483598125,84.9986302876499
1384,92.0,92.02051663959466,92.02226500389041
1385,80.0,79.9379635676712,79.93776183034761
1386,77.0,77.0872652734598,77.08627549125322
1387,82.0,81.93512885048884,81.93579806363088
1388,82.0,82.0237441319948,82.02450049904753
1389,82.0,82.00039882126357,81.99812175586905
1390,94.0,93.99095644536543,93.99430880464735
1391,90.0,90.01108040416973,90.00752593182698
1392,117.0,116.99116783782142,116.99391826070017
1393,116.0,116.00514669455696,116.00355861479579
1394,95.0,94.99686817086554,94.99782933942737
1395,79.0,79.00379961100226,79.0026355378742
1396,79.0,78.99360089552735,78.99556258377685
1397,87.0,87.00961835601137,87.0066683634505
1398,106.0,105.98839703391899,105.9919562462935
1399,86.0,86.01134103401213,86.00786244617744
1400,85.0,84.98998403468089,84.99305589639195
1401,97.0,97.0087907686776,97.0060943141592
1402,130.0,129.99311922419807,129.99523062470416
1403,134.0,134.00348714146466,134.0024151989045
1404,127.0,127.0007138877103,127.00050268902686
1405,116.0,115.99529385975104,115.99670828354886
1406,102.0,102.00792280834483,102.00560233177053
1407,111.0,110.989570989972,110.9923586617668
1408,111.0,111.01397591486712,111.01122604280772
1409,122.0,121.97421553253952,121.9763859621369
1410,108.0,108.0734785607493,108.07235852790564
1411,94.0,93.83298268222781,93.83298367802493
1412,89.0,89.22211204458843,89.22265589333881
1413,89.0,88.83400142335333,88.83369020014842
1414,88.0,88.07050510363872,88.07029728039822
1415,88.0,87.9791991127969,87.97983997654372
1416,82.0,82.00889095974873,82.0077019521458
1417,76.0,75.99215653716684,75.99415076849566
1418,80.0,80.00852568575888,80.00601981336106
1419,120.0,119.99336092415669,119.9953683585079
1420,121.0,121.0026311193884,121.00183298995283
1421,93.0,93.00006940084127,93.00004395122826
1422,79.0,79.00011735142232,79.00008397108373
1423,77.0,76.99789684734645,76.9985399575905
1424,79.0,79.00482483586673,79.00334698185901
1425,84.0,83.99166371067868,83.9942182387442
1426,74.0,74.01352384776135,74.00937796770349
1427,73.0,72.97908606406375,72.9855003677442
1428,72.0,72.02790032964396,72.01934056861502
1429,125.0,124.97098618139589,124.9798884840989
1430,84.0,84.02185746284238,84.01515196732943
1431,75.0,74.98937683553613,74.9926337382115
1432,80.0,80.0013560936153,80.00094290059445
1433,74.0,74.0038111313542,74.00263998824796
1434,74.0,73.99360408385348,73.99556691721057
1435,67.0,67.0083760297363,67.00580627913718
1436,72.0,71.98973197503453,71.9928826371234
1437,76.0,76.01045401242209,76.00724558662981
1438,110.0,109.99333741481107,109.99538233235171
1439,102.0,101.99960922919166,101.99972967589504
1440,80.0,80.0064919480653,80.00449857574122
1441,96.0,95.99151668321159,95.99412081068081
1442,97.0,97.00704394079384,97.00488234017155
1443,96.0,95.99575315071702,95.99705577147296
1444,81.0,81.0013195381769,81.00091558490949
1445,71.0,71.00076888273276,71.0005318423893
1446,79.0,78.99867145583654,78.99908011870235
1447,84.0,84.00075450768804,84.00052208617548
1448,81.0,81.00049449018485,81.00034369652003
1449,75.0,74.99712997153932,74.99800997851844
1450,81.0,81.00609643272014,81.0042255215178
1451,97.0,96.99214854094598,96.99455885510021
1452,81.0,81.00578447871236,81.00400840742232
1453,83.0,82.99978619237595,82.99985195482444
1454,84.0,83.99412873105767,83.99593136228714
1455,71.0,71.00885187365174,71.00613418522647
1456,89.0,88.99309801578057,88.99521655713345
1457,81.0,81.00178508584749,81.00123827154046
1458,73.0,73.00211953937021,73.00146716853403
1459,99.0,98.99800250458485,98.99861717575956
1460,110.0,109.99914235040018,109.99940464241593
1461,96.0,96.00368425710249,96.00255412704507
1462,83.0,82.99452865159434,82.99620719853479
1463,70.0,70.0063073095443,70.00437233305881
1464,76.0,75.9939709097105,75.99582030744942
1465,71.0,71.00481969763602,71.00334173680942
1466,69.0,68.99651475897016,68.99758295412872
1467,66.0,66.00272214439926,66.00188821957425
1468,70.0,69.99714752087883,69.99802154900257
1469,80.0,80.00376954016255,80.00261378653241
1470,95.0,94.99525138166496,94.9967079176212
1471,97.0,97.00490733692135,97.00340197118842
1472,104.0,103.99594808964426,103.99719085462121
1473,98.0,98.0028857122322,98.00200083238991
1474,88.0,87.99778213842426,87.99846248810664
1475,81.0,81.00176764903357,81.00122469798924
1476,82.0,81.99989366485562,81.99992730513715
1477,76.0,75.99642626850768,75.99752220952698
1478,81.0,81.00778941645733,81.00539900042767
1479,113.0,112.99031653359492,112.99328872829132
1480,117.0,117.00766543550016,117.0053127111014
1481,132.0,131.9973587296988,131.9981688512744
1482,132.0,131.9970796044751,131.99797733769395
1483,111.0,111.00649510011635,111.00449910075267
1484,104.0,103.99400074608609,103.99584588116645
1485,89.0,88.999548227983,88.99968205444073
1486,112.0,112.01299222089087,112.00900944899789
1487,137.0,136.9724713641559,136.98091650106088
1488,103.0,103.0370807376315,103.02570331616731
1489,142.0,141.96314059513782,141.97444949682185
1490,96.0,96.0280378418017,96.01943780607525
1491,91.0,90.98330517043901,90.98842304093361
1492,96.0,96.00846599053912,96.00587299355111
1493,94.0,93.99574282747562,93.99704568450497
1494,78.0,78.00171334592426,78.00119006216315
1495,70.0,70.00058605759921,70.0004035734223
1496,71.0,70.99857646307032,70.99901693533026
1497,75.0,74.9981854895153,74.99873796119957
1498,111.0,111.01023686755735,111.00709935893451
1499,143.0,142.9788941405985,142.98536848922132
1500,122.0,122.02905392468956,122.0201391102082
1501,143.0,142.9704501709347,142.979517565485
1502,93.0,93.02153817919908,93.01493037251021
1503,97.0,96.9913772672037,96.99401978889085
1504,108.0,107.99753245701575,107.99829459540916
1505,94.0,94.00621964035876,94.00430641052881
1506,118.0,117.9979968636338,117.99861417309818
1507,123.0,122.99435669033974,122.99608825484067
1508,105.0,105.01047903456816,105.00726231614965
1509,133.0,132.99036926204263,132.99332523352356
1510,138.0,138.00520277310935,138.00360665747348
1511,129.0,128.9991934243833,128.99943998474794
1512,116.0,115.99812787809884,115.99870302820604
1513,96.0,96.00299221754172,96.00207410383572
1514,86.0,85.99665061929724,85.99767747634432
1515,79.0,79.00411789814544,79.00285570987737
1516,83.0,82.99354033326182,82.99552161745274
1517,98.0,98.00969054270644,98.00671623453769
1518,119.0,118.98996477027916,118.99304636057079
1519,87.0,87.00396109840732,87.00274339649788
1520,91.0,91.00661796424136,91.0045883041829
1521,123.0,122.98443245326975,122.98920867947405
1522,98.0,98.01950600795335,98.01352245559875
1523,98.0,97.97954667770334,97.9858193621906
1524,91.0,91.02138432974702,91.0148265740391
1525,113.0,112.97758523985075,112.98445946047583
1526,99.0,99.02192479488231,99.01520054113828
1527,116.0,115.98084059678288,115.98671636417941
1528,97.0,97.01510267603287,97.01047166291049
1529,90.0,89.98868523493014,89.99215443719005
1530,83.0,83.00805472490107,83.00558498885187
1531,99.0,98.99562437685461,98.9969658189363
1532,104.0,104.00013916836832,104.00009756247307
1533,103.0,103.00338268696673,103.00234351305076
1534,111.0,110.99514621760102,110.99663674355872
1535,105.0,105.00384724336084,105.00266592632234
1536,107.0,106.99902072881997,106.99932142133594
1537,100.0,99.9977788960856,99.99846079135148
1538,80.0,80.00426896407097,80.0029583488139
1539,77.0,76.99521262500343,76.99668267642623
1540,81.0,81.00374350464622,81.00259311837796
1541,98.0,97.99959568880637,97.99972212057878
1542,95.0,94.99444734949245,94.99614844106871
1543,82.0,82.01315892578096,82.00912383363725
1544,93.0,92.97897962739411,92.98542756665091
1545,92.0,92.02690180698367,92.01864819314173
1546,132.0,131.9728173847145,131.9811574380367
1547,88.0,88.02033949372183,88.01410045031041
1548,81.0,80.98979327906966,80.99292133439636
1549,93.0,93.00275138920694,93.00191171308856
1550,97.0,96.99926561626151,96.99948713095813
1551,111.0,111.00280353225642,111.00194566630853
1552,120.0,119.99411627330534,119.99592037560049
1553,102.0,102.00782211624256,102.0054229230627
1554,96.0,95.99145336906679,95.99407478912975
1555,89.0,89.00868273917166,89.00601953067903
1556,97.0,96.99196751435575,96.99443128596543
1557,85.0,85.00631109664644,85.00437558547662
1558,79.0,78.9959891612588,78.99721866764963
1559,74.0,74.00186333444961,74.00129299279013
1560,79.0,78.99930500288333,78.99951680291372
1561,89.0,89.00145224889656,89.00100749288889
1562,82.0,81.99629699432747,81.99743374047583
1563,66.0,66.00477300364605,66.00330657449847
1564,77.0,76.99805245206538,76.99865232002352
1565,76.0,75.99530204345236,75.99674197565632
1566,79.0,79.01214350344219,79.00841794290473
1567,113.0,112.98306412388777,112.98826078908525
1568,105.0,105.01756868841626,105.01217774232823
1569,112.0,111.98586488423996,111.99020204875555
1570,89.0,89.00722564369867,89.0050092776398
1571,95.0,95.00096707359197,95.00066864119638
1572,113.0,112.99344882514566,112.9954609075717
1573,87.0,87.00753398610627,87.00522126455519
1574,71.0,70.99426242390659,70.99602267754322
1575,65.0,65.00370569027753,65.00256972872481
1576,71.0,70.99786759752662,70.99852016444542
1577,71.0,71.00121787133685,71.00084683101309
1578,66.0,65.99779059543701,65.9984649133934
1579,67.0,67.00673857180256,67.00467478894933
1580,67.0,66.98499545437005,66.98959662156501
1581,69.0,69.02388039198273,69.01655384478144
1582,113.0,112.97228868338485,112.9807919102539
1583,71.0,71.023266323353,71.01612751477182
1584,71.0,70.98691162523397,70.99092601464352
1585,71.0,71.00247066729375,71.00171509059071
1586,69.0,69.00505206478935,69.00349956794994
1587,83.0,82.99143242332738,82.99406264300994
1588,73.0,73.00889737232845,73.00616713806988
1589,77.0,76.99226490590041,76.99463769585958
1590,82.0,82.00620146878295,82.00429956486163
1591,99.0,98.99568374808017,98.99700699479732
1592,99.0,99.00226913101727,99.00157438418269
1593,88.0,87.99895079107482,87.99927086540727
1594,76.0,76.00170599634988,76.00118435372892
1595,66.0,65.99548223783596,65.9968673881399
1596,73.0,73.00797501897755,73.0055277921849
1597,103.0,102.9908681261959,102.99367150400718
1598,92.0,92.00665926321655,92.00461259352363
1599,84.0,83.99756790306634,83.99832587121624
1600,81.0,80.99900420014288,80.99926427765936
1601,72.0,72.00298203759812,72.00223977421498
1602,68.0,67.99518346327741,67.9960142241943
1603,62.0,62.01012713954917,62.00943614779759
1604,64.0,63.969090233463476,63.9695562451615
1605,66.0,66.0713012176102,66.07099289483756
1606,66.0,65.90516807472248,65.905352140573
1607,68.0,68.06977377254,68.06993304297121
1608,76.0,75.97341855711882,75.9725581876362
1609,80.0,80.00200359081427,80.00380321512228
1610,68.0,68.00731540705185,68.00442569799688
1611,68.0,67.9868334514959,67.99104456717242
1612,70.0,70.0179801183616,70.01241839813684
1613,105.0,104.97969980488928,104.98593999517527
1614,90.0,90.01863367270471,90.01291387114753
1615,97.0,96.98636951293182,96.99055145241256
1616,82.0,82.00719665657529,82.00498962325995
1617,77.0,76.99896240690785,76.9992797114441
1618,82.0,81.99604201156956,81.99725699582751
1619,84.0,84.00763731691904,84.00529401177621
1620,97.0,96.99008734788421,96.99312822076382
1621,93.0,93.01077274509333,93.00746846865215
1622,113.0,112.98897909013786,112.99235947868377
1623,129.0,129.01117086428286,129.00774374934002
1624,142.0,141.99047975844252,141.99340107859732
1625,104.0,104.00431417864378,104.00299066034033
1626,90.0,90.00244194904172,90.0016913646826
1627,119.0,118.99310255699848,118.99522096540039
1628,133.0,133.00762057547925,133.00527995676651
1629,142.0,141.9951724312212,141.99665638229544
1630,120.0,119.99845018012753,119.99892287322677
1631,111.0,111.01044296289466,111.00724156137218
1632,128.0,127.98076270860614,127.98666207779004
1633,116.0,116.02626752540674,116.0182120344761
1634,144.0,143.96796467053844,143.97778913941718
1635,136.0,136.03718698754807,136.02578158370852
1636,159.0,158.959885237335,158.9721899538436
1637,100.0,100.0379970642289,100.0263414281033
1638,109.0,108.96995686101634,108.97917189839278
1639,84.0,84.0183319613852,84.01271083898871
1640,94.0,93.99355952121348,93.99553159636561
1641,105.0,104.99802827772133,104.99863673522312
1642,83.0,83.00544467333174,83.00377234528673
1643,78.0,77.99393821241091,77.99579794975533
1644,86.0,86.00681483117162,86.0047251068552
1645,102.0,101.99157927983914,101.99416158777692
1646,102.0,102.00996599869129,102.00690926773262
1647,117.0,116.9890955927799,116.99244088591519
1648,121.0,121.01062121638222,121.00736191771995
1649,135.0,134.9926712770964,134.99492066294596
1650,112.0,112.00005985182871,112.00004191405093
1651,106.0,106.00800692216454,106.00554778142177
1652,132.0,131.9890474789748,131.99241123782312
1653,101.0,101.00629653190389,101.00436254655355
1654,92.0,92.00218774011682,92.00151663534851
1655,116.0,115.99102664985239,115.99378065052318
1656,119.0,119.01188950265418,119.0082410458792
1657,135.0,134.9881494592154,134.99178532995438
1658,126.0,126.01012121511233,126.00701631972868
1659,124.0,123.99275233320469,123.9949754337088
1660,107.0,107.00357295128481,107.00247739533393
1661,100.0,100.00005830681442,100.00003978191529
1662,103.0,102.99729995660542,102.99812863339278
1663,96.0,96.00443377982273,96.00307367978189
1664,89.0,88.9940409208799,88.99586875204623
1665,82.0,82.00711173147167,82.00493030282064
1666,98.0,97.99278001305768,97.99499447716396
1667,101.0,101.00659818807037,101.00457466345871
1668,103.0,102.99384703633093,102.99573427089204
1669,98.0,98.00575903011935,98.0039918619324
1670,103.0,102.99597053202287,102.99720771972902
1671,97.0,96.99982428556612,96.99987741459645
1672,108.0,108.00591779601756,108.0041021214771
1673,131.0,130.9896978996942,130.99285933124764
1674,116.0,116.01126884640938,116.00781099846218
1675,119.0,118.99054797303374,118.99344784625998
1676,116.0,116.00647943419028,116.00449187585964
1677,120.0,119.99697239865839,119.99790087889382
1678,108.0,107.9994839263835,107.99964257404145
1679,87.0,87.00343076371291,87.00237817509527
1680,82.0,81.99432429542429,81.99606531395386
1681,83.0,83.00771827055928,83.00535054960467
1682,92.0,91.99099084789037,91.99375486077682
1683,76.0,76.00836959952656,76.00580193074842
1684,78.0,77.99430992360875,77.9960547333858
1685,79.0,79.00228733744243,79.0015877035494
1686,92.0,91.99943150574326,91.99960287952491
1687,116.0,116.00290521812911,116.00201658213416
1688,108.0,107.99142737634982,107.99405626409234
1689,83.0,83.01311837351176,83.00909394910396
1690,116.0,115.98646951367658,115.9906195688651
1691,126.0,126.01196894256896,126.00829934881759
1692,119.0,118.98803798726256,118.99170511458738
1693,98.0,98.01371620134799,98.00951013377644
1694,104.0,103.9848830843761,103.98951987205697
1695,91.0,91.01456067931991,91.0100938451698
1696,102.0,101.98846588178934,101.9920045101397
1697,87.0,87.00639503105249,87.004432983982
1698,79.0,78.99991566255713,78.99994155268696
1699,77.0,76.99351136340057,76.99550230223926
1700,78.0,78.01208029263984,78.00837343556067
1701,101.0,100.98531179576248,100.98981874169701
1702,80.0,80.0132963745903,80.00921727450074
1703,80.0,79.99040785576703,79.99334948376573
1704,77.0,77.0065246555001,77.00452417431559
1705,77.0,76.99485641246709,76.99643447660321
1706,87.0,87.0031903761049,87.00220996815942
1707,124.0,124.00220400688337,124.00153020162693
1708,129.0,128.99005841056368,128.9931043579577
1709,94.0,94.01538848047116,94.01068188366675
1710,107.0,106.98392886368009,106.98880244701986
1711,100.0,100.01394272487137,100.00987960335175
1712,97.0,96.98780575571263,96.99074748298764
1713,75.0,75.01501579038819,75.01339032433341
1714,72.0,71.96306755588009,71.96327450563669
1715,80.0,80.08414100794644,80.08493088965314
1716,73.0,72.8861288129495,72.88540185671147
1717,68.0,68.0877435827415,68.08742708392337
1718,82.0,81.95873756376983,81.96027418634816
1719,92.0,92.01773195056752,92.01527231913062
1720,102.0,101.98735177381995,101.99043352741047
1721,85.0,85.01143621436678,85.00814143802117
1722,84.0,83.99009629948138,83.99307797325045
1723,72.0,72.00690622986855,72.0048016591009
1724,75.0,74.99835331582346,74.99885563371592
1725,69.0,68.99387541347082,68.99575562569873
1726,70.0,70.0145702048269,70.01009519583762
1727,99.0,98.97979432165681,98.98601227195994
1728,74.0,74.0209955578532,74.01448308145324
1729,81.0,80.9817541950007,80.98762410532026
1730,70.0,70.01500341010181,70.00936015196679
1731,73.0,72.98519376070968,72.99368384723672
1732,62.0,62.02646529873787,62.00345963549788
1733,61.0,60.917554060569415,60.998721181162765
1734,71.0,71.19367495656385,71.00037305206439
1735,76.0,75.74001683824284,75.999325239421
1736,76.0,76.19527604576277,76.00148178600678
1737,75.0,74.91641104521705,74.99793044316745
1738,65.0,65.02462924946637,65.00218562417423
1739,66.0,65.99094358518106,65.99767035953425
1740,74.0,74.00619151671484,74.00325121800593
1741,81.0,80.99264253128612,80.99517219252199
1742,77.0,77.0088311510844,77.00605114507697
1743,97.0,96.99076497347514,96.99361611979396
1744,104.0,104.00891255066773,104.00617389237657
1745,105.0,104.99218684697003,104.99458498452198
1746,78.0,78.00506852623965,78.00351340891902
1747,70.0,69.99890112518057,69.99923766640208
1748,74.0,73.99790708772741,73.99854996295858
1749,68.0,68.00325289909676,68.00225483945815
1750,69.0,68.99686496466704,68.99782560103262
1751,66.0,66.00376559776153,66.0026125274917
1752,62.0,61.99311579073989,61.99522565538344
1753,71.0,71.01203350860531,71.00834280449797
1754,100.0,99.98376521053913,99.98874590358909
1755,87.0,87.01654654920975,87.01147028494249
1756,102.0,101.98716877615524,101.9911038564121
1757,88.0,88.0079276725492,88.00549864984175
1758,69.0,68.99454288966355,68.99621318223424
1759,63.0,63.007221999938906,63.005009453006295
1760,65.0,64.98795049511311,64.99164622091352
1761,64.0,64.0160717436952,64.01113977127429
1762,98.0,97.98545068871412,97.98991613820874
1763,73.0,73.00617473688507,73.00428046557954
1764,74.0,74.00401750870265,74.00278221456755
1765,116.0,115.99112090586705,115.99384848666301
1766,103.0,103.0065123208508,103.00451236385466
1767,88.0,87.9989343955622,87.99926142513422
1768,84.0,83.99702266922274,83.9979366574553
1769,70.0,70.00480644393487,70.00333165299317
1770,70.0,69.9939018533018,69.99577279773115
1771,84.0,84.00743875414037,84.0051558848505
1772,110.0,109.992998542408,109.9951478677281
1773,94.0,94.00325226228622,94.00225341983212
1774,77.0,77.00279289194356,77.00193610168888
1775,72.0,71.99134574302853,71.99400197450822
1776,71.0,71.01164940034892,71.00807353919166
1777,114.0,113.99001741517614,113.9930816344729
1778,120.0,120.00460440403953,120.00319112116424
1779,110.0,110.00178903397804,110.00123999270912
1780,106.0,105.9923252031843,105.99468085529529
1781,109.0,109.01198761115779,109.00830731667989
1782,137.0,136.9876375819129,136.99143549119708
1783,113.0,113.0075284394027,113.0052058489347
1784,100.0,100.00016409792113,100.000157301115
1785,97.0,96.99287124898773,96.99489623393204
1786,73.0,73.01268157447814,73.00939760278257
1787,69.0,68.97952066686062,68.98353832457694
1788,70.0,70.04121745765687,70.03702727414392
1789,112.0,111.88673994789728,111.88992982220068
1790,120.0,120.23980011537769,120.23882691923927
1791,126.0,125.74886367397993,125.74781419258892
1792,129.0,129.0240717232188,129.0255791430207
1793,119.0,119.20535775027344,119.20481387605733
1794,112.0,111.79887121320735,111.79786735111847
1795,115.0,115.08210671625946,115.08449209048291
1796,108.0,107.98559405092081,107.98262436633219
1797,125.0,124.99814779018656,125.00069575159901
1798,118.0,118.00342421839895,118.00184445876926
1799,112.0,111.99737612764505,111.99832150543803
1800,123.0,123.00333255061831,123.0022731954271
1801,131.0,130.99561313819822,130.996968824238
1802,109.0,109.00371213162211,109.00257113505872
1803,98.0,97.99795619761164,97.99858245659507
1804,99.0,99.0019937313941,99.00138375996693
1805,93.0,92.99546836724802,92.99685744462542
1806,90.0,90.00779588507585,90.0054044004539
1807,110.0,109.99064027674116,109.99351207003875
1808,101.0,101.00879182730657,101.006093994271
1809,90.0,89.99300124775485,89.99514969836275
1810,71.0,71.00362875816418,71.00251311284393
1811,71.0,71.00315471405554,71.00218954065606
1812,66.0,65.9862282285402,65.99045201424941
1813,69.0,69.02450534149673,69.01698632714624
1814,127.0,126.97094474008946,126.97986058105921
1815,98.0,98.02438556404901,98.01690388844582
1816,111.0,110.98580762407846,110.990159412764
1817,116.0,116.00526140738927,116.00365107439784
1818,96.0,95.99871166004131,95.99910367650484
1819,82.0,82.00100047930913,82.00069516494929
1820,77.0,76.99887712179631,76.99922100862261
1821,67.0,67.00004235471224,67.0000301705755
1822,69.0,69.00092555146027,69.00064011115947
1823,86.0,86.00056873178387,86.00039563540625
1824,81.0,80.9956211849196,80.99696418645037
1825,67.0,67.00730387756201,67.00506290237207
1826,93.0,92.99270260643702,92.99494095745457
1827,104.0,104.00622344549609,104.00431546665556
1828,93.0,92.9934991514739,92.99549220935147
1829,75.0,75.00751549177731,75.0052106703513
1830,87.0,86.99243334612804,86.99475402971746
1831,91.0,91.0067642756616,91.00468977580488
1832,93.0,92.9940502422997,92.99587511149431
1833,83.0,83.00477835289337,83.00331252646781
1834,83.0,82.99765362665003,82.99837316627375
1835,76.0,75.99904073845673,75.99933608398118
1836,78.0,78.00293601373914,78.00203373732023
1837,111.0,110.99815684834074,110.99872330821415
1838,126.0,125.99902325230475,125.99932290314806
1839,115.0,115.00268513477717,115.00186110424575
1840,115.0,114.99729233211308,114.99812270765122
1841,119.0,119.00274476905773,119.00190349987435
1842,119.0,118.99619086970745,118.99735877523908
1843,115.0,115.00516132165475,115.00357820223599
1844,124.0,123.99421324925953,123.99598851381393
1845,121.0,121.00549305577144,121.00380769219096
1846,118.0,117.99573421969649,117.9970432415837
1847,104.0,104.0017719074853,104.0012280962309
1848,104.0,104.00162643105094,104.00112721220054
1849,112.0,111.99560045610943,111.99695074755594
1850,105.0,105.00535575212331,105.00371232392794
1851,110.0,109.9950931085867,109.99659834469111
1852,111.0,111.00409074279433,111.00283624596034
1853,107.0,106.99692135450047,106.9978649703515
1854,84.0,84.00184322227287,84.0012793374176
1855,65.0,64.99837305972912,64.99886993781281
1856,66.0,66.00408154132053,66.00283136678854
1857,73.0,72.99098279479509,72.99374860823826
1858,81.0,81.01356256779793,81.00940048967752
1859,118.0,117.98626469583382,117.9904804644216
1860,102.0,102.00794814389317,102.00550896796044
1861,103.0,103.00076335033822,103.0005279012843
1862,114.0,113.99285588137711,113.9950500028054
1863,86.0,86.00844656628217,86.00585337890365
1864,77.0,76.99399228370159,76.99583593435914
1865,71.0,71.0026311735227,71.00182446770589
1866,71.0,71.00006226971627,71.00004214353476
1867,76.0,75.99839561357666,75.99888903998942
1868,79.0,79.00169355164736,79.00117280164862
1869,91.0,90.9998099055675,90.99986907076453
1870,97.0,96.99761641011642,96.99834743652849
1871,95.0,95.00482125352323,95.00334175972112
1872,96.0,95.99422436249488,95.99599690067423
1873,76.0,76.0046882087666,76.00324954695442
1874,68.0,67.99764243261185,67.99836563335485
1875,67.0,67.00009280901058,67.00006456840794
1876,67.0,67.00154391099495,67.00107025852304
1877,69.0,68.99726073349464,68.99810065382783
1878,66.0,66.00386833602104,66.0026825493473
1879,68.0,67.99471964060403,67.9963381010168
1880,69.0,69.00704474987546,69.00488561810585
1881,80.0,79.99082427515474,79.99363633325123
1882,73.0,73.0125987574535,73.00873709856428
1883,71.0,70.9815589899627,70.98721358963206
1884,71.0,71.02512308663883,71.01741697850731
1885,117.0,116.97168773925503,116.9803731071697
1886,85.0,85.02563377226575,85.0177708572519
1887,84.0,83.98066502201172,83.98659413438733
1888,70.0,70.01313923278018,70.00911177171484
1889,70.0,69.99122642540317,69.99391419616137
1890,65.0,65.00610009827594,65.00423379904144
1891,67.0,66.99535038040891,66.9967656974978
1892,64.0,64.0044823419649,64.00314140500271
1893,63.0,62.993671291442936,62.995493072879995
1894,63.0,63.01127846399402,63.00825681042125
1895,71.0,70.97930129343968,70.98402284087985
1896,70.0,70.03930656545339,70.03332242491763
1897,111.0,110.90854846840503,110.91392997728339
1898,92.0,92.1848285409667,92.18236636079894
1899,94.0,93.76607020564836,93.76510671954037
1900,100.0,100.16823595688287,100.17095764726923
1901,79.0,78.93410473428284,78.9312789353051
1902,72.0,72.01628480443438,72.01872979791865
1903,63.0,62.98506242608744,62.98292104599729
1904,65.0,65.05671332211173,65.0587721028127
1905,61.0,60.85770933874357,60.85574824481617
1906,66.0,66.19628005296062,66.19708483664635
1907,68.0,67.84565326482628,67.84750100446092
1908,68.0,68.07604997409015,68.07173991488081
1909,114.0,113.96843279196635,113.97302264530614
1910,97.0,97.01335444807209,97.01062217102091
1911,76.0,75.99793820480905,75.99820445245126
1912,73.0,72.99513945077797,72.99672864550803
1913,69.0,69.00841468628487,69.00580995201625
1914,85.0,84.98969062320492,84.9928483557763
1915,82.0,82.01284513322204,82.00894390220633
1916,79.0,78.9825457806817,78.98775346591835
1917,78.0,78.02231635719295,78.0160157669788
1918,135.0,134.97452370779672,134.98030084330054
1919,125.0,125.03564971841695,125.03232577135823
1920,111.0,110.93948312146719,110.93983904115755
1921,111.0,111.07580426334155,111.07695852202211
1922,104.0,103.94359817244971,103.94269282125896
1923,80.0,80.02330597963639,80.02376938563012
1924,81.0,80.99464332057757,80.99424462875643
1925,113.0,113.00346466391983,113.00295143939849
1926,121.0,120.99006794022516,120.99296639686244
1927,118.0,118.01862948919317,118.01295382410291
1928,147.0,146.97632819861374,146.98358005309385
1929,108.0,108.0229604820687,108.0159205776259
1930,99.0,98.98122957296707,98.98698278856304
1931,79.0,79.01435911282364,79.00996642218163
1932,79.0,78.98890022484179,78.99226704903276
1933,72.0,72.0089434272682,72.00633546265425
1934,82.0,81.99188401532169,81.9938733463625
1935,92.0,92.01052360557179,92.00915902609482
1936,110.0,109.98343734057273,109.98406175091398
1937,114.0,114.01929078959228,114.01934654031666
1938,105.0,104.98733280513312,104.98676306834636
1939,94.0,94.00192944248096,94.00320007798545
1940,99.0,99.00569028033738,99.00344530374852
1941,124.0,123.99112580975651,123.9939827325563
1942,118.0,118.00832813232603,118.00573670480026
1943,122.0,121.99468416987898,121.99632479844718
1944,120.0,120.00150498711997,120.00104079687875
1945,119.0,119.00222335042898,119.00154173908203
1946,120.0,119.99446379635378,119.9961624375377
1947,111.0,111.00794366517201,111.00550590884231
1948,111.0,110.99137222058766,110.99402041936135
1949,88.0,88.00682394103309,88.00472868471815
1950,78.0,77.99790365752041,77.99854859502035
1951,65.0,64.9946769212932,64.99630882383562
1952,69.0,69.01341077724982,69.00929665522358
1953,104.0,103.98124726731193,103.98700059303269
1954,82.0,82.0198904749097,82.01378865053695
1955,81.0,80.98155407632007,80.98721225575864
1956,76.0,76.01572245637999,76.01089966895685
1957,112.0,111.98884181489785,111.99226450030075
1958,123.0,123.00478417175424,123.00331717011389
1959,128.0,128.00174234719188,128.00120684243188
1960,131.0,130.99320943980888,130.99529363792686
1961,112.0,112.00980221864975,112.00679428577858
1962,105.0,104.9891340412612,104.99246821817934
1963,83.0,83.00991544234779,83.00687285930154
1964,82.0,81.99335185339172,81.99539188151043
1965,68.0,68.00156147493131,68.00108245037312
1966,67.0,67.00352378314929,67.00244244411289
1967,93.0,92.99292354037019,92.99509447631162
1968,106.0,106.00936444468867,106.0064920914981
1969,114.0,113.98884090411167,113.99226367421291
1970,97.0,97.01218788550828,97.00844936257832
1971,102.0,101.98815103788364,101.99178574381267
1972,97.0,97.0099145507682,97.00687327533132
1973,111.0,110.99357401717377,110.99554475240643
1974,105.0,105.00223330287947,105.00154933535057
1975,90.0,90.00101835509173,90.00070451870714
1976,83.0,82.99781285473253,82.99848483988788
1977,73.0,73.00144417147462,73.00100120335844
1978,76.0,75.99978855711726,75.99985197985615
1979,87.0,87.00060860031111,87.00042427852004
1980,86.0,85.99596566890908,85.99720098473509
1981,88.0,88.00984272081234,88.00682459008233
1982,101.0,100.98448796800255,100.98924630409319
1983,87.0,87.01828237502465,87.01267408190952
1984,116.0,115.98263881198986,115.98796340117825
1985,116.0,116.01471874509984,116.01020632985036
1986,120.0,119.98685928966492,119.9908866089375
1987,115.0,115.01391793983576,115.00965232290025
1988,127.0,126.98310653347676,126.98828560985473
1989,122.0,122.02116749499706,122.01467589788983
1990,131.0,130.97550557499397,130.98301929303895
1991,91.0,91.02373441555807,91.01645339752966
1992,105.0,104.98219182906088,104.98765360682104
1993,88.0,88.00957314045397,88.00663965961913
1994,72.0,71.99622752212726,71.99738039975406
1995,75.0,75.00330946364312,75.00229780343875
1996,71.0,70.99276992784073,70.99498677177084
1997,67.0,67.0112537628946,67.00780002657325
1998,95.0,94.9893736765278,94.99263574841623
1999,76.0,76.00415728799231,76.00288112115066
2000,69.0,69.00437136384984,69.00302905309084
2001,88.0,87.99022808427718,87.99322809513602
2002,72.0,72.01006742926172,72.0069774195596
2003,73.0,72.99296485628639,72.99512336921985
2004,70.0,70.00336534659553,70.00233345383111
2005,69.0,68.99947641021814,68.99963647040322
2006,70.0,69.99863103121103,69.99905110830933
2007,66.0,66.00303347745655,66.00210317591471
2008,64.0,63.9947867249302,63.99638590489916
2009,68.0,68.00739128279619,68.00512327558548
2010,91.0,90.99219335617613,90.99458921987146
2011,88.0,88.00539263772033,88.00373766303876
2012,91.0,90.99891415245294,90.99924706773463
2013,88.0,87.99703499873935,87.99794543680791
2014,70.0,70.00511316971506,70.00354370631908
2015,69.0,68.99463288652964,68.99627991148476
2016,66.0,66.00484969772663,66.00336140558355
2017,66.0,65.995998193189,65.99722698753057
2018,60.0,60.00176546990094,60.001222066420574
2019,67.0,67.0032132228734,67.0022290888177
2020,68.0,67.98956679822554,67.99276712881426
2021,65.0,65.01655921011343,65.01147827370558
2022,105.0,104.98218917015646,104.98765391079775
2023,87.0,87.01410095173757,87.00977594484002
2024,75.0,74.99071949965466,74.99356420200819
2025,69.0,69.00679329700333,69.00471168730978
2026,68.0,67.99320613688589,67.99528916513727
2027,61.0,61.00728100422816,61.00504676009768
2028,69.0,68.99392518061158,68.9957910408052
2029,61.0,61.001549089034064,61.00107060348051
2030,64.0,64.00719285684985,64.00498929011133
2031,65.0,64.9807561116189,64.98665841508743
2032,61.0,61.03033291149958,61.02102650951221
2033,122.0,121.9654910684904,121.97607924102786
2034,89.0,89.02960183919217,89.02052076468277
2035,98.0,97.98032247045029,97.9863564705869
2036,95.0,95.01073870868841,95.00744819377084
2037,84.0,83.9944993574391,83.99618341767764
2038,68.0,68.00309308834143,68.00214634205793
2039,61.0,60.99812123041649,60.99869669616048
2040,60.0,60.00086037057452,60.00059634536546
2041,64.0,64.00068727995598,64.00047714382696
2042,63.0,62.99681453950701,62.99779088988115
2043,59.0,59.00637015796814,59.00441658641603
2044,65.0,64.99055523156606,64.99345248915233
2045,62.0,62.01131145023107,62.00784110686729
2046,82.0,81.98904701803893,81.99240744330862
2047,77.0,77.00822680724646,77.00570316550527
2048,80.0,79.99587298324106,79.99713814296325
2049,74.0,74.00026010034732,74.00018190558026
2050,63.0,63.00176821144001,63.001224019935364
2051,66.0,65.99890642330507,65.99924289883846
2052,64.0,63.99854969196619,63.998995104858494
2053,69.0,69.00316866422298,69.00219484427268
2054,97.0,96.99848806206768,96.99895364436108
2055,98.0,97.99688584763277,97.99784054320023
2056,79.0,79.007731860693,79.00535947297436
2057,80.0,79.98996495626898,79.99304430240917
2058,68.0,68.00969636226586,68.00672104518529
2059,75.0,74.99286830896334,74.99505643236428
2060,71.0,71.00312955945678,71.0021696958255
2061,82.0,82.00056356288204,82.00039052251235
2062,111.0,110.99730123171312,110.99812817896203
2063,118.0,118.00497613306165,118.00345180798182
2064,101.0,100.98973766132585,100.992883901346
2065,94.0,94.01756437169809,94.01217641813125
2066,124.0,123.97810130859988,123.98481987618993
2067,88.0,88.02023889472868,88.01403057848349
2068,87.0,86.98512489117617,86.98968550474649
2069,88.0,88.01024563392096,88.00710707825179
2070,100.0,99.9908285015109,99.9936367571593
2071,110.0,110.01243311992066,110.00862393518135
2072,115.0,114.98094147016103,114.98678438365702
2073,94.0,94.02635622329602,94.01827315172966
2074,115.0,114.96865799149295,114.97827147750577
2075,85.0,85.03244860682953,85.02249541568878
2076,104.0,103.97042524777487,103.97949655383948
2077,83.0,83.0234921703566,83.01628738337162
2078,107.0,106.98401307003753,106.98891508274875
2079,119.0,119.00911737723769,119.00632241951425
2080,120.0,119.99687467514121,119.99783212067703
2081,99.0,98.99698872240542,98.99791371995202
2082,89.0,89.00831338125462,89.0057615474465
2083,116.0,115.98979329589659,115.99292544787596
2084,107.0,107.00863172240668,107.00598417366186
2085,96.0,95.99344619640269,95.99545514113551
2086,89.0,89.00631609977552,89.00438001807852
2087,92.0,91.99240071582733,91.99473149228163
2088,94.0,94.00826302364405,94.00572753598325
2089,119.0,118.99376377869476,118.99567772579593
2090,116.0,116.00158894311224,116.00110131845942
2091,109.0,109.00335153959463,109.00232289637829
2092,119.0,118.99338147557731,118.99541240684476
2093,116.0,116.00832450391596,116.0057703191847
2094,117.0,116.99086546251338,116.99366848254367
2095,107.0,107.00825454474256,107.00572104435466
2096,119.0,118.99575433365936,118.99705764054866
2097,107.0,106.99776629356198,106.9984519958323
2098,91.0,91.0078283173141,91.00542519873618
2099,110.0,109.9904098537863,109.9933534331216
2100,104.0,104.00779427135049,104.00540244973072
2101,101.0,100.99537569581294,100.99679437951201
2102,98.0,98.00122644311315,98.00085047483071
2103,104.0,104.0023509661352,104.00162900099048
2104,107.0,106.99477572520772,106.99637975827257
2105,90.0,90.00575434746001,90.00398749016267
2106,93.0,92.99644233770917,92.99753501961324
2107,91.0,90.9998453209552,90.99989179439008
2108,82.0,82.00440701956286,82.00305589281311
2109,76.0,75.99100512216182,75.99376398208594
2110,73.0,73.01290004830982,73.00894287739715
2111,103.0,102.98556746097168,102.98999443653695
2112,94.0,94.01375308569193,94.00953537911172
2113,88.0,87.9871212173253,87.99107032284391
2114,78.0,78.01265197141299,78.00877205761434
2115,95.0,94.98802853682778,94.99170024529806
2116,91.0,91.00986975992933,91.00684259055105
2117,96.0,95.99349325491002,95.995488582662
2118,85.0,85.00273147968117,85.00189461308234
2119,75.0,75.00033640232573,75.00023194580984
2120,76.0,75.99797332394047,75.99859628735959
2121,74.0,74.00251297686842,74.0017407652862
2122,72.0,71.99806396366182,71.99865951245523
2123,63.0,62.99972397847238,62.999806777106194
2124,64.0,64.00471762849021,64.00327186094711
2125,71.0,70.98918414801753,70.99250201007126
2126,77.0,77.01605019734735,77.0111249057384
2127,118.0,117.98321087753303,117.98836357688408
2128,107.0,107.01129199344726,107.00782672655725
2129,120.0,119.99806331969306,119.99865641671413
2130,133.0,132.99368071954308,132.9956221334832
2131,114.0,114.00967655186139,114.0067048558385
2132,123.0,122.99230606076446,122.99466866336005
2133,117.0,117.00242707187064,117.00168145789738
2134,111.0,111.00372434688134,111.00258184250737
2135,108.0,107.99097205767626,107.99374224862345
2136,87.0,87.01224230000558,87.00848567740658
2137,89.0,88.9874607519259,88.99130841253367
2138,69.0,69.00979388081268,69.00678898795
2139,71.0,70.99513325369182,70.99662561890847
2140,68.0,67.9996340184408,67.99974802837022
2141,63.0,63.00358117398581,63.002480214935986
2142,78.0,77.99669010373975,77.9977075277704
2143,77.0,77.00005547998352,77.00003747583737
2144,74.0,74.00404965190867,74.0028072288982
2145,79.0,78.99320497879475,78.99529006253144
2146,65.0,65.00725980982521,65.0050324564266
2147,66.0,65.99380148458827,65.99570265505747
2148,62.0,62.005164400997856,62.003580664132436
2149,59.0,58.99537492891476,58.99679339317337
2150,60.0,60.00314966794786,60.002184862878586
2151,91.0,91.00032269146091,91.00021635445503
2152,113.0,112.99585740752599,112.99715682281
2153,99.0,99.0059448260991,99.0040156191789
2154,94.0,93.99449836382846,93.9965784728054
2155,92.0,92.00225881503766,92.00010153022441
2156,94.0,94.01140184290873,94.01336881906151
2157,69.0,68.9610013138303,68.95989546834906
2158,57.0,57.05752756044401,57.05739899285932
2159,56.0,55.95381113933371,55.95491182194897
2160,55.0,55.023166678478056,55.021523771364464
2161,64.0,63.98910921106835,63.99098584105133
2162,58.0,58.00760513489364,58.005664966317994
2163,58.0,57.993029369308786,57.995062180015196
2164,61.0,61.00697082395547,61.00486052442626
2165,80.0,79.99405672771991,79.99587271323308
2166,75.0,75.00338619458896,75.00234923182258
2167,66.0,65.99974016404329,65.99981941212476
2168,62.0,61.997298567721714,61.998127319286695
2169,61.0,61.00560027094431,61.003882193257624
2170,67.0,66.99182396372218,66.99433270317839
2171,61.0,61.00922569090313,61.00639442058946
2172,75.0,74.99244542614807,74.99476408495326
2173,67.0,67.00321513068147,67.0022282760651
2174,64.0,64.0023575738513,64.00163395985
2175,69.0,68.9927632229301,68.99498451134649
2176,65.0,65.00971403609196,65.0067323010556
2177,87.0,86.99128230944424,86.9939582158996
2178,87.0,87.00441910780295,87.00306279500573
2179,93.0,93.0014375960922,93.00099599552098
2180,94.0,93.99388242682586,93.9957604971099
2181,66.0,66.00765263791902,66.0053038782884
2182,61.0,60.99356366782027,60.995538405485874
2183,59.0,59.00437972448895,59.00303662277401
2184,63.0,62.997200242607704,62.99805851419011
2185,63.0,63.001862126491105,63.00129115526988
2186,60.0,59.99894532232489,59.9992690703658
2187,54.0,53.99959052637547,53.999715760565884
2188,58.0,58.00273380460827,58.001895201399215
2189,68.0,67.99502141673146,67.99654919363236
2190,66.0,66.00579471973836,66.0040163463832
2191,75.0,74.99548755858166,74.99687216455989
2192,70.0,70.00176961062479,70.00122731962573
2193,70.0,70.00058930008346,70.00040718872559
2194,85.0,84.9990730573976,84.99935879361323
2195,89.0,88.99931684896359,88.99952559849181
2196,84.0,84.00290978052885,84.00201735395162
2197,80.0,79.99545680113124,79.996850584422
2198,68.0,68.00494947312053,68.00343130771287
2199,71.0,70.99570469202885,70.99702147552503
2200,69.0,69.00389700913077,69.00270298935638
2201,67.0,66.99480527764078,66.99639765497093
2202,76.0,76.00764037724275,76.0052968301331
2203,100.0,99.99125928636528,99.99394082555895
2204,86.0,86.00715680787158,86.00496185523981
2205,77.0,76.99547185606669,76.9968592616058
2206,73.0,73.00344905354618,73.00239322500391
2207,69.0,68.99515238944728,68.9966376373419
2208,70.0,70.00757003541119,70.0052488273328
2209,87.0,86.99025237172675,86.99324213416358
2210,81.0,81.01059928778001,81.0073480694985
2211,88.0,87.98948256356978,87.99270897703849
2212,93.0,93.00922128462693,93.00639213115933
2213,122.0,121.99432604726039,121.9960667434019
2214,120.0,120.00050722884531,120.00035235864976
2215,98.0,98.00371703478133,98.0025755584182
2216,90.0,89.99475880969155,89.99636729915191
2217,77.0,77.0046932486412,77.00325410288298
2218,85.0,84.99568955389898,84.9970103108699
2219,109.0,109.00586300472973,109.00406570594726
2220,126.0,125.99116620403812,125.99387689152788
2221,110.0,110.01148122797949,110.0079520228713
2222,106.0,105.98673696297091,105.99083588340898
2223,91.0,91.01469790807418,91.01007183120278
2224,100.0,99.9846222846482,99.9897817026916
2225,95.0,95.01175332791088,95.00649597404274
2226,116.0,116.00729263148601,116.01121740732555
2227,90.0,89.95507238054877,89.95412009331827
2228,83.0,83.06915928065098,83.06769434194769
2229,98.0,97.94765342971775,97.94897684311938
2230,106.0,106.02013755257529,106.02012324517901
2231,90.0,89.99492710713514,89.99482838681709
2232,84.0,84.00646027454636,84.00492482431521
2233,78.0,77.98547620198062,77.98981007031031
2234,73.0,73.02366323835162,73.01643907104949
2235,119.0,118.97073193803953,118.97969262089785
2236,100.0,100.02971779561139,100.02063857192822
2237,117.0,116.97297758593285,116.98113775538744
2238,105.0,105.02423787576339,105.01727807708892
2239,120.0,119.97551150754042,119.98125663541185
2240,106.0,106.03590523282406,106.0314790462272
2241,104.0,103.91095828939261,103.91368959872547
2242,82.0,82.19380347828185,82.19314942199985
2243,72.0,71.7458958078059,71.74502645155815
2244,74.0,74.1883282817309,74.18935286634613
2245,79.0,78.92159686555313,78.9210668245126
2246,86.0,86.01971308431884,86.02025068270751
2247,102.0,101.99859449409442,101.99726256920377
2248,116.0,115.99298882072947,115.99561143927886
2249,112.0,112.01242158577408,112.00848439184011
2250,119.0,118.98488359163777,118.98955545775878
2251,96.0,96.01391107076155,96.00963406068307
2252,112.0,111.9908402684762,111.99365175238731
2253,111.0,111.00389035822943,111.00269843687673
2254,89.0,88.99878892703231,88.99915825738965
2255,74.0,74.00148520755775,74.00103104862178
2256,69.0,68.9969035076445,68.99785312503226
2257,68.0,68.0043577738282,68.00302022564553
2258,79.0,78.99617696785887,78.9973508477599
2259,77.0,77.00068888127242,77.00047715288053
2260,88.0,88.00378887623111,88.00262552539246
2261,105.0,104.99363442041616,104.99558918437168
2262,86.0,86.00473461318472,86.00328064412601
2263,84.0,83.99986117461145,83.99990393103249
2264,90.0,89.99602642097747,89.99724611235428
2265,77.0,77.00566224511718,77.00392467522107
2266,80.0,79.99415171125204,79.99594591917904
2267,90.0,90.0058769395696,90.00407387685657
2268,103.0,102.9948381531494,102.99642204625195
2269,89.0,89.00262261985155,89.00181808528636
2270,84.0,84.00071521776202,84.00049508437112
2271,93.0,92.99738482711763,92.998187939199
2272,87.0,87.00255152777554,87.00176852895214
2273,82.0,81.99794534575149,81.99857541523554
2274,84.0,84.00232507376539,84.00161189670153
2275,87.0,86.99732724278735,86.99814747826649
2276,81.0,81.0017351237774,81.00120264525685
2277,92.0,92.00030378335751,92.0002101187388
2278,111.0,110.99833108336372,110.9988439861334
2279,113.0,113.00112964305035,113.00078249779968
2280,111.0,111.0007547096841,111.00052283823914
2281,102.0,101.997702619797,101.99840877083483
2282,80.0,80.00192285651445,80.00133094444291
2283,73.0,73.000903228119,73.00062837448367
2284,72.0,71.99430530800936,71.99605013695025
2285,74.0,74.01172652402958,74.00813091252878
2286,95.0,94.98177426990198,94.98736456869197
2287,97.0,97.0234442300996,97.01625179787652
2288,126.0,125.97561000014967,125.98309310435532
2289,84.0,84.01940890167343,84.01345483908628
2290,80.0,79.98906234969094,79.9924159581732
2291,82.0,82.00349643360964,82.00242646602406
2292,75.0,75.00078550285436,75.00054219944141
2293,74.0,73.99717950282688,73.99804651541027
2294,80.0,80.00360074114548,80.00249454947672
2295,99.0,98.99732465321964,98.99814683985696
2296,103.0,102.9995404684341,102.99968059499278
2297,106.0,106.0048137904693,106.00333682561671
2298,109.0,108.99188003043471,108.99437211733385
2299,84.0,84.0084908966219,84.00588492058735
2300,82.0,81.99406819011269,81.9958885283335
2301,78.0,78.00198691704391,78.00137743794534
2302,79.0,79.00178755633672,79.001238775875
2303,86.0,85.9953997793072,85.99681142973787
2304,81.0,81.0063347493302,81.00439107213109
2305,81.0,80.99291755835085,80.99509063449204
2306,70.0,70.0066184162913,70.00458766032857
2307,74.0,73.99544899033802,73.99684514326056
2308,70.0,70.00112504762356,70.00078120646147
2309,74.0,74.00230979150174,74.00159648831116
2310,89.0,88.9959016240595,88.99717428857363
2311,84.0,84.00379672263472,84.00257756492164
2312,79.0,78.99782096598572,78.99869070524431
2313,74.0,73.99922031317621,73.99870859077032
2314,74.0,74.0085535196859,74.00873242729634
2315,73.0,72.96536374996681,72.96552808003705
2316,70.0,70.08287483801449,70.08247255024716
2317,71.0,70.88988645997262,70.89012408106058
2318,69.0,69.08040556847018,69.0807618387067
2319,63.0,62.96857884361221,62.96775525009748
2320,69.0,69.00716809787916,69.0077734301953
2321,67.0,66.9965564519294,66.99686155187551
2322,69.0,69.00523129159178,69.0038264398524
2323,80.0,79.99374281524227,79.99561080279935
2324,70.0,70.00331466566318,70.00231010949247
2325,87.0,87.00323301273974,87.00223806828842
2326,105.0,104.99029953101824,104.99327690449714
2327,81.0,81.01271598385499,81.00881458407045
2328,82.0,81.987591483418,81.99139639533868
2329,74.0,74.01114535034002,74.007732380667
2330,76.0,75.98964477532051,75.99280177944172
2331,67.0,67.0096118991357,67.0067334308391
2332,75.0,74.99195093482479,74.99415970069253
2333,67.0,67.00655949983772,67.00551912157404
2334,68.0,67.9889673525019,67.98872573961333
2335,75.0,75.04105637300063,75.04199053968551
2336,64.0,63.89487037464368,63.89421297616876
2337,66.0,66.15617219794412,66.15605421124016
2338,74.0,73.825905004799,73.82651980558316
2339,72.0,72.21174342567761,72.21114411598371
2340,74.0,73.76403694268674,73.76421738252526
2341,78.0,78.16841661141666,78.16893634398701
2342,85.0,84.93290419719631,84.93180946703801
2343,98.0,98.01571911097619,98.0167062256763
2344,83.0,82.99547370402297,82.99530577971325
2345,66.0,66.00362690891714,66.00293056615723
2346,72.0,71.99638034699437,71.99737988594771
2347,74.0,74.00268287645386,74.00188920955677
2348,74.0,73.99866037971815,73.9990637194344
2349,70.0,69.99976593331142,69.9998394868894
2350,70.0,70.00218609869275,70.00151520948502
2351,76.0,75.99562534881993,75.99696752103667
2352,79.0,79.00621624942346,79.00430871021058
2353,89.0,88.99329383506452,88.99535212061751
2354,78.0,78.00511031105096,78.00354136439756
2355,80.0,79.99831469570321,79.99883307850112
2356,87.0,86.99701365473244,86.99792822932784
2357,96.0,96.00872255950142,96.00604820158414
2358,106.0,105.98490994847344,105.9895384816671
2359,88.0,88.0209425452862,88.01451625595148
2360,99.0,98.97544948790906,98.9829892377049
2361,83.0,83.02342113584541,83.01620684166214
2362,128.0,127.98417394388488,127.98913379863453
2363,125.0,125.00389525642073,125.00231109451707
2364,111.0,111.0077773376472,111.00685002598152
2365,134.0,133.98444740028847,133.98572293584846
2366,124.0,124.0159355991352,124.01573618448624
2367,96.0,95.99113277173208,95.99035400210872
2368,84.0,84.00070317120603,84.00195066960536
2369,84.0,84.00377540558817,84.00222456331007
2370,93.0,92.99525714735762,92.99681830065862
2371,84.0,84.00269915265065,84.00184188754525
2372,90.0,90.00143020924057,90.00099962814552
2373,99.0,98.99471855740016,98.99633603800507
2374,84.0,84.00778189827223,84.00539684504146
2375,85.0,84.9891371284389,84.9924670533802
2376,99.0,99.01647981992303,99.01142568033603
2377,119.0,118.97768614517491,118.9845320297952
2378,91.0,91.02306538599129,91.01598819609156
2379,135.0,134.98311765665224,134.9882966597838
2380,145.0,145.007901406336,145.0054794320746
2381,122.0,121.99902015076367,121.99931799322445
2382,99.0,98.99717075614224,98.99804131794173
2383,91.0,91.0039543939155,91.0027391169832
2384,114.0,113.99803256909613,113.99863714853666
2385,120.0,119.99790362853783,119.99854755610694
2386,114.0,114.00461801265031,114.00319925081547
2387,131.0,130.99725785142556,130.99810067993428
2388,122.0,121.99764960772555,121.99837076091461
2389,101.0,101.00645718253324,101.0044749179877
2390,112.0,111.99347184422732,111.99547545738108
2391,106.0,106.00347954404062,106.00241280518681
2392,105.0,104.99898622923047,104.99929527017113
2393,121.0,121.00182166837642,121.00126459008143
2394,117.0,116.995105093789,116.99660605028788
2395,87.0,87.00716110278223,87.00496435168017
2396,81.0,80.99268208180511,80.99492654203088
2397,76.0,76.00651748211178,76.00451933954066
2398,81.0,80.99383342568414,80.99572337683907
2399,81.0,81.00688751557237,81.0047765259599
2400,86.0,85.99123490333928,85.99392224962064
2401,85.0,85.01116975721453,85.0077439629314
2402,99.0,98.98727072163051,98.99117571672299
2403,86.0,86.0120898311318,86.00838065174369
2404,90.0,89.99129868951049,89.99396798934411
2405,73.0,73.00344034113121,73.00238591234094
2406,68.0,68.00124380109814,68.00086053822382
2407,87.0,86.99682454304786,86.9978001512562
2408,87.0,87.00276964146363,87.00191935905654
2409,75.0,74.99810291610794,74.99868493951153
2410,66.0,66.00104253037887,66.00072303393742
2411,73.0,73.00022011352529,73.00015152924355
2412,79.0,78.99915216407214,78.9994141617897
2413,72.0,71.99881426544182,71.99917614186532
2414,80.0,80.00614346471741,80.00425935592457
2415,95.0,94.98861367783636,94.99210803541857
2416,87.0,87.01297263960176,87.00899063989095
2417,115.0,114.9912455223288,114.99393273570945
2418,103.0,103.00074025182099,103.00051343606988
2419,76.0,76.00632123677875,76.00438059387595
2420,82.0,81.99057346825892,81.99346634452701
2421,74.0,74.00939055889003,74.00650998230594
2422,77.0,76.99137631616449,76.99402065071214
2423,76.0,76.00860356935681,76.00596555409987
2424,88.0,87.99066335559895,87.99352686482561
2425,97.0,97.00961517679451,97.00666541772253
2426,127.0,126.99214370876567,126.99455412828564
2427,129.0,129.00372209729008,129.0025805764916
2428,127.0,127.00112987743243,127.00078191366083
2429,120.0,119.9958738509712,119.99714150103037
2430,87.0,87.00375717223204,87.0026032930673
2431,72.0,71.99909484177233,71.99937243904861
2432,69.0,68.99817891717525,68.99873885558377
2433,67.0,67.00210938580634,67.00146078555758
2434,87.0,87.00031696366914,87.0002204241116
2435,99.0,98.99656930984288,98.99762203222521
2436,84.0,84.00500462356132,84.00346871848268
2437,79.0,78.99514658564637,78.99663600096595
2438,76.0,76.00390284214559,76.00270499390638
2439,80.0,79.99792958156034,79.99856535867406
2440,76.0,75.99876464620202,75.99914345777833
2441,83.0,83.00506130106994,83.00350791023521
2442,104.0,103.99290663032855,103.99508387933146
2443,92.0,92.00623402343437,92.00432068536588
2444,82.0,81.99647509621757,81.99755678925742
2445,72.0,72.00024419645207,72.00016941291625
2446,69.0,69.00311970425933,69.00216194498483
2447,71.0,70.99432857356517,70.99606980384536
2448,65.0,65.00568444101239,65.00393910208382
2449,87.0,86.99745773096508,86.99823834118573
2450,95.0,94.99821983139357,94.99876622011331
2451,78.0,78.00468716761385,78.0032487309503
2452,73.0,72.99423773770845,72.99600562632277
2453,69.0,69.0061419427396,69.00425780469445
2454,73.0,72.99383885819105,72.99572898578641
2455,66.0,66.0051661696999,66.003581244634
2456,73.0,72.99697507449086,72.99790290047805
2457,75.0,75.0006567169092,75.00045552447241
2458,70.0,70.00106128492578,70.0007357843081
2459,69.0,68.99769731099501,68.99840274846993
2460,70.0,70.00375774237233,70.00260790786213
2461,73.0,72.99447917273208,72.99616343004686
2462,67.0,67.00709157611203,67.00494956526663
2463,74.0,73.99183339028478,73.99421472708191
2464,73.0,73.00906632880823,73.00674715165225
2465,84.0,83.98826067176775,83.99013721269763
2466,78.0,78.02446818200555,78.02339918776269
2467,73.0,72.94935366830929,72.94950128201417
2468,71.0,71.06569060627493,71.06612038067438
2469,72.0,71.9520141410126,71.95160364668658
2470,75.0,75.01760901929264,75.01761210373509
2471,74.0,74.00542172598648,74.00590429805641
2472,71.0,70.95726987743134,70.95639028550653
2473,76.0,76.1090419402556,76.11002941590581
2474,72.0,71.85067756952459,71.85018739568545
2475,66.0,66.1148645330745,66.11418048302457
2476,67.0,66.94603921581405,66.94814530990303
2477,65.0,65.02306603141139,65.01986078491613
2478,82.0,81.98495236066367,81.98853170401783
2479,68.0,68.01117437433027,68.00802444971883
2480,69.0,68.99225214319262,68.99455376458914
2481,69.0,69.00498413522543,69.00347595190982
2482,73.0,72.99712298731657,72.99799967798496
2483,69.0,69.0008850745468,69.00061519274641
2484,65.0,65.00128788375153,65.00089234526638
2485,64.0,63.99644095845395,63.9975331307847
2486,64.0,64.00547204493444,64.00379260569093
2487,78.0,77.99391024731419,77.99577966730682
2488,82.0,82.00431603415922,82.00299074004906
2489,100.0,100.0000658819904,100.00004608888847
2490,102.0,101.99464566283818,101.99628910343222
2491,80.0,80.00864933635104,80.00599426561801
2492,81.0,80.9918827847371,80.99437432727952
2493,66.0,66.00425562341374,66.00294995932512
2494,67.0,67.00058883627113,67.0004068389933
2495,80.0,79.9963820465414,79.99749429351343
2496,75.0,75.00325372674892,75.00225304994436
2497,80.0,80.00023936533361,80.00016804014057
2498,82.0,81.99437539749816,81.99609941378017
2499,79.0,79.01157211039386,79.00802280293254
2500,93.0,92.98344182250577,92.98852143377758
2501,86.0,86.01866953631057,86.0129420692645
2502,119.0,118.9830515954175,118.98825030098757
2503,108.0,108.0131589944408,108.00912368859312
2504,90.0,89.98984629761458,89.99295982197711
2505,75.0,75.0080622384067,75.00558921533872
2506,89.0,88.99552640295427,88.99689920447489
2507,85.0,84.9985632555244,84.99900390052154
2508,82.0,82.0071588796509,82.0049626834763
2509,103.0,102.99005955124511,102.9931076360763
2510,87.0,87.01092816228308,87.00757970816005
2511,74.0,73.98519786359752,73.98973306574788
2512,85.0,85.02430838563151,85.01685609137664
2513,119.0,118.963463912956,118.9746699684436
2514,88.0,88.04536337623506,88.03144686796597
2515,129.0,128.9541810300417,128.96823804172683
2516,82.0,82.03659881748194,82.02537183842166
2517,112.0,111.97866979406014,111.98520996506443
2518,122.0,122.0069736426004,122.0048396159396
2519,99.0,99.00143065786656,99.0009866504874
2520,89.0,88.99606513922059,88.99727586317603
2521,79.0,79.00318559586648,79.00220610654256
2522,81.0,80.9990053035491,80.99931202373945
2523,83.0,82.9978986587884,82.99854184036344
2524,84.0,84.00598059635743,84.0041474250349
2525,89.0,88.98957775211396,88.99277353238314
2526,82.0,82.01489915583397,82.01032971671951
2527,98.0,97.9813147433417,97.98704625334467
2528,91.0,91.02083820404755,91.0144453086052
2529,115.0,114.98018394173553,114.98626401966304
2530,103.0,103.01396486151899,103.00968015050285
2531,128.0,127.99612677853338,127.99731381121583
2532,129.0,128.99396235343633,128.99581772363194
2533,82.0,82.01064009666607,82.00737231535429
2534,78.0,77.9910762439928,77.9938164404673
2535,77.0,77.00355559734616,77.00246363879859
2536,86.0,86.00298449538914,86.00206890039685
2537,94.0,93.99100637941198,93.99376642704888
2538,89.0,89.01218352949715,89.00844461778304
2539,123.0,122.98880781714183,122.99224170808628
2540,124.0,124.00773264888838,124.00536144510426
2541,108.0,107.99518856952605,107.99666284937224
2542,87.0,87.00362251491592,87.00251291565436
2543,77.0,76.99635973511748,76.99747515232639
2544,75.0,75.00412564443135,75.00286102634445
2545,85.0,84.99540364607935,84.99681272941552
2546,85.0,85.00510325392132,85.00353869700552
2547,84.0,83.99398754609594,83.99583122061016
2548,79.0,79.00708008484145,79.0049084224776
2549,90.0,89.99256478187705,89.99484584065826
2550,90.0,90.00631928813597,90.00438044967186
2551,99.0,98.99650909522865,98.99757979767055
2552,91.0,90.99975460593956,90.99983106173384
2553,79.0,79.00284878340479,79.00197286814662
2554,86.0,85.99760867984504,85.9983441494235
2555,83.0,82.99879838309926,82.99916633196905
2556,86.0,86.00572782107429,86.00396970989527
2557,100.0,99.9921115946634,99.99453346493921
2558,80.0,80.00575489045903,80.00398797063337
2559,79.0,78.99943547361787,78.99960876966014
2560,85.0,84.99554870029924,84.99691522441007
2561,76.0,76.00686895482792,76.00476065535537
2562,85.0,84.99351151158623,84.99550236492021
2563,82.0,82.00485290037228,82.00336458983824
2564,82.0,81.9962232233023,81.9973813560007
2565,88.0,88.00357046851767,88.00247485731998
2566,97.0,96.99742288032132,96.99821451956481
2567,86.0,85.99932854429693,85.99953339650652
2568,87.0,87.00513199858757,87.00355908050392
2569,111.0,110.99163689382074,110.99419736347372
2570,113.0,113.00943634880701,113.0065622079182
2571,120.0,119.99063452915536,119.99342828456062
2572,110.0,110.00917936881888,110.00666489685237
2573,102.0,101.99170365399561,101.99310296763355
2574,78.0,78.00351616881213,78.00677702505733
2575,78.0,78.01496163036957,77.99401559630604
2576,78.0,77.91796911944621,78.00451703106236
2577,95.0,95.20867064441642,94.99757357903366
2578,102.0,101.71534118651493,101.99991339439734
2579,99.0,99.21597327445204,99.00263570102516
2580,94.0,93.90461957139331,93.9952632042435
2581,79.0,79.03183429678705,79.00571188198255
2582,89.0,88.98630022206184,88.99484210764739
2583,85.0,85.00683697393886,85.00359509486415
2584,80.0,79.99678406051002,79.99807019702351
2585,73.0,73.00094916582269,73.00058058907743
2586,72.0,72.0004633326378,72.00034044243978
2587,78.0,77.99908401806923,77.99936098323063
2588,78.0,78.00028348960788,78.00019651919533
2589,75.0,75.00161891303821,75.00112324386153
2590,71.0,70.99489357928815,70.99645953574559
2591,76.0,76.0092605264548,76.00641895237074
2592,96.0,95.98872869639088,95.99218811388735
2593,74.0,74.00890784155737,74.00617367532031
2594,73.0,72.99697826529632,72.99790558804165
2595,75.0,74.99651831609717,74.99758720528891
2596,70.0,70.00811833643058,70.00562652703758
2597,84.0,83.99020059061428,83.99320793204595
2598,75.0,75.00869946260428,75.00603021278573
2599,77.0,76.99417631899502,76.99596250588083
2600,70.0,70.00247759769458,70.00171871880049
2601,67.0,66.99998392406435,66.99998710383636
2602,73.0,72.99950120921079,72.99965608599386
2603,71.0,70.99890429845057,70.99923892308796
2604,69.0,69.00404596471753,69.00280566023766
2605,72.0,71.99275711163835,71.99497884759307
2606,67.0,67.00955222574879,67.00662138372017
2607,82.0,81.98998330801608,81.99305716898542
2608,79.0,79.00807610606316,79.00559722050957
2609,89.0,88.99648302499965,88.99756338122069
2610,86.0,85.9968303529285,85.997801027524
2611,88.0,88.00986280592481,88.0068419146094
2612,112.0,111.98641147107267,111.99056029230286
2613,89.0,89.01347744156479,89.00942030707438
2614,79.0,78.98812962116605,78.99148105561704
2615,68.0,68.01231514852739,68.0096176098605
2616,73.0,72.97977800821117,72.98195285942094
2617,70.0,70.05397742941973,70.05245147191846
2618,77.0,76.88071373068847,76.88135277231297
2619,78.0,78.15626914729124,78.15652575051959
2620,77.0,76.8855573577477,76.88472310591348
2621,77.0,77.04572638365713,77.04667990742516
2622,66.0,65.98949986592763,65.98888804284556
2623,66.0,66.00114960603423,66.00114667757362
2624,72.0,72.00638058282316,72.00685650502851
2625,69.0,68.96886121933123,68.96833258807455
2626,70.0,70.07821553915937,70.07849680148715
2627,71.0,70.8939316895135,70.89390654426693
2628,67.0,67.07982529788842,67.07963158034967
2629,59.0,58.9651297099071,58.96567092762696
2630,60.0,60.01197933456626,60.01101888392838
2631,81.0,80.99360178887507,80.99486312879074
2632,94.0,94.00517040356647,94.00367500721035
2633,93.0,92.99570214139442,92.99735948836268
2634,70.0,69.99992504206574,69.99850270221911
2635,65.0,65.01561481917423,65.01626548368489
2636,64.0,63.93244735262192,63.932853053872236
2637,60.0,60.162392898685184,60.16117350984641
2638,66.0,65.78487749665891,65.78572302993942
2639,68.0,68.15533204455923,68.15628107837792
2640,68.0,67.94227781912078,67.9396640529534
2641,106.0,106.00909435567657,106.01175037125219
2642,108.0,108.00005714722184,107.99858133901347
2643,94.0,93.99975960480003,94.0002222555058
2644,88.0,88.0010639818168,88.00063477200835
2645,76.0,75.99624865425291,75.99742670810949
2646,61.0,61.00643122364592,61.00445042088705
2647,66.0,65.99292558813102,65.9950986753123
2648,60.0,60.00497839337623,60.00345024971467
2649,77.0,76.99864758649305,76.99906201366346
2650,101.0,100.99833848919755,100.99884951573974
2651,105.0,105.00278049696465,105.00192590982147
2652,98.0,97.99832843327174,97.998842558195
2653,76.0,75.99844653411695,75.99892272005381
2654,73.0,73.00528997523485,73.00366628071887
2655,103.0,102.99322205309096,102.99530275647831
2656,113.0,113.00482776941261,113.00334596187774
2657,127.0,126.99921198668983,126.9994531460932
2658,133.0,132.99718337661517,132.99804932716867
2659,124.0,124.00357295816737,124.00247450500785
2660,133.0,132.9994671098234,132.99963223138542
2661,128.0,127.99533673049676,127.99676713395746
2662,110.0,110.00902461296857,110.0062544722414
2663,123.0,122.98891267589946,122.9923196890879
2664,124.0,124.01145238257973,124.00791790187577
2665,127.0,126.98934485449686,126.99269385461582
2666,97.0,97.00862386689438,97.00567614237947
2667,82.0,81.9948838511322,81.99758538531792
2668,83.0,82.99544106283824,82.99260948279834
2669,101.0,101.04203382452256,101.04492926242607
2670,88.0,87.8841420583893,87.88191690094924
2671,85.0,85.16352201365963,85.16398478564872
2672,81.0,80.87022747820996,80.87227261087287
2673,67.0,67.06502438173305,67.06086497783903
2674,91.0,90.97023596323675,90.97513695332387
2675,84.0,84.01757772700223,84.01332010053159
2676,100.0,99.98956127775676,99.99245352249538
2677,106.0,106.00552553241722,106.00393382867408
2678,110.0,109.99684662623164,109.9977133320059
2679,117.0,117.002827271102,117.0022616561555
2680,118.0,117.99780554463457,117.99735344751193
2681,95.0,94.99727216477211,95.00236709917627
2682,77.0,77.02100609728629,76.99851253914012
2683,66.0,65.91416844636353,66.00073034668527
2684,63.0,63.20711860520249,62.999259126504654
2685,66.0,65.72392487142096,66.00215994151117
2686,66.0,66.20058788283839,65.99473241196576
2687,71.0,70.92608271801139,71.00898845166938
2688,102.0,102.00698423299083,101.98879347928904
2689,89.0,89.00934320991459,89.01073439554318
2690,98.0,97.98950816858977,97.99160246090806
2691,94.0,94.00795600453777,94.00581162963199
2692,91.0,90.99465080569193,90.99621314404874
2693,77.0,77.00338255250097,77.00236660669586
2694,68.0,67.99747587429914,67.99824345544171
2695,66.0,66.00334517464262,66.0023211238618
2696,65.0,64.99493615707736,64.9964896699911
2697,66.0,66.00515367013955,66.00357167081324
2698,103.0,102.99795779440548,102.99858471028924
2699,122.0,121.99762878478928,121.99835696719921
2700,104.0,104.00490767619888,104.00340088259264
2701,93.0,92.9952436581431,92.9967036935585
2702,80.0,80.00306489627243,80.00212429079163
2703,77.0,76.9992554970149,76.99948377059525
2704,75.0,74.99836901667119,74.99886996906206
2705,74.0,74.00310423261315,74.00215106461906
2706,87.0,86.9972565449094,86.9980986614477
2707,91.0,91.00073586514965,91.00051072660864
2708,99.0,99.00108934680512,99.0007533113905
2709,114.0,113.99970218163278,113.99979583630994
2710,106.0,105.99618594536753,105.99735440964321
2711,97.0,97.00909326856254,97.00630426458976
2712,112.0,111.98739636990435,111.9912624572134
2713,96.0,96.01348923169472,96.00935230124537
2714,92.0,91.98687058498084,91.99089593941802
2715,73.0,73.0134989699958,73.009360938848
2716,72.0,71.98413169287045,71.98899700792106
2717,74.0,74.01938314316774,74.01343822757048
2718,104.0,103.97915208231103,103.98554728188138
2719,74.0,74.01801828205586,74.01249162211238
2720,74.0,73.98742882588917,73.99128326082008
2721,74.0,74.00801917840387,74.00556165197487
2722,74.0,73.99412347302818,73.9959244018025
2723,67.0,67.00507670824159,67.00351986051845
2724,67.0,66.99636902391903,66.997483293334
2725,59.0,59.00022497042838,59.00015561491817
2726,70.0,70.00436577407473,70.00302604713151
2727,93.0,92.99243761390481,92.99475839787499
2728,80.0,80.00783492345516,80.00543105954392
2729,73.0,72.9936923086663,72.99562673354347
2730,65.0,65.00494398494045,65.00342840287125
2731,66.0,65.99537465934338,65.9967927271928
2732,69.0,69.00498360515078,69.00345483383462
2733,77.0,76.99518293182284,76.99666152153823
2734,67.0,67.00288986255792,67.00200195156388
2735,64.0,64.00127172530236,64.00088283870504
2736,62.0,61.99284880962655,61.995042268150705
2737,65.0,65.01284754553053,65.0089052918373
2738,96.0,95.98468400425041,95.98938419468946
2739,84.0,84.01264400737442,84.00876426414558
2740,98.0,97.99375844267675,97.99567228207876
2741,101.0,101.0000893352467,101.00006431961498
2742,83.0,83.00240541711841,83.00166506696593
2743,84.0,83.99894850903485,83.9992722521574
2744,82.0,81.99852283758348,81.99897618091369
2745,66.0,66.0025569748737,66.00177189009042
2746,63.0,62.9981861229772,62.99874293379092
2747,63.0,63.000511225466695,63.000354415428646
2748,62.0,62.00033925505317,62.00023517530769
2749,64.0,63.99922015244384,63.999459050894316
2750,66.0,66.00139604729272,66.00096851571038
2751,66.0,65.99747983958204,65.99825183048434
2752,64.0,64.0039948874261,64.00277108170908
2753,69.0,68.99404890213046,68.99587200370577
2754,64.0,64.009682180414,64.00671475655315
2755,59.0,58.9837781791656,58.98875302357508
2756,60.0,60.023092830881666,60.01600797579421
2757,109.0,108.97513907163113,108.98276726803282
2758,73.0,73.019115685323,73.01325137548305
2759,62.0,61.990365500808906,61.993318922155005
2760,62.0,62.00196924245443,62.00136862901104
2761,56.0,56.0015101375561,56.00104339761524
2762,60.0,59.998628887859894,59.99905235146218
2763,59.0,58.99868541259332,58.99908660120429
2764,60.0,60.005852654605015,60.00405834256209
2765,64.0,63.98901957161274,63.99238791420265
2766,61.0,61.013833451090676,61.00959091429894
2767,99.0,98.98851876902351,98.99203083526606
2768,92.0,92.00434056922428,92.00305321098155
2769,81.0,81.00329849632625,81.0021194657483
2770,88.0,87.99352779397843,87.99613302631379
2771,68.0,68.00104839716089,67.99842094074647
2772,67.0,67.02245531125398,67.02416645387622
2773,64.0,63.93481966699118,63.93424755236436
2774,60.0,60.090640279587724,60.09040586052437
2775,58.0,57.93095180340434,57.931565269764484
2776,58.0,58.031077069426495,58.030144728093816
2777,61.0,60.98715982856153,60.988791593694444
2778,57.0,57.01219422809584,57.00907420981298
2779,54.0,53.98120452940106,53.98680276591327
2780,54.0,54.02719074932549,54.01889375827684
2781,106.0,105.96886080282599,105.97840277080057
2782,73.0,73.02720257827411,73.01886058594181
2783,84.0,83.9820877256341,83.9875797027581
2784,79.0,79.00888530755716,79.0061635580163
2785,65.0,64.99623292094688,64.99738477759352
2786,60.0,60.00248680253938,60.00172637831297
2787,63.0,62.996957020002455,62.99788961744359
2788,65.0,65.00361001668051,65.00250213776548
2789,74.0,73.99690822120216,73.99785823237899
2790,71.0,71.00080041016547,71.00055229713251
2791,69.0,69.00400270447606,69.00277838023467
2792,67.0,66.98827260863779,66.99186464288653
2793,75.0,75.02040316567285,75.01415897118284
2794,118.0,117.97482885557369,117.98249452090587
2795,87.0,87.02250936291952,87.01582028268564
2796,103.0,102.98492016775282,102.9887331905422
2797,107.0,107.012578885962,107.0117535055645
2798,94.0,93.9654479079201,93.96473528159356
2799,108.0,108.08611583538874,108.08674822556098
2800,118.0,117.88199344716813,117.88193501416752
2801,117.0,117.08874163660401,117.08856737541647
2802,116.0,115.96123491966136,115.96181709578401
2803,131.0,131.015588739878,131.01383676735006
2804,134.0,133.98776280955124,133.99070654603346
2805,89.0,89.01011765216086,89.00722920847382
2806,76.0,75.99557475121567,75.99687514200437
2807,67.0,66.996992848294,66.99793140568912
2808,65.0,65.00854348294853,65.00591727555835
2809,101.0,100.98983846790075,100.99295716151777
2810,108.0,108.00928990874766,108.00644094694493
2811,111.0,110.99069074866053,110.99354481355448
2812,117.0,117.01129773532544,117.00783297882082
2813,130.0,129.98740864579105,129.9912709141858
2814,95.0,95.0106800175242,95.00740485497232
2815,84.0,83.99283320615861,83.99502899593642
2816,83.0,83.00620346928527,83.00430380029971
2817,72.0,71.99055413052334,71.99344971298683
2818,66.0,66.01388269059315,66.00962419306569
2819,103.0,102.98486523380365,102.98950840515252
2820,97.0,97.01228883148579,97.00851965377686
2821,102.0,101.99171458202491,101.99425455392543
2822,112.0,112.00586169105495,112.00406538059005
2823,122.0,121.99500356495207,121.9965348389732
2824,113.0,113.00430144527972,113.00298393295778
2825,102.0,101.99725377024883,101.998089303204
2826,83.0,82.9997530697243,82.9998562534789
2827,75.0,75.00435849109336,75.00291680829164
2828,75.0,74.99281834351547,74.99541211431242
2829,63.0,63.004182496900924,63.00144497961341
2830,96.0,96.01206355756909,96.01378597286985
2831,123.0,122.93498563347492,122.93469284491634
2832,124.0,124.16001545956172,124.15933188986259
2833,118.0,117.78632292434354,117.78698466667225
2834,105.0,105.15673468730513,105.15705919634868
2835,90.0,89.9387185127839,89.93727824778173
2836,89.0,89.01183258153466,89.01362759336118
2837,72.0,71.99891951275909,71.99779589185651
2838,67.0,67.00271479547553,67.00227259881184
2839,63.0,62.9915398349037,62.994030924612055
2840,63.0,63.01369291873123,63.00951892062805
2841,105.0,104.98503049511878,104.98961683373909
2842,105.0,105.01161810363577,105.0080552913091
2843,111.0,110.99427142084197,110.99602766669435
2844,104.0,103.9999125046978,103.99994108861982
2845,89.0,89.00400604905876,89.00277498503885
2846,87.0,86.9949656690442,86.9965120319901
2847,72.0,72.00315820270552,72.00218805565763
2848,70.0,70.00049032924203,70.00034032316901
2849,72.0,71.99591567225197,71.99716878919146
2850,64.0,64.00624046182514,64.00432600287229
2851,73.0,72.9930796634983,72.99520204769455
2852,76.0,76.00702422921773,76.00487075534217
2853,83.0,82.9925653652348,82.99484412088674
2854,75.0,75.00898230938608,75.00622883992521
2855,72.0,71.98780880013348,71.99154764175131
2856,74.0,74.01559103253958,74.01080750337618
2857,112.0,111.98440569218126,111.98919125057927
2858,104.0,104.00995162373353,104.00689785791315
2859,121.0,120.99915093986735,120.99941038685282
2860,137.0,136.99339117497377,136.9954207581259
2861,107.0,107.00921870823416,107.006389106657
2862,97.0,96.9917541111551,96.9942837089548
2863,90.0,90.00678790980102,90.00470675733663
2864,87.0,86.99383914510366,86.9957273638584
2865,72.0,72.00607046590135,72.0042105232294
2866,67.0,66.99319256394895,66.99527795747787
2867,62.0,62.00965462848016,62.00669584146887
2868,63.0,62.9849953046114,62.9895964071819
2869,65.0,65.02049979725226,65.0142114407085
2870,113.0,112.97761923190635,112.98448515386879
2871,100.0,100.01940993893419,100.01345626818016
2872,102.0,101.98600766593368,101.99029805917245
2873,89.0,89.00921216483935,89.00638887238921
2874,81.0,80.99359446243598,80.9955567851
2875,72.0,72.00518577297655,72.00359792511063
2876,70.0,69.99569234705845,69.99700734983003
2877,60.0,60.00285685993768,60.00200225007497
2878,63.0,62.998611349855715,62.99895776602286
2879,73.0,73.00151672952215,73.00134577965748
2880,70.0,69.99526252429693,69.99562006279376
2881,58.0,58.01014517505521,58.009653793023524
2882,59.0,58.98767456506586,58.987937720948246
2883,65.0,65.00777983927166,65.0080390423813
2884,64.0,63.99936509932289,63.99836364745492
2885,60.0,59.995677607967785,59.99767741288862
2886,64.0,64.00462535262545,64.00170512310362
2887,99.0,99.00619718945029,99.00963023154769
2888,94.0,93.95182600625886,93.9467610379799
2889,72.0,72.12495287256058,72.13396580745766
2890,62.0,61.82956875740677,61.819143650509496
2891,60.0,60.13266692447403,60.13517448054808
2892,59.0,58.92245697387158,58.94308586919284
2893,57.0,57.105835200564066,57.01580512418024
2894,60.0,59.77796992194121,59.9953630565419
2895,62.0,62.292675801553834,62.00116469445802
2896,63.0,62.78390653428563,63.000803644289014
2897,61.0,61.0865250757613,60.99711344359298
2898,67.0,66.98218672762117,67.00440196579873
2899,99.0,99.00077700125095,98.99609571565145
2900,98.0,98.00050991341656,98.00152599150897
2901,82.0,82.0017168124008,82.00088181275994
2902,76.0,75.99701243529455,75.99800982326713
2903,66.0,66.00298365745311,66.0020474359778
2904,62.0,61.99727739048601,61.99811766754918
2905,61.0,61.00272022447441,61.00188478997801
2906,65.0,64.99719212996433,64.9980534219731
2907,62.0,62.00278272624223,62.00192945235729
2908,60.0,59.99723641191969,59.99808372882085
2909,56.0,56.00300724849278,56.00208500983719
2910,60.0,59.99650664173594,59.99757848876293
2911,71.0,71.0033227292663,71.00230283275553
2912,95.0,94.99870017784036,94.99909912995096
2913,93.0,92.99811597828744,92.99869474864488
2914,70.0,70.00360201431218,70.0024956341559
2915,69.0,68.99751145354804,68.99827588166411
2916,67.0,66.99990546318313,66.99993408004173
2917,60.0,60.0022428361508,60.00155513425704
2918,61.0,60.9963738696502,60.99748537972499
2919,59.0,59.0053652082984,59.0037206310953
2920,60.0,59.99154984911647,59.99414118091484
2921,64.0,64.01198069124128,64.00830525851296
2922,89.0,88.98666608536044,88.99075728547922
2923,71.0,71.01094728108677,71.00758867149898
2924,70.0,69.99379096517114,69.99569505079765
2925,69.0,69.00178116249263,69.00123589397847
2926,64.0,64.00098804082204,64.00068425548464
2927,64.0,63.997508166839744,63.998271764777094
2928,62.0,62.00357149238391,62.00248097797284
2929,62.0,61.9959945348521,61.99720231963532
2930,60.0,60.00245304001691,60.00178228992281
2931,87.0,87.00098048119695,87.00037030434524
2932,110.0,109.99764578852094,109.9995243555625
2933,90.0,89.9936471675417,89.991282162365
2934,77.0,77.04497897516232,77.04727814317954
2935,63.0,62.88139163963524,62.87927557233006
2936,61.0,61.16491105669798,61.16593334887381
2937,66.0,65.86877194234513,65.8705281008487
2938,82.0,82.06858508376027,82.06364039459905
2939,135.0,134.9647299950783,134.97123870668494
2940,116.0,116.0230714475347,116.01714899661805
2941,116.0,115.98526059638853,115.98947089917804
2942,105.0,105.00904294647745,105.00635475502827
2943,96.0,95.99356692260042,95.99551501667374
2944,92.0,92.00594423198042,92.00412974863413
2945,109.0,108.99324479416678,108.99531222718156
2946,122.0,122.00950290015939,122.00659138048653
2947,127.0,126.98518591341599,126.98972804563152
2948,114.0,114.0211101169653,114.01463459193187
2949,129.0,128.9752782595528,128.9828633881219
2950,95.0,95.0222260991343,95.01540647709582
2951,118.0,117.98654314911212,117.99067083977718
2952,113.0,113.00270681307292,113.00187913834363
2953,92.0,92.00429779126229,92.00297604148025
2954,110.0,109.99456535801878,109.99623431976119
2955,117.0,117.00360129258534,117.00249696717034
2956,116.0,115.99685331162962,115.99781721579552
2957,124.0,124.00559769312937,124.0038809816368
2958,127.0,126.9913785172372,126.99402458974929
2959,99.0,99.00853086262512,99.00591157257065
2960,99.0,98.99631277932838,98.99744573416515
2961,88.0,87.99581237315792,87.99709652744654
2962,78.0,78.01142634877812,78.00792062367285
2963,107.0,106.98469676816812,106.989391507849
2964,104.0,104.01589717327334,104.01102151280912
2965,109.0,108.98483157548262,108.98948227739804
2966,86.0,86.01526487675328,86.01058527301889
2967,77.0,76.98263100677747,76.98795658198601
2968,76.0,76.02001108651609,76.01387404328221
2969,121.0,120.98001187857383,120.9861417064634
2970,102.0,102.01730240770135,102.01199780075432
2971,84.0,83.98392990722705,83.98885607176771
2972,83.0,83.01829351711497,83.0126835989746
2973,110.0,109.97958817294544,109.9858501962167
2974,82.0,82.01778655058354,82.01232906336224
2975,91.0,90.99028990860523,90.99326874260326
2976,84.0,83.99947886436772,83.99964042668623
2977,78.0,78.0083044538941,78.00575427243189
2978,114.0,113.9891121898415,113.99245413707754
2979,120.0,120.0092190534224,120.00639087531167
2980,124.0,123.99352654451322,123.99551070002121
2981,116.0,116.00516254059761,116.00358153034297
2982,101.0,100.99388645182094,100.9957589226438
2983,82.0,82.00918484221873,82.00636993287151
2984,79.0,78.98615951429747,78.99040344708564
2985,78.0,78.01870294010405,78.01296611904517
2986,114.0,113.97849137227826,113.98509003572207
2987,105.0,105.02046332297562,105.01418472107476
2988,118.0,117.98495025013851,117.98956802022235
2989,93.0,93.00598396904809,93.00414817557585
2990,86.0,86.00438799828473,86.0030407756438
2991,100.0,99.98730724613486,99.99120281264284
2992,87.0,87.01656467113989,87.01148172103994
2993,106.0,105.98405480285771,105.98894635275862
2994,91.0,91.01299479648179,91.00900980098379
2995,85.0,84.9893971739288,84.9926479220459
2996,84.0,84.0098053404539,84.00679842541578
2997,98.0,97.99100148761678,97.9937621315265
2998,86.0,86.00619946405065,86.00429674673795
2999,85.0,84.99900265825481,84.99930951954477
3000,82.0,81.99433308597196,81.99607115164687
3001,80.0,80.01196343353145,80.00829320042067
3002,101.0,100.98426588177155,100.9890928015574
3003,81.0,81.01632958005166,81.01132077564414
3004,84.0,83.98464868866988,83.98935669445032
3005,84.0,84.01438287026754,84.00997185757538
3006,107.0,106.98695524156727,106.99095631712646
3007,106.0,106.01004863354996,106.00696648966405
3008,120.0,119.99480697528135,119.99639901299851
3009,116.0,116.00010812942492,116.0000768249373
3010,100.0,100.00271908714738,100.00188288458597
3011,103.0,102.99780569479394,102.9984800218206
3012,95.0,94.99979960169782,94.99986133204428
3013,77.0,77.00194703261171,77.00134836699195
3014,70.0,69.99841232919864,69.99890120646535
3015,62.0,61.99885193326747,61.999202553279574
3016,62.0,62.00598918609472,62.00415231674114
3017,66.0,65.98875219640655,65.99220399661421
3018,64.0,64.01300880934099,64.0090159651009
3019,114.0,113.99163050853173,113.9941985356168
3020,111.0,111.00030588143194,111.00021463033461
3021,67.0,67.00411264314572,67.0028467440998
3022,65.0,64.99895861037272,64.99928059641643
3023,65.0,64.99265556914202,64.99491244606877
3024,67.0,67.01582109644345,67.01094697023055
3025,100.0,99.98060445333266,99.98662973931718
3026,68.0,68.01602980820626,68.01083752833577
3027,64.0,63.992810833022006,63.99603787634453
3028,63.0,62.992166095972536,62.99075482755741
3029,60.0,60.028785301076,60.02908119124929
3030,59.0,58.959170020446706,58.95946014476472
3031,61.0,61.03181795178306,61.03118464617434
3032,64.0,63.98496357041927,63.9857601744353
3033,62.0,62.00560484653345,62.004908130326456
3034,77.0,76.99731279112994,76.9978634636494
3035,98.0,98.0031890318683,98.00227938890211
3036,98.0,97.9938469045564,97.99573753540956
3037,79.0,79.00901234875056,79.00616524154651
3038,81.0,80.99101891928237,80.99409927170225
3039,64.0,64.00414822835835,64.00165902978442
3040,64.0,64.00995165558953,64.01143983069255
3041,64.0,63.94660782396476,63.946037769140055
3042,61.0,61.13212489111017,61.13213313974436
3043,60.0,59.82240228347609,59.82254218718038
3044,58.0,58.132345138439845,58.13226493370898
3045,57.0,56.94419448574147,56.944451888034855
3046,69.0,69.01638954049028,69.01557065819736
3047,84.0,83.99572581787191,83.99706366517294
3048,76.0,75.99041024710873,75.98903798910624
3049,71.0,71.05328693197899,71.05416812818751
3050,63.0,62.86547561701316,62.86535289091054
3051,60.0,60.18225165077592,60.18185229196958
3052,61.0,60.86396625966425,60.8642851349816
3053,59.0,59.05600753016424,59.05614044744491
3054,56.0,55.986733749767744,55.98616420708575
3055,58.0,58.001002015167565,58.001937562033035
3056,59.0,59.0030859876546,59.001806262217684
3057,64.0,63.99539289720881,63.996895630486996
3058,58.0,58.00458833775804,58.00315662185363
3059,62.0,61.996686627028815,61.9977095585191
3060,61.0,61.001370613073796,61.00094860879475
3061,61.0,61.00052346510348,61.0003630005437
3062,63.0,62.99815187315136,62.99871899285297
3063,60.0,60.00241499066144,60.001674196191836
3064,62.0,61.99757780241843,61.998320280645686
3065,61.0,61.002436806495496,61.00169049967325
3066,62.0,61.99669975446572,61.99771045938574
3067,63.0,63.00578394604226,63.004011261856775
3068,64.0,63.99035236634718,63.99331072445613
3069,60.0,60.01283490530086,60.00889996644769
3070,87.0,86.9873961207212,86.99125131676264
3071,76.0,76.00805071503396,76.00562826920849
3072,75.0,74.99902992039569,74.99914678834092
3073,75.0,74.995129085591,74.99729819029366
3074,70.0,70.0028432163565,69.99945757616074
3075,104.0,104.01067855816679,104.01340911552188
3076,94.0,93.97512599359432,93.97470764611761
3077,74.0,74.02711863673804,74.02480242515651
3078,87.0,86.97761940666065,86.9819763753443
3079,86.0,86.0195435020139,86.01421921569214
3080,105.0,104.98302195137941,104.98805117629483
3081,74.0,74.01138926088407,74.00794389247623
3082,69.0,68.9955284433806,68.99688551665548
3083,82.0,81.99977451306518,81.99984926895104
3084,80.0,80.00155577116162,80.0010763954863
3085,77.0,76.99866558344914,76.99907517385554
3086,75.0,75.00189492035125,75.00131363388341
3087,72.0,71.99575073465599,71.99705707163015
3088,79.0,79.00739788267707,79.00511521458489
3089,106.0,105.9911938311935,105.99394425080366
3090,108.0,108.00629289749993,108.00418347806267
3091,126.0,126.00033712011887,126.0008978410309
3092,127.0,126.98919714677761,126.9900317741936
3093,94.0,94.03307299262516,94.03218671902245
3094,84.0,83.92890925842612,83.92856601655572
3095,84.0,84.09338865139448,84.09443618535488
3096,80.0,79.92767595611866,79.92770992182687
3097,74.0,74.03630236588697,74.03442756362438
3098,91.0,90.9816239502871,90.98477948152478
3099,98.0,98.01441707817827,98.01066030037282
3100,118.0,117.98691682682221,117.99074823269542
3101,106.0,106.01151892910781,106.00804679993088
3102,106.0,105.9898573246137,105.99290741813391
3103,103.0,103.00987968200202,103.0070294265204
3104,105.0,104.98949625930662,104.99205945763681
3105,81.0,81.01306070421188,81.01151068024099
3106,75.0,74.98113808726993,74.98104804456113
3107,77.0,77.02239544346979,77.02340278122428
3108,76.0,75.98202703355192,75.98166405941336
3109,75.0,75.010922624584,75.01002928239615
3110,98.0,97.99142935655635,97.99339908872801
3111,124.0,124.0112800031724,124.00799693114595
3112,134.0,133.98410575644024,133.98893534090826
3113,99.0,99.01851986187668,99.01284601936582
3114,106.0,105.98294942133933,105.98819507042089
3115,89.0,89.01276644754603,89.00878077557869
3116,85.0,84.99186267918617,84.99463018233786
3117,76.0,76.00528474165576,76.00262379586624
3118,76.0,75.9924878549212,75.99873989854383
3119,89.0,89.02366349327991,89.00151679146873
3120,93.0,92.91590251080366,92.99757775741074
3121,76.0,76.19688611495042,76.00259792608317
3122,75.0,74.7377731074602,74.99776953762873
3123,81.0,81.19762607289664,81.00311224132943
3124,78.0,77.91040161539642,77.9937640751341
3125,79.0,79.03567852388227,79.00984340965965
3126,112.0,111.97911869731956,111.98947626192444
3127,87.0,87.01127326282278,87.00677203839011
3128,86.0,85.99820223390216,85.99902578120063
3129,104.0,103.99571137272787,103.99695778354254
3130,89.0,89.0056744832018,89.00395124032977
3131,80.0,79.99500263157474,79.99653025897432
3132,79.0,79.00521105623915,79.00361515110096
3133,82.0,81.99305938110963,81.99518687635818
3134,75.0,75.00935622015811,75.00648682325931
3135,81.0,80.98859694405294,80.99209519255653
3136,79.0,79.01156088186633,79.00801358080253
3137,108.0,107.99156105359455,107.99415034175637
3138,107.0,107.00278573792693,107.00193169958142
3139,98.0,98.0023778437634,98.00164766577849
3140,101.0,100.99564718171561,100.99697964407218
3141,84.0,84.00281239193654,84.0019675190902
3142,75.0,75.00072360901049,75.00042886683192
3143,76.0,75.99549657950656,75.99715347067902
3144,78.0,78.0062654344869,78.00331396342855
3145,91.0,91.00054142723815,91.00421591638266
3146,75.0,74.96313841518375,74.96011838220846
3147,89.0,89.10888461205236,89.10974778310562
3148,88.0,87.8462747283807,87.84750142284598
3149,78.0,78.11664416446362,78.11512357935229
3150,79.0,78.95322446964819,78.95325079544568
3151,72.0,72.00425612244159,72.00678683664616
3152,75.0,75.01465244022673,75.00912975794202
3153,105.0,104.975343156918,104.98318303258223
3154,71.0,71.02774834761092,71.01916188537695
3155,88.0,87.97400855777099,87.98200157532676
3156,90.0,90.02154272768112,90.01492886036837
3157,122.0,121.98590578266248,121.99023064381004
3158,106.0,106.00337387154957,106.00234007996158
3159,101.0,101.00705299298207,101.00488615290348
3160,131.0,130.98801771669687,130.99169696492135
3161,107.0,107.01020360781649,107.00707167583975
3162,92.0,91.99471409230728,91.99633538731507
3163,86.0,86.00105981558156,86.00073607478423
3164,82.0,82.00125441707509,82.00086793141628
3165,82.0,81.9981337164497,81.99870795692365
3166,75.0,75.00090015028579,75.00062222759257
3167,74.0,74.00174181422284,74.00120920648567
3168,77.0,76.9939187690689,76.99578306848024
3169,85.0,85.01121362535693,85.00777393789453
3170,105.0,104.98517124018231,104.98972057795879
3171,80.0,80.01501476064296,80.01040874779311
3172,80.0,79.98769790946666,79.99147051293876
3173,71.0,71.00885932952875,71.00614430277884
3174,74.0,73.99321580264919,73.9952931197671
3175,74.0,74.00792457040765,74.00549758371976
3176,71.0,70.98681350011864,70.99085616008213
3177,75.0,75.02021284641236,75.01401213501396
3178,113.0,112.97652606249473,112.98372877803637
3179,77.0,77.0192478350033,77.01334260778165
3180,86.0,85.99009664412998,85.99313200023025
3181,99.0,99.00137634095424,99.00096188961834
3182,89.0,89.00272352288208,89.0018675593496
3183,87.0,86.99712370912506,86.99804979146165
3184,80.0,80.00101584732968,80.00064702365279
3185,74.0,74.0015271324068,74.00110185271406
3186,77.0,76.99542792358854,76.99681064665545
3187,77.0,77.00942810545148,77.00654347181936
3188,76.0,75.98279301257318,75.98806831506353
3189,75.0,75.02562332033754,75.01776332491883
3190,121.0,120.97041509045788,120.97949157202889
3191,83.0,83.02648719706475,83.01836197850197
3192,83.0,82.98088987247927,82.98675019700666
3193,75.0,75.01208066547275,75.00837766600733
3194,75.0,74.99251924610763,74.99481162586633
3195,70.0,70.00468177450027,70.00324677236065
3196,72.0,71.99767255682714,71.998386712027
3197,70.0,69.99929722736373,69.99951151175833
3198,70.0,70.00537317331094,70.00372660622097
3199,72.0,71.98797964036788,71.99166601978371
3200,74.0,74.01889408536321,74.01309765185012
3201,107.0,106.97770385428953,106.98454473606078
3202,76.0,76.01997098407884,76.01384411373772
3203,79.0,78.986305257835,78.9905052042318
3204,75.0,75.00723009373253,75.00501438171992
3205,72.0,71.9972314874068,71.99807836144359
3206,71.0,71.00030195510342,71.00021151622599
3207,72.0,72.0005989921357,72.00041322302299
3208,76.0,76.00041498177639,76.00028930661422
3209,71.0,70.99648593886522,70.99756339459232
3210,74.0,74.00702455358089,74.004868531073
3211,99.0,98.99165130480817,98.99421603386638
3212,89.0,89.00707959001753,89.0048962203437
3213,78.0,77.99470132590042,77.99637022601316
3214,76.0,76.00413394976943,76.00270121149121
3215,86.0,85.99804498321052,85.99926111538866
3216,79.0,78.99517220310578,78.9943516866609
3217,70.0,70.01658062747583,70.0170131642619
3218,69.0,68.97577100253774,68.97571488554998
3219,74.0,74.02120562068234,74.02070757991089
3220,77.0,76.98282001601653,76.98383587643488
3221,66.0,66.02925317535957,66.02822024494165
3222,68.0,67.93838815473444,67.93888206686634
3223,70.0,70.09472174543694,70.09492955898537
3224,70.0,69.89116220446772,69.89049673596368
3225,70.0,70.09817989030974,70.09870911873391
3226,70.0,69.9348646893956,69.93523299095774
3227,72.0,72.03098897078054,72.0294085957223
3228,80.0,79.9855357199168,79.98784987021713
3229,66.0,66.00886060130692,66.00671126396387
3230,77.0,76.9950388189353,76.99640722793522
3231,93.0,93.00254759946499,93.00180911712732
3232,102.0,101.99716314878467,101.9980199440133
3233,111.0,111.00568070167579,111.00394310736858
3234,117.0,116.99026292083329,116.99324762867911
3235,100.0,100.01361138556162,100.00943713349986
3236,100.0,99.9837245851652,99.98871633995788
3237,86.0,86.01684663215309,86.011680179876
3238,119.0,118.98439763310712,118.98918115031165
3239,133.0,133.01491567941764,133.0103437226335
3240,137.0,136.98307628357122,136.98826469570673
3241,120.0,120.02054917097993,120.01424713076689
3242,130.0,129.97755181710545,129.9844375258901
3243,91.0,91.02063251418863,91.01430370531682
3244,92.0,91.98378360304514,91.9887574603269
3245,89.0,89.0111909241326,89.00775835456702
3246,96.0,95.99458884039542,95.99624891526506
3247,82.0,81.99761499947704,81.99834700032142
3248,83.0,83.01094752898729,83.00758725372299
3249,113.0,112.98383557202708,112.98879749401969
3250,96.0,96.01472593948509,96.01020565875183
3251,113.0,112.99288662954386,112.99506962242262
3252,110.0,109.99744961173705,109.99823349143875
3253,95.0,95.00913052166796,95.00632702713442
3254,125.0,124.9897033347037,124.99286379459281
3255,130.0,130.0079531433937,130.00551304543643
3256,122.0,121.99490694181935,121.99646880246144
3257,102.0,102.00276420713675,102.0019169125303
3258,93.0,92.99904982471372,92.99934086826786
3259,94.0,93.99970161520675,93.9997930765439
3260,91.0,91.0016771553696,91.00116310223525
3261,81.0,80.99593635168927,80.99718284309128
3262,81.0,81.00654033247874,81.00453331024929
3263,111.0,110.99298152184113,110.99513550094194
3264,122.0,122.00480470982174,122.00333041163697
3265,132.0,131.99882381977216,131.99918400802596
3266,129.0,128.99818406037815,128.99874249446293
3267,108.0,108.00253047014405,108.00175292964363
3268,101.0,100.99908950248025,100.99936914620704
3269,94.0,93.99862646542886,93.99904870595313
3270,80.0,80.00237755155459,80.00164641974915
3271,78.0,77.99907835914331,77.99936308383671
3272,78.0,77.9967081704888,77.99771668243275
3273,97.0,97.0088700036492,97.00614902087239
3274,131.0,130.98722143268532,130.9911422648076
3275,112.0,112.01318306470435,112.00913828133642
3276,100.0,99.98901977738626,99.99238829568749
3277,81.0,81.00745785528282,81.00517029143461
3278,86.0,85.99705418441272,85.99795703243784
3279,87.0,86.99845026151897,86.99892719268774
3280,82.0,82.00388156549894,82.0026892776683
3281,98.0,97.99696234796582,97.99789463892861
3282,96.0,96.00096961016035,96.00067317402456
3283,78.0,77.999132724112,77.99939739517855
3284,79.0,79.00345180245246,79.00239323860887
3285,89.0,88.99378244999664,88.99569086394494
3286,77.0,77.00638100518324,77.00442177676405
3287,82.0,81.99684037873435,81.99781105670397
3288,82.0,81.99758718839107,81.99832699698055
3289,90.0,90.00803968078476,90.00557264554001
3290,117.0,116.98893407441362,116.99232973662876
3291,103.0,103.01066529299449,103.00739321612323
3292,97.0,96.9914623537582,96.99408095991781
3293,88.0,88.00647713489813,88.00449078180853
3294,87.0,86.99553409487581,86.99690366672318
3295,76.0,76.00188622162125,76.00130798960014
3296,76.0,76.00067216967638,76.00046559117638
3297,88.0,87.99778694112013,87.99846575379433
3298,84.0,84.00342850327516,84.00237730355371
3299,69.0,68.99429307028188,68.99604357736285
3300,68.0,68.0080079307817,68.00555072845823
3301,107.0,106.99221715629183,106.99460540178188
3302,117.0,117.00493748032511,117.00342280562555
3303,111.0,110.99829776917854,110.99881942614184
3304,101.0,100.99932951487204,100.99953577296594
3305,92.0,92.00239231295934,92.00165793666811
3306,87.0,86.99650145177313,86.99757516605015
3307,75.0,75.00370748116731,75.00256967560539
3308,75.0,74.99677014223577,74.99776163761827
3309,77.0,77.0023172116595,77.00160504870448
3310,79.0,78.9999629496998,78.9999762439778
3311,70.0,69.9950231595349,69.99654814144935
3312,76.0,76.01169197885915,76.00810683950029
3313,103.0,102.98388268479292,102.98882111672108
3314,77.0,77.01507185481466,77.01047521689283
3315,83.0,82.99037546168236,82.99322202702075
3316,81.0,81.0040436452295,81.00319951502766
3317,71.0,70.99685185900806,70.99634239656349
3318,73.0,73.0145445002298,73.01558230561514
3319,73.0,72.935897113518,72.9350427277665
3320,79.0,79.1596685594032,79.15976234309838
3321,74.0,73.78341993089863,73.78407521349735
3322,68.0,68.1617421909522,68.16119741537253
3323,75.0,74.93552928824383,74.93479128901588
3324,75.0,75.00840060543868,75.01132014423087
3325,76.0,76.01211301280523,76.0069235097702
3326,108.0,107.98072112715019,107.98703122851099
3327,77.0,77.01811112588912,77.01244904661911
3328,75.0,74.98722664353892,74.99117293207667
3329,70.0,70.00792122359786,70.00548120237231
3330,69.0,68.9935002146445,68.99551563508881
3331,72.0,72.00929105935401,72.00635449862817
3332,76.0,75.98541806051374,75.99022346317494
3333,73.0,73.01668202658823,73.01032018836742
3334,120.0,119.99518976695016,120.00130603459692
3335,98.0,97.95544686474916,97.95180255132271
3336,84.0,84.13402070441761,84.13431091527127
3337,88.0,87.81407512129289,87.81560898883149
3338,88.0,88.13801189887427,88.13707705687705
3339,77.0,76.94480220301445,76.9444300679881
3340,76.0,76.01248085380871,76.01326466883711
3341,71.0,70.99752213256379,70.99710398757769
3342,71.0,71.00102470959331,71.00095600674737
3343,73.0,72.9987840995049,72.999133140349
3344,71.0,71.00160619930634,71.00111014272431
3345,68.0,67.99783644753978,67.99850108506969
3346,66.0,66.00243919249023,66.00169060513527
3347,75.0,74.99809607824703,74.99868000444167
3348,76.0,76.00101654474483,76.00070535701803
3349,70.0,69.9990976275542,69.99937361223289
3350,68.0,68.00199647802401,68.00138449003242
3351,69.0,68.99649302658644,68.9975689958832
3352,67.0,67.00405992671416,67.00281404491508
3353,80.0,79.99704630059664,79.99795248168313
3354,80.0,80.00110855858141,80.00076896257505
3355,70.0,69.99982609199043,69.99987897565138
3356,69.0,69.0004799992283,69.00033245717694
3357,73.0,72.99930616606237,72.9995202707903
3358,70.0,69.99931420801543,69.99952277719035
3359,70.0,70.0042846233629,70.00297184144144
3360,69.0,68.99050518570738,68.99341723637326
3361,64.0,64.01415289761209,64.00981084744802
3362,91.0,90.98439275296755,90.98918112453117
3363,76.0,76.01321369431551,76.00916053792476
3364,76.0,75.99096558915264,75.99373539687595
3365,72.0,72.00574090203929,72.00398211242043
3366,71.0,70.99534746559054,70.99677264180897
3367,73.0,73.00539643565575,73.003742108798
3368,79.0,78.99359153138587,78.99555732831145
3369,68.0,68.00607748788784,68.00421272490668
3370,72.0,71.99605837568937,71.99726780032222
3371,72.0,72.00073104037813,72.00050699272172
3372,75.0,75.00238943407464,75.00165571003495
3373,84.0,83.99554905373108,83.99691558481129
3374,79.0,79.0049888416079,79.00345698506851
3375,80.0,79.99651938122675,79.99758852377184
3376,80.0,79.99894897678124,79.99927131544213
3377,108.0,108.00743717433338,108.00515299754288
3378,134.0,133.99008871698933,133.9931338570441
3379,85.0,85.00319525057006,85.0022117206779
3380,87.0,87.00944742477282,87.00654899932857
3381,140.0,139.98136734924563,139.9870855397286
3382,113.0,113.01971955942977,113.01366897603016
3383,104.0,103.983832420029,103.9887913181207
3384,94.0,94.01260145265297,94.00873754055021
3385,101.0,100.99006394532245,100.99311014226191
3386,87.0,87.00754503336191,87.00523217907669
3387,81.0,80.99431655588332,80.99605860141662
3388,83.0,83.00441603731785,83.0030624680212
3389,98.0,97.99699976060724,97.9979189073268
3390,96.0,96.00165148834321,96.00114663652771
3391,82.0,81.99813955882908,81.9987081845532
3392,79.0,79.00414813290331,79.00287759775827
3393,85.0,84.99256461539326,84.99484366509415
3394,76.0,76.0110333083383,76.00765060863382
3395,79.0,78.98485508956419,78.98949924692768
3396,81.0,81.01892857094505,81.01312349674458
3397,123.0,122.97932504311429,122.98566540977994
3398,114.0,114.0208396206279,114.01444951434604
3399,110.0,109.97818937087969,109.98487757644992
3400,98.0,98.02348002411733,98.01627839328515
3401,128.0,127.9776404923142,127.98449904960195
3402,96.0,96.01655276584265,96.01147665166405
3403,89.0,88.99084617975883,88.99365081561754
3404,89.0,89.00539796445517,89.00374548845136
3405,75.0,74.99305612695848,74.99518547483684
3406,81.0,81.00908404761026,81.00629490619025
3407,136.0,135.9950052321987,135.99654064949402
3408,128.0,127.99392205082643,127.99578570924524
3409,96.0,96.01720763546396,96.01192723811141
3410,122.0,121.97846289489925,121.98507138720693
3411,94.0,94.01911723317228,94.01325329710953
3412,90.0,89.984778160813,89.98944525735419
3413,95.0,95.0137763859103,95.00955260059351
3414,107.0,106.98620035394826,106.99043255379019
3415,82.0,82.01209171668499,82.00838275256925
3416,85.0,84.99233329453996,84.99468430748
3417,81.0,81.00239559863263,81.00166265133764
3418,75.0,75.00128899639024,75.00089078722118
3419,80.0,79.99818916890749,79.99874764252534
3420,78.0,77.99862488894493,77.99904450082026
3421,91.0,91.00704411243213,91.00488401581983
3422,107.0,106.98796304173788,106.99165584928339
3423,77.0,77.01394727868765,77.00966841782397
3424,74.0,73.98664544826389,73.99074208970293
3425,78.0,78.01156222314158,78.00801551370895
3426,108.0,107.99163326395059,107.99419959424323
3427,104.0,104.0040312036737,104.00279510591942
3428,86.0,85.99974538864234,85.99982325552271
3429,80.0,79.99749020323809,79.99825946825766
3430,83.0,83.00594724728813,83.00412380136326
3431,88.0,87.98881327427489,87.99224576442239
3432,88.0,88.01654876298798,88.01146562052098
3433,113.0,112.98154669702375,112.9872315359201
3434,80.0,80.01487186759886,80.01022277258875
3435,76.0,75.99255337988062,75.9951654694386
3436,78.0,77.99980109427096,77.99861526912028
3437,83.0,83.0033421146666,83.00704310908158
3438,99.0,99.01006352268523,98.98915666320485
3439,78.0,77.91951750261228,78.0110908932065
3440,97.0,97.22114907099724,96.99303842102128
3441,87.0,86.68985064377438,86.99992798758807
3442,80.0,80.24069729320709,80.00658599871488
3443,111.0,110.88946723173302,110.99026414742055
3444,95.0,95.03969982129918,95.0096976604445
3445,83.0,82.9811123737277,82.99163506743048
3446,78.0,78.01029414534513,78.00588842514234
3447,118.0,117.99766538755489,117.99870755677054
3448,126.0,125.9948194858766,125.99632713220683
3449,82.0,82.00721272656547,82.00501720745613
3450,79.0,78.9986070117977,78.99903251122197
3451,79.0,78.99049294787326,78.99340967540945
3452,81.0,81.02009162861953,81.01392634391007
3453,120.0,119.97503524564631,119.98269612927213
3454,79.0,79.0219600997973,79.01522232113385
3455,75.0,74.98595794031888,74.99026441444202
3456,72.0,72.00638177457836,72.00442658481941
3457,77.0,76.99799408334354,76.9986072993256
3458,102.0,102.0002446168367,102.00017031863334
3459,126.0,126.00164059051666,126.00113744314592
3460,117.0,116.99521612679868,116.9966837556956
3461,86.0,86.00739687894882,86.00512721229134
3462,84.0,83.9921199689501,83.99453781041629
3463,80.0,80.00672045308879,80.00465857011588
3464,83.0,82.99542121412416,82.9968258913372
3465,75.0,75.00143468536646,75.00099498180958
3466,80.0,80.00173461709437,80.00120156924496
3467,97.0,96.9969666687378,96.9978978771647
3468,87.0,87.00232822718955,87.00161440635925
3469,70.0,69.99817242586887,69.99873171639325
3470,68.0,68.0032570388473,68.00225929413563
3471,75.0,74.9938171704193,74.99571309230903
3472,76.0,76.00904162612254,76.00626795548314
3473,87.0,86.98976620710445,86.99290592251381
3474,70.0,70.0089367466539,70.00619535524874
3475,72.0,71.99395730295676,71.99581002923345
3476,73.0,73.00356456858839,73.00247258465856
3477,70.0,69.99731876582298,69.99813993478554
3478,67.0,67.00295583709371,67.00204987847542
3479,71.0,70.99662380210603,70.99765921779914
3480,69.0,69.00343546262548,69.00238149367908
3481,71.0,70.99703414969659,70.9979443596946
3482,71.0,71.00153722141886,71.00106523109285
3483,81.0,81.00102129435898,81.00070797255368
3484,84.0,83.99638001130708,83.99749111352034
3485,68.0,68.00467270896277,68.00323854530471
3486,67.0,66.99609598661257,66.99729393820343
3487,67.0,67.0022877252434,67.00158611996935
3488,70.0,69.99937843289028,69.99956842650867
3489,70.0,69.99933000363475,69.99953677466611
3490,68.0,68.00084888630974,68.00058673919155
3491,75.0,75.00096643106971,75.00067176936095
3492,78.0,77.99512291169951,77.99661780545192
3493,82.0,82.00959767734048,82.00665372758753
3494,101.0,100.98701566640686,100.99099918706462
3495,87.0,87.0135756391816,87.009410755908
3496,92.0,91.98844101275182,91.99198672335358
3497,78.0,78.00820924247596,78.0056916592451
3498,73.0,72.99519730496358,72.99666969516757
3499,67.0,67.00197759568333,67.00137161408438
3500,64.0,64.0003402031847,64.0002356022148
3501,63.0,62.997478577553295,62.9982519349725
3502,62.0,62.00469733147547,62.00325666034284
3503,68.0,67.99337505282557,67.99540698206995
3504,63.0,63.008002030201055,63.00554771068173
3505,69.0,68.99131754676223,68.99398052387478
3506,64.0,64.00853724570362,64.00591900673541
3507,73.0,72.99245177945738,72.99476616908571
3508,68.0,68.0063163828811,68.00438045887064
3509,67.0,66.99394675940417,66.99580173886963
3510,66.0,66.00748227776073,66.00518839365236
3511,68.0,67.99037613630946,67.9933279346578
3512,58.0,58.01037109563952,58.007189531204205
3513,86.0,85.99108739205073,85.99382145748237
3514,105.0,105.00642731830943,105.00445567879632
3515,110.0,109.9963048350614,109.99743875115962
3516,88.0,88.00011992569748,88.00008225882998
3517,69.0,69.00441862417968,69.00306494219146
3518,66.0,65.99119730407446,65.99389186375919
3519,61.0,61.01152790748804,61.00801402484061
3520,84.0,83.98840685090101,83.99187686083734
3521,77.0,77.00965533167724,77.00701831531379
3522,74.0,73.99138832448192,73.99281644540129
3523,71.0,71.01525983774327,71.01510744305108
3524,82.0,81.94811196917881,81.94712985289154
3525,104.0,104.1270843437246,104.12851757612455
3526,98.0,97.8250390267503,97.82453146509182
3527,91.0,91.13621551003123,91.13484370068484
3528,103.0,102.93719989505193,102.93957049628331
3529,79.0,79.01886431951026,79.01760253204584
3530,90.0,89.99976564349276,89.99862476731624
3531,128.0,127.99078312663045,127.99393650466764
3532,123.0,123.01276154336631,123.00875893525017
3533,119.0,118.98720883223594,118.9911557850806
3534,96.0,96.01077486388749,96.00746502698428
3535,104.0,103.99191392244433,103.99439240198183
3536,104.0,104.00807987658186,104.0056056876973
3537,85.0,84.98623942054533,84.99045716276704
3538,79.0,79.02315838356913,79.0160544620569
3539,119.0,118.97056339827569,118.97959621632575
3540,91.0,91.02646999009929,91.01834706496209
3541,133.0,132.9856512529459,132.99005300526235
3542,137.0,136.99965236078333,136.99976243632906
3543,97.0,97.01014102433625,97.00702484402416
3544,96.0,95.98791080777849,95.99162444236879
3545,84.0,84.00719279258223,84.00498260743565
3546,103.0,103.00256250730507,103.0017777611555
3547,114.0,113.98599167078416,113.99029066350343
3548,99.0,99.02185779412171,99.01514829941242
3549,134.0,133.97910836787435,133.98552174357812
3550,101.0,101.01014050168973,101.00702788336913
3551,103.0,103.00503623192313,103.00348909353677
3552,133.0,132.98383582187176,132.98879934848514
3553,102.0,102.01796396994665,102.0124483573269
3554,116.0,115.98851456379586,115.99204098800764
3555,110.0,110.00138487032117,110.00095861222533
3556,90.0,90.00901959011159,90.00625318562653
3557,85.0,84.98092823965453,84.9867795470401
3558,81.0,81.0271963456874,81.01885063955119
3559,128.0,127.97104381414081,127.97993089075248
3560,86.0,86.02112603610473,86.01464145233015
3561,84.0,83.99461793479986,83.99627050628322
3562,83.0,82.98684986998515,82.99088536417142
3563,84.0,84.02796890124989,84.01938536207967
3564,154.0,153.96676340697897,153.97696228454123
3565,117.0,117.0283876710836,117.01968031334361
3566,106.0,105.98083293197604,105.98670404673281
3567,96.0,96.01145167049756,96.00796628761071
3568,97.0,96.99325538724129,96.99523086655681
3569,87.0,87.00461995927128,87.00354274356728
3570,80.0,79.99381169032051,79.99444795263982
3571,91.0,91.01651178946204,91.01615282792858
3572,122.0,121.94350271627437,121.94327088692484
3573,139.0,139.13386970009483,139.13481111946064
3574,125.0,124.81876437264002,124.81804911327556
3575,108.0,108.13925508545728,108.13854306433461
3576,108.0,107.9359649381922,107.93804714083932
3577,88.0,88.02321456333823,88.02079794686695
3578,84.0,83.9895460288986,83.99149241587799
3579,79.0,79.00487207092075,79.00371561401394
3580,87.0,86.99864824666724,86.99897160158055
3581,96.0,95.9992030120748,95.99947276903112
3582,95.0,95.00126547204582,95.0008700549802
3583,98.0,97.99953098974552,97.99967663041986
3584,97.0,96.99972638051601,96.9998103877234
3585,86.0,85.9998935111559,85.99992576251763
3586,80.0,80.00142816965557,80.00099012002967
3587,81.0,80.99740862411063,80.99820389411198
3588,78.0,78.00265849567553,78.00184263835891
3589,84.0,83.99834808041382,83.99885480654085
3590,84.0,84.00072786934554,84.00050469625234
3591,79.0,78.99918520229683,78.99943573574686
3592,93.0,93.00051966260115,93.00035888305966
3593,130.0,130.00244580766497,130.00169648241024
3594,136.0,135.99297276095294,135.99512880695949
3595,98.0,98.00946577755566,98.00656109070182
3596,94.0,93.99144231295175,93.9940679302909
3597,95.0,95.00634413072478,95.00439802417932
3598,97.0,96.99592692853184,96.99717641226593
3599,82.0,82.00123955429888,82.00085921705849
3600,73.0,73.00217787285595,73.00150968613102
3601,75.0,74.99473968779745,74.9963536751133
3602,71.0,71.007282883769,71.00504831794125
3603,79.0,78.99206595662443,78.99450031825671
3604,73.0,73.00701321568644,73.00486143290154
3605,80.0,79.99534030449375,79.99676983537151
3606,77.0,77.00160596183761,77.0011134846908
3607,72.0,72.00125471157575,72.00086957286457
3608,72.0,71.99645813988093,71.99754477535107
3609,69.0,69.00534220060095,69.00370336414
3610,73.0,72.99342502701734,72.99544206810023
3611,67.0,67.00683190996084,67.00473606030512
3612,75.0,74.99401606335982,74.99585165451371
3613,72.0,72.00450625779864,72.00312404393378
3614,69.0,68.99729215469603,68.99812266067019
3615,65.0,65.00030586630942,65.00021255278835
3616,79.0,79.00224514513977,79.00155515795322
3617,104.0,103.99687014853635,103.9978319580453
3618,102.0,102.00121710746095,102.00084248513622
3619,96.0,96.00244450499864,96.0016949377596
3620,92.0,91.99413147533953,91.99593223757272
3621,76.0,76.00769208048948,76.00533145612594
3622,78.0,77.9925736177903,77.99485287879176
3623,70.0,70.0050445700313,70.00349610661206
3624,74.0,73.99927255796223,73.9994961294522
3625,72.0,71.99547749506601,71.99686513082568
3626,70.0,70.00825229692721,70.00572125957214
3627,99.0,98.99191870832482,98.99439074535513
3628,96.0,96.00434781060758,96.00304588639861
3629,88.0,87.99987951602478,87.99979576023733
3630,86.0,85.9987785519084,85.99960098079566
3631,72.0,71.9968129100047,71.99612462562382
3632,72.0,72.01995171838011,72.02004509435505
3633,80.0,79.95050704807255,79.9508278567387
3634,74.0,74.06572838931706,74.0654881554535
3635,64.0,63.95194058987208,63.95182151649321
3636,62.0,62.018754376763845,62.01921423178483
3637,61.0,60.99759412953108,60.99666846215679
3638,61.0,60.995397731931845,60.997254643269954
3639,69.0,69.00958757699702,69.00652705397911
3640,93.0,92.9878735609027,92.9916258624914
3641,74.0,74.01127733198555,74.00780960707024
3642,71.0,70.99132628944659,70.9939879036798
3643,71.0,71.00676336420092,71.00469013568282
3644,76.0,75.99363884654235,75.99558811230592
3645,70.0,70.0071921034552,70.00498792737524
3646,70.0,69.99088685973642,69.99368069846217
3647,69.0,69.01164924933646,69.0080767533075
3648,89.0,88.98640103734576,88.99057232354669
3649,84.0,84.0137973045309,84.00956478991529
3650,93.0,92.98830372001672,92.99189160718812
3651,72.0,72.00767085480601,72.00531838564899
3652,63.0,62.996818616190154,62.997793265708005
3653,64.0,63.999735879476496,63.99981848817289
3654,65.0,65.00216994345686,65.0015026127135
3655,69.0,68.997672606222,68.99838814558558
3656,67.0,67.00027868445608,67.0001922290735
3657,84.0,84.00319919514232,84.00221772469587
3658,108.0,107.99439778434686,107.99611691123822
3659,97.0,97.00545983982242,97.0037849915659
3660,90.0,89.9956744619539,89.99700049237003
3661,89.0,89.00449498735183,89.0031169061609
3662,84.0,83.99412332843553,83.99592628722468
3663,67.0,67.0063121826995,67.00437455318763
3664,74.0,73.99583877516226,73.99711703052728
3665,74.0,73.9994186514363,73.99959543183284
3666,75.0,75.00718282165118,75.00498008416879
3667,80.0,79.9857237050441,79.99010402379346
3668,75.0,75.01878169251484,75.01301785586452
3669,118.0,117.98270597952336,117.98801342351547
3670,101.0,101.00997740419895,101.0069159147381
3671,87.0,86.99903402658586,86.99932978082248
3672,91.0,90.99378764568007,90.99569412995123
3673,84.0,84.0114648413021,84.00794738420731
3674,86.0,85.98447364468414,85.98923709703217
3675,78.0,78.01704910545646,78.0118186445194
3676,124.0,123.98530009444177,123.98980871593344
3677,132.0,132.01049455933085,132.0072776770744
3678,115.0,114.99215718784119,114.994559580649
3679,89.0,89.00783400918274,89.00543463239401
3680,85.0,84.98984420898391,84.99295589178149
3681,88.0,88.01506485898258,88.0104463348407
3682,102.0,101.97817302844068,101.98486814589137
3683,91.0,91.02688799030065,91.01863738345284
3684,128.0,127.97438865630458,127.9822509314101
3685,91.0,91.0165670884067,91.01147113479809
3686,89.0,88.99622178725609,88.99742867620675
3687,105.0,104.9937727544926,104.9954986342514
3688,95.0,95.00995903262098,95.00760539419795
3689,123.0,122.98803800604779,122.9890772180253
3690,132.0,132.03154314635927,132.0316864559768
3691,99.0,98.92208385502073,98.92250266638379
3692,103.0,103.10632348625087,103.10518445296552
3693,132.0,131.92452401772707,131.92419586515337
3694,135.0,135.02281815010292,135.0256369930862
3695,83.0,83.00380328437646,83.00000573594384
3696,84.0,83.99132911471352,83.99469127079651
3697,102.0,102.01086631600711,102.0073485644966
3698,106.0,105.98260334813327,105.9879870240763
3699,99.0,99.0262383154706,99.01817676328439
3700,136.0,135.96855014682865,135.97820233781158
3701,99.0,99.02928641145019,99.02030091074333
3702,117.0,116.97890626372723,116.98537583809937
3703,108.0,108.0116790584069,108.00809958377167
3704,97.0,96.99473238315885,96.99634468646899
3705,97.0,97.00267187189081,97.00185486543847
3706,98.0,97.99812322050866,97.99869737568213
3707,87.0,87.00111835819217,87.00077660296715
3708,83.0,82.99919921281112,82.99944335125537
3709,96.0,96.00203515234121,96.00141229687566
3710,108.0,107.99543923698295,107.99683719109554
3711,106.0,106.00727695351064,106.0050455132345
3712,111.0,110.9902993153984,110.99327448531093
3713,104.0,104.01163710591442,104.0080675506274
3714,109.0,108.98775928532575,108.99151428350409
3715,87.0,87.01075921795032,87.00745879027643
3716,90.0,89.99206326551804,89.99449776964947
3717,94.0,94.0051151842832,94.00354564800747
3718,95.0,94.99820313559539,94.9987556230407
3719,81.0,80.99612724923075,80.99731400198573
3720,86.0,86.0115232018795,86.00798840947309
3721,114.0,113.98239554333394,113.98779686064488
3722,93.0,93.01913416910803,93.01326383397259
3723,107.0,106.98330048577502,106.98842286212951
3724,105.0,105.0127900389945,105.00886787359009
3725,112.0,111.99110868449804,111.99383438561833
3726,99.0,99.00549583118064,99.00381199817899
3727,90.0,89.99658198778556,89.99762850501949
3728,90.0,90.00321585053797,90.0022307049218
3729,90.0,89.99602952333116,89.99724700282572
3730,78.0,78.00412360412471,78.00285872828343
3731,79.0,78.99674190349792,78.99774122176642
3732,80.0,80.00214705784882,80.00148860719462
3733,81.0,80.99867833038435,80.99908384685219
3734,82.0,82.00036552461162,82.0002529635801
3735,89.0,89.00129626621636,89.00089919654872
3736,93.0,92.99658759519808,92.99763374167827
3737,88.0,88.00517617285755,88.00358943856573
3738,93.0,92.99343603764534,92.99544753427475
3739,87.0,87.00900245119229,87.00624366204708
3740,80.0,79.98612490429565,79.9903787748546
3741,74.0,74.02013334327688,74.01395840920355
3742,105.0,104.97545954941171,104.9829874664322
3743,83.0,83.0247696718355,83.01717139411208
3744,95.0,94.97883057524378,94.98532375812997
3745,75.0,75.01556716363605,75.01079324780376
3746,74.0,73.9903625220916,73.99331709400508
3747,67.0,67.00441753467294,67.00306414529919
3748,68.0,67.99948554337917,67.9996421983691
3749,76.0,75.99810117495602,75.99868366650762
3750,75.0,75.00357582347931,75.00248045365801
3751,73.0,72.99375499367852,72.99566784595686
3752,70.0,70.01166299480347,70.00808829581379
3753,73.0,72.98006202001663,72.98617658525384
3754,70.0,70.02795449379619,70.01937861671213
3755,121.0,120.96931469966427,120.97872927395315
3756,88.0,88.02587235471864,88.01793529932829
3757,90.0,89.98363385422485,89.98865268404917
3758,80.0,80.00702274443327,80.00487151858596
3759,71.0,70.99913614014508,70.99939802640407
3760,76.0,75.99823673212957,75.99877972133365
3761,76.0,76.00213178324668,76.0014771620102
3762,77.0,76.9981772320081,76.99873572186522
3763,75.0,75.00203919824708,75.00141543379165
3764,72.0,71.99627663912278,71.99741626228389
3765,71.0,71.00771329892703,71.0053497785258
3766,76.0,75.98588896734839,75.99021611870626
3767,79.0,79.0209490088877,79.01452242102707
3768,115.0,114.97568801092449,114.98314744238564
3769,85.0,85.02146184611013,85.01487721112338
3770,93.0,92.98631826550094,92.9905145157623
3771,84.0,84.00507725331437,84.00352212066203
3772,68.0,68.00096492530712,68.00066599062606
3773,68.0,67.99633140506957,67.99745954259389
3774,66.0,66.00378604195299,66.00262206330814
3775,72.0,71.99852762353825,71.99898168876588
3776,71.0,70.99623038477084,70.99738518303687
3777,86.0,86.0107534090463,86.00745473923465
3778,116.0,115.98406374898741,115.98895336291457
3779,89.0,89.01668528529746,89.0115662146388
3780,85.0,84.98613315211132,84.99038648180232
3781,71.0,71.01002453821008,71.00695083622708
3782,73.0,72.99323935983944,72.99531143395836
3783,72.0,72.0045390073152,72.0031484387439
3784,73.0,72.99663630417407,72.99766649928624
3785,69.0,69.0031590117878,69.00219137198152
3786,67.0,66.99611634630472,66.99730664546074
3787,67.0,67.00512640766225,67.00355442494127
3788,76.0,75.99398939761406,75.99583287410647
3789,69.0,69.0060170873108,69.00417173165911
3790,67.0,66.9946153327869,66.99626631651259
3791,60.0,60.004621200531275,60.00320490711708
3792,64.0,63.995587246093706,63.99693920842291
3793,68.0,68.00560578217379,68.00388772285189
3794,68.0,67.99188922502778,67.99437643489264
3795,59.0,59.01026213848106,59.00711430096261
3796,77.0,76.98956797732157,76.99276790943253
3797,73.0,73.00889776122368,73.00616898919493
3798,73.0,72.99289505205198,72.9950735100495
3799,70.0,70.005632773514,70.00390601757563
3800,79.0,78.99581276861957,78.99709587482529
3801,77.0,77.00324517964518,77.00225126893996
3802,71.0,70.99608407643704,70.99728413661569
3803,77.0,77.00578126711869,77.00400806359008
3804,98.0,97.99331477455605,97.99536579501272
3805,89.0,89.00536077779145,89.00371655787225
3806,79.0,78.99723829298335,78.99808399578683
3807,68.0,68.0011161562669,68.00077629947995
3808,67.0,66.997090976604,66.9979811532987
3809,98.0,98.00843253074481,98.00584571494609
3810,120.0,119.98679515100754,119.99084837514822
3811,73.0,73.01162929264721,73.00805917519786
3812,74.0,73.99628454511736,73.99742491809388
3813,93.0,92.99466183414879,92.99630109972206
3814,96.0,96.01076576670351,96.00746055773376
3815,117.0,116.98938821965037,116.99264521960939
3816,97.0,97.00574603608263,97.00398439319365
3817,93.0,92.99949134837314,92.99964334140057
3818,110.0,110.00084893019496,110.00059342646347
3819,91.0,90.9910492774912,90.99379255273136
3820,83.0,83.01976098130626,83.01369757706641
3821,123.0,122.97552991347123,122.98303977547906
3822,76.0,76.01883485921677,76.01305562214095
3823,79.0,78.99248570145937,78.99478838065886
3824,106.0,105.99914088919495,105.99940914075657
3825,102.0,102.00172435358765,102.00119144191653
3826,113.0,113.00282345471801,113.00195872245442
3827,122.0,121.99266561148991,121.99491608920232
3828,93.0,93.00822953579616,93.00570429816172
3829,95.0,94.99332092539893,94.99536997570371
3830,114.0,114.00548883834358,114.0038045694335
3831,122.0,121.99613576289337,121.99732237590723
3832,94.0,93.99881065359385,93.99917518178175
3833,94.0,94.00847211317716,94.00587095780983
3834,125.0,124.98803702111648,124.99171081765479
3835,98.0,98.00761172648295,98.00527351256386
3836,98.0,98.00223250261406,98.00154840832579
3837,115.0,114.98811877892979,114.99176486864495
3838,102.0,102.01728473136436,102.01198030705454
3839,119.0,118.98253547871128,118.98789456013301
3840,97.0,97.01351758792815,97.00937040559836
3841,94.0,93.99263298157958,93.99489211639047
3842,91.0,91.00088786321369,91.00061758439878
3843,103.0,103.0038066637796,103.00263580689675
3844,135.0,134.9955097155927,134.99689042777408
3845,128.0,128.00079729628624,128.00055028298465
3846,108.0,108.0053262521593,108.00369373658121
3847,96.0,95.98852799723812,95.99204600034597
3848,84.0,84.01529439356005,84.01060689561317
3849,118.0,117.98470299553935,117.98937779620492
3850,107.0,107.01354804230155,107.00945730166472
3851,87.0,86.985437771929,86.9896684724553
3852,84.0,84.0200848763368,84.01479630491403
3853,120.0,119.9698988477142,119.97588073605945
3854,104.0,104.0564981917879,104.05130501835548
3855,115.0,114.89547069010942,114.89850130090332
3856,109.0,109.12753848602881,109.12733745024754
3857,97.0,96.91458073050188,96.91174788618417
3858,94.0,94.02091556240927,94.02664066618436
3859,80.0,80.01427127819213,80.00663772716904
3860,126.0,125.97849631311573,125.98596754014798
3861,103.0,103.01568491969724,103.0106379327763
3862,96.0,95.99592028777742,95.9972344083852
3863,91.0,90.99162729776167,90.9941807118942
3864,86.0,86.01811167443616,86.01255705622467
3865,123.0,122.97812348992059,122.98483656095206
3866,101.0,101.01824295064554,101.0126450190284
3867,114.0,113.99040501946499,113.99334802908294
3868,114.0,114.00066963464363,114.00046620162486
3869,93.0,93.00505445753626,93.00350175708849
3870,89.0,88.99278664160596,88.99500076958334
3871,79.0,79.00736110997126,79.00510256411884
3872,83.0,82.99308452503999,82.99520602622374
3873,83.0,83.00610130396723,83.00422942835061
3874,89.0,88.99599588860677,88.99722428251496
3875,77.0,77.00025829277087,77.00017992478679
3876,79.0,79.00295925419906,79.00204964170001
3877,109.0,108.99739336902275,108.99819432138048
3878,107.0,106.99906276374493,106.99935088157132
3879,87.0,87.00357827124927,87.00247827383932
3880,91.0,90.99804659025354,90.9986482125177
3881,83.0,82.99647621528011,82.99755620248348
3882,77.0,77.00964734373166,77.00668714280069
3883,98.0,97.98696840102943,97.99096773119962
3884,89.0,89.01204636926516,89.00834949037115
3885,102.0,101.99267625864545,101.994923293241
3886,95.0,95.00120240960433,95.00083442649742
3887,80.0,80.00358500627755,80.0024838349069
3888,83.0,82.99437164770923,82.99609914194971
3889,76.0,76.00544981462633,76.00377844156333
3890,77.0,76.99545032705365,76.99684333840432
3891,75.0,75.00452008085202,75.0031410167175
3892,78.0,77.9934635695626,77.99544531303421
3893,91.0,91.01009674300134,91.00708369159213
3894,115.0,114.98750843683011,114.99102000146577
3895,94.0,94.01082287779768,94.00872514755991
3896,90.0,89.99710299700934,89.99335748863643
3897,77.0,76.98080633473957,77.00416255593444
3898,70.0,70.09141055699841,69.99781397419136
3899,67.0,66.77428593933185,67.00060506191141
3900,72.0,72.30536459922308,72.00103866631294
3901,77.0,76.76963008910862,76.99737782451962
3902,76.0,76.09922310247515,76.00322967745711
3903,91.0,90.9716501079719,90.99781475877279
3904,87.0,87.00700772804188,87.00022452828328
3905,71.0,70.9998093573976,71.00108992293872
3906,72.0,71.99866385166351,71.99875294201374
3907,77.0,77.00158963471237,77.00118650270055
3908,76.0,75.99734043168344,75.99813336912933
3909,71.0,71.00498678642086,71.00346363365225
3910,72.0,71.99193783019527,71.99440924774913
3911,74.0,74.01038898267612,74.00720206669423
3912,102.0,101.98985872676832,101.992969734135
3913,94.0,94.00745823209388,94.00517125894451
3914,84.0,83.99522176133054,83.9966857322765
3915,81.0,81.0040165707038,81.00278628316708
3916,82.0,81.99512082831245,81.99661627338733
3917,76.0,76.0061355143927,76.00425410773545
3918,80.0,79.99299090765496,79.99514067223319
3919,76.0,76.00708309970649,76.00491049276545
3920,83.0,82.99395927958955,82.99581188765688
3921,74.0,74.0042278468885,74.00293190999113
3922,69.0,68.99714759086572,68.9980211873936
3923,72.0,72.00282539794624,72.00195994086053
3924,77.0,76.99610097340654,76.99729673923542
3925,73.0,73.00555474717747,73.00384770195
3926,75.0,74.9920909352338,74.99453306905684
3927,76.0,76.01094959051454,76.00752638779004
3928,91.0,90.9865597465868,90.99092645396648
3929,81.0,81.01269122526969,81.0078868212059
3930,94.0,93.99682635801253,94.00119971886966
3931,77.0,76.96827043048867,76.96531787272198
3932,78.0,78.09590334434507,78.09682508881266
3933,79.0,78.8651483606776,78.86584291048145
3934,76.0,76.1029567093786,76.10171467474431
3935,74.0,73.95473252886595,73.9559332988658
3936,68.0,68.01473653172712,68.01361508111684
3937,71.0,70.99398170691138,70.99491688549942
3938,68.0,68.00268281706877,68.00210451391673
3939,69.0,68.99879546233757,68.99909853466994
3940,74.0,74.00135555134247,74.00095826551933
3941,72.0,71.99715175526784,71.99802029067001
3942,64.0,64.00464946927822,64.00322418477984
3943,66.0,65.99435515736357,65.99608747816106
3944,61.0,61.004955719664395,61.003433941556565
3945,69.0,68.99822301958392,68.99876982165684
3946,67.0,66.99604249434513,66.99725562608322
3947,73.0,73.01051911173487,73.00729135940313
3948,104.0,103.98471497373107,103.98940851705527
3949,96.0,96.01734892791666,96.01200913075508
3950,105.0,104.98199893799186,104.98759017674602
3951,98.0,98.01800505152136,98.0122167110062
3952,112.0,111.98409269517381,111.98997468048361
3953,82.0,82.00975853079258,82.00299533640327
3954,74.0,74.00244016733404,74.0158279178548
3955,75.0,74.96879859326675,74.92548440314488
3956,72.0,72.08799761168316,72.1818563397754
3957,70.0,69.82629895015125,69.75574201473044
3958,68.0,68.2714337900902,68.18243235965348
3959,67.0,66.6959500063494,66.92313694402041
3960,68.0,68.21483869557036,68.02175264848239
3961,73.0,72.90940602829083,72.9925757007295
3962,73.0,73.02701001555317,73.00396514680662
3963,82.0,81.98903061786334,81.99631116898517
3964,99.0,99.00791494493141,99.00445387033643
3965,127.0,126.99233103365712,126.99495481011462
3966,128.0,128.00702028179703,128.00479554005466
3967,123.0,122.99478132293486,122.99640129874359
3968,101.0,101.00192829661188,101.00133128992339
3969,90.0,90.00285003900878,90.00197717801669
3970,87.0,86.99213247348939,86.9945462706392
3971,82.0,82.01085578629406,82.00752468198527
3972,116.0,115.98959794405475,115.9927892877466
3973,126.0,126.0076435201461,126.0052995446667
3974,131.0,130.99475961824805,130.99636580128077
3975,130.0,130.00447699941856,130.0031046552965
3976,120.0,119.99595538895804,119.99719547020389
3977,91.0,91.00237983330746,91.00165101125255
3978,90.0,89.99910497690475,89.99937742301033
3979,122.0,122.00258617020197,122.00179454559431
3980,133.0,132.99286124067845,132.99505126223704
3981,114.0,114.010376561716,114.00719174500401
3982,120.0,119.99111525248563,119.99384226197085
3983,95.0,95.0033368628735,95.00231339826898
3984,79.0,79.00249234030944,79.00172593326906
3985,96.0,95.9949263317478,95.99648504213218
3986,108.0,108.0034636426924,108.00239988169275
3987,138.0,138.00050058279996,138.00034642485792
3988,160.0,159.99671659650627,159.9977257098313
3989,142.0,142.00236564652235,142.0016382553184
3990,134.0,134.00130022410838,134.00090193528902
3991,140.0,139.99519116073066,139.9966665839845
3992,134.0,134.006589327261,134.004567654574
3993,137.0,136.993097761172,136.9952150984386
3994,130.0,130.00639264458934,130.00443197694827
3995,132.0,131.99456359427575,131.99623063913404
3996,126.0,126.00434444094961,126.00301258545886
3997,123.0,122.99641759607606,122.99751568700042
3998,113.0,113.00358541969347,113.00248593830158
3999,97.0,96.99606139760404,96.99727006825485
4000,76.0,76.00312764072443,76.00216717253308
4001,80.0,79.99986687783392,79.99990849235907
4002,85.0,84.99584103425741,84.99711691470179
4003,80.0,80.00784643033786,80.00543850124663
4004,88.0,87.99059742130623,87.99348326277496
4005,78.0,78.00798642845902,78.00553498784633
4006,90.0,89.99624097689846,89.99739512028574
4007,91.0,90.99808687839513,90.99867338958038
4008,80.0,80.00751482458217,80.00520932179327
4009,81.0,80.98787926618465,80.99159837136035
4010,78.0,78.01442297706086,78.00999707853356
4011,115.0,114.98729152427948,114.99119112055682
4012,117.0,117.00704458303419,117.00488402827501
4013,123.0,122.99959635069743,122.99971778591288
4014,126.0,125.99682612443064,125.99780305423428
4015,92.0,92.00179287581392,92.00124026358841
4016,73.0,73.00279172896416,73.00193652805245
4017,77.0,76.99265073041578,76.99490492684708
4018,73.0,73.01013195509363,73.0070241902449
4019,85.0,84.98883757123069,84.99226067399418
4020,76.0,76.01148023017561,76.00796061133673
4021,81.0,80.98730096716129,80.99119394409064
4022,86.0,86.01534243360896,86.01063885955243
4023,103.0,102.98248800604439,102.98785407213613
4024,73.0,73.01698845918557,73.01179814314352
4025,76.0,75.9859961293295,75.99021167361852
4026,79.0,79.01022409482573,79.00739298846577
4027,103.0,102.99407054071895,102.99472980346977
4028,120.0,119.99830172692896,120.0032142457599
4029,137.0,137.02252103448564,136.99906083891108
4030,134.0,133.9089710072735,133.9990093705714
4031,116.0,116.21628567016838,116.00110580222099
4032,122.0,121.71405733403849,122.00136395087421
4033,128.0,128.20724523818174,127.99484153665854
4034,121.0,120.92159111982858,121.00775398365644
4035,142.0,142.0134385726318,141.99276796512203
4036,127.0,126.99900138029622,127.00369739904689
4037,119.0,119.00288220967272,119.00083904753211
4038,124.0,123.99340856357057,123.9957355863041
4039,109.0,109.00859811943653,109.00588040446317
4040,100.0,99.99130784708674,99.99399509617483
4041,75.0,75.0073273876479,75.00507482025552
4042,70.0,69.99456241538519,69.99623060121331
4043,70.0,70.00437943411727,70.00303708757076
4044,71.0,70.99528555094112,70.99673086279236
4045,68.0,68.005613784427,68.00389187503947
4046,74.0,73.99427988854103,73.99603497898934
4047,65.0,65.00429066118292,65.00297395209083
4048,65.0,64.99844893368143,64.99892497766841
4049,65.0,64.9981493972382,64.99871743261347
4050,64.0,64.00517713858748,64.0035877078944
4051,68.0,67.99310065691743,67.99521931630566
4052,60.0,60.004826219822455,60.003343600089075
4053,91.0,91.0012386171156,91.00085933971539
4054,118.0,117.99211518804907,117.99453481377883
4055,101.0,101.01122656454376,101.00778167731889
4056,102.0,101.98929000649467,101.99257485780095
4057,86.0,86.00852104811182,86.00591115251305
4058,76.0,75.99332454716247,75.99535887088919
4059,65.0,65.00568401662353,65.00398720120894
4060,66.0,65.99475893626462,65.99619502354462
4061,62.0,62.005712437395104,62.00459872765612
4062,64.0,63.98990359863469,63.99061855686941
4063,64.0,64.02972527990806,64.02949655519619
4064,66.0,65.93155717868328,65.93129026855085
4065,68.0,68.09165210924753,68.09203944636083
4066,66.0,65.93041099847218,65.93049605738796
4067,60.0,60.03135636604013,60.03062673872754
4068,62.0,61.98865850177137,61.98975596128111
4069,60.0,60.005943345559714,60.00475823869989
4070,64.0,63.995790475774726,63.99691093922301
4071,62.0,62.00327591845237,62.002316385417785
4072,63.0,62.99775249860107,62.99843068213974
4073,61.0,61.000311888099986,61.000217837643916
4074,64.0,64.00353454065765,64.00245121685167
4075,63.0,62.99059400379787,62.993478511660136
4076,62.0,62.01546285646589,62.01071943114799
4077,97.0,96.98096634702708,96.98680571628232
4078,90.0,90.0188830354216,90.01309004849551
4079,99.0,98.98451731445212,98.98926648447642
4080,74.0,74.0100594044747,74.00697490896583
4081,66.0,65.99543341494969,65.99683204382514
4082,67.0,67.00113807228558,67.00079131317086
4083,61.0,60.999530400368386,60.99967283823868
4084,59.0,59.00145573963687,59.00100966109187
4085,62.0,61.997554973189565,61.998305515305475
4086,59.0,59.0023290378456,59.001613422431134
4087,63.0,62.999247884205744,62.999480174551124
4088,62.0,61.99771683481362,61.99841541932888
4089,58.0,58.007006529415904,58.004858686054064
4090,60.0,59.98670723470408,59.99078479386494
4091,67.0,67.01866809501065,67.01293984306754
4092,118.0,117.98116779932188,117.98694673300739
4093,100.0,100.01232935319409,100.00854722248026
4094,95.0,94.99681791309403,94.99779103549717
4095,99.0,98.99740656453434,98.99820704197775
4096,74.0,74.00178700020732,74.00123402619623
4097,68.0,68.00485533450403,68.00336896851306
4098,69.0,68.98594554343153,68.9902561890461
4099,62.0,62.02139104629168,62.014828127655534
4100,106.0,105.97668072140536,105.9838351503304
4101,87.0,87.01996791056348,87.01384288987185
4102,82.0,81.98525246275014,81.98977494088554
4103,73.0,73.01019981655921,73.00707252077345
4104,81.0,80.99399727200502,80.99583723341806
4105,76.0,76.00140857928295,76.00097835242292
4106,79.0,79.00228642567251,79.00158243478099
4107,99.0,98.99732953326357,98.99815129499007
4108,96.0,95.99918018884529,95.99943035654815
4109,98.0,98.00573325322594,98.00397417457859
4110,121.0,120.99113012658,120.99385243873607
4111,118.0,118.00890372042191,118.00617076443754
4112,121.0,120.99388559429065,120.99576271005938
4113,108.0,108.00094271330302,108.00065271899399
4114,107.0,107.00570674529445,107.00395572777556
4115,117.0,116.98857000484401,116.9920779016548
4116,108.0,108.01308256596863,108.00906771219304
4117,141.0,140.9902381756737,140.99323269504876
4118,138.0,138.00481233912177,138.00333814185814
4119,104.0,103.99734818491598,103.99815899544996
4120,89.0,89.00382064760925,89.00265060999473
4121,102.0,101.99401074889934,101.9958467764709
4122,104.0,104.00822727528057,104.00570406004687
4123,98.0,97.98961983205788,97.9928043497136
4124,82.0,82.01041052780346,82.00721641631351
4125,116.0,115.99309921565747,115.99521556276278
4126,132.0,132.0026770368063,132.0018576424624
4127,119.0,118.99825798347567,118.99879100285145
4128,126.0,126.00340332457812,126.0023588838165
4129,153.0,152.99689010817525,152.9978453949326
4130,140.0,139.99898077431098,139.99929320858578
4131,121.0,121.00567352612359,121.00393184174155
4132,133.0,132.99313516059198,132.99524241415398
4133,122.0,122.00448705889708,122.00311043810504
4134,114.0,113.99853460650223,113.99898303539894
4135,119.0,119.0001356947253,119.0000956213708
4136,122.0,121.99917640490203,121.99942776432496
4137,120.0,120.00281008051837,120.00194873872411
4138,107.0,106.99512665659545,106.99662140957622
4139,78.0,78.00579830894135,78.00401989812272
4140,76.0,75.994182986673,75.99596672108453
4141,89.0,89.0062015660887,89.00429988934692
4142,109.0,108.99306612262713,108.99519282849576
4143,113.0,113.00670919704783,113.00465129025517
4144,133.0,132.99474095917213,132.9963537301207
4145,143.0,143.0037877217092,143.00262638341007
4146,137.0,136.9969962831144,136.99791758400923
4147,114.0,114.0021899109743,114.001517589531
4148,95.0,94.99975426312292,94.9998304657457
4149,79.0,78.99673551926344,78.997736613634
4150,78.0,78.00736187352817,78.00510274188878
4151,95.0,94.99037748022374,94.99333096205105
4152,80.0,80.00813973095308,80.00564126632598
4153,83.0,82.99664134196955,82.99767204040597
4154,84.0,83.99745606063425,83.99823755629865
4155,85.0,85.00702984835353,85.00487095261127
4156,109.0,108.99221009098889,108.99460255174446
4157,113.0,113.00360820137155,113.00249964404422
4158,140.0,140.003930558553,140.00272409743678
4159,162.0,161.9898426463405,161.99296150012424
4160,129.0,129.01079646261027,129.00748069790802
4161,127.0,126.99425042351749,126.99601852080013
4162,125.0,124.9980143979196,124.99861457764882
4163,120.0,120.00971249701459,120.0067631338901
4164,123.0,122.98411471427656,122.98887575975763
4165,91.0,91.01991789698741,91.01422719555869
4166,91.0,90.97644965675684,90.98210697413246
4167,70.0,70.03463475932323,70.02985997648175
4168,80.0,79.91863883821105,79.92176430617646
4169,74.0,74.1735576919286,74.17253763792549
4170,73.0,72.77399170828505,72.77331938795301
4171,78.0,78.16577828253833,78.16714447642539
4172,86.0,85.93353083562329,85.93208824793618
4173,100.0,100.01455149936382,100.01593706151938
4174,94.0,93.99947008104887,93.99806617038195
4175,83.0,82.9955248812453,82.9973171178341
4176,82.0,82.00762572667774,82.00517304445403
4177,103.0,102.99177404349987,102.99432977785699
4178,101.0,101.00427823663694,101.00295557546633
4179,125.0,125.00349048957781,125.00242285244659
4180,150.0,149.98834210688725,149.9919181139253
4181,131.0,131.0170814563295,131.0118407451332
4182,126.0,125.98131516919763,125.9870475346396
4183,84.0,84.01684966878496,84.0116811048641
4184,76.0,75.98709337073232,75.99105134371578
4185,62.0,62.0088564056699,62.00614146298888
4186,59.0,58.99386682406344,58.99574661694638
4187,59.0,59.00456193682725,59.00316339870894
4188,67.0,66.9971769068169,66.99804251430817
4189,63.0,63.00019763721735,63.00013763991203
4190,65.0,65.00220982372588,65.00153086467753
4191,83.0,82.99728519056069,82.99811890062057
4192,84.0,84.00133469643434,84.00092515993725
4193,78.0,78.00019571485583,78.00013504743157
4194,76.0,75.99956996048888,75.99970260727035
4195,69.0,68.99945006262863,68.99961845985653
4196,65.0,65.00159500414676,65.00110549789926
4197,73.0,72.99801542440386,72.99862543857405
4198,74.0,74.00250081814511,74.00172774067389
4199,66.0,65.99564246358895,65.99700464733543
4200,62.0,62.0071194416709,62.00483671816542
4201,76.0,75.9914778941593,75.99446250510724
4202,72.0,72.005505384501,72.00243467680575
4203,89.0,89.00827272892428,89.0108914192558
4204,99.0,98.9435511714985,98.94162330724528
4205,114.0,114.14636217740167,114.14749267164181
4206,116.0,115.7992091844325,115.79910159573339
4207,108.0,108.15386803563854,108.15269550960923
4208,95.0,94.92976336386566,94.93206615399453
4209,65.0,65.02544808951896,65.02279666825265
4210,67.0,66.98904504748991,66.99102467188193
4211,61.0,61.00358756499398,61.002857576964466
4212,57.0,57.00082783198435,57.00047378734879
4213,65.0,64.99725870423931,64.99812685434921
4214,62.0,62.00321852957734,62.00222404096587
4215,56.0,55.996353688944794,55.99747392598303
4216,52.0,52.004292472744176,52.00297524286354
4217,62.0,61.995533903350704,61.99690427225313
4218,64.0,64.00374192954112,64.00259366196994
4219,68.0,67.99780256759468,67.99847711134225
4220,64.0,64.00003701850875,64.00002510119732
4221,62.0,62.002527330893074,62.001752742511286
4222,70.0,69.99452612659454,69.99620458721805
4223,79.0,79.00866247737297,79.00600562069484
4224,93.0,92.98886012223299,92.99227719100728
4225,74.0,74.0118924765914,74.00824470193042
4226,71.0,70.98886318035727,70.99227871033392
4227,60.0,60.00978342155212,60.00678341080727
4228,66.0,65.99163676694849,65.99420096170866
4229,62.0,62.007139218563054,62.0049504869113
4230,63.0,62.99372316397134,62.995647536259305
4231,57.0,57.00559844644396,57.00388196588041
4232,61.0,60.99519458004116,60.99666776192061
4233,59.0,59.00384495612795,59.00266718548981
4234,60.0,59.997254164923284,59.99809133233123
4235,56.0,56.001439670655884,56.00101659178991
4236,56.0,55.999997366609655,55.999929097550755
4237,58.0,57.99893775096244,57.99952137182483
4238,58.0,58.00019035933758,57.99917034390356
4239,62.0,62.007900697452186,62.00906454318485
4240,59.0,58.95879159403254,58.95804657625014
4241,76.0,76.10460550008915,76.1045323059331
4242,104.0,103.8585100631622,103.85899620471004
4243,121.0,121.10466809289505,121.10457586402588
4244,116.0,115.95808953683519,115.95755983975272
4245,105.0,105.00890827614327,105.00976319991648
4246,93.0,92.99951752614199,92.99870311419986
4247,93.0,92.99987250892957,93.00017080079968
4248,85.0,84.99728740073749,84.99804881637027
4249,74.0,74.0074032386387,74.00515211764336
4250,74.0,73.98706854596308,73.99102972262335
4251,72.0,72.01756604342047,72.01217884139176
4252,107.0,106.98093937515074,106.98678589597911
4253,92.0,92.0172912099102,92.0119881300282
4254,93.0,92.9851545830968,92.98970703724737
4255,96.0,96.01325710375268,96.00919113531658
4256,116.0,115.98936824608175,115.99262960084427
4257,98.0,98.00505754365831,98.00350648541239
4258,102.0,102.00123224282109,102.00085400795467
4259,131.0,130.9961339786101,130.9973143298925
4260,119.0,119.00195539625308,119.00138509392491
4261,96.0,96.0010959871106,96.00064448217358
4262,92.0,91.99821346504001,91.9991919093224
4263,92.0,91.99797949629703,91.99699459824437
4264,107.0,107.01639184404007,107.01735234502611
4265,126.0,125.93160606753628,125.93023378399738
4266,132.0,132.16815676236112,132.17003782370085
4267,109.0,108.76998293207842,108.76887230844935
4268,99.0,99.17866563783443,99.1773228477807
4269,129.0,128.91395733404343,128.91799787219534
4270,129.0,129.03977996789234,129.03356830536208
4271,126.0,125.9675950598367,125.97592893386476
4272,95.0,95.03425745573999,95.02418002757167
4273,133.0,132.96556961876334,132.9760141286807
4274,102.0,102.03133922666896,102.0217605019281
4275,102.0,101.97118156952067,101.98000860907567
4276,100.0,100.02944165954706,100.02041617074237
4277,137.0,136.96886344481513,136.97841313374335
4278,119.0,119.02951587023861,119.02046062698254
4279,144.0,143.9788593610462,143.9853458078879
4280,112.0,112.00601365027589,112.00416984482084
4281,115.0,115.01022349139409,115.00708322765048
4282,162.0,161.98091820618077,161.9867766312894
4283,115.0,115.01743759841406,115.01208626085868
4284,91.0,90.98938593202196,90.99264024636474
4285,86.0,86.00597813038893,86.00414796037687
4286,86.0,85.99341402500525,85.99543133469267
4287,98.0,98.01066165243142,98.00739166447498
4288,118.0,117.98624588708729,117.99046690784301
4289,88.0,88.01195587371652,88.00828556418955
4290,90.0,89.99528880004456,89.99673603865416
4291,91.0,90.9943539204688,90.99608547601869
4292,96.0,96.01582731514557,96.01097078941453
4293,131.0,130.97764471805604,130.98450494699892
4294,116.0,116.02258787500625,116.0156564470499
4295,146.0,145.9834704909315,145.98854193077958
4296,138.0,138.00722945894518,138.0050128761839
4297,124.0,124.00123881852079,124.0008563840681
4298,122.0,121.99364036634924,121.99559386925614
4299,104.0,104.00787986329318,104.00546046366982
4300,103.0,102.99335788075292,102.99539703073185
4301,94.0,94.0032655104731,94.002262817045
4302,94.0,94.00195654495838,94.00135612424198
4303,88.0,87.99250466290239,87.99480586285695
4304,77.0,77.00969265961037,77.0067164984572
4305,115.0,114.99394745528406,114.9958060439721
4306,114.0,113.99942512241002,113.99960095629864
4307,77.0,77.0050982338764,77.00353533764456
4308,84.0,83.99215215340865,83.99455663377022
4309,116.0,116.01413406034544,116.00980080203362
4310,121.0,120.97460278027486,120.98239747822062
4311,83.0,83.03557260221842,83.0246377083637
4312,122.0,121.96242904288621,121.97403902295278
4313,73.0,73.03084314078495,73.02106303755741
4314,72.0,71.9781074150177,71.98603818317014
4315,81.0,81.01934433482687,81.00879602664507
4316,92.0,91.96587374878877,91.99374888686006
4317,86.0,86.1009975630084,86.00467916807025
4318,101.0,100.76935852461949,100.99666941219297
4319,122.0,122.30723850439183,122.00303371453337
4320,136.0,135.76776659405007,135.9955664368623
4321,140.0,140.10408596807486,140.00681844958095
4322,146.0,145.96247715138765,145.99139745798576
4323,112.0,112.0192740486207,112.00874336375037
4324,98.0,97.98724963448743,97.99237835542924
4325,82.0,82.0094171161896,82.00621113898006
4326,83.0,82.9927723253028,82.99506703542829
4327,77.0,77.00574983203609,77.00398170143217
4328,81.0,80.99430265348582,80.99599687494832
4329,91.0,91.007694868628,91.00554761123274
4330,100.0,99.98871199702481,99.99137752599823
4331,80.0,80.01794971257287,80.01542027376846
4332,81.0,80.95923450581222,80.96062676113164
4333,77.0,77.1008794733392,77.10104906751873
4334,73.0,72.82319017605408,72.82244547297364
4335,71.0,71.19206907246549,71.19211795827972
4336,71.0,70.87458493585575,70.87513184440286
4337,71.0,71.04921756116063,71.04881429254584
4338,70.0,69.98777515026208,69.98758910140623
4339,61.0,60.99931614079554,61.0005795054015
4340,64.0,64.0080038445202,64.0052667872356
4341,96.0,95.9866289877667,95.99080643822576
4342,109.0,109.0169629139917,109.01173781865046
4343,127.0,126.982781431606,126.98807113562218
4344,93.0,93.0117444810522,93.00813842944731
4345,103.0,102.99875023371382,102.99913374753763
4346,112.0,111.99091348060874,111.99370301949209
4347,76.0,76.01426923981151,76.0098895896188
4348,78.0,77.98610809434527,77.99037061536605
4349,69.0,69.01086826808695,69.00753483702753
4350,73.0,72.99221769387138,72.99460362885745
4351,69.0,69.00560431557574,69.00388662730393
4352,67.0,66.99569043831933,66.9970111995011
4353,60.0,60.00347337285901,60.00240885728904
4354,60.0,59.99726391720411,59.998102308432834
4355,59.0,59.00220522133705,59.00152978720152
4356,63.0,62.9975463402109,62.998298085235504
4357,70.0,70.00382747290404,70.00265361994366
4358,73.0,72.99453341979066,72.99621119190276
4359,60.0,60.00546770479076,60.00378875099313
4360,65.0,64.9976051830406,64.99834139906407
4361,62.0,61.99657544521954,61.99762552235045
4362,66.0,66.00966924154008,66.00670196189299
4363,94.0,93.98689543847323,93.99091758470378
4364,85.0,85.01178459162608,85.00816719333136
4365,98.0,97.99337911525802,97.99541337967966
4366,93.0,93.00075522540415,93.00051284967596
4367,71.0,71.00294843332145,71.00208727550299
4368,67.0,66.99577856276917,66.9969068385545
4369,65.0,65.00534061178003,65.00432784165946
4370,66.0,65.98955662820231,65.99042466854603
4371,64.0,64.03054431623322,64.0298912656883
4372,69.0,68.93112142901522,68.93140175122032
4373,70.0,70.09092723516382,70.09098225721158
4374,67.0,66.93266920841161,66.93247731169727
4375,64.0,64.02699775116616,64.02742390161015
4376,66.0,65.99639606565407,65.99519521490069
4377,66.0,65.99359128573514,65.99607827156731
4378,64.0,64.01240735397971,64.0088228755695
4379,92.0,91.98354572215646,91.98718287019956
4380,79.0,79.02594684592202,79.02341072027693
4381,70.0,69.93068550427965,69.93166480743456
4382,69.0,69.15731804208396,69.1575797806315
4383,69.0,68.78999755926507,68.78937504726439
4384,71.0,71.15797993268735,71.15803771314825
4385,75.0,74.93170315122818,74.93236973370773
4386,68.0,68.02007605488853,68.01935032468893
4387,69.0,68.9960785008356,68.99582804077492
4388,66.0,65.99337859239007,65.99579813684579
4389,74.0,74.01686581598037,74.01158691155139
4390,93.0,92.97677359923135,92.98392894781382
4391,33.0,33.021164716960335,33.01466336485074
4392,45.0,44.98726493217909,44.991171708467704
4393,72.0,72.00539722338725,72.00374518059199
4394,71.0,70.99626956989069,70.99741004330626
4395,69.0,69.0060561473966,69.00420109466651
4396,83.0,82.99102873240747,82.99377864834327
4397,77.0,77.01169730146623,77.00811115319657
4398,76.0,75.98490830783146,75.98953593234356
4399,71.0,71.01858989924763,71.01288869592534
4400,108.0,107.97963037880112,107.98587750542856
4401,107.0,107.01996650122065,107.01384375973478
4402,121.0,120.98126115948713,120.98700646340015
4403,108.0,108.01820564330284,108.01262424571584
4404,113.0,112.9810058555273,112.98682955026842
4405,105.0,105.02042331202426,105.01416025858693
4406,128.0,127.97920543054383,127.98558320241756
4407,111.0,111.01889166234315,111.01309736619157
4408,118.0,117.98517827547374,117.98972377535867
4409,106.0,106.0094294167454,106.0065388135436
4410,114.0,113.99578283052422,113.99707361522712
4411,122.0,122.00150507621773,122.00104650897019
4412,112.0,111.99731695563159,111.99813791727428
4413,113.0,113.00607723749908,113.00421333700227
4414,131.0,130.99180854854654,130.994322054553
4415,113.0,113.00724570072192,113.00502255642563
4416,96.0,95.99581632697297,95.9970991278893
4417,75.0,75.00112981853147,75.00078478888473
4418,69.0,68.99970136806667,68.99979143794928
4419,99.0,99.00222030286169,99.00153945426388
4420,125.0,124.99588763615618,124.99715023828509
4421,108.0,108.00301767261512,108.00209070975694
4422,104.0,103.99996825768396,103.9999790833208
4423,122.0,121.99774104164811,121.99843190056555
4424,120.0,120.00518611198576,120.00359884914
4425,95.0,94.98760059082744,94.99140069150847
4426,93.0,93.02323553798846,93.01610942131099
4427,140.0,139.96796051295252,139.97778894047977
4428,107.0,107.0347044873347,107.024058660627
4429,121.0,120.96780211788399,120.977678019401
4430,100.0,100.02717503708385,100.01884060662132
4431,116.0,115.979341122693,115.98567630238013
4432,96.0,96.01290040964528,96.00894589892431
4433,91.0,90.99477322061489,90.99637262070144
4434,85.0,85.00029441902178,85.00020902112884
4435,74.0,73.99931813227758,73.9995225926003
4436,102.0,102.00629319543592,102.00436596416067
4437,138.0,137.98616143381577,137.99040482472847
4438,127.0,127.02019147755422,127.01399841613937
4439,127.0,126.97559220517456,126.98307913507074
4440,94.0,94.02584204322883,94.01791487623107
4441,112.0,111.97652445423563,111.98372531233252
4442,89.0,89.01782975970309,89.01236179987009
4443,88.0,87.98874039659853,87.99219195328473
4444,82.0,82.00601010948714,82.00416920922639
4445,79.0,78.9970880683604,78.99797882948354
4446,78.0,78.00167783457373,78.00116519621437
4447,78.0,77.99823460612075,77.9987744359309
4448,77.0,77.00288793959928,77.00200359298738
4449,77.0,76.9951640283295,76.99664597498423
4450,77.0,77.00719688926881,77.00499093420538
4451,96.0,95.9901934704166,95.9931994796984
4452,108.0,108.01309140265002,108.00907813339913
4453,127.0,126.98260624220887,126.98793934271148
4454,117.0,117.02228670129081,117.01545200674721
4455,125.0,124.97357299492644,124.98167887053522
4456,92.0,92.02790779218128,92.0193461912986
4457,112.0,111.97436648236283,111.98223380438887
4458,93.0,93.02038831384826,93.01411729053336
4459,96.0,95.98611133874775,95.99043786322382
4460,81.0,81.00723927611085,81.00476651303664
4461,75.0,74.99983848379357,75.00083547479595
4462,73.0,72.98895611216334,72.98880038678038
4463,69.0,69.0421874256132,69.04247884496432
4464,74.0,73.90084755919516,73.89960887508812
4465,76.0,76.13390810035224,76.13526544083513
4466,75.0,74.89422893344076,74.89502032791518
4467,84.0,84.05612228952955,84.05213860668228
4468,112.0,111.96973959564161,111.97547981533772
4469,70.0,70.01918039635737,70.01424390662926
4470,68.0,67.9919530032102,67.99416729066569
4471,71.0,70.9974215698222,70.99828287343736
4472,72.0,72.0091824157226,72.00634403095005
4473,109.0,108.99005743635487,108.99311508912126
4474,110.0,110.00601139480781,110.00416487618331
4475,105.0,104.99951488883761,104.99966359344377
4476,96.0,95.99607849157655,95.99728276340794
4477,73.0,73.00606757799126,73.0042045178798
4478,69.0,68.99399024288886,68.99583593391347
4479,66.0,66.00375421173615,66.0025999205851
4480,77.0,77.00154649437067,77.00107481800524
4481,75.0,74.98982401869223,74.9929439066776
4482,73.0,73.01978131825166,73.01371312699148
4483,110.0,109.97376888200704,109.98181703210143
4484,90.0,90.02701517843431,90.01872537230646
4485,116.0,115.97691416506991,115.98400306792686
4486,111.0,111.01708695618404,111.01181821088824
4487,114.0,113.98941454615411,113.9927667679537
4488,91.0,91.00368704997493,91.00215898634589
4489,74.0,74.0045036261794,74.00460984974548
4490,75.0,74.98007320042956,74.9806266180021
4491,73.0,73.06898912656041,73.06858024329279
4492,78.0,77.83861926654225,77.83848167685491
4493,83.0,83.2158143384608,83.21615859442761
4494,81.0,80.83781087952971,80.83792156457162
4495,71.0,71.06965057488424,71.06903873956853
4496,72.0,71.98033139073512,71.98080479665902
4497,69.0,69.00377518484352,69.00410680729209
4498,72.0,72.0031695168986,72.00179716462766
4499,82.0,81.9938607662793,81.99585287404538
4500,69.0,69.00514363301141,69.00353508912477
4501,73.0,72.99962831682532,72.99975100611775
4502,73.0,72.99374397738346,72.99566188163323
4503,72.0,72.0111428945184,72.00772276913966
4504,106.0,105.98907946130626,105.99243218110593
4505,94.0,94.00571851367079,94.00396108007162
4506,84.0,84.00038900211425,84.00027931441187
4507,94.0,93.99652200902975,93.99754899064583
4508,84.0,84.00346628006575,84.00255804095906
4509,73.0,72.99656890160387,72.99703911391774
4510,70.0,70.00781524592983,70.00759141932599
4511,71.0,70.97317976350239,70.97329595015029
4512,70.0,70.06299669337176,70.06303972518158
4513,70.0,69.91660333065272,69.91643842978384
4514,69.0,69.05923940499748,69.05927030862412
4515,66.0,65.98769941642325,65.98802083049503
4516,68.0,67.95182110996177,67.95130250501015
4517,81.0,81.13353947912387,81.13379319656993
4518,81.0,80.81725496918897,80.81743407730478
4519,72.0,72.13695633467567,72.13670348124687
4520,68.0,67.94296574760261,67.94299548323878
4521,69.0,69.01503054296782,69.01510010044933
4522,68.0,67.99558528671028,67.99568548834438
4523,69.0,69.00231329356205,69.00193915153328
4524,73.0,72.99826454140377,72.99870788429915
4525,71.0,71.00014548386326,71.00012403878046
4526,77.0,77.00285104841397,77.00197018947495
4527,82.0,81.99414456247877,81.99594326069358
4528,70.0,70.00683732793385,70.00473833512444
4529,79.0,78.99496765394312,78.99651206728542
4530,77.0,77.00164093698704,77.00113798038225
4531,72.0,72.00134141957373,72.00092862481814
4532,74.0,73.99737872871123,73.99818460898189
4533,67.0,67.00193387276757,67.00133860949414
4534,65.0,65.00078302217324,65.00054487289276
4535,65.0,64.99418802758403,64.9959695071572
4536,77.0,77.01223220434349,77.00847985608179
4537,102.0,101.98316424332637,101.9883298384911
4538,73.0,73.01669204716578,73.01157102488584
4539,80.0,79.98748219078014,79.99132090229043
4540,81.0,81.00776377294397,81.00538536075938
4541,83.0,82.99455654087217,82.99622192211844
4542,81.0,81.00720816629646,81.00500162210461
4543,73.0,72.98679291352721,72.99084065498532
4544,72.0,72.02086510093427,72.01446703217542
4545,116.0,115.97364763037731,115.9817287966832
4546,93.0,93.02925680655375,93.02028601556762
4547,90.0,89.96715040854757,89.97722283863864
4548,81.0,81.03825934081846,81.02652606651878
4549,136.0,135.95794916013605,135.97084743666412
4550,109.0,109.04056750477264,109.02812313681173
4551,135.0,134.96689134569593,134.97704779996226
4552,108.0,108.0207907261745,108.01441350404716
4553,122.0,121.99437732526303,121.99610034833279
4554,132.0,131.9908816817815,131.99368209341685
4555,119.0,119.01936642762323,119.01342151775924
4556,144.0,143.97800785453782,143.9847573249051
4557,104.0,104.01734360467944,104.01202264684332
4558,99.0,98.98988761672017,98.99298794807535
4559,113.0,113.0054285638428,113.0037653959172
4560,116.0,115.99618283067096,115.99735306298376
4561,106.0,106.00184922428483,106.00128164304466
4562,120.0,120.0026384591157,120.0018287327834
4563,133.0,132.99220836514115,132.99460068369717
4564,120.0,120.00974909674471,120.00675488108973
4565,131.0,130.99413711432732,130.99593909643383
4566,112.0,111.99651277523398,111.9975808134925
4567,99.0,99.01458127342184,99.01010759893111
4568,118.0,117.97797250887791,117.98473167213598
4569,86.0,86.02249220899978,86.01559145594514
4570,114.0,113.98229635943937,113.98772581911626
4571,128.0,128.01270596201437,128.008811213758
4572,122.0,121.98946283439408,121.99269238626567
4573,93.0,93.01035849225876,93.0071826524372
4574,89.0,88.98967498600072,88.99284175646562
4575,93.0,93.00903440748786,93.00626276562181
4576,125.0,124.99466984429034,124.99630495731351
4577,125.0,124.99992629350768,124.99994995921581
4578,103.0,103.00438456982988,103.00303752782081
4579,98.0,97.99433247194574,97.9960733991927
4580,86.0,86.00403204358561,86.0027928254668
4581,86.0,86.0001401627909,86.00009926408944
4582,86.0,85.99314011542332,85.99524336835572
4583,96.0,96.01460943330922,96.01012715799206
4584,123.0,122.98054789223566,122.98651696198802
4585,83.0,83.01830852095941,83.01269067532219
4586,80.0,79.98765806610172,79.99144405508237
4587,77.0,77.0052640515161,77.00365049027057
4588,83.0,83.000252004575,83.00017348785707
4589,97.0,96.99657908328246,96.99762773905802
4590,96.0,96.0047174134086,96.00327744214962
4591,97.0,96.99467519262639,96.99628019929602
4592,93.0,93.00634991983537,93.0045072675178
4593,96.0,95.99152754616779,95.99373590399446
4594,93.0,93.01286218587195,93.01037294909156
4595,102.0,101.97475425962357,101.97706304012797
4596,88.0,88.07065480438543,88.06926874591369
4597,83.0,82.84175043451393,82.84176881940232
4598,81.0,81.20962786352601,81.2103729167585
4599,76.0,75.84277799511116,75.84248173312318
4600,68.0,68.0680992553687,68.06749614093323
4601,69.0,68.97933072780259,68.98023696874557
4602,68.0,68.00536887953851,68.00517703347995
4603,89.0,89.00311608517401,89.00176979798557
4604,105.0,104.99139884878464,104.99414373108517
4605,78.0,78.00923617146327,78.00637267636917
4606,80.0,79.99498714547953,79.99653346210674
4607,79.0,78.99896984082987,78.99928419320517
4608,75.0,75.00565570617152,75.00392034203489
4609,95.0,94.99217781092513,94.99457793183697
4610,101.0,101.00843102102155,101.00584431828617
4611,102.0,101.99188145429602,101.99437239122933
4612,80.0,80.00634177310899,80.00439582506561
4613,78.0,77.99705896161828,77.99796146299012
4614,80.0,79.99886354763484,79.99921216445674
4615,80.0,80.00497575946912,80.00344915554797
4616,84.0,83.99198095191228,83.99444132892768
4617,75.0,75.00948467178561,75.00657471359577
4618,87.0,86.99117979767692,86.99388540902659
4619,81.0,81.00672087642923,81.00466006551153
4620,81.0,80.99509683262363,80.99659961710995
4621,83.0,83.00453295040515,83.00314326319989
4622,83.0,82.99492974174466,82.9964854791648
4623,70.0,70.0048143143525,70.00333559748604
4624,71.0,70.99792080918728,70.99856213342838
4625,70.0,69.99597008286511,69.99719938071483
4626,88.0,88.01218388469128,88.00846734676354
4627,118.0,117.98194525927448,117.98740283674002
4628,84.0,84.01749499828813,84.01244476692337
4629,92.0,91.98955893258874,91.99154811784453
4630,91.0,90.99856809333296,91.00360900549754
4631,82.0,82.02455034532565,81.99967730521064
4632,79.0,78.9046644521977,78.99898674405681
4633,73.0,73.22659092610934,73.00115056108599
4634,72.0,71.69696250213181,71.99903460114317
4635,72.0,72.22653403698095,72.00111213880801
4636,70.0,69.90357722219622,69.99823135527849
4637,68.0,68.02853709196398,68.00244285862055
4638,76.0,75.9899203331627,75.99761294986413
4639,72.0,72.00370845852294,72.00135663872652
4640,70.0,69.99987438269032,70.000231558817
4641,70.0,69.9975070615949,69.99818858779707
4642,67.0,67.00441278506165,67.00308095908613
4643,73.0,72.99403968184363,72.99586226172458
4644,71.0,71.0078464795396,71.00543965223747
4645,74.0,73.98977671062084,73.99291985892087
4646,75.0,75.01129033329973,75.00779888087112
4647,109.0,108.99151824261409,108.99422189492358
4648,103.0,103.00185085085086,103.0009065106758
4649,89.0,89.0064324043601,89.00586594337483
4650,102.0,101.98005029562246,101.98091372600095
4651,101.0,101.04179579053587,101.04155054273457
4652,88.0,87.94586152750789,87.94560968097534
4653,77.0,77.04032585439653,77.04053212944244
4654,76.0,75.98318173769118,75.98308282444987
4655,73.0,73.00385311373849,73.00408014801623
4656,68.0,67.99951731256625,67.99928847707031
4657,71.0,71.00135524149657,71.00103504836494
4658,69.0,68.99539319610136,68.9968044372031
4659,68.0,68.00801834747608,68.00546938622003
4660,89.0,88.99092250140998,88.99406523291955
4661,84.0,84.00550485420789,84.00247456570192
4662,85.0,85.00840216978663,85.01083215657144
4663,73.0,72.94378937252982,72.942344847293
4664,71.0,71.14512386357663,71.14530274231373
4665,68.0,67.8024657303612,67.80314415877747
4666,65.0,65.14734945054595,65.1468456569018
4667,71.0,70.93996264669514,70.93969162056236
4668,80.0,80.01360161624305,80.01443741847518
4669,77.0,76.99849032982888,76.99761078032618
4670,78.0,77.99972743101921,78.00017115234063
4671,73.0,72.9988403051192,72.99909964781999
4672,70.0,70.0029334148084,70.00205913024797
4673,81.0,80.99616926936837,80.99733763486846
4674,82.0,82.00410643325608,82.00284854411993
4675,77.0,76.99567540473758,76.99700184265744
4676,65.0,65.0040273590454,65.00279125100067
4677,68.0,67.99778054106538,67.99846233162597
4678,68.0,67.99863498997274,67.99905318165432
4679,74.0,74.00573617583021,74.00397621700297
4680,87.0,86.99101661907812,86.9937734160964
4681,72.0,72.0094681080779,72.00656262512862
4682,74.0,73.99310388821804,73.9952194173413
4683,66.0,66.00253648576015,66.00176001414667
4684,74.0,74.00067472647741,74.00046466835195
4685,101.0,101.0005678759765,101.00039655298474
4686,93.0,92.99367759913396,92.99561625753898
4687,72.0,72.01208904690122,72.00837923663056
4688,92.0,91.98701317858342,91.9909986645183
4689,75.0,75.00863558932566,75.00598657477478
4690,77.0,76.99690344677396,76.99785144961379
4691,102.0,102.00049981571588,102.0003487328689
4692,114.0,113.99848825659444,113.99895105960003
4693,117.0,117.00371397214536,117.00257373877346
4694,118.0,117.99617321268384,117.9973491487617
4695,94.0,93.99991608867589,93.99994034407503
4696,93.0,93.00650927506447,93.00451235141944
4697,113.0,112.98885491082903,112.9922747681038
4698,92.0,92.0112297950412,92.00778511754488
4699,95.0,94.9914005633502,94.99403592245754
4700,96.0,96.00782229524077,96.00542710601074
4701,87.0,86.98820042171357,86.99181576029267
4702,87.0,87.01931175378911,87.01339054863914
4703,127.0,126.97334876008583,126.98152284921636
4704,123.0,123.0308423115498,123.02138201482649
4705,157.0,156.96908622774214,156.97856807191243
4706,126.0,126.02764677887583,126.01916797542287
4707,121.0,120.97708481881804,120.98411151088872
4708,92.0,92.01836734728124,92.012735710609
4709,92.0,91.98556931915424,91.98999396984898
4710,89.0,89.01043435341978,89.00723497487827
4711,114.0,113.99431259522697,113.99605588951265
4712,126.0,126.00076617462969,126.00053294039964
4713,124.0,124.00268885056661,124.00186185102027
4714,124.0,123.99654844238361,123.99760927722495
4715,105.0,105.0015312891801,105.00106019638852
4716,91.0,91.00206764182681,91.00143368966809
4717,86.0,85.99422451043772,85.99599696083817
4718,84.0,84.00759747865882,84.00526558755979
4719,111.0,110.99384552430895,110.9957341949813
4720,109.0,109.0025875511909,109.00179426101232
4721,91.0,91.00017744337292,91.00012196214556
4722,86.0,85.99922033339769,85.99946006242455
4723,84.0,84.00045194738385,84.00031357950786
4724,80.0,79.99902603852225,79.99932429690577
4725,80.0,80.00287181497643,80.00199067506787
4726,78.0,77.99518348453745,77.9966623334326
4727,69.0,69.00436465193545,69.00302388136386
4728,95.0,94.99956412242386,94.99969903088294
4729,119.0,118.99475925344875,118.9963670283548
4730,120.0,120.00979434382467,120.00678868037694
4731,126.0,125.98880045450025,125.99223737191122
4732,97.0,97.0089890703535,97.00623063616669
4733,91.0,90.99505547944425,90.99657465664345
4734,90.0,90.00273232050688,90.00187955809083
4735,81.0,80.99462595016655,80.99634247154805
4736,92.0,92.0127580338536,92.00857028802683
4737,118.0,117.97792577801785,117.98575162640473
4738,100.0,100.03163066584375,100.01792858035593
4739,119.0,118.95231864768662,118.98201814801638
4740,85.0,85.10239185642214,85.01441791317657
4741,91.0,90.79147048988214,90.99097426696032
4742,91.0,91.26870524697964,91.00451632077787
4743,81.0,80.80101014278387,80.99758747397496
4744,78.0,78.08439424769847,78.00194148089723
4745,90.0,89.97630967212942,89.99864936385836
4746,93.0,93.00538680122943,92.99973522126703
4747,93.0,93.00231920998307,93.00266335996093
4748,91.0,90.99297611717603,90.99485371653006
4749,73.0,73.01021246486351,73.00715183451024
4750,75.0,74.98796768858715,74.99164043436326
4751,74.0,74.01187756572938,74.00823812229082
4752,106.0,105.99096240736796,105.99373404101938
4753,109.0,109.00437408534063,109.00303248696954
4754,97.0,97.00017304925645,97.00012028053683
4755,86.0,85.99593522547833,85.99718069278123
4756,75.0,75.00865775407672,75.00600438502782
4757,75.0,74.98464920176367,74.98935571413782
4758,76.0,76.0235652182343,76.0163376616218
4759,110.0,109.96978582836206,109.97905445779033
4760,86.0,86.03177420441122,86.02202662127253
4761,121.0,120.97264669104312,120.98103713279608
4762,107.0,107.01934341170892,107.01341163380893
4763,104.0,103.98893839910254,103.99232844220077
4764,92.0,92.00452305006485,92.00313951749212
4765,86.0,85.99911636200575,85.9993830935802
4766,88.0,88.0015880938104,88.00110471291794
4767,73.0,72.99306331787848,72.99518943383175
4768,70.0,70.01360382495943,70.00943008724158
4769,104.0,103.98386974177609,103.98881881777334
4770,77.0,77.01230922233121,77.00853644280627
4771,70.0,69.99461247506136,69.99624873178514
4772,78.0,77.99998236217328,78.00004731917639
4773,78.0,78.00205363348698,78.00120689524393
4774,82.0,81.99931332417408,82.00032798806211
4775,80.0,79.99336256612565,79.99240059732128
4776,81.0,81.03336615299577,81.03431920343624
4777,79.0,78.9159063882167,78.91494211791904
4778,79.0,79.1155541168742,79.11597987899991
4779,76.0,75.90975150186767,75.91067657059634
4780,74.0,74.04340735210907,74.04127805626733
4781,104.0,103.9833191029455,103.98544034736152
4782,107.0,107.00594466772186,107.00492247654044
4783,100.0,100.00040743286863,100.00007139178905
4784,93.0,92.9958025800565,92.99713139037597
4785,76.0,76.00582899355214,76.00409012943665
4786,75.0,74.9941951779148,74.99573370888542
4787,70.0,70.00468482398641,70.00417329726066
4788,73.0,72.99741619422794,72.99473810088128
4789,70.0,69.99984577394095,70.00809469080824
4790,69.0,69.00122863939353,68.99058729497057
4791,71.0,71.0032110980957,71.0064370948013
4792,75.0,74.9786117452666,74.9977862773186
4793,84.0,84.08651907631501,84.00026990642144
4794,90.0,89.79027696264797,89.99969974014476
4795,92.0,92.28275640700285,92.00117466975841
4796,85.0,84.78723313110366,84.99782471077957
4797,68.0,68.09096513236362,68.00240878938955
4798,69.0,68.97447578352629,68.99846681580966
4799,70.0,70.0065075425679,70.00022425347316
4800,67.0,66.99931871034585,67.00065868742149
4801,69.0,68.99904335044893,68.99903979194607
4802,70.0,70.00152241346454,70.00113381597477
4803,71.0,70.99739449728293,70.99817201503599
4804,70.0,70.00534399501417,70.0037115495767
4805,68.0,67.9900404424685,67.99309357610684
4806,68.0,68.01450894900916,68.01005784006162
4807,102.0,101.98427409372871,101.98909934869211
4808,88.0,88.01233224792418,88.00854876135493
4809,88.0,87.99356468398564,87.9955379199193
4810,85.0,85.00117337504987,85.00081499338339
4811,75.0,75.00184888086743,75.0012805110378
4812,74.0,73.99713147143352,73.99801126020542
4813,70.0,70.00300422364843,70.00208577917108
4814,70.0,69.99663617644248,69.99765655973644
4815,70.0,70.0045685630984,70.00320788437811
4816,73.0,72.99337624286045,72.99525863333618
4817,69.0,69.00936381520935,69.00704775127149
4818,79.0,78.98563910517314,78.98796773413088
4819,73.0,73.03075818755482,73.02907512843683
4820,78.0,77.93790835189296,77.93841230022524
4821,77.0,77.0793946674328,77.07989672601028
4822,73.0,72.94200480341947,72.94125702443543
4823,74.0,74.02359295939917,74.0240865479546
4824,77.0,76.99402228195126,76.99386413562146
4825,83.0,83.00209615593647,83.00168161059568
4826,87.0,86.99707160575082,86.99907185263162
4827,90.0,90.0081852487598,90.00097305643249
4828,97.0,96.97299562453807,96.99914040394259
4829,97.0,97.09750475272543,97.00052639387991
4830,92.0,91.76786686179457,91.9997863066547
4831,87.0,87.31067777916469,86.99985111117121
4832,85.0,84.76949446944076,85.00091586312911
4833,82.0,82.09363064433835,81.99783708209826
4834,79.0,78.97927865916107,79.00350783057205
4835,91.0,91.00001499653979,90.99526722827005
4836,96.0,96.00756018001948,96.00649512256767
4837,108.0,107.98614822030306,107.99006590640218
4838,118.0,118.02145681523606,118.01496274184555
4839,141.0,140.97202465059647,140.9805824882477
4840,90.0,90.03082384998325,90.02137614606684
4841,94.0,93.96871732569072,93.97830942624661
4842,93.0,93.03167088908559,93.02195810294253
4843,128.0,127.96957518967709,127.97890640611044
4844,90.0,90.02416287778276,90.01675593187215
4845,102.0,101.9865516632145,101.99065771271319
4846,103.0,103.00344960591147,103.00245835277254
4847,90.0,90.00078422399109,90.00030545915308
4848,115.0,115.0016976316865,115.00205361354305
4849,142.0,141.989142835087,141.98920757824257
4850,131.0,131.0393984890437,131.0395004817139
4851,105.0,104.9065630971587,104.90607413094304
4852,95.0,95.12636588058888,95.1266799688447
4853,97.0,96.9034625994837,96.90392579350095
4854,105.0,105.04303476505495,105.04202025589164
4855,130.0,129.987231545552,129.98788284126297
4856,127.0,127.00206293562606,127.0023069235069
4857,103.0,103.00083348392658,103.00034017622042
4858,100.0,100.00276096391389,100.00197943504298
4859,94.0,93.98914768448914,93.99245984258307
4860,96.0,96.01808929283237,96.01254205843064
4861,150.0,149.98169645031973,149.98731318735324
4862,125.0,125.01044591631329,125.00724095647152
4863,110.0,109.9997840301857,109.99984845872324
4864,131.0,130.99368649253296,130.9956257511185
4865,131.0,131.0081846835028,131.00567230929187
4866,131.0,130.9923839519297,130.99472075366367
4867,114.0,114.00614272094845,114.00425871617517
4868,105.0,104.99578060975844,104.99707384960234
4869,92.0,92.00256682035912,92.00178129728472
4870,87.0,86.9975069970419,86.99826943657187
4871,98.0,98.00464182865733,98.00322013941324
4872,108.0,107.99193466470213,107.99440667154602
4873,91.0,91.01177807947974,91.00816730444464
4874,86.0,85.98384267144901,85.98879693602237
4875,83.0,83.02113942037272,83.01465604439025
4876,119.0,118.97521188433181,118.98281554158226
4877,109.0,109.02517014963094,109.01744862693522
4878,134.0,133.97812240207574,133.98483429401554
4879,126.0,126.0150463949778,126.01042995685061
4880,144.0,143.9951032086662,143.99660551444498
4881,138.0,137.99310646414966,137.995222345486
4882,114.0,114.01676929465023,114.0116226269807
4883,129.0,128.9787098042362,128.9852435194165
4884,100.0,100.01937188056522,100.0134277911846
4885,111.0,110.98711360885417,110.99106630362803
4886,103.0,103.00558987613995,103.00387686073086
4887,87.0,86.99932127200643,86.99952783532618
4888,86.0,85.99850723491429,85.99896538538452
4889,87.0,87.00318607495265,87.00221001648117
4890,85.0,84.99324172168235,84.995313104838
4891,87.0,87.01236723578285,87.00857449019429
4892,102.0,101.9823265701418,101.987748165044
4893,82.0,82.0197388729211,82.01368336500018
4894,105.0,104.98232550926528,104.98774693263059
4895,98.0,98.01335013150285,98.00925641045365
4896,96.0,95.9906150798455,95.99349191341952
4897,87.0,87.00705365537554,87.00489148110819
4898,88.0,87.99406477747813,87.99588503664201
4899,93.0,93.00430195872298,93.00298167635029
4900,116.0,115.99954312166214,115.99968393503303
4901,114.0,113.99504273697212,113.99656354147945
4902,87.0,87.00927693449448,87.00643049336098
4903,90.0,89.98902644733367,89.99239324003167
4904,92.0,92.01070490465844,92.00742029761719
4905,119.0,118.99008329018932,118.9931293015884
4906,132.0,132.00964702731403,132.00666996044293
4907,132.0,131.9909180284909,131.99377220916608
4908,102.0,102.00531551509586,102.00343246910424
4909,105.0,105.00403910476666,105.00373746792894
4910,110.0,109.97959108249131,109.98235481967302
4911,101.0,101.05422492924549,101.0506486328832
4912,143.0,142.89046161006797,142.8921649684859
4913,133.0,133.15035038303614,133.15138338671298
4914,98.0,97.82477499947213,97.82289384381086
4915,89.0,89.23536855233756,89.23611530564352
4916,85.0,84.74020276911148,84.74072761920245
4917,82.0,82.14707451812882,82.1462204412483
4918,86.0,85.99674336970213,85.99704875568409
4919,86.0,85.95849652101359,85.95913462619589
4920,79.0,79.0242362471288,79.02291815263365
4921,87.0,86.99057493390876,86.99182809424963
4922,82.0,82.00326322634581,82.00270069724918
4923,79.0,79.00045192160252,79.0001962344417
4924,84.0,83.99707715331772,83.99800406201824
4925,81.0,81.00571199412923,81.00395320363522
4926,77.0,76.98945364658985,76.99268968377336
4927,83.0,83.01648719767911,83.01142894866389
4928,119.0,118.98024541422976,118.98630648923871
4929,92.0,92.01795290615395,92.01244513517128
4930,89.0,88.98725731720991,88.99116557801969
4931,81.0,81.00720838472115,81.00499850153582
4932,81.0,80.99724633471263,80.99808978954255
4933,78.0,77.99938626437938,77.99957525058655
4934,72.0,72.00312379223789,72.00216557153587
4935,76.0,75.99470404712932,75.99632788080561
4936,79.0,79.00777992223617,79.00539451315153
4937,86.0,85.98945601637558,85.99268921527309
4938,74.0,74.01309999876293,74.00908269350252
4939,85.0,84.98467591811976,84.98937577907685
4940,91.0,91.0168254651691,91.01166443932686
4941,126.0,125.98372048633142,125.98871439483082
4942,120.0,120.01281404555425,120.00888360967498
4943,124.0,123.99260133167525,123.99486956143204
4944,110.0,110.00235640989104,110.00163576492884
4945,88.0,88.00016502741575,88.00011226637831
4946,85.0,85.00015603789471,85.00010930555922
4947,85.0,84.99846910609014,84.99893875074206
4948,77.0,77.00195307444929,77.00135333433545
4949,79.0,78.99899737157808,78.9993057102886
4950,81.0,80.99951379756556,80.99966140018458
4951,78.0,78.00182903338309,78.00127324525972
4952,76.0,75.99705733427983,75.99794033064397
4953,73.0,73.003735952174,73.00266374926639
4954,79.0,78.99591716196649,78.99689314046833
4955,76.0,76.00528900187403,76.00469928587438
4956,77.0,76.98681863282175,76.98700816931718
4957,83.0,83.0472776681242,83.04715620094383
4958,83.0,82.88674675497629,82.88709039202695
4959,78.0,78.15125688324017,78.1509785838591
4960,78.0,77.88886311715922,77.8885013949735
4961,83.0,83.04452485703959,83.0454709283026
4962,75.0,74.98691826578856,74.98624318826079
4963,78.0,78.01098428562123,78.0106415916612
4964,81.0,80.98755773149385,80.98842519149576
4965,79.0,79.00667546824639,79.00669567311319
4966,78.0,78.00243409414959,78.00083342552026
4967,88.0,87.9919518743425,87.99465005948812
4968,79.0,79.00950108568381,79.00652517400698
4969,90.0,89.99124573530261,89.99394653038956
4970,90.0,90.00761476203175,90.00527729582454
4971,90.0,89.99278363850178,89.99499148457213
4972,81.0,81.00760320180846,81.00529243202313
4973,85.0,84.99125793067132,84.99386139218444
4974,82.0,82.01116304078695,82.0080316994599
4975,85.0,84.98573086593167,84.98899838185963
4976,80.0,80.0132604712626,80.01339417782353
4977,118.0,118.0042692403693,117.98712099222186
4978,98.0,97.9276337649505,98.00927678952078
4979,85.0,85.19795443227639,84.99479362687492
4980,82.0,81.72952443089463,82.003510626024
4981,80.0,80.19830219335711,79.99503495774981
4982,89.0,88.92590607141545,89.0080792870264
4983,119.0,119.0077161471245,118.98950935667054
4984,102.0,102.01022766726886,102.01129312259681
4985,100.0,99.98482359070827,99.98836950518064
4986,98.0,98.01707253095411,98.01212576128256
4987,123.0,122.98407892420846,122.98888907509837
4988,100.0,100.00949226643732,100.00659761081337
4989,103.0,103.00176356689975,103.00121902089697
4990,109.0,108.98545584718356,108.98991859911077
4991,95.0,95.02475540825256,95.01716059561075
4992,128.0,127.97034686909187,127.97944291595881
4993,94.0,94.02999623066631,94.02079693120163
4994,95.0,94.97054139438754,94.97957460724584
4995,91.0,91.03016077514738,91.0209116140483
4996,133.0,132.96976084761184,132.97903526280754
4997,115.0,115.02694233201738,115.01867885181932
4998,133.0,132.97989516322656,132.98606045811994
4999,115.0,115.01201875079931,115.00833506906385
5000,102.0,101.9944297017945,101.99613461562956
5001,95.0,95.00277398842914,95.00192637587807
5002,88.0,87.99622003982164,87.99737800029571
5003,100.0,100.0062006519337,100.00429790460532
5004,136.0,135.99378003658165,135.9956899023279
5005,137.0,137.00187972507115,137.00130192217262
5006,139.0,139.0049480730573,139.00342958290292
5007,143.0,142.98986757976493,142.99297776573565
5008,111.0,111.01054865389645,111.00731111032847
5009,113.0,112.99342802278693,112.99544381691683
5010,108.0,108.00180319691148,108.00125230926956
5011,91.0,90.99999302298134,90.99999203674999
5012,91.0,91.00239042035746,91.00165965825494
5013,92.0,91.99261705281594,91.99488072151573
5014,91.0,91.01205468115771,91.00835674596955
5015,123.0,122.98591601177947,122.99023678505657
5016,126.0,126.01334183174308,126.00924852405768
5017,142.0,141.98836715805345,141.99193932363042
5018,142.0,142.01063438299872,142.00735351945457
5019,137.0,136.98977853577236,136.9929910661874
5020,105.0,105.00934090604626,105.00617669782358
5021,95.0,94.99143171930196,94.99520184959633
5022,90.0,90.0115761195907,90.0036944436377
5023,91.0,90.97181437512585,90.99678892715075
5024,90.0,90.09246753936328,90.00281988560985
5025,104.0,103.78514609665369,103.99789692779365
5026,115.0,115.28591551739697,115.00128335854913
5027,121.0,120.78750324056404,120.99953217271678
5028,125.0,125.0869354354924,124.99898264209666
5029,138.0,137.9820806079685,138.00390853366451
5030,148.0,147.99477574872066,147.9920455183019
5031,135.0,135.01557383061925,135.0119390461294
5032,140.0,139.9800079263825,139.98584229965917
5033,108.0,108.01860939937384,108.01297753555377
5034,128.0,127.98808865549921,127.99172237907129
5035,124.0,124.00335348034588,124.00233151239127
5036,101.0,101.00297471212399,101.00205891505033
5037,96.0,95.9940790748421,95.99589682111473
5038,88.0,88.00702789527163,88.00487191615184
5039,89.0,88.9921437027033,88.99455314609568
5040,82.0,82.00878583863634,82.0060912821271
5041,87.0,86.99057015269989,86.99346258585008
5042,80.0,80.00912836610627,80.00632804545064
5043,90.0,89.9926036075427,89.99487283624767
5044,85.0,85.00431142631591,85.00298849544795
5045,84.0,83.99971381626213,83.99980191068384
5046,84.0,83.9958788863488,83.99714285521095
5047,91.0,91.0078384034951,91.00543438407381
5048,125.0,124.9898182576649,124.99294024599963
5049,132.0,132.01248066142554,132.0086541861666
5050,125.0,124.9836903030442,124.98869171454923
5051,106.0,106.02009717699625,106.01393319778066
5052,137.0,136.97929273289458,136.98564335880647
5053,121.0,121.01840076552286,121.0127594111389
5054,120.0,119.98275337866036,119.98803966719964
5055,125.0,125.02001399186324,125.0138776393599
5056,141.0,140.97556708618674,140.98306146926288
5057,107.0,107.02534022897775,107.01756589655255
5058,130.0,129.98025389375672,129.98631156987665
5059,112.0,112.0095235948971,112.00660402843117
5060,107.0,106.99998368031066,106.99998482945745
5061,126.0,125.9959091482267,125.99716796765168
5062,108.0,108.00253170385187,108.0017528075464
5063,89.0,89.00108434918295,89.00075237762148
5064,89.0,88.99640112969013,88.99750480151506
5065,85.0,85.00483529645408,85.00335299620139
5066,84.0,83.99378172741073,83.99568751042344
5067,78.0,78.00891975301366,78.00618541168444
5068,81.0,80.98686216443933,80.99089125467025
5069,81.0,81.01725611463971,81.0119623715357
5070,110.0,109.98180413061638,109.98738675850495
5071,83.0,83.01447391450526,83.01003385841446
5072,78.0,77.99180332486225,77.99431628997722
5073,78.0,78.00275433057072,78.00191183274163
5074,78.0,78.00014622020312,78.00009879516755
5075,85.0,84.9996323376802,84.99974722472986
5076,90.0,89.99818717243065,89.99874224554905
5077,104.0,104.0051344781387,104.00355900956102
5078,119.0,118.99316902018222,118.99526572892863
5079,93.0,93.00502374153311,93.0034819934398
5080,82.0,81.99873889114596,81.99912514081616
5081,89.0,88.99862266755613,88.99904650497915
5082,86.0,86.00190075936172,86.00131629976117
5083,82.0,81.99866302845302,81.99907479077129
5084,80.0,80.00003495220217,80.0000217995339
5085,82.0,82.00343239811171,82.00238246362055
5086,78.0,77.98953592412747,77.99274367461014
5087,84.0,84.01951892579031,84.01353149918393
5088,120.0,119.9741492887681,119.9820806224368
5089,86.0,86.02552267059659,86.01769238989773
5090,101.0,100.98068849468478,100.9866113448143
5091,91.0,91.01181193522486,91.00819162566172
5092,81.0,80.99275476335939,80.99497380400352
5093,82.0,82.00636519725246,82.00441500881522
5094,90.0,89.9931557939893,89.99525414644096
5095,77.0,77.00621417521121,77.00430938155161
5096,77.0,76.99604336024194,76.99725159504332
5097,75.0,75.00095341396751,75.00068189027033
5098,76.0,76.00179495065035,76.0011665411305
5099,82.0,81.99673422663646,81.99802499487785
5100,80.0,80.00142682201397,79.99991311860194
5101,88.0,88.00953325521314,88.01062131047952
5102,83.0,82.96923066215427,82.96907416613287
5103,80.0,80.04340477955054,80.0429523162205
5104,84.0,83.96802764102884,83.96823984170959
5105,88.0,88.01264294746312,88.01277721426626
5106,78.0,77.99570642878246,77.99594840877555
5107,80.0,80.00399683491744,80.00305753023792
5108,98.0,97.99678790019915,97.99769798608472
5109,87.0,86.99932357078676,86.99955057603307
5110,77.0,77.00582249638673,77.00403077400615
5111,91.0,90.99060377170602,90.99348839641335
5112,88.0,88.01039357329284,88.00720409995867
5113,97.0,96.9907990621297,96.99362206574516
5114,86.0,86.00645302975543,86.00447345199758
5115,86.0,85.99698506853838,85.99790968407643
5116,88.0,87.99973818006934,87.99981872922977
5117,88.0,88.00315262668883,88.00218546061521
5118,89.0,88.99427412404279,88.99603056875745
5119,83.0,83.0076411449147,83.00529723769012
5120,93.0,92.9914953155911,92.99410395301226
5121,88.0,88.00857744747648,88.0059465805977
5122,89.0,88.99172549934963,88.99426365415619
5123,82.0,82.00715372421513,82.00495913556296
5124,94.0,93.99567193076483,93.99699931343687
5125,95.0,95.00017864370207,95.0001254039675
5126,101.0,101.00282960639296,101.00195869990083
5127,126.0,125.99805930736841,125.99865786644948
5128,120.0,119.99688784409202,119.9978400741033
5129,100.0,100.0101328222455,100.00702583588131
5130,100.0,99.98346572024664,99.98853699803001
5131,97.0,97.0200524026575,97.01390271044798
5132,154.0,153.97965423268013,153.98589147271068
5133,162.0,162.0215694068356,162.014958975524
5134,140.0,139.9714940919478,139.980232921625
5135,118.0,118.03884604068111,118.02693282739563
5136,181.0,180.95490816324872,180.9687383367571
5137,132.0,132.04452905083537,132.03087296166865
5138,122.0,121.95882625219934,121.97145124948571
5139,96.0,96.03847022277402,96.02667536714256
5140,151.0,150.96324705379865,150.9745150766724
5141,161.0,161.03656689548134,161.02535498914096
5142,177.0,176.96223158380317,176.97381429825504
5143,132.0,132.0367727654849,132.02549336616815
5144,162.0,161.97016177514186,161.97931421654408
5145,131.0,131.01800982161092,131.01248707885597
5146,114.0,113.99391736914922,113.99578049888635
5147,112.0,111.9975212801408,111.99828378016018
5148,100.0,100.00820205008827,100.00568514496995
5149,99.0,98.98658553694438,98.99070108377566
5150,101.0,101.01802977447392,101.01249755528342
5151,132.0,131.98122100871277,131.98698357260966
5152,95.0,95.01370889975786,95.009502629302
5153,83.0,82.99450983826314,82.99619335406646
5154,91.0,90.99822446154613,90.99877050894261
5155,96.0,96.00677881999283,96.00469801204115
5156,110.0,109.98998330470528,109.9930573162423
5157,116.0,116.0109335889212,116.00757844689397
5158,152.0,151.99125293950658,151.9939366351317
5159,152.0,152.00499941420392,152.0034660245968
5160,126.0,125.99780297297175,125.99847717984119
5161,103.0,103.0000706502795,103.00004733749161
5162,97.0,97.0041689642679,97.0028924756011
5163,89.0,88.98824321248065,88.99184819075778
5164,89.0,89.02000651944616,89.01386927820207
5165,139.0,138.97545253498654,138.98298335903064
5166,129.0,129.02366504290023,129.01640585693602
5167,145.0,144.9805071097684,144.9864849637683
5168,136.0,136.0152487011757,136.01057352692186
5169,138.0,137.98750911775755,137.99133874128484
5170,135.0,135.01053904427937,135.00730711629754
5171,156.0,155.99225940769068,155.99463362543472
5172,159.0,159.00326330927226,159.00226263968423
5173,161.0,161.0021295824893,161.00147513264267
5174,154.0,153.993835618108,153.99572841644098
5175,125.0,125.00646758552773,125.0044823781364
5176,137.0,136.99631516142225,136.99744512887204
5177,154.0,154.00167539989263,154.00116270379587
5178,136.0,135.997533220344,135.99828940359063
5179,110.0,110.00354219466665,110.0024552321022
5180,118.0,117.99778058854113,117.99846137581781
5181,121.0,120.9997987619102,120.99986162593078
5182,108.0,108.0006849048774,108.00047333786269
5183,110.0,110.00136469742628,110.00094683934833
5184,116.0,115.99607731771366,115.99728062947898
5185,105.0,105.00515698072338,105.00357495573222
5186,102.0,101.99497473501505,101.9965158514537
5187,94.0,94.00460684205174,94.00319459089205
5188,93.0,92.99497975595706,92.99651890260411
5189,94.0,94.00653444004877,94.00452984838283
5190,98.0,97.99241893128112,97.99474581607612
5191,87.0,87.00542258350654,87.0037576561349
5192,113.0,113.00051045093325,113.00035396371314
5193,131.0,130.9931624207821,130.99526158062304
5194,103.0,103.00965293036569,103.0066893884285
5195,94.0,93.99173132453834,93.99427004823043
5196,82.0,82.00392689716439,82.00272051436632
5197,87.0,87.00268594641645,87.00186292337239
5198,89.0,88.98944425744003,88.99268296477283
5199,83.0,83.01685417078943,83.01168165933949
5200,122.0,121.98180993977864,121.9873930278174
5201,121.0,121.01293292684538,121.00896338769606
5202,145.0,144.99750150780213,144.99826779600303
5203,141.0,140.99163126559068,140.9942011055751
5204,97.0,97.01388017832139,97.00961905786056
5205,111.0,110.98782023374262,110.99155787627032
5206,106.0,106.00708448198559,106.00491245074943
5207,91.0,90.99636517678357,90.99747765060232
5208,86.0,86.00353120862555,86.00245033258665
5209,87.0,86.99452932066927,86.996205961422
5210,81.0,81.00779441439809,81.00540420615312
5211,86.0,85.9904338877128,85.99336810879173
5212,79.0,79.01021244446386,79.00707961814263
5213,93.0,92.99066450263051,92.99352841059508
5214,95.0,95.00678178220163,95.00470155569636
5215,108.0,107.99708260618777,107.99797657835079
5216,105.0,104.99925447022771,104.99948509718412
5217,86.0,86.00201615728946,86.00139544134403
5218,85.0,84.99997048220307,84.9999810799243
5219,83.0,82.99625634585453,82.99740434414937
5220,77.0,77.00678183380401,77.0047012320834
5221,92.0,91.99237281518704,91.99471232888374
5222,87.0,87.00704970047374,87.00488829836095
5223,82.0,81.99292871384831,81.99509619805502
5224,78.0,78.00865592054815,78.00600201141557
5225,84.0,83.98933529256921,83.99260602868146
5226,74.0,74.0111427419178,74.00772545654542
5227,93.0,92.9902832948953,92.99326206183645
5228,94.0,94.00868679286225,94.00602494118517
5229,86.0,85.98932088335629,85.99259436236173
5230,86.0,86.01484897265229,86.01029466701335
5231,114.0,113.98289854902491,113.9881449311961
5232,88.0,88.01490441395038,88.01033258928054
5233,87.0,86.98990149412853,86.99299757353666
5234,90.0,90.00609146768029,90.00422564177049
5235,93.0,92.99557905783254,92.99693210845356
5236,87.0,87.00521154221492,87.00361574170877
5237,81.0,80.99149701395396,80.99410345670002
5238,83.0,83.01306065871464,83.00905458060728
5239,107.0,106.9842502604538,106.98908221777997
5240,83.0,83.01437780318491,83.00996711789836
5241,84.0,83.98984046820799,83.992955915664
5242,82.0,82.0060815019234,82.0042178795905
5243,82.0,81.99607145561423,81.99727473766518
5244,83.0,83.0034859820739,83.0024177054883
5245,86.0,85.99650968715326,85.99758008862395
5246,78.0,78.00286472557883,78.00198579987574
5247,77.0,76.99863669189341,76.99905507873548
5248,78.0,77.99928055418951,77.99950131466275
5249,83.0,83.0028354974488,83.00196522732229
5250,91.0,90.99593849438892,90.9971850809528
5251,83.0,83.00367182160376,83.00254501050537
5252,84.0,83.99787558201746,83.99852721078321
5253,85.0,85.00070147205213,85.00048659991339
5254,81.0,80.99991294994581,80.9999394489757
5255,82.0,81.99999293965647,81.99999515173803
