Index,Raw_Data,Savgol_Java
0,64.0,64.88888888888884
1,65.0,63.84343434343435
2,65.0,63.58802308802309
3,63.0,64.35497835497834
4,64.0,66.37662337662337
5,74.0,73.03463203463203
6,70.0,75.60606060606061
7,87.0,78.25974025974024
8,90.0,79.78787878787878
9,66.0,84.73593073593074
10,86.0,89.45887445887445
11,92.0,88.35930735930737
12,105.0,87.25974025974025
13,81.0,85.43290043290042
14,68.0,76.12121212121211
15,69.0,68.32900432900432
16,66.0,66.73593073593074
17,67.0,72.6147186147186
18,77.0,75.79653679653678
19,91.0,77.98701298701296
20,80.0,80.3290043290043
21,72.0,83.99999999999999
22,86.0,87.29004329004327
23,92.0,88.44155844155844
24,103.0,95.04761904761904
25,98.0,100.0995670995671
26,92.0,102.04761904761904
27,111.0,102.81818181818181
28,105.0,104.6103896103896
29,108.0,112.44155844155841
30,107.0,112.87012987012984
31,118.0,108.88311688311687
32,118.0,103.46320346320344
33,79.0,94.7186147186147
34,89.0,86.91341991341989
35,78.0,81.08225108225108
36,83.0,85.68398268398268
37,95.0,97.36796536796535
38,106.0,105.6969696969697
39,124.0,112.64935064935064
40,115.0,116.2380952380952
41,114.0,116.46753246753246
42,105.0,112.46320346320347
43,113.0,102.46320346320346
44,104.0,99.48917748917746
45,90.0,101.012987012987
46,85.0,99.31601731601731
47,116.0,98.25974025974025
48,111.0,98.78787878787875
49,83.0,99.48484848484848
50,101.0,100.9047619047619
51,94.0,96.1125541125541
52,101.0,96.30303030303028
53,108.0,99.26406926406925
54,87.0,97.65800865800864
55,97.0,96.83549783549782
56,102.0,99.18181818181819
57,102.0,104.2207792207792
58,104.0,111.50216450216448
59,126.0,112.24675324675323
60,117.0,116.24242424242424
61,112.0,118.06493506493504
62,111.0,120.07359307359307
63,130.0,118.017316017316
64,114.0,117.16450216450215
65,121.0,112.41558441558439
66,103.0,108.13419913419912
67,99.0,104.67532467532466
68,98.0,103.982683982684
69,114.0,103.29870129870127
70,111.0,107.9177489177489
71,100.0,110.02597402597402
72,110.0,109.35064935064933
73,112.0,103.83116883116881
74,99.0,98.06060606060603
75,91.0,92.25541125541123
76,80.0,84.07359307359306
77,78.0,80.9090909090909
78,82.0,80.83549783549782
79,82.0,82.57142857142857
80,90.0,84.02597402597401
81,81.0,83.83116883116882
82,84.0,81.68831168831167
83,78.0,80.50216450216449
84,80.0,80.46753246753246
85,80.0,83.69264069264068
86,88.0,86.3030303030303
87,91.0,87.012987012987
88,90.0,87.09523809523807
89,85.0,86.17748917748918
90,78.0,83.8095238095238
91,90.0,86.3896103896104
92,89.0,94.42857142857142
93,97.0,103.60606060606061
94,117.0,108.49783549783548
95,117.0,105.44155844155843
96,99.0,98.87878787878785
97,80.0,87.79653679653678
98,70.0,74.8095238095238
99,69.0,66.96969696969697
100,66.0,65.04761904761905
101,64.0,64.99134199134198
102,67.0,65.8008658008658
103,68.0,67.48051948051946
104,66.0,68.7965367965368
105,72.0,67.70562770562769
106,73.0,69.85714285714285
107,67.0,72.21645021645021
108,70.0,79.02164502164501
109,93.0,85.62337662337661
110,87.0,89.3246753246753
111,102.0,90.69696969696969
112,86.0,86.34199134199133
113,71.0,78.64502164502164
114,72.0,72.5064935064935
115,66.0,66.14718614718615
116,68.0,65.58008658008659
117,63.0,65.6103896103896
118,66.0,64.46320346320346
119,66.0,64.93939393939394
120,63.0,64.25108225108224
121,64.0,62.68831168831168
122,66.0,62.37662337662338
123,62.0,67.83982683982683
124,65.0,73.76190476190474
125,84.0,79.57142857142856
126,95.0,82.35930735930735
127,79.0,82.45887445887446
128,78.0,77.92207792207792
129,66.0,70.22943722943722
130,65.0,65.2943722943723
131,63.0,64.54112554112554
132,65.0,64.012987012987
133,67.0,64.8008658008658
134,64.0,62.75757575757576
135,64.0,62.29870129870129
136,61.0,63.59307359307357
137,61.0,67.42857142857142
138,78.0,74.81818181818181
139,86.0,86.48484848484847
140,94.0,96.07359307359305
141,104.0,101.7965367965368
142,110.0,99.56709956709955
143,89.0,92.44155844155844
144,84.0,83.34632034632034
145,69.0,74.17748917748918
146,66.0,70.86147186147186
147,74.0,74.24242424242424
148,77.0,76.49783549783547
149,87.0,79.36796536796537
150,80.0,77.9264069264069
151,69.0,72.45021645021644
152,68.0,68.85281385281384
153,61.0,64.18181818181819
154,62.0,61.48484848484848
155,71.0,65.004329004329
156,60.0,67.19913419913419
157,66.0,70.08225108225108
158,85.0,69.1168831168831
159,67.0,72.47619047619047
160,72.0,78.61471861471858
161,72.0,80.7099567099567
162,99.0,82.78787878787877
163,86.0,83.08225108225108
164,78.0,81.93939393939394
165,81.0,79.73593073593074
166,66.0,77.28571428571428
167,92.0,86.13419913419912
168,91.0,95.9220779220779
169,106.0,103.96103896103895
170,123.0,111.63203463203462
171,110.0,115.22510822510819
172,110.0,116.32900432900433
173,116.0,113.54112554112552
174,119.0,111.78787878787877
175,101.0,108.36363636363633
176,107.0,104.33766233766231
177,105.0,100.63636363636363
178,86.0,96.28571428571426
179,104.0,98.14285714285714
180,100.0,100.012987012987
181,95.0,101.76623376623375
182,116.0,107.77922077922076
183,110.0,111.03896103896102
184,104.0,113.42424242424242
185,122.0,110.69264069264068
186,111.0,103.6017316017316
187,93.0,102.07792207792205
188,88.0,98.48484848484848
189,96.0,90.64069264069265
190,103.0,88.78787878787877
191,83.0,89.69696969696969
192,80.0,90.33766233766234
193,96.0,92.53679653679653
194,100.0,98.68398268398269
195,106.0,107.04761904761904
196,115.0,109.41991341991341
197,115.0,110.28138528138527
198,106.0,114.13419913419912
199,106.0,115.73160173160171
200,125.0,116.03896103896102
201,126.0,117.35064935064933
202,111.0,117.58008658008656
203,111.0,112.4155844155844
204,110.0,107.33766233766232
205,102.0,104.91774891774891
206,97.0,103.45021645021644
207,109.0,97.55844155844156
208,94.0,91.4069264069264
209,84.0,86.99567099567098
210,75.0,83.51948051948051
211,82.0,81.90043290043289
212,87.0,84.23376623376623
213,89.0,86.38528138528137
214,90.0,85.19480519480517
215,81.0,83.69696969696969
216,80.0,83.25108225108224
217,77.0,84.56277056277055
218,94.0,86.07359307359307
219,91.0,87.6190476190476
220,90.0,88.78354978354977
221,84.0,90.15584415584415
222,85.0,87.99567099567099
223,93.0,87.08225108225108
224,92.0,87.90476190476188
225,83.0,87.58008658008657
226,86.0,87.59307359307358
227,95.0,96.16450216450215
228,91.0,101.07792207792205
229,110.0,103.37229437229436
230,126.0,98.7186147186147
231,75.0,91.57142857142857
232,78.0,83.69264069264068
233,72.0,78.37662337662337
234,83.0,81.44588744588744
235,87.0,91.46320346320346
236,105.0,92.02164502164501
237,99.0,89.47619047619047
238,76.0,83.53679653679654
239,67.0,77.05194805194805
240,71.0,71.67532467532467
241,76.0,70.87445887445888
242,74.0,71.19047619047619
243,76.0,73.94372294372295
244,69.0,75.97402597402596
245,70.0,76.89177489177489
246,91.0,78.46320346320346
247,80.0,78.74891774891775
248,73.0,77.27705627705626
249,74.0,72.79220779220779
250,68.0,66.77056277056276
251,63.0,65.48484848484847
252,66.0,64.44155844155843
253,70.0,72.29437229437228
254,76.0,85.0995670995671
255,88.0,92.54545454545452
256,121.0,95.67965367965367
257,99.0,91.37662337662336
258,71.0,90.2207792207792
259,78.0,85.89610389610387
260,74.0,79.54545454545455
261,105.0,80.74025974025972
262,77.0,80.28138528138527
263,70.0,77.15584415584415
264,70.0,72.82683982683982
265,65.0,66.07359307359306
266,75.0,66.92640692640693
267,63.0,65.73593073593072
268,63.0,63.71428571428571
269,64.0,62.688311688311686
270,63.0,63.1991341991342
271,67.0,72.02597402597404
272,77.0,81.77922077922076
273,92.0,91.09090909090908
274,107.0,94.83982683982683
275,96.0,92.94372294372295
276,85.0,86.02597402597402
277,67.0,76.83549783549783
278,68.0,67.41991341991343
279,66.0,63.78354978354978
280,65.0,62.6060606060606
281,60.0,63.54545454545455
282,67.0,64.40259740259741
283,67.0,70.34632034632033
284,73.0,76.46753246753245
285,83.0,81.69264069264067
286,94.0,83.28571428571428
287,80.0,83.62337662337661
288,77.0,79.73160173160171
289,73.0,73.75757575757575
290,72.0,66.89177489177489
291,64.0,68.47186147186147
292,66.0,70.53246753246754
293,68.0,72.62770562770561
294,89.0,73.26406926406926
295,74.0,72.22077922077922
296,69.0,74.85714285714283
297,68.0,77.54112554112554
298,76.0,81.68398268398268
299,103.0,86.98701298701297
300,90.0,88.85281385281384
301,91.0,87.5194805194805
302,71.0,80.25541125541126
303,74.0,73.96536796536796
304,73.0,71.96536796536796
305,67.0,69.92207792207792
306,81.0,74.22510822510822
307,69.0,75.15151515151514
308,75.0,75.36363636363635
309,87.0,77.32467532467533
310,72.0,76.76623376623375
311,77.0,82.96536796536796
312,90.0,88.22510822510822
313,90.0,95.29004329004327
314,111.0,101.54545454545453
315,104.0,102.99567099567098
316,104.0,100.62770562770562
317,88.0,96.08658008658007
318,92.0,88.20779220779221
319,87.0,85.64069264069262
320,84.0,88.40259740259738
321,89.0,97.11688311688312
322,105.0,101.23809523809523
323,119.0,106.46753246753246
324,116.0,113.99999999999997
325,101.0,119.58008658008654
326,121.0,120.44588744588742
327,134.0,118.83549783549785
328,122.0,116.96969696969697
329,110.0,120.65367965367962
330,109.0,121.04761904761904
331,117.0,117.92640692640693
332,140.0,115.22510822510823
333,115.0,114.14718614718613
334,90.0,109.47619047619045
335,97.0,99.68831168831169
336,108.0,92.3939393939394
337,91.0,93.80952380952381
338,84.0,95.04761904761904
339,100.0,93.46320346320346
340,97.0,92.60606060606061
341,93.0,96.6277056277056
342,99.0,99.09956709956708
343,101.0,103.26839826839826
344,110.0,109.35064935064932
345,114.0,119.67099567099568
346,130.0,122.14285714285712
347,121.0,122.66233766233763
348,130.0,117.21645021645023
349,93.0,106.08225108225108
350,102.0,95.92640692640691
351,84.0,89.9047619047619
352,79.0,84.6926406926407
353,97.0,89.0995670995671
354,90.0,92.15151515151513
355,91.0,96.03463203463204
356,105.0,96.36796536796537
357,97.0,91.31601731601731
358,83.0,90.92207792207792
359,85.0,87.44155844155844
360,82.0,84.49350649350649
361,96.0,87.49350649350649
362,83.0,89.07792207792207
363,94.0,94.012987012987
364,97.0,96.05627705627705
365,87.0,86.44588744588744
366,106.0,87.06493506493507
367,73.0,88.28138528138527
368,63.0,94.15151515151513
369,127.0,102.26839826839826
370,113.0,104.64069264069263
371,112.0,105.67532467532467
372,98.0,101.05627705627705
373,77.0,87.37662337662337
374,74.0,80.88311688311687
375,92.0,78.93939393939392
376,80.0,81.9220779220779
377,78.0,87.75757575757576
378,97.0,85.54112554112554
379,92.0,90.49350649350647
380,93.0,99.76623376623374
381,85.0,105.82251082251081
382,134.0,104.5064935064935
383,105.0,100.48917748917748
384,90.0,92.004329004329
385,71.0,83.16883116883118
386,67.0,70.26839826839826
387,70.0,67.6017316017316
388,77.0,68.29004329004329
389,69.0,73.54978354978356
390,70.0,78.36363636363637
391,85.0,82.16450216450215
392,91.0,83.13852813852814
393,85.0,83.38961038961038
394,79.0,79.96536796536795
395,69.0,73.75757575757575
396,70.0,70.2943722943723
397,69.0,68.97835497835497
398,70.0,70.12554112554112
399,74.0,71.60606060606058
400,70.0,72.6190476190476
401,75.0,70.07792207792207
402,70.0,69.82251082251082
403,72.0,73.59740259740258
404,65.0,77.81818181818181
405,92.0,84.12987012987011
406,98.0,91.88744588744586
407,88.0,94.26406926406925
408,99.0,91.16017316017316
409,87.0,83.5021645021645
410,68.0,76.82683982683982
411,66.0,70.5151515151515
412,74.0,65.81818181818181
413,64.0,65.03463203463204
414,64.0,70.70995670995671
415,76.0,74.04329004329003
416,73.0,74.87878787878788
417,90.0,77.17316017316017
418,71.0,76.96103896103898
419,68.0,73.38961038961038
420,73.0,69.8095238095238
421,69.0,66.21645021645023
422,63.0,66.65367965367965
423,64.0,63.467532467532465
424,68.0,63.4069264069264
425,63.0,66.6233766233766
426,64.0,74.76190476190476
427,87.0,80.25541125541125
428,87.0,84.27705627705627
429,95.0,84.9004329004329
430,74.0,81.88744588744589
431,74.0,74.68831168831169
432,65.0,68.66233766233766
433,69.0,61.95238095238096
434,64.0,67.77489177489177
435,62.0,70.7099567099567
436,69.0,71.75757575757574
437,97.0,70.94372294372293
438,60.0,68.75324675324676
439,56.0,65.2943722943723
440,62.0,60.4069264069264
441,58.0,58.31601731601731
442,65.0,66.2034632034632
443,68.0,67.76190476190476
444,76.0,69.2121212121212
445,72.0,71.47619047619047
446,60.0,70.87012987012986
447,75.0,68.80086580086578
448,71.0,66.42424242424242
449,64.0,68.26839826839826
450,63.0,68.15151515151514
451,68.0,64.71428571428572
452,72.0,63.64935064935064
453,55.0,58.5064935064935
454,59.0,62.45021645021644
455,59.0,64.37662337662337
456,56.0,65.74891774891773
457,99.0,68.68831168831169
458,58.0,65.54112554112554
459,58.0,62.411255411255404
460,61.0,64.0909090909091
461,58.0,67.76623376623377
462,82.0,84.86147186147186
463,107.0,94.56277056277055
464,106.0,95.73593073593071
465,102.0,100.08225108225106
466,80.0,96.4155844155844
467,77.0,87.89177489177489
468,112.0,81.4155844155844
469,77.0,85.97402597402595
470,70.0,88.75757575757575
471,86.0,87.49783549783548
472,113.0,80.021645021645
473,68.0,79.71428571428571
474,74.0,77.66666666666664
475,66.0,79.05627705627704
476,84.0,83.5324675324675
477,103.0,99.02597402597402
478,120.0,110.74891774891776
479,109.0,112.5194805194805
480,117.0,110.9134199134199
481,109.0,105.98268398268398
482,80.0,103.01298701298701
483,115.0,104.46320346320346
484,102.0,101.3116883116883
485,108.0,97.25108225108222
486,99.0,95.90043290043289
487,80.0,94.32034632034632
488,87.0,101.81818181818181
489,115.0,107.16017316017314
490,131.0,112.38095238095235
491,120.0,118.034632034632
492,103.0,113.28138528138528
493,103.0,112.12987012987011
494,112.0,104.68831168831169
495,98.0,100.32034632034629
496,123.0,98.87878787878788
497,68.0,96.76190476190476
498,94.0,97.63636363636361
499,105.0,97.99567099567099
500,103.0,93.36796536796535
501,102.0,94.23809523809523
502,76.0,88.63636363636363
503,74.0,83.19480519480518
504,82.0,79.67532467532465
505,92.0,77.34199134199133
506,72.0,77.54545454545453
507,71.0,70.43290043290042
508,68.0,68.45454545454545
509,67.0,73.74891774891773
510,65.0,79.44588744588744
511,104.0,80.9220779220779
512,96.0,81.45021645021644
513,64.0,80.40692640692639
514,71.0,84.14285714285714
515,81.0,80.78787878787878
516,89.0,80.86147186147186
517,104.0,82.85714285714285
518,64.0,80.45454545454545
519,65.0,74.87012987012986
520,77.0,71.58874458874458
521,80.0,73.3116883116883
522,74.0,84.64935064935065
523,91.0,90.99999999999999
524,99.0,93.94805194805194
525,101.0,93.33766233766232
526,90.0,91.79220779220778
527,82.0,84.92207792207793
528,74.0,77.63636363636363
529,83.0,81.04329004329003
530,77.0,84.09523809523809
531,86.0,88.90043290043289
532,114.0,92.64502164502163
533,77.0,91.43290043290042
534,91.0,86.83549783549783
535,80.0,77.32900432900435
536,67.0,68.03896103896102
537,59.0,64.96103896103895
538,60.0,56.38528138528139
539,63.0,59.012987012987004
540,57.0,66.21645021645021
541,65.0,74.25541125541125
542,98.0,81.32467532467531
543,89.0,87.97835497835497
544,86.0,89.34632034632033
545,85.0,84.86580086580086
546,81.0,75.99567099567099
547,63.0,71.2034632034632
548,67.0,64.99999999999997
549,62.0,60.606060606060595
550,59.0,58.714285714285715
551,55.0,59.0995670995671
552,62.0,58.471861471861466
553,61.0,60.25541125541125
554,62.0,65.004329004329
555,67.0,69.83982683982683
556,73.0,71.38528138528137
557,80.0,72.03463203463201
558,70.0,71.1255411255411
559,62.0,67.17316017316017
560,63.0,62.92640692640692
561,62.0,59.55411255411256
562,56.0,57.917748917748916
563,60.0,58.45887445887446
564,58.0,59.97835497835497
565,57.0,59.17748917748917
566,68.0,61.497835497835496
567,65.0,63.411255411255404
568,56.0,68.58874458874459
569,78.0,73.26839826839826
570,76.0,75.04761904761904
571,84.0,76.93939393939394
572,74.0,76.05194805194803
573,67.0,70.10822510822511
574,66.0,65.7056277056277
575,61.0,61.51948051948052
576,60.0,60.22510822510822
577,59.0,59.18181818181817
578,60.0,57.11255411255411
579,58.0,58.670995670995666
580,58.0,60.887445887445885
581,60.0,64.86147186147184
582,75.0,68.54978354978354
583,71.0,71.04329004329003
584,74.0,70.59307359307358
585,67.0,68.06493506493506
586,62.0,63.58441558441557
587,59.0,57.89610389610388
588,62.0,60.229437229437224
589,62.0,71.55411255411255
590,65.0,80.5974025974026
591,109.0,82.58441558441557
592,102.0,84.16017316017317
593,68.0,86.83116883116881
594,63.0,84.71428571428571
595,93.0,80.25108225108224
596,95.0,81.77056277056275
597,80.0,87.58008658008657
598,86.0,86.18181818181817
599,76.0,79.66666666666666
600,83.0,76.53246753246754
601,70.0,72.16017316017314
602,71.0,70.45021645021646
603,68.0,67.62770562770561
604,62.0,71.07359307359306
605,85.0,77.4978354978355
606,70.0,77.77056277056275
607,103.0,87.03463203463201
608,80.0,88.20346320346319
609,74.0,85.56277056277055
610,112.0,84.25974025974025
611,61.0,80.77489177489177
612,83.0,84.44588744588745
613,82.0,82.14718614718615
614,91.0,79.47186147186147
615,85.0,87.2943722943723
616,75.0,89.57142857142857
617,96.0,87.8138528138528
618,97.0,90.96103896103897
619,95.0,90.56709956709955
620,75.0,91.51515151515149
621,109.0,94.41558441558439
622,80.0,99.09523809523809
623,112.0,103.3030303030303
624,121.0,107.54978354978354
625,100.0,105.17316017316016
626,100.0,108.48051948051948
627,105.0,103.54978354978353
628,104.0,103.80952380952381
629,109.0,102.96536796536795
630,100.0,102.94372294372292
631,104.0,100.84415584415584
632,87.0,99.34199134199133
633,111.0,98.03463203463201
634,95.0,100.04329004329003
635,100.0,100.19913419913419
636,102.0,102.91774891774892
637,106.0,105.03463203463201
638,100.0,103.85714285714285
639,109.0,101.51948051948052
640,106.0,97.987012987013
641,73.0,93.5108225108225
642,98.0,87.11255411255411
643,85.0,84.012987012987
644,81.0,84.13419913419914
645,76.0,84.71428571428571
646,94.0,77.93506493506493
647,76.0,75.62337662337663
648,66.0,72.83116883116884
649,67.0,73.24675324675324
650,74.0,70.26839826839824
651,77.0,75.17748917748918
652,85.0,78.77489177489176
653,70.0,81.96969696969695
654,89.0,82.22510822510822
655,80.0,81.55411255411255
656,85.0,78.52380952380952
657,73.0,77.7056277056277
658,73.0,73.52380952380952
659,69.0,73.44588744588744
660,77.0,71.4025974025974
661,74.0,73.98701298701297
662,76.0,75.07792207792207
663,72.0,79.12121212121211
664,87.0,83.00865800865802
665,83.0,86.58441558441558
666,96.0,84.45454545454544
667,89.0,89.85714285714285
668,81.0,90.6103896103896
669,81.0,92.27705627705626
670,121.0,93.32900432900432
671,88.0,101.83549783549783
672,98.0,105.1861471861472
673,107.0,104.5021645021645
674,115.0,96.54978354978351
675,81.0,92.94372294372296
676,85.0,83.15584415584415
677,69.0,72.77489177489177
678,68.0,65.53679653679653
679,69.0,71.06493506493506
680,69.0,76.87878787878786
681,81.0,82.63636363636363
682,104.0,86.16450216450217
683,88.0,87.15584415584415
684,73.0,85.15151515151514
685,80.0,77.45454545454545
686,74.0,70.4025974025974
687,69.0,69.56277056277054
688,62.0,69.44155844155843
689,72.0,67.22510822510822
690,70.0,67.54978354978354
691,68.0,68.58874458874458
692,66.0,69.02597402597401
693,70.0,69.1038961038961
694,70.0,69.93073593073592
695,69.0,69.64502164502163
696,73.0,68.06493506493507
697,64.0,66.13419913419912
698,61.0,63.48917748917749
699,61.0,61.38961038961038
700,63.0,59.424242424242415
701,57.0,60.307359307359306
702,61.0,60.47619047619047
703,60.0,60.077922077922075
704,63.0,55.15584415584414
705,59.0,62.7099567099567
706,60.0,70.16017316017316
707,63.0,78.67532467532467
708,118.0,84.37662337662337
709,83.0,86.09523809523807
710,81.0,83.14285714285714
711,69.0,75.95670995670996
712,63.0,64.8008658008658
713,66.0,65.12121212121212
714,66.0,64.06060606060606
715,65.0,64.71861471861472
716,65.0,63.96103896103896
717,64.0,63.44155844155845
718,63.0,65.23809523809523
719,64.0,68.43722943722943
720,74.0,71.62337662337661
721,78.0,74.67532467532466
722,76.0,74.95238095238095
723,72.0,72.52380952380952
724,69.0,66.83549783549785
725,60.0,63.05194805194805
726,60.0,62.21212121212121
727,59.0,62.45021645021643
728,68.0,63.350649350649334
729,68.0,64.59307359307358
730,62.0,63.73593073593073
731,61.0,61.878787878787875
732,59.0,58.7922077922078
733,57.0,57.41125541125541
734,58.0,54.480519480519476
735,59.0,61.57142857142856
736,62.0,69.71428571428571
737,67.0,76.77056277056278
738,110.0,82.23376623376623
739,79.0,83.56277056277054
740,75.0,80.8917748917749
741,74.0,72.04761904761904
742,65.0,67.4978354978355
743,66.0,71.77056277056278
744,66.0,71.61471861471861
745,95.0,70.58008658008657
746,68.0,74.80519480519479
747,63.0,74.88311688311687
748,75.0,75.35497835497834
749,94.0,82.4199134199134
750,78.0,93.75757575757575
751,102.0,101.48917748917748
752,122.0,100.12987012987011
753,89.0,96.41558441558439
754,91.0,92.01731601731602
755,72.0,80.93939393939394
756,82.0,74.89610389610388
757,73.0,77.28138528138527
758,75.0,76.14285714285714
759,87.0,81.2164502164502
760,83.0,84.74891774891773
761,81.0,89.91774891774891
762,102.0,91.30735930735929
763,94.0,90.93073593073592
764,91.0,93.4155844155844
765,88.0,96.63203463203463
766,97.0,97.07792207792208
767,107.0,102.29437229437228
768,108.0,105.4372294372294
769,100.0,101.83116883116881
770,103.0,93.64069264069263
771,87.0,90.93939393939394
772,73.0,89.83982683982683
773,89.0,88.68831168831167
774,110.0,88.48917748917748
775,86.0,89.93939393939392
776,81.0,89.7186147186147
777,89.0,88.35497835497834
778,86.0,89.87878787878786
779,93.0,91.2077922077922
780,103.0,90.5238095238095
781,93.0,95.0909090909091
782,72.0,93.98268398268398
783,98.0,87.55411255411255
784,109.0,83.83116883116881
785,61.0,81.004329004329
786,70.0,78.48484848484847
787,86.0,74.33333333333334
788,73.0,81.03896103896105
789,86.0,87.82251082251082
790,100.0,92.42424242424241
791,106.0,96.14718614718615
792,74.0,99.32467532467531
793,112.0,94.01731601731599
794,93.0,88.6190476190476
795,80.0,85.034632034632
796,72.0,83.26406926406925
797,84.0,74.98701298701299
798,78.0,76.01731601731602
799,73.0,74.20779220779221
800,75.0,78.69696969696967
801,81.0,80.55844155844154
802,74.0,83.62770562770561
803,106.0,85.46320346320346
804,78.0,84.03896103896102
805,77.0,75.06926406926407
806,75.0,78.85714285714285
807,69.0,76.68831168831169
808,67.0,80.96103896103897
809,122.0,82.86580086580086
810,66.0,80.35064935064933
811,75.0,76.2987012987013
812,74.0,77.22510822510823
813,63.0,73.62337662337663
814,83.0,82.64935064935064
815,106.0,83.9220779220779
816,75.0,83.72294372294371
817,79.0,80.87012987012986
818,72.0,72.96103896103897
819,67.0,67.43290043290042
820,66.0,67.93506493506493
821,68.0,66.14285714285714
822,70.0,65.2034632034632
823,65.0,67.75757575757575
824,70.0,75.15584415584414
825,74.0,80.44588744588744
826,96.0,87.3116883116883
827,102.0,93.74458874458874
828,83.0,93.16017316017314
829,94.0,87.99999999999999
830,82.0,78.71428571428571
831,64.0,71.29004329004329
832,65.0,65.77056277056275
833,62.0,59.90043290043289
834,59.0,58.36796536796536
835,56.0,59.4112554112554
836,62.0,58.497835497835496
837,59.0,60.043290043290035
838,63.0,62.852813852813846
839,61.0,61.961038961038945
840,70.0,67.09523809523809
841,68.0,69.82683982683983
842,63.0,72.86580086580086
843,95.0,77.06926406926407
844,65.0,77.44155844155843
845,81.0,76.84415584415585
846,77.0,72.53246753246752
847,62.0,63.969696969696955
848,60.0,61.44588744588744
849,53.0,55.56277056277057
850,54.0,52.98268398268398
851,56.0,54.393939393939384
852,58.0,59.09090909090908
853,59.0,64.95238095238095
854,72.0,69.76190476190474
855,81.0,72.60173160173159
856,72.0,73.9047619047619
857,71.0,72.08658008658007
858,67.0,69.52380952380952
859,68.0,67.71861471861472
860,65.0,68.29004329004329
861,73.0,67.28138528138528
862,66.0,64.75757575757576
863,64.0,63.445887445887436
864,59.0,63.844155844155836
865,60.0,65.67099567099567
866,74.0,69.52380952380952
867,75.0,71.49783549783548
868,76.0,72.18181818181817
869,68.0,70.61904761904762
870,63.0,66.82251082251081
871,65.0,65.51515151515152
872,66.0,63.194805194805184
873,65.0,64.66233766233766
874,67.0,66.57142857142856
875,61.0,67.68398268398268
876,76.0,69.6060606060606
877,72.0,71.6017316017316
878,72.0,74.46753246753245
879,76.0,76.42857142857142
880,76.0,76.29870129870129
881,80.0,76.4069264069264
882,73.0,68.4069264069264
883,74.0,73.55844155844154
884,66.0,79.85281385281385
885,66.0,87.05194805194805
886,135.0,93.60606060606061
887,92.0,96.35497835497833
888,92.0,96.26839826839826
889,83.0,90.36796536796535
890,81.0,80.995670995671
891,83.0,82.71861471861472
892,84.0,81.65367965367963
893,89.0,83.74458874458874
894,76.0,83.67965367965367
895,87.0,84.50649350649351
896,93.0,90.93073593073592
897,89.0,99.84415584415584
898,108.0,107.70995670995671
899,125.0,108.9134199134199
900,114.0,111.8961038961039
901,100.0,113.30303030303028
902,102.0,106.04329004329003
903,118.0,104.88744588744586
904,103.0,107.008658008658
905,93.0,104.04761904761904
906,121.0,100.86580086580086
907,95.0,96.41125541125542
908,85.0,102.20779220779218
909,113.0,113.81818181818181
910,115.0,121.61038961038959
911,146.0,126.16883116883116
912,144.0,126.21645021645023
913,111.0,125.1341991341991
914,93.0,124.37229437229436
915,128.0,114.35930735930735
916,139.0,111.10822510822508
917,110.0,115.7142857142857
918,89.0,114.12121212121212
919,118.0,113.67965367965367
920,127.0,117.15151515151513
921,115.0,125.45454545454544
922,144.0,127.06060606060605
923,115.0,116.36363636363635
924,111.0,108.19047619047619
925,96.0,108.45021645021646
926,94.0,105.14285714285714
927,120.0,112.5324675324675
928,136.0,119.10389610389612
929,112.0,125.38095238095235
930,129.0,124.27272727272724
931,122.0,119.25541125541125
932,117.0,117.96536796536793
933,111.0,121.95670995670996
934,127.0,124.56277056277054
935,133.0,128.2943722943723
936,133.0,130.84415584415584
937,134.0,130.995670995671
938,120.0,125.99134199134195
939,122.0,121.45021645021646
940,118.0,116.73593073593072
941,112.0,115.62337662337663
942,112.0,110.67532467532466
943,106.0,101.53679653679654
944,107.0,94.26839826839826
945,75.0,94.35930735930734
946,87.0,95.35497835497834
947,106.0,103.16450216450215
948,126.0,110.90909090909092
949,112.0,120.54545454545455
950,127.0,119.59740259740258
951,108.0,112.1948051948052
952,107.0,102.3203463203463
953,91.0,94.99999999999999
954,84.0,86.68398268398266
955,82.0,83.16883116883113
956,82.0,80.29870129870127
957,82.0,80.13419913419914
958,78.0,79.2034632034632
959,79.0,74.98701298701299
960,76.0,76.38095238095237
961,75.0,80.13852813852814
962,76.0,84.17748917748916
963,108.0,95.37229437229436
964,100.0,103.58874458874459
965,104.0,110.55411255411254
966,129.0,112.56277056277055
967,97.0,106.95238095238095
968,106.0,100.49783549783547
969,92.0,92.98268398268398
970,81.0,83.8138528138528
971,77.0,81.16017316017314
972,89.0,81.9047619047619
973,81.0,88.87445887445884
974,92.0,97.95670995670994
975,117.0,107.12554112554109
976,110.0,108.48484848484847
977,111.0,106.35930735930734
978,104.0,100.96536796536795
979,78.0,91.41991341991341
980,83.0,85.004329004329
981,90.0,78.75757575757575
982,72.0,75.22510822510822
983,72.0,73.57142857142856
984,69.0,69.93939393939392
985,68.0,63.0
986,67.0,67.5974025974026
987,71.0,73.7965367965368
988,67.0,85.58441558441558
989,116.0,98.9047619047619
990,108.0,108.61904761904759
991,120.0,112.28138528138528
992,109.0,107.99567099567099
993,92.0,95.25108225108224
994,84.0,87.8961038961039
995,76.0,80.73593073593072
996,81.0,78.41125541125538
997,81.0,79.004329004329
998,80.0,78.01298701298701
999,77.0,78.74458874458874
1000,77.0,77.37662337662336
1001,72.0,75.05194805194803
1002,81.0,73.28571428571428
1003,70.0,72.83549783549783
1004,67.0,71.52813852813853
1005,73.0,71.1948051948052
1006,74.0,71.08225108225108
1007,69.0,72.94805194805194
1008,74.0,71.84848484848484
1009,74.0,66.96103896103895
1010,68.0,70.57575757575756
1011,65.0,77.15151515151516
1012,74.0,82.77056277056276
1013,111.0,87.65367965367965
1014,93.0,91.95238095238093
1015,85.0,91.13419913419912
1016,81.0,85.45454545454544
1017,81.0,76.60606060606061
1018,71.0,72.58441558441558
1019,72.0,69.96103896103897
1020,67.0,68.98701298701299
1021,63.0,68.66233766233765
1022,75.0,70.25108225108225
1023,74.0,69.75324675324676
1024,70.0,71.54112554112552
1025,71.0,73.85714285714285
1026,69.0,74.16017316017314
1027,81.0,74.79220779220779
1028,79.0,75.10389610389609
1029,72.0,73.5021645021645
1030,68.0,68.76623376623375
1031,69.0,69.36796536796537
1032,67.0,73.27272727272727
1033,70.0,77.22510822510822
1034,100.0,80.65367965367965
1035,80.0,81.4242424242424
1036,74.0,79.64502164502163
1037,76.0,72.45887445887445
1038,70.0,72.16450216450215
1039,70.0,77.39393939393939
1040,75.0,82.35064935064935
1041,112.0,84.7099567099567
1042,83.0,95.43722943722942
1043,92.0,96.07359307359306
1044,95.0,98.7229437229437
1045,124.0,104.8138528138528
1046,83.0,115.67965367965367
1047,133.0,117.12121212121212
1048,133.0,114.32034632034629
1049,103.0,108.24675324675323
1050,92.0,107.58874458874458
1051,95.0,91.03030303030302
1052,99.0,89.7272727272727
1053,98.0,101.51948051948052
1054,86.0,116.14285714285712
1055,143.0,126.71861471861469
1056,149.0,129.26839826839824
1057,134.0,125.44155844155844
1058,105.0,111.09090909090907
1059,84.0,99.16017316017316
1060,86.0,94.56277056277054
1061,88.0,95.00432900432901
1062,138.0,99.98701298701299
1063,97.0,107.87012987012986
1064,100.0,116.22510822510823
1065,117.0,122.87445887445887
1066,138.0,126.34199134199133
1067,144.0,136.67099567099567
1068,134.0,136.6320346320346
1069,130.0,129.9220779220779
1070,117.0,118.23376623376622
1071,107.0,102.85714285714286
1072,101.0,97.98268398268397
1073,90.0,102.19480519480518
1074,92.0,114.65800865800864
1075,145.0,125.84848484848482
1076,150.0,133.4372294372294
1077,141.0,136.03896103896102
1078,116.0,131.28571428571428
1079,112.0,117.25108225108224
1080,109.0,105.03896103896102
1081,105.0,93.93939393939392
1082,88.0,88.85281385281384
1083,74.0,85.20779220779221
1084,81.0,88.56277056277055
1085,104.0,95.67099567099565
1086,111.0,111.36796536796537
1087,128.0,126.16017316017316
1088,127.0,131.66666666666666
1089,147.0,130.09956709956708
1090,129.0,132.85714285714283
1091,116.0,132.8225108225108
1092,127.0,130.40692640692637
1093,148.0,127.54112554112551
1094,122.0,124.08658008658008
1095,109.0,114.23376623376622
1096,111.0,103.29437229437228
1097,84.0,96.37229437229436
1098,85.0,93.84415584415585
1099,105.0,88.94372294372293
1100,98.0,86.38528138528139
1101,76.0,91.44155844155843
1102,82.0,96.25541125541126
1103,104.0,98.8008658008658
1104,115.0,100.97835497835496
1105,108.0,99.39826839826839
1106,87.0,89.38528138528137
1107,72.0,82.95670995670994
1108,72.0,81.55844155844154
1109,83.0,83.87445887445887
1110,114.0,96.89177489177487
1111,102.0,106.99134199134197
1112,102.0,112.46320346320344
1113,130.0,113.55844155844156
1114,101.0,108.05194805194803
1115,104.0,102.64069264069263
1116,98.0,93.91774891774891
1117,79.0,82.48484848484847
1118,75.0,80.09090909090908
1119,79.0,78.08658008658006
1120,77.0,79.64935064935064
1121,88.0,83.14285714285714
1122,88.0,86.06060606060605
1123,84.0,81.38095238095238
1124,83.0,83.24675324675324
1125,86.0,91.87012987012986
1126,75.0,98.43290043290042
1127,126.0,101.64502164502161
1128,123.0,100.59740259740259
1129,80.0,96.16883116883116
1130,77.0,88.67099567099567
1131,76.0,74.24675324675324
1132,76.0,70.10389610389609
1133,71.0,72.02597402597402
1134,68.0,70.98701298701297
1135,72.0,68.45454545454545
1136,68.0,68.2077922077922
1137,69.0,69.59740259740259
1138,65.0,70.4155844155844
1139,77.0,69.96969696969697
1140,73.0,71.4112554112554
1141,70.0,73.02597402597402
1142,72.0,77.3160173160173
1143,81.0,79.68398268398266
1144,84.0,81.87445887445885
1145,90.0,82.37229437229436
1146,78.0,81.2207792207792
1147,73.0,79.25108225108224
1148,76.0,75.86147186147186
1149,78.0,70.57575757575758
1150,76.0,73.41991341991341
1151,67.0,78.80086580086581
1152,74.0,83.75757575757575
1153,105.0,90.01731601731602
1154,98.0,92.35930735930735
1155,90.0,91.8008658008658
1156,88.0,87.45454545454544
1157,70.0,79.48484848484847
1158,77.0,75.8181818181818
1159,80.0,73.45454545454544
1160,71.0,72.44588744588744
1161,70.0,73.76190476190474
1162,72.0,71.57575757575756
1163,74.0,70.93073593073592
1164,73.0,72.01298701298701
1165,69.0,73.48484848484847
1166,75.0,74.24675324675323
1167,76.0,75.33766233766232
1168,80.0,76.9047619047619
1169,76.0,78.25108225108224
1170,79.0,79.60173160173159
1171,80.0,76.95238095238093
1172,82.0,81.55844155844156
1173,87.0,92.2943722943723
1174,82.0,100.59740259740259
1175,127.0,104.35497835497834
1176,117.0,103.32034632034632
1177,90.0,97.38961038961037
1178,78.0,88.79220779220779
1179,76.0,72.32034632034632
1180,74.0,71.58008658008657
1181,77.0,86.47619047619045
1182,78.0,91.72727272727269
1183,122.0,99.60606060606061
1184,128.0,106.09523809523809
1185,71.0,107.54545454545453
1186,117.0,107.51515151515147
1187,103.0,98.45454545454547
1188,97.0,95.7965367965368
1189,104.0,102.3160173160173
1190,84.0,97.94805194805194
1191,101.0,92.86580086580086
1192,111.0,94.96969696969695
1193,92.0,106.38095238095235
1194,85.0,117.78354978354977
1195,146.0,119.07792207792208
1196,147.0,116.8051948051948
1197,101.0,112.030303030303
1198,85.0,104.1948051948052
1199,85.0,88.23809523809523
1200,86.0,78.68831168831167
1201,99.0,87.88311688311687
1202,82.0,97.62770562770561
1203,86.0,103.32034632034632
1204,137.0,105.07792207792207
1205,108.0,100.39826839826839
1206,90.0,98.68831168831169
1207,85.0,96.07359307359307
1208,84.0,94.27272727272725
1209,112.0,105.33766233766231
1210,124.0,115.54112554112554
1211,126.0,122.75757575757575
1212,122.0,125.03896103896102
1213,116.0,120.22510822510822
1214,116.0,109.7099567099567
1215,108.0,104.98701298701296
1216,98.0,103.54545454545453
1217,86.0,104.48051948051948
1218,121.0,104.43290043290042
1219,110.0,99.51515151515149
1220,104.0,102.45454545454545
1221,91.0,104.4112554112554
1222,87.0,106.4112554112554
1223,137.0,114.83982683982683
1224,119.0,119.12987012987011
1225,131.0,120.83116883116882
1226,114.0,119.70995670995669
1227,99.0,112.84415584415582
1228,109.0,108.16883116883116
1229,116.0,100.82251082251081
1230,100.0,94.012987012987
1231,78.0,92.10389610389609
1232,87.0,90.987012987013
1233,86.0,93.2207792207792
1234,119.0,106.42857142857142
1235,115.0,118.3030303030303
1236,117.0,120.012987012987
1237,133.0,110.80519480519477
1238,100.0,103.66233766233765
1239,82.0,101.2164502164502
1240,78.0,95.38095238095237
1241,124.0,91.37662337662337
1242,96.0,94.12121212121212
1243,79.0,92.45454545454547
1244,88.0,86.35930735930734
1245,82.0,72.62770562770562
1246,74.0,81.34199134199133
1247,80.0,91.26406926406926
1248,85.0,97.68398268398266
1249,140.0,101.34632034632033
1250,101.0,101.87012987012986
1251,89.0,98.26406926406926
1252,81.0,93.64935064935062
1253,92.0,91.52380952380952
1254,101.0,102.55844155844156
1255,112.0,108.17748917748915
1256,121.0,107.87878787878788
1257,101.0,100.03896103896102
1258,81.0,88.2121212121212
1259,73.0,76.83982683982683
1260,68.0,69.35497835497834
1261,67.0,68.62337662337661
1262,74.0,70.2164502164502
1263,73.0,70.91341991341992
1264,71.0,71.56709956709955
1265,70.0,70.33333333333333
1266,68.0,68.33333333333331
1267,70.0,66.03463203463203
1268,67.0,70.17748917748915
1269,73.0,79.52813852813853
1270,79.0,88.80086580086578
1271,110.0,93.03463203463204
1272,106.0,94.73593073593074
1273,86.0,92.06926406926407
1274,73.0,85.89177489177489
1275,80.0,76.0995670995671
1276,77.0,73.3030303030303
1277,73.0,73.43722943722942
1278,70.0,68.9090909090909
1279,76.0,74.17748917748916
1280,71.0,80.8138528138528
1281,75.0,87.03030303030302
1282,127.0,95.030303030303
1283,91.0,102.4025974025974
1284,97.0,106.74025974025972
1285,111.0,104.74025974025973
1286,105.0,97.70562770562769
1287,92.0,98.08225108225108
1288,89.0,91.13419913419912
1289,88.0,84.35930735930735
1290,80.0,81.29870129870129
1291,75.0,79.10389610389609
1292,81.0,77.14285714285714
1293,77.0,75.72294372294373
1294,73.0,76.28571428571426
1295,77.0,76.23376623376623
1296,75.0,74.92640692640691
1297,77.0,74.84415584415582
1298,73.0,73.9307359307359
1299,72.0,72.07359307359306
1300,72.0,72.65800865800864
1301,70.0,72.05194805194805
1302,73.0,72.17316017316017
1303,77.0,71.39393939393939
1304,67.0,70.93506493506493
1305,70.0,71.2987012987013
1306,69.0,70.56709956709956
1307,73.0,70.01731601731602
1308,73.0,71.57142857142857
1309,68.0,68.34199134199133
1310,69.0,69.5108225108225
1311,70.0,70.04329004329004
1312,63.0,72.004329004329
1313,88.0,75.74458874458874
1314,75.0,79.34632034632034
1315,81.0,83.4025974025974
1316,85.0,84.01298701298701
1317,84.0,80.15584415584416
1318,81.0,78.13852813852813
1319,67.0,72.74025974025973
1320,69.0,67.96969696969697
1321,64.0,64.81818181818181
1322,64.0,61.3116883116883
1323,67.0,66.16017316017317
1324,68.0,71.78787878787878
1325,73.0,84.89610389610387
1326,109.0,99.84848484848484
1327,106.0,109.39826839826839
1328,127.0,112.06926406926405
1329,111.0,107.03463203463203
1330,85.0,94.35930735930735
1331,78.0,79.05194805194806
1332,75.0,72.53679653679653
1333,71.0,77.53679653679653
1334,71.0,89.13852813852813
1335,125.0,102.58874458874459
1336,116.0,114.71861471861469
1337,122.0,124.9090909090909
1338,126.0,125.75757575757575
1339,118.0,117.93939393939392
1340,116.0,111.48051948051946
1341,96.0,99.43290043290041
1342,95.0,86.95670995670996
1343,77.0,87.89177489177487
1344,77.0,89.09523809523807
1345,94.0,94.8138528138528
1346,129.0,100.54112554112552
1347,90.0,103.8225108225108
1348,100.0,99.55411255411254
1349,95.0,90.37229437229438
1350,78.0,78.45021645021643
1351,77.0,85.38095238095237
1352,83.0,87.48917748917748
1353,88.0,94.56277056277055
1354,128.0,101.58874458874459
1355,93.0,98.82251082251081
1356,103.0,101.07359307359306
1357,91.0,102.7012987012987
1358,87.0,101.48051948051948
1359,137.0,111.49350649350649
1360,117.0,118.43722943722943
1361,117.0,130.59307359307357
1362,135.0,133.004329004329
1363,135.0,124.74025974025972
1364,139.0,128.19047619047618
1365,105.0,124.16450216450215
1366,114.0,123.83982683982683
1367,141.0,122.09523809523807
1368,115.0,123.2900432900433
1369,142.0,128.71428571428572
1370,112.0,131.26406926406926
1371,133.0,128.56277056277054
1372,134.0,128.78787878787878
1373,136.0,124.50649350649347
1374,111.0,127.49783549783547
1375,118.0,119.48484848484847
1376,124.0,117.1255411255411
1377,124.0,118.95238095238092
1378,101.0,119.9264069264069
1379,128.0,114.93073593073593
1380,118.0,107.012987012987
1381,92.0,101.46753246753246
1382,91.0,96.4978354978355
1383,85.0,86.25541125541123
1384,92.0,82.79653679653678
1385,80.0,82.8008658008658
1386,77.0,80.21645021645021
1387,82.0,80.8268398268398
1388,82.0,79.45454545454544
1389,82.0,85.06493506493507
1390,94.0,94.17748917748918
1391,90.0,101.83116883116881
1392,117.0,105.06926406926405
1393,116.0,102.83982683982684
1394,95.0,95.48484848484847
1395,79.0,92.64069264069263
1396,79.0,86.7965367965368
1397,87.0,84.87012987012986
1398,106.0,85.4155844155844
1399,86.0,90.98268398268398
1400,85.0,98.99999999999999
1401,97.0,107.84415584415582
1402,130.0,116.32900432900432
1403,134.0,123.68831168831167
1404,127.0,124.83549783549782
1405,116.0,119.2207792207792
1406,102.0,113.17748917748916
1407,111.0,111.83982683982683
1408,111.0,111.36363636363635
1409,122.0,109.9047619047619
1410,108.0,106.6926406926407
1411,94.0,99.65367965367963
1412,89.0,93.78354978354977
1413,89.0,88.35064935064935
1414,88.0,85.93506493506493
1415,88.0,80.86147186147184
1416,82.0,81.22077922077919
1417,76.0,88.5194805194805
1418,80.0,96.3116883116883
1419,120.0,100.9264069264069
1420,121.0,102.17748917748918
1421,93.0,98.85714285714285
1422,79.0,92.04761904761905
1423,77.0,80.75757575757575
1424,79.0,76.16017316017314
1425,84.0,71.87878787878788
1426,74.0,78.5194805194805
1427,73.0,84.12121212121212
1428,72.0,86.53246753246754
1429,125.0,88.35064935064933
1430,84.0,89.32467532467533
1431,75.0,87.21212121212119
1432,80.0,80.48484848484848
1433,74.0,70.05627705627705
1434,74.0,69.03896103896103
1435,67.0,71.99134199134197
1436,72.0,79.004329004329
1437,76.0,84.36796536796535
1438,110.0,89.70129870129868
1439,102.0,94.93073593073593
1440,80.0,98.18181818181817
1441,96.0,97.53679653679653
1442,97.0,90.14285714285714
1443,96.0,87.05194805194805
1444,81.0,85.71428571428571
1445,71.0,81.16883116883116
1446,79.0,77.94372294372295
1447,84.0,75.77922077922078
1448,81.0,80.32467532467531
1449,75.0,83.28138528138527
1450,81.0,83.54978354978354
1451,97.0,85.22943722943722
1452,81.0,84.01731601731599
1453,83.0,84.25541125541126
1454,84.0,82.94372294372293
1455,71.0,77.77922077922076
1456,89.0,78.43722943722943
1457,81.0,82.74458874458874
1458,73.0,89.25974025974025
1459,99.0,95.55411255411255
1460,110.0,94.16883116883116
1461,96.0,93.38095238095238
1462,83.0,88.80086580086578
1463,70.0,79.0909090909091
1464,76.0,71.4891774891775
1465,71.0,68.26406926406926
1466,69.0,67.20779220779221
1467,66.0,70.02597402597401
1468,70.0,73.5151515151515
1469,80.0,81.64502164502163
1470,95.0,90.68398268398268
1471,97.0,97.55844155844154
1472,104.0,98.98268398268398
1473,98.0,96.5108225108225
1474,88.0,90.20779220779221
1475,81.0,81.92640692640691
1476,82.0,78.87445887445887
1477,76.0,81.78354978354977
1478,81.0,91.37662337662337
1479,113.0,105.77922077922076
1480,117.0,117.54112554112551
1481,132.0,125.95238095238096
1482,132.0,122.5281385281385
1483,111.0,111.98268398268395
1484,104.0,110.81385281385279
1485,89.0,104.42857142857142
1486,112.0,110.99134199134198
1487,137.0,118.008658008658
1488,103.0,119.37229437229436
1489,142.0,117.25108225108224
1490,96.0,109.31168831168829
1491,91.0,100.12121212121211
1492,96.0,94.17316017316016
1493,94.0,82.25974025974024
1494,78.0,77.69696969696969
1495,70.0,72.5151515151515
1496,71.0,78.48484848484847
1497,75.0,88.23809523809523
1498,111.0,109.25974025974023
1499,143.0,122.55411255411252
1500,122.0,126.6103896103896
1501,143.0,125.21212121212118
1502,93.0,112.23376623376623
1503,97.0,102.13852813852814
1504,108.0,103.34199134199132
1505,94.0,100.89177489177489
1506,118.0,109.76623376623375
1507,123.0,116.23376623376623
1508,105.0,123.03463203463203
1509,133.0,130.22943722943722
1510,138.0,128.53246753246754
1511,129.0,124.19913419913419
1512,116.0,115.8008658008658
1513,96.0,99.25108225108224
1514,86.0,86.86580086580086
1515,79.0,87.04329004329003
1516,83.0,89.45887445887445
1517,98.0,91.09523809523809
1518,119.0,98.53246753246752
1519,87.0,103.50216450216449
1520,91.0,105.03030303030303
1521,123.0,100.37662337662337
1522,98.0,99.72294372294371
1523,98.0,102.1168831168831
1524,91.0,103.22077922077922
1525,113.0,101.86147186147184
1526,99.0,105.49783549783548
1527,116.0,102.35497835497836
1528,97.0,98.77922077922076
1529,90.0,94.03030303030302
1530,83.0,93.49783549783548
1531,99.0,94.09956709956708
1532,104.0,99.80952380952381
1533,103.0,105.25108225108222
1534,111.0,109.83982683982684
1535,105.0,107.20346320346319
1536,107.0,101.58874458874458
1537,100.0,93.34632034632034
1538,80.0,87.12554112554113
1539,77.0,85.97402597402596
1540,81.0,83.99134199134198
1541,98.0,86.04761904761907
1542,95.0,86.68831168831167
1543,82.0,94.87878787878788
1544,93.0,99.29870129870129
1545,92.0,98.0995670995671
1546,132.0,98.32034632034632
1547,88.0,97.47186147186144
1548,81.0,94.60173160173159
1549,93.0,96.59740259740258
1550,97.0,97.18614718614717
1551,111.0,106.63636363636361
1552,120.0,107.87445887445885
1553,102.0,105.88744588744588
1554,96.0,101.68398268398269
1555,89.0,94.66233766233765
1556,97.0,87.57142857142856
1557,85.0,83.61471861471858
1558,79.0,81.66666666666667
1559,74.0,81.96969696969695
1560,79.0,78.7965367965368
1561,89.0,78.82251082251082
1562,82.0,78.24242424242425
1563,66.0,74.45887445887445
1564,77.0,75.55844155844154
1565,76.0,79.16017316017314
1566,79.0,90.3290043290043
1567,113.0,99.03896103896102
1568,105.0,100.87012987012987
1569,112.0,105.89177489177487
1570,89.0,106.41125541125541
1571,95.0,99.56709956709955
1572,113.0,93.14718614718615
1573,87.0,85.30735930735929
1574,71.0,80.7012987012987
1575,65.0,72.59307359307358
1576,71.0,66.02597402597402
1577,71.0,66.62770562770564
1578,66.0,63.80952380952381
1579,67.0,70.62770562770562
1580,67.0,74.82251082251082
1581,69.0,78.39393939393939
1582,113.0,80.97835497835497
1583,71.0,79.38961038961038
1584,71.0,78.54112554112554
1585,71.0,74.86147186147186
1586,69.0,69.17748917748916
1587,83.0,73.19913419913419
1588,73.0,76.3896103896104
1589,77.0,82.35497835497834
1590,82.0,88.30735930735929
1591,99.0,90.93939393939392
1592,99.0,91.06926406926405
1593,88.0,84.27272727272727
1594,76.0,80.87445887445887
1595,66.0,78.87445887445887
1596,73.0,80.57575757575758
1597,103.0,85.17316017316016
1598,92.0,88.48484848484847
1599,84.0,88.35064935064933
1600,81.0,81.7142857142857
1601,72.0,71.96103896103895
1602,68.0,67.90043290043289
1603,62.0,65.08225108225108
1604,64.0,63.103896103896105
1605,66.0,64.1038961038961
1606,66.0,68.06060606060606
1607,68.0,71.39393939393938
1608,76.0,72.57142857142857
1609,80.0,69.75324675324674
1610,68.0,72.9177489177489
1611,68.0,75.9220779220779
1612,70.0,81.35930735930735
1613,105.0,86.89610389610388
1614,90.0,91.021645021645
1615,97.0,91.10389610389609
1616,82.0,86.93073593073592
1617,77.0,81.8961038961039
1618,82.0,81.86147186147187
1619,84.0,83.27272727272727
1620,97.0,91.19480519480518
1621,93.0,105.92640692640693
1622,113.0,116.86580086580085
1623,129.0,118.69696969696966
1624,142.0,116.94805194805193
1625,104.0,116.21212121212119
1626,90.0,116.78787878787878
1627,119.0,118.11688311688312
1628,133.0,118.9220779220779
1629,142.0,127.45454545454542
1630,120.0,126.8268398268398
1631,111.0,123.4891774891775
1632,128.0,120.63203463203463
1633,116.0,129.8225108225108
1634,144.0,136.1125541125541
1635,136.0,138.67099567099564
1636,159.0,130.43290043290042
1637,100.0,119.66666666666664
1638,109.0,107.53679653679653
1639,84.0,98.73160173160173
1640,94.0,89.12121212121211
1641,105.0,88.99999999999999
1642,83.0,86.45887445887445
1643,78.0,87.98268398268397
1644,86.0,89.18614718614718
1645,102.0,93.46753246753246
1646,102.0,107.37662337662337
1647,117.0,117.29870129870127
1648,121.0,118.7316017316017
1649,135.0,122.3246753246753
1650,112.0,123.23376623376622
1651,106.0,115.68398268398266
1652,132.0,109.93939393939394
1653,101.0,105.09523809523807
1654,92.0,109.57142857142856
1655,116.0,113.5238095238095
1656,119.0,117.78354978354977
1657,135.0,126.06060606060603
1658,126.0,126.24675324675324
1659,124.0,119.99567099567099
1660,107.0,113.44588744588742
1661,100.0,105.07792207792207
1662,103.0,97.33766233766234
1663,96.0,92.09956709956708
1664,89.0,91.36796536796537
1665,82.0,92.40259740259738
1666,98.0,93.25541125541125
1667,101.0,97.26406926406926
1668,103.0,99.70129870129868
1669,98.0,99.73593073593072
1670,103.0,102.12121212121211
1671,97.0,106.03463203463204
1672,108.0,111.09956709956707
1673,131.0,115.74458874458875
1674,116.0,119.85714285714286
1675,119.0,123.36796536796535
1676,116.0,119.25541125541123
1677,120.0,110.33766233766232
1678,108.0,102.73593073593072
1679,87.0,95.78787878787878
1680,82.0,88.6926406926407
1681,83.0,82.57575757575756
1682,92.0,79.55844155844154
1683,76.0,78.59307359307358
1684,78.0,82.00865800865802
1685,79.0,89.36363636363636
1686,92.0,91.2121212121212
1687,116.0,97.12554112554112
1688,108.0,103.73593073593071
1689,83.0,111.1168831168831
1690,116.0,111.96103896103894
1691,126.0,111.70562770562769
1692,119.0,111.35497835497836
1693,98.0,111.55411255411255
1694,104.0,103.23809523809524
1695,91.0,96.17748917748915
1696,102.0,91.25541125541125
1697,87.0,85.83549783549782
1698,79.0,83.81385281385282
1699,77.0,83.59307359307358
1700,78.0,82.2251082251082
1701,101.0,83.78354978354977
1702,80.0,83.15584415584414
1703,80.0,78.9134199134199
1704,77.0,79.38095238095238
1705,77.0,87.38528138528136
1706,87.0,97.53246753246752
1707,124.0,105.82251082251081
1708,129.0,111.57142857142858
1709,94.0,114.32900432900432
1710,107.0,108.44155844155843
1711,100.0,95.3982683982684
1712,97.0,88.08658008658006
1713,75.0,85.2337662337662
1714,72.0,76.32467532467533
1715,80.0,71.86580086580086
1716,73.0,71.27272727272728
1717,68.0,78.64069264069263
1718,82.0,83.7099567099567
1719,92.0,88.03896103896102
1720,102.0,90.48484848484848
1721,85.0,89.93939393939392
1722,84.0,83.97835497835497
1723,72.0,74.6190476190476
1724,75.0,73.26839826839827
1725,69.0,74.87445887445887
1726,70.0,77.58008658008657
1727,99.0,79.87878787878785
1728,74.0,80.76623376623375
1729,81.0,79.57142857142856
1730,70.0,73.71861471861472
1731,73.0,66.35497835497834
1732,62.0,66.84415584415585
1733,61.0,66.49350649350649
1734,71.0,70.15584415584415
1735,76.0,71.7965367965368
1736,76.0,73.00432900432901
1737,75.0,71.96969696969697
1738,65.0,70.94805194805194
1739,66.0,69.23376623376623
1740,74.0,71.29870129870129
1741,81.0,77.38528138528136
1742,77.0,88.69264069264068
1743,97.0,95.33766233766231
1744,104.0,95.64935064935064
1745,105.0,93.16450216450215
1746,78.0,87.6103896103896
1747,70.0,78.28571428571428
1748,74.0,71.25108225108224
1749,68.0,66.24242424242424
1750,69.0,64.27272727272725
1751,66.0,67.22077922077922
1752,62.0,69.78787878787878
1753,71.0,78.01731601731599
1754,100.0,86.95238095238095
1755,87.0,92.4978354978355
1756,102.0,92.06926406926407
1757,88.0,85.5021645021645
1758,69.0,72.26839826839827
1759,63.0,70.65367965367965
1760,65.0,68.24242424242425
1761,64.0,67.53246753246752
1762,98.0,75.73593073593072
1763,73.0,85.69696969696967
1764,74.0,92.68398268398266
1765,116.0,97.03463203463203
1766,103.0,94.06493506493504
1767,88.0,92.04761904761901
1768,84.0,82.99134199134198
1769,70.0,76.73593073593072
1770,70.0,81.29870129870129
1771,84.0,86.43290043290041
1772,110.0,89.03896103896102
1773,94.0,85.87878787878786
1774,77.0,83.75757575757575
1775,72.0,84.40692640692639
1776,71.0,87.60173160173159
1777,114.0,97.12987012987011
1778,120.0,104.41125541125541
1779,110.0,114.36363636363635
1780,106.0,119.87012987012986
1781,109.0,116.44588744588742
1782,137.0,116.66666666666664
1783,113.0,113.6190476190476
1784,100.0,104.87445887445888
1785,97.0,88.39826839826839
1786,73.0,76.42424242424241
1787,69.0,77.94372294372293
1788,70.0,85.47186147186147
1789,112.0,98.54978354978353
1790,120.0,114.45887445887445
1791,126.0,123.69264069264067
1792,129.0,126.96536796536796
1793,119.0,119.69264069264067
1794,112.0,116.8961038961039
1795,115.0,115.3290043290043
1796,108.0,113.6103896103896
1797,125.0,114.59740259740259
1798,118.0,119.35930735930737
1799,112.0,121.95238095238093
1800,123.0,121.24242424242422
1801,131.0,116.48051948051948
1802,109.0,112.36796536796535
1803,98.0,104.19913419913418
1804,99.0,97.77489177489178
1805,93.0,95.6883116883117
1806,90.0,99.23809523809523
1807,110.0,98.58008658008657
1808,101.0,94.67099567099567
1809,90.0,88.48051948051948
1810,71.0,75.08658008658007
1811,71.0,71.91341991341992
1812,66.0,75.13419913419912
1813,69.0,83.57575757575756
1814,127.0,97.51082251082252
1815,98.0,107.8095238095238
1816,111.0,112.17748917748916
1817,116.0,108.40692640692637
1818,96.0,94.72727272727273
1819,82.0,86.46320346320346
1820,77.0,77.14285714285714
1821,67.0,73.69696969696969
1822,69.0,71.91341991341992
1823,86.0,73.04761904761905
1824,81.0,78.7142857142857
1825,67.0,86.77489177489177
1826,93.0,88.67965367965367
1827,104.0,88.10822510822511
1828,93.0,89.74458874458874
1829,75.0,91.79220779220779
1830,87.0,87.76190476190474
1831,91.0,86.29870129870129
1832,93.0,86.73593073593074
1833,83.0,83.6277056277056
1834,83.0,80.1168831168831
1835,76.0,84.34632034632033
1836,78.0,92.012987012987
1837,111.0,101.9220779220779
1838,126.0,111.05194805194803
1839,115.0,119.1168831168831
1840,115.0,120.77056277056276
1841,119.0,117.98701298701297
1842,119.0,117.56709956709958
1843,115.0,120.90909090909089
1844,124.0,120.45887445887443
1845,121.0,116.96536796536796
1846,118.0,114.62337662337661
1847,104.0,111.22077922077919
1848,104.0,107.34199134199133
1849,112.0,106.74458874458874
1850,105.0,109.4372294372294
1851,110.0,111.5930735930736
1852,111.0,106.25974025974025
1853,107.0,96.004329004329
1854,84.0,85.72727272727272
1855,65.0,72.96536796536797
1856,66.0,71.24675324675324
1857,73.0,76.08658008658007
1858,81.0,85.88311688311687
1859,118.0,99.81385281385279
1860,102.0,107.27272727272725
1861,103.0,107.7272727272727
1862,114.0,101.15584415584415
1863,86.0,88.83982683982683
1864,77.0,81.99567099567099
1865,71.0,74.14285714285712
1866,71.0,70.38095238095238
1867,76.0,75.9177489177489
1868,79.0,81.9134199134199
1869,91.0,90.012987012987
1870,97.0,94.37662337662337
1871,95.0,93.48484848484847
1872,96.0,88.65367965367965
1873,76.0,80.4935064935065
1874,68.0,73.43722943722943
1875,67.0,68.15151515151516
1876,67.0,65.25541125541126
1877,69.0,65.62770562770562
1878,66.0,67.93506493506491
1879,68.0,70.02164502164501
1880,69.0,71.62770562770561
1881,80.0,68.48917748917748
1882,73.0,75.06493506493507
1883,71.0,80.57142857142857
1884,71.0,86.06060606060606
1885,117.0,87.54978354978354
1886,85.0,88.50216450216449
1887,84.0,84.95670995670994
1888,70.0,78.08225108225108
1889,70.0,67.59740259740259
1890,65.0,66.7056277056277
1891,67.0,63.69264069264068
1892,64.0,64.16450216450215
1893,63.0,60.805194805194795
1894,63.0,66.55411255411254
1895,71.0,73.4199134199134
1896,70.0,81.19913419913418
1897,111.0,91.04761904761904
1898,92.0,96.93939393939392
1899,94.0,97.39393939393939
1900,100.0,91.94372294372293
1901,79.0,80.77056277056276
1902,72.0,74.47186147186147
1903,63.0,67.08658008658008
1904,65.0,62.523809523809526
1905,61.0,59.259740259740255
1906,66.0,64.83116883116882
1907,68.0,75.41991341991341
1908,68.0,83.19047619047618
1909,114.0,88.6060606060606
1910,97.0,87.57142857142858
1911,76.0,85.68398268398268
1912,73.0,81.78354978354977
1913,69.0,74.44588744588745
1914,85.0,70.9134199134199
1915,82.0,78.43290043290041
1916,79.0,89.75324675324674
1917,78.0,100.4112554112554
1918,135.0,108.52813852813851
1919,125.0,117.70562770562768
1920,111.0,118.90043290043289
1921,111.0,108.94805194805193
1922,104.0,94.77922077922076
1923,80.0,93.46753246753245
1924,81.0,94.21645021645021
1925,113.0,104.8138528138528
1926,121.0,116.33766233766232
1927,118.0,126.55411255411252
1928,147.0,124.61038961038957
1929,108.0,113.65367965367963
1930,99.0,100.2164502164502
1931,79.0,86.96536796536796
1932,79.0,74.79220779220778
1933,72.0,77.38095238095237
1934,82.0,84.34199134199132
1935,92.0,95.20779220779218
1936,110.0,101.70129870129867
1937,114.0,103.93073593073593
1938,105.0,105.63636363636363
1939,94.0,106.24242424242422
1940,99.0,107.29004329004329
1941,124.0,111.3203463203463
1942,118.0,117.07359307359305
1943,122.0,122.45887445887445
1944,120.0,122.32034632034629
1945,119.0,120.44155844155841
1946,120.0,118.32467532467528
1947,111.0,112.29870129870127
1948,111.0,102.26839826839826
1949,88.0,87.55411255411254
1950,78.0,80.74458874458874
1951,65.0,77.62337662337661
1952,69.0,77.38528138528139
1953,104.0,77.66233766233765
1954,82.0,81.12554112554112
1955,81.0,88.18181818181819
1956,76.0,95.017316017316
1957,112.0,103.68398268398266
1958,123.0,117.16450216450214
1959,128.0,125.94805194805191
1960,131.0,125.5108225108225
1961,112.0,115.45887445887445
1962,105.0,102.96969696969694
1963,83.0,87.2121212121212
1964,82.0,76.16017316017317
1965,68.0,74.15584415584415
1966,67.0,80.06493506493506
1967,93.0,88.95238095238095
1968,106.0,97.18181818181817
1969,114.0,103.16017316017314
1970,97.0,106.26839826839823
1971,102.0,105.54112554112552
1972,97.0,103.85281385281384
1973,111.0,101.8961038961039
1974,105.0,99.07359307359306
1975,90.0,91.3030303030303
1976,83.0,85.22510822510822
1977,73.0,79.18181818181817
1978,76.0,77.4069264069264
1979,87.0,82.33333333333334
1980,86.0,84.36363636363635
1981,88.0,90.021645021645
1982,101.0,95.29437229437228
1983,87.0,101.51082251082249
1984,116.0,107.33333333333331
1985,116.0,113.62770562770561
1986,120.0,117.25108225108224
1987,115.0,126.08225108225106
1988,127.0,122.67099567099565
1989,122.0,121.34199134199133
1990,131.0,117.26839826839824
1991,91.0,108.65367965367965
1992,105.0,96.87445887445887
1993,88.0,86.93939393939392
1994,72.0,75.23809523809524
1995,75.0,75.69264069264068
1996,71.0,73.64502164502164
1997,67.0,73.95670995670994
1998,95.0,78.1168831168831
1999,76.0,79.12987012987011
2000,69.0,79.82251082251081
2001,88.0,78.22943722943722
2002,72.0,73.28138528138528
2003,73.0,73.86147186147184
2004,70.0,72.29004329004329
2005,69.0,67.87878787878788
2006,70.0,65.7878787878788
2007,66.0,66.43290043290042
2008,64.0,69.73160173160173
2009,68.0,75.08658008658007
2010,91.0,82.48484848484847
2011,88.0,87.20779220779218
2012,91.0,88.05194805194805
2013,88.0,83.95238095238095
2014,70.0,76.6926406926407
2015,69.0,70.47619047619047
2016,66.0,65.30303030303031
2017,66.0,63.727272727272734
2018,60.0,61.25108225108224
2019,67.0,65.33333333333333
2020,68.0,72.53679653679653
2021,65.0,78.95238095238095
2022,105.0,83.09956709956708
2023,87.0,83.52813852813851
2024,75.0,80.01298701298701
2025,69.0,75.12987012987013
2026,68.0,65.67532467532467
2027,61.0,64.16017316017316
2028,69.0,64.18614718614718
2029,61.0,58.39826839826839
2030,64.0,64.56709956709956
2031,65.0,71.83982683982683
2032,61.0,79.85281385281385
2033,122.0,90.19913419913418
2034,89.0,97.52813852813853
2035,98.0,99.18614718614718
2036,95.0,93.40692640692642
2037,84.0,78.52380952380953
2038,68.0,73.43290043290042
2039,61.0,65.79220779220779
2040,60.0,60.78354978354979
2041,64.0,60.14718614718614
2042,63.0,59.76623376623375
2043,59.0,62.32467532467531
2044,65.0,65.18614718614718
2045,62.0,69.28138528138528
2046,82.0,74.52380952380952
2047,77.0,76.89177489177487
2048,80.0,76.24242424242424
2049,74.0,73.4112554112554
2050,63.0,65.7056277056277
2051,66.0,65.5064935064935
2052,64.0,70.88744588744589
2053,69.0,77.55411255411255
2054,97.0,84.89610389610388
2055,98.0,86.5108225108225
2056,79.0,86.0995670995671
2057,80.0,80.45887445887445
2058,68.0,70.92640692640693
2059,75.0,70.87878787878788
2060,71.0,80.69264069264068
2061,82.0,90.49783549783548
2062,111.0,96.9307359307359
2063,118.0,106.4112554112554
2064,101.0,110.96969696969695
2065,94.0,107.9307359307359
2066,124.0,99.25974025974024
2067,88.0,93.98268398268397
2068,87.0,93.90909090909089
2069,88.0,97.012987012987
2070,100.0,95.23376623376622
2071,110.0,105.5974025974026
2072,115.0,106.48051948051948
2073,94.0,107.5151515151515
2074,115.0,101.06926406926407
2075,85.0,95.42424242424242
2076,104.0,94.86147186147186
2077,83.0,101.66233766233763
2078,107.0,104.97402597402595
2079,119.0,107.61038961038959
2080,120.0,107.58008658008657
2081,99.0,110.5151515151515
2082,89.0,106.5281385281385
2083,116.0,101.85281385281385
2084,107.0,99.06060606060605
2085,96.0,96.7272727272727
2086,89.0,96.2207792207792
2087,92.0,95.63636363636363
2088,94.0,99.82251082251081
2089,119.0,106.75324675324674
2090,116.0,112.76623376623377
2091,109.0,117.14718614718615
2092,119.0,116.66233766233766
2093,116.0,114.96103896103897
2094,117.0,116.46753246753246
2095,107.0,112.96536796536795
2096,119.0,108.96103896103894
2097,107.0,106.72294372294371
2098,91.0,104.67965367965367
2099,110.0,102.76623376623375
2100,104.0,100.03896103896103
2101,101.0,103.23809523809524
2102,98.0,103.96969696969697
2103,104.0,100.3982683982684
2104,107.0,99.65367965367963
2105,90.0,97.48051948051946
2106,93.0,93.33766233766232
2107,91.0,84.26839826839826
2108,82.0,81.43290043290041
2109,76.0,83.54978354978353
2110,73.0,85.5064935064935
2111,103.0,85.82251082251082
2112,94.0,88.78787878787877
2113,88.0,90.4155844155844
2114,78.0,91.63203463203463
2115,95.0,89.5021645021645
2116,91.0,89.83549783549783
2117,96.0,88.96969696969697
2118,85.0,86.48484848484847
2119,75.0,81.008658008658
2120,76.0,76.29437229437228
2121,74.0,70.64502164502164
2122,72.0,68.17316017316017
2123,63.0,64.0909090909091
2124,64.0,67.82683982683983
2125,71.0,74.86580086580086
2126,77.0,85.17316017316016
2127,118.0,101.24675324675324
2128,107.0,112.63203463203462
2129,120.0,120.95238095238096
2130,133.0,124.65367965367966
2131,114.0,121.6406926406926
2132,123.0,122.79220779220776
2133,117.0,116.39826839826837
2134,111.0,110.34199134199133
2135,108.0,103.46753246753245
2136,87.0,92.69264069264068
2137,89.0,83.90476190476191
2138,69.0,74.37662337662336
2139,71.0,69.004329004329
2140,68.0,68.93506493506493
2141,63.0,68.60173160173159
2142,78.0,73.53246753246752
2143,77.0,74.77922077922076
2144,74.0,75.5108225108225
2145,79.0,74.2077922077922
2146,65.0,69.15584415584415
2147,66.0,62.69264069264071
2148,62.0,59.463203463203456
2149,59.0,64.70129870129868
2150,60.0,75.48051948051948
2151,91.0,85.45021645021643
2152,113.0,94.24675324675324
2153,99.0,102.26839826839826
2154,94.0,102.66666666666666
2155,92.0,92.74891774891775
2156,94.0,81.25974025974024
2157,69.0,72.12121212121211
2158,57.0,64.57142857142857
2159,56.0,58.51515151515151
2160,55.0,55.12121212121212
2161,64.0,55.61471861471861
2162,58.0,59.16017316017316
2163,58.0,63.731601731601714
2164,61.0,67.53679653679653
2165,80.0,69.06926406926405
2166,75.0,69.90043290043289
2167,66.0,69.62770562770562
2168,62.0,65.67965367965368
2169,61.0,62.904761904761905
2170,67.0,64.1861471861472
2171,61.0,65.74891774891775
2172,75.0,67.52813852813853
2173,67.0,66.0995670995671
2174,64.0,66.74458874458874
2175,69.0,69.59740259740258
2176,65.0,72.8961038961039
2177,87.0,82.58874458874458
2178,87.0,87.96103896103895
2179,93.0,87.8961038961039
2180,94.0,83.37662337662339
2181,66.0,74.20779220779221
2182,61.0,67.39826839826839
2183,59.0,61.8051948051948
2184,63.0,58.49350649350649
2185,63.0,58.95238095238094
2186,60.0,59.255411255411246
2187,54.0,59.12987012987013
2188,58.0,60.878787878787875
2189,68.0,63.92207792207792
2190,66.0,66.22943722943722
2191,75.0,69.9134199134199
2192,70.0,73.87445887445885
2193,70.0,77.43722943722943
2194,85.0,82.09090909090907
2195,89.0,82.65367965367965
2196,84.0,82.70129870129868
2197,80.0,79.85714285714286
2198,68.0,73.31601731601731
2199,71.0,67.49350649350649
2200,69.0,69.64935064935065
2201,67.0,74.93939393939392
2202,76.0,80.77056277056273
2203,100.0,83.6017316017316
2204,86.0,84.1038961038961
2205,77.0,80.21645021645021
2206,73.0,76.17316017316016
2207,69.0,71.77056277056276
2208,70.0,74.07359307359306
2209,87.0,75.99567099567098
2210,81.0,83.14718614718613
2211,88.0,94.77056277056275
2212,93.0,103.44588744588742
2213,122.0,107.8095238095238
2214,120.0,107.88311688311688
2215,98.0,100.59740259740259
2216,90.0,92.59740259740259
2217,77.0,89.34199134199133
2218,85.0,93.7186147186147
2219,109.0,103.43290043290042
2220,126.0,108.5324675324675
2221,110.0,111.67099567099567
2222,106.0,106.30735930735929
2223,91.0,102.58441558441558
2224,100.0,99.62337662337661
2225,95.0,97.86147186147187
2226,116.0,95.95238095238093
2227,90.0,98.12121212121212
2228,83.0,97.1125541125541
2229,98.0,95.995670995671
2230,106.0,92.21645021645018
2231,90.0,87.57142857142856
2232,84.0,87.46320346320344
2233,78.0,84.84848484848484
2234,73.0,89.12554112554112
2235,119.0,96.12121212121211
2236,100.0,105.48917748917748
2237,117.0,112.45887445887443
2238,105.0,116.42424242424241
2239,120.0,110.95238095238093
2240,106.0,106.64502164502163
2241,104.0,95.95670995670994
2242,82.0,87.17316017316016
2243,72.0,77.2077922077922
2244,74.0,74.86580086580085
2245,79.0,79.32034632034632
2246,86.0,89.23376623376622
2247,102.0,101.94372294372293
2248,116.0,107.96103896103895
2249,112.0,111.69696969696969
2250,119.0,114.51082251082249
2251,96.0,112.59307359307361
2252,112.0,106.56709956709956
2253,111.0,99.06926406926405
2254,89.0,88.47619047619048
2255,74.0,81.90476190476188
2256,69.0,72.39393939393938
2257,68.0,68.54978354978354
2258,79.0,75.51948051948052
2259,77.0,82.94372294372292
2260,88.0,87.63636363636363
2261,105.0,91.73593073593072
2262,86.0,91.07792207792208
2263,84.0,88.32467532467533
2264,90.0,83.10389610389609
2265,77.0,82.60173160173159
2266,80.0,87.08658008658007
2267,90.0,88.24675324675324
2268,103.0,90.05194805194806
2269,89.0,93.00865800865799
2270,84.0,91.59307359307357
2271,93.0,87.83982683982683
2272,87.0,85.43290043290042
2273,82.0,84.85281385281384
2274,84.0,82.8095238095238
2275,87.0,83.44155844155844
2276,81.0,89.27272727272725
2277,92.0,97.23809523809523
2278,111.0,105.23376623376623
2279,113.0,108.7229437229437
2280,111.0,106.94805194805193
2281,102.0,98.10389610389609
2282,80.0,84.84415584415584
2283,73.0,77.28571428571426
2284,72.0,72.8138528138528
2285,74.0,82.21645021645021
2286,95.0,92.63636363636363
2287,97.0,98.23376623376622
2288,126.0,100.1298701298701
2289,84.0,96.67965367965367
2290,80.0,87.62770562770562
2291,82.0,78.51948051948051
2292,75.0,72.9090909090909
2293,74.0,79.51082251082249
2294,80.0,85.13852813852813
2295,99.0,94.51515151515152
2296,103.0,101.44155844155843
2297,106.0,103.52813852813853
2298,109.0,99.76190476190473
2299,84.0,91.38095238095235
2300,82.0,85.46320346320344
2301,78.0,80.77489177489177
2302,79.0,79.76190476190476
2303,86.0,81.06060606060605
2304,81.0,80.27705627705627
2305,81.0,78.2121212121212
2306,70.0,74.03030303030302
2307,74.0,72.64502164502163
2308,70.0,74.77489177489178
2309,74.0,77.68398268398266
2310,89.0,80.7012987012987
2311,84.0,81.07792207792205
2312,79.0,80.8138528138528
2313,74.0,77.62770562770561
2314,74.0,73.45021645021644
2315,73.0,72.3939393939394
2316,70.0,70.53246753246754
2317,71.0,69.43722943722943
2318,69.0,67.9004329004329
2319,63.0,66.16450216450217
2320,69.0,67.73593073593074
2321,67.0,67.57575757575756
2322,69.0,68.7272727272727
2323,80.0,76.38095238095237
2324,70.0,81.53679653679652
2325,87.0,86.64502164502164
2326,105.0,87.90476190476188
2327,81.0,87.06926406926405
2328,82.0,83.88744588744588
2329,74.0,77.73160173160173
2330,76.0,72.12121212121212
2331,67.0,71.12554112554112
2332,75.0,70.54978354978356
2333,67.0,70.27272727272727
2334,68.0,68.45454545454545
2335,75.0,68.86147186147186
2336,64.0,68.16017316017316
2337,66.0,69.35930735930735
2338,74.0,69.82251082251081
2339,72.0,70.6017316017316
2340,74.0,77.38528138528137
2341,78.0,83.3073593073593
2342,85.0,84.45021645021644
2343,98.0,84.19047619047619
2344,83.0,81.8008658008658
2345,66.0,78.3116883116883
2346,72.0,73.71428571428571
2347,74.0,69.44588744588744
2348,74.0,70.41558441558442
2349,70.0,71.9264069264069
2350,70.0,74.08225108225108
2351,76.0,76.29870129870129
2352,79.0,78.19047619047618
2353,89.0,80.19480519480518
2354,78.0,81.87878787878788
2355,80.0,86.54112554112554
2356,87.0,88.97402597402596
2357,96.0,93.09090909090908
2358,106.0,92.64069264069263
2359,88.0,95.012987012987
2360,99.0,100.16017316017313
2361,83.0,102.46753246753246
2362,128.0,109.31601731601732
2363,125.0,121.22077922077918
2364,111.0,125.65367965367962
2365,134.0,124.13852813852812
2366,124.0,110.93506493506494
2367,96.0,103.3116883116883
2368,84.0,95.1082251082251
2369,84.0,85.008658008658
2370,93.0,85.3116883116883
2371,84.0,88.85714285714285
2372,90.0,89.25541125541125
2373,99.0,87.67532467532467
2374,84.0,91.95238095238095
2375,85.0,92.35497835497836
2376,99.0,95.33766233766232
2377,119.0,105.74025974025972
2378,91.0,119.72294372294371
2379,135.0,126.33766233766234
2380,145.0,122.55411255411254
2381,122.0,117.05194805194803
2382,99.0,115.6233766233766
2383,91.0,105.4069264069264
2384,114.0,105.46320346320344
2385,120.0,114.54978354978354
2386,114.0,120.09090909090907
2387,131.0,121.72727272727272
2388,122.0,117.33766233766232
2389,101.0,111.87445887445887
2390,112.0,109.5930735930736
2391,106.0,109.94805194805195
2392,105.0,111.48484848484847
2393,121.0,110.99134199134197
2394,117.0,103.39393939393939
2395,87.0,96.03896103896103
2396,81.0,87.0995670995671
2397,76.0,79.2207792207792
2398,81.0,76.37229437229436
2399,81.0,82.0909090909091
2400,86.0,85.43290043290042
2401,85.0,89.96969696969694
2402,99.0,90.76190476190476
2403,86.0,86.88311688311688
2404,90.0,83.04761904761904
2405,73.0,81.5151515151515
2406,68.0,79.41125541125541
2407,87.0,78.44155844155843
2408,87.0,76.19913419913419
2409,75.0,77.66233766233765
2410,66.0,75.66233766233766
2411,73.0,70.93506493506493
2412,79.0,73.2077922077922
2413,72.0,75.9220779220779
2414,80.0,83.52813852813853
2415,95.0,92.35930735930735
2416,87.0,96.54112554112554
2417,115.0,99.20346320346319
2418,103.0,95.45887445887446
2419,76.0,88.96103896103895
2420,82.0,82.06493506493506
2421,74.0,74.03463203463203
2422,77.0,73.008658008658
2423,76.0,80.88311688311687
2424,88.0,90.66233766233765
2425,97.0,104.37229437229436
2426,127.0,118.53679653679652
2427,129.0,126.1125541125541
2428,127.0,122.74458874458874
2429,120.0,111.58008658008657
2430,87.0,92.61904761904762
2431,72.0,78.67099567099565
2432,69.0,73.58441558441558
2433,67.0,74.72294372294371
2434,87.0,81.19047619047618
2435,99.0,84.87878787878789
2436,84.0,86.3116883116883
2437,79.0,84.04329004329004
2438,76.0,77.25974025974025
2439,80.0,77.34632034632034
2440,76.0,83.17748917748918
2441,83.0,88.16450216450217
2442,104.0,90.17748917748918
2443,92.0,88.2077922077922
2444,82.0,85.004329004329
2445,72.0,75.99567099567099
2446,69.0,68.62770562770564
2447,71.0,71.57575757575756
2448,65.0,76.2251082251082
2449,87.0,80.56709956709956
2450,95.0,81.7099567099567
2451,78.0,81.44155844155843
2452,73.0,78.0995670995671
2453,69.0,71.51948051948052
2454,73.0,69.12554112554113
2455,66.0,70.6017316017316
2456,73.0,71.1125541125541
2457,75.0,71.13419913419912
2458,70.0,71.38095238095237
2459,69.0,71.0952380952381
2460,70.0,69.96103896103895
2461,73.0,69.02597402597401
2462,67.0,71.43722943722943
2463,74.0,74.19480519480517
2464,73.0,76.09090909090907
2465,84.0,76.75324675324674
2466,78.0,76.87445887445887
2467,73.0,75.32900432900433
2468,71.0,74.34632034632034
2469,72.0,71.82251082251081
2470,75.0,72.65367965367965
2471,74.0,74.04761904761902
2472,71.0,73.83549783549783
2473,76.0,72.62770562770562
2474,72.0,69.03463203463204
2475,66.0,69.51948051948051
2476,67.0,69.73593073593074
2477,65.0,69.41991341991341
2478,82.0,69.99567099567098
2479,68.0,71.5021645021645
2480,69.0,71.93939393939394
2481,69.0,71.12987012987013
2482,73.0,68.25541125541126
2483,69.0,67.12554112554112
2484,65.0,66.004329004329
2485,64.0,65.35064935064935
2486,64.0,68.6926406926407
2487,78.0,78.31601731601731
2488,82.0,86.03463203463203
2489,100.0,92.19913419913418
2490,102.0,92.46753246753245
2491,80.0,85.9047619047619
2492,81.0,79.98701298701299
2493,66.0,72.83116883116882
2494,67.0,70.54978354978354
2495,80.0,73.7012987012987
2496,75.0,74.68398268398268
2497,80.0,79.85714285714285
2498,82.0,79.62770562770561
2499,79.0,83.77922077922075
2500,93.0,92.65367965367966
2501,86.0,99.42857142857142
2502,119.0,100.42857142857142
2503,108.0,99.74458874458874
2504,90.0,95.33766233766234
2505,75.0,88.58441558441558
2506,89.0,83.23376623376622
2507,85.0,85.91774891774891
2508,82.0,87.72727272727272
2509,103.0,85.56709956709956
2510,87.0,88.06493506493506
2511,74.0,87.43722943722942
2512,85.0,95.5238095238095
2513,119.0,95.80519480519479
2514,88.0,100.9177489177489
2515,129.0,108.50649350649348
2516,82.0,110.12987012987013
2517,112.0,107.51515151515147
2518,122.0,106.59740259740259
2519,99.0,97.46320346320346
2520,89.0,95.34199134199133
2521,79.0,84.85714285714285
2522,81.0,80.61471861471861
2523,83.0,80.58874458874459
2524,84.0,83.54545454545455
2525,89.0,84.88311688311688
2526,82.0,89.47619047619047
2527,98.0,92.06493506493504
2528,91.0,98.05627705627704
2529,115.0,110.12121212121211
2530,103.0,116.6190476190476
2531,128.0,114.51948051948051
2532,129.0,108.14285714285711
2533,82.0,96.39826839826839
2534,78.0,89.38961038961037
2535,77.0,78.11255411255412
2536,86.0,79.55844155844156
2537,94.0,93.65367965367965
2538,89.0,105.12554112554112
2539,123.0,111.79653679653678
2540,124.0,111.11255411255411
2541,108.0,104.34199134199135
2542,87.0,95.85281385281387
2543,77.0,83.96969696969695
2544,75.0,79.24675324675326
2545,85.0,78.35497835497833
2546,85.0,81.24675324675323
2547,84.0,83.33766233766234
2548,79.0,86.45887445887446
2549,90.0,89.14718614718615
2550,90.0,90.20346320346319
2551,99.0,90.94805194805193
2552,91.0,90.05194805194805
2553,79.0,85.67532467532466
2554,86.0,86.32467532467531
2555,83.0,85.8095238095238
2556,86.0,86.34632034632033
2557,100.0,87.96969696969697
2558,80.0,85.23809523809524
2559,79.0,83.82683982683983
2560,85.0,81.55844155844156
2561,76.0,79.06060606060606
2562,85.0,80.87012987012987
2563,82.0,83.7012987012987
2564,82.0,85.59307359307357
2565,88.0,86.10822510822508
2566,97.0,87.67965367965367
2567,86.0,92.030303030303
2568,87.0,98.87878787878786
2569,111.0,105.15584415584415
2570,113.0,111.60606060606058
2571,120.0,113.83116883116881
2572,110.0,108.69264069264067
2573,102.0,96.27705627705626
2574,78.0,87.22510822510822
2575,78.0,82.58874458874456
2576,78.0,84.38961038961038
2577,95.0,90.19480519480518
2578,102.0,94.77489177489176
2579,99.0,95.78354978354977
2580,94.0,94.41125541125541
2581,79.0,89.77922077922076
2582,89.0,85.05194805194803
2583,85.0,80.84848484848483
2584,80.0,78.4285714285714
2585,73.0,77.8181818181818
2586,72.0,75.5151515151515
2587,78.0,74.48917748917748
2588,78.0,72.86147186147187
2589,75.0,76.8051948051948
2590,71.0,78.83982683982683
2591,76.0,78.84848484848484
2592,96.0,79.53246753246754
2593,74.0,77.99134199134197
2594,73.0,77.92640692640691
2595,75.0,75.71428571428571
2596,70.0,74.09523809523809
2597,84.0,76.86147186147184
2598,75.0,75.76190476190474
2599,77.0,74.45021645021644
2600,70.0,73.28571428571428
2601,67.0,70.07359307359307
2602,73.0,70.49350649350649
2603,71.0,68.64502164502164
2604,69.0,70.17316017316017
2605,72.0,71.04329004329003
2606,67.0,73.34199134199133
2607,82.0,77.19480519480517
2608,79.0,79.22510822510822
2609,89.0,86.2164502164502
2610,86.0,92.67965367965368
2611,88.0,94.75324675324674
2612,112.0,93.53679653679653
2613,89.0,88.90043290043289
2614,79.0,82.87012987012986
2615,68.0,76.1082251082251
2616,73.0,70.18181818181816
2617,70.0,71.95670995670994
2618,77.0,75.19480519480518
2619,78.0,76.98268398268398
2620,77.0,75.10389610389609
2621,77.0,73.8008658008658
2622,66.0,70.98701298701299
2623,66.0,69.12987012987011
2624,72.0,68.78787878787877
2625,69.0,69.64502164502164
2626,70.0,70.1948051948052
2627,71.0,66.4069264069264
2628,67.0,63.450216450216445
2629,59.0,65.63203463203462
2630,60.0,72.44588744588745
2631,81.0,78.29004329004327
2632,94.0,82.23809523809523
2633,93.0,83.43722943722942
2634,70.0,78.58008658008657
2635,65.0,69.9090909090909
2636,64.0,63.55844155844155
2637,60.0,58.44155844155845
2638,66.0,63.246753246753244
2639,68.0,72.68831168831169
2640,68.0,82.93506493506491
2641,106.0,92.53679653679653
2642,108.0,97.85714285714286
2643,94.0,96.19047619047618
2644,88.0,89.53679653679654
2645,76.0,74.8008658008658
2646,61.0,65.1255411255411
2647,66.0,64.33766233766234
2648,60.0,70.16450216450215
2649,77.0,81.99134199134198
2650,101.0,91.44155844155843
2651,105.0,91.86580086580085
2652,98.0,91.9004329004329
2653,76.0,88.92640692640691
2654,73.0,88.90043290043289
2655,103.0,97.24242424242424
2656,113.0,108.52813852813851
2657,127.0,122.20779220779221
2658,133.0,131.5411255411255
2659,124.0,129.87445887445884
2660,133.0,127.51082251082248
2661,128.0,123.68398268398268
2662,110.0,124.46320346320346
2663,123.0,124.38095238095237
2664,124.0,118.15151515151513
2665,127.0,109.58874458874456
2666,97.0,104.15584415584415
2667,82.0,95.45454545454544
2668,83.0,89.42424242424242
2669,101.0,87.1168831168831
2670,88.0,85.58441558441558
2671,85.0,85.03463203463203
2672,81.0,81.017316017316
2673,67.0,78.42857142857144
2674,91.0,82.67532467532466
2675,84.0,88.52380952380952
2676,100.0,96.95238095238095
2677,106.0,108.03896103896105
2678,110.0,112.60606060606058
2679,117.0,114.20779220779218
2680,118.0,106.87445887445888
2681,95.0,95.59307359307358
2682,77.0,82.95238095238095
2683,66.0,70.82683982683983
2684,63.0,61.15151515151514
2685,66.0,64.26406926406925
2686,66.0,70.22510822510822
2687,71.0,78.78787878787877
2688,102.0,86.83982683982683
2689,89.0,93.85714285714285
2690,98.0,97.18181818181816
2691,94.0,94.06493506493506
2692,91.0,85.45454545454545
2693,77.0,79.63636363636363
2694,68.0,68.55844155844156
2695,66.0,64.21212121212119
2696,65.0,70.66233766233765
2697,66.0,82.83982683982681
2698,103.0,94.96969696969697
2699,122.0,102.18181818181816
2700,104.0,103.65800865800867
2701,93.0,98.42424242424242
2702,80.0,85.0
2703,77.0,76.30735930735929
2704,75.0,75.34632034632034
2705,74.0,77.16450216450215
2706,87.0,84.83549783549782
2707,91.0,93.61471861471861
2708,99.0,99.15584415584414
2709,114.0,105.38528138528137
2710,106.0,107.08225108225108
2711,97.0,107.85714285714286
2712,112.0,102.93939393939394
2713,96.0,94.60606060606061
2714,92.0,85.34199134199135
2715,73.0,83.22943722943722
2716,72.0,79.23809523809524
2717,74.0,79.46753246753245
2718,104.0,79.62770562770562
2719,74.0,81.6190476190476
2720,74.0,79.45887445887445
2721,74.0,75.57575757575758
2722,74.0,67.9090909090909
2723,67.0,66.07359307359306
2724,67.0,67.0
2725,59.0,70.07792207792205
2726,70.0,74.07792207792207
2727,93.0,77.012987012987
2728,80.0,77.24242424242424
2729,73.0,75.44588744588742
2730,65.0,72.09956709956711
2731,66.0,68.14285714285714
2732,69.0,68.73160173160173
2733,77.0,68.55844155844154
2734,67.0,65.4935064935065
2735,64.0,66.83982683982683
2736,62.0,68.08658008658008
2737,65.0,72.34199134199133
2738,96.0,82.72727272727272
2739,84.0,90.16450216450214
2740,98.0,94.43722943722943
2741,101.0,95.35064935064935
2742,83.0,89.47186147186147
2743,84.0,84.6147186147186
2744,82.0,76.05194805194805
2745,66.0,69.35930735930735
2746,63.0,65.98268398268398
2747,63.0,62.59307359307358
2748,62.0,62.03030303030302
2749,64.0,63.471861471861466
2750,66.0,64.97402597402598
2751,66.0,66.24675324675324
2752,64.0,66.21645021645021
2753,69.0,60.55844155844156
2754,64.0,65.17316017316017
2755,59.0,70.77489177489176
2756,60.0,74.21212121212119
2757,109.0,75.63203463203462
2758,73.0,74.9134199134199
2759,62.0,71.7965367965368
2760,62.0,65.14718614718615
2761,56.0,55.58441558441558
2762,60.0,58.259740259740255
2763,59.0,56.19913419913419
2764,60.0,59.90043290043289
2765,64.0,68.06493506493506
2766,61.0,74.37662337662337
2767,99.0,82.95670995670994
2768,92.0,87.18614718614717
2769,81.0,87.08225108225108
2770,88.0,83.03030303030302
2771,68.0,73.02164502164503
2772,67.0,67.74458874458875
2773,64.0,63.246753246753244
2774,60.0,59.58441558441559
2775,58.0,59.92640692640691
2776,58.0,58.53679653679653
2777,61.0,52.82683982683983
2778,57.0,58.1991341991342
2779,54.0,62.96536796536795
2780,54.0,69.47619047619048
2781,106.0,76.84848484848484
2782,73.0,82.0909090909091
2783,84.0,82.12987012987014
2784,79.0,76.88744588744588
2785,65.0,65.91341991341992
2786,60.0,66.04329004329004
2787,63.0,63.961038961038945
2788,65.0,65.59307359307357
2789,74.0,67.94805194805195
2790,71.0,66.03030303030303
2791,69.0,72.49350649350649
2792,67.0,77.16883116883116
2793,75.0,82.83116883116882
2794,118.0,92.37662337662336
2795,87.0,98.27705627705626
2796,103.0,101.72294372294373
2797,107.0,103.15151515151516
2798,94.0,102.67099567099565
2799,108.0,108.41558441558442
2800,118.0,111.06926406926407
2801,117.0,120.93506493506493
2802,116.0,126.63203463203462
2803,131.0,122.5281385281385
2804,134.0,112.58441558441558
2805,89.0,96.4025974025974
2806,76.0,83.17316017316018
2807,67.0,74.81818181818181
2808,65.0,76.24242424242422
2809,101.0,88.07792207792207
2810,108.0,104.26406926406926
2811,111.0,115.9177489177489
2812,117.0,118.25108225108222
2813,130.0,111.53246753246752
2814,95.0,103.3290043290043
2815,84.0,88.80519480519479
2816,83.0,79.5151515151515
2817,72.0,75.33766233766234
2818,66.0,80.6103896103896
2819,103.0,86.87878787878786
2820,97.0,96.68831168831169
2821,102.0,107.92640692640691
2822,112.0,115.30303030303025
2823,122.0,112.92640692640693
2824,113.0,109.23809523809523
2825,102.0,101.46320346320346
2826,83.0,86.6190476190476
2827,75.0,74.34199134199133
2828,75.0,73.72727272727272
2829,63.0,82.03896103896105
2830,96.0,96.20346320346319
2831,123.0,109.3116883116883
2832,124.0,116.30735930735928
2833,118.0,118.57142857142857
2834,105.0,108.40259740259738
2835,90.0,95.08225108225109
2836,89.0,83.6103896103896
2837,72.0,70.59740259740259
2838,67.0,67.06060606060605
2839,63.0,69.84848484848483
2840,63.0,77.94805194805193
2841,105.0,91.19480519480517
2842,105.0,100.7186147186147
2843,111.0,106.77922077922076
2844,104.0,104.36796536796535
2845,89.0,92.79220779220778
2846,87.0,84.96103896103895
2847,72.0,75.7272727272727
2848,70.0,70.48917748917748
2849,72.0,68.43722943722943
2850,64.0,69.55844155844156
2851,73.0,73.23809523809524
2852,76.0,74.982683982684
2853,83.0,72.61471861471858
2854,75.0,76.65367965367963
2855,72.0,79.4155844155844
2856,74.0,85.13419913419912
2857,112.0,98.37662337662337
2858,104.0,111.86580086580086
2859,121.0,119.85281385281382
2860,137.0,119.83116883116881
2861,107.0,112.50216450216449
2862,97.0,104.79653679653678
2863,90.0,91.94805194805193
2864,87.0,79.83982683982684
2865,72.0,74.11255411255411
2866,67.0,64.06493506493507
2867,62.0,64.20346320346319
2868,63.0,69.41125541125541
2869,65.0,80.70129870129868
2870,113.0,90.98701298701297
2871,100.0,98.34632034632033
2872,102.0,99.19913419913419
2873,89.0,94.27705627705625
2874,81.0,81.06060606060606
2875,72.0,73.1168831168831
2876,70.0,67.22943722943722
2877,60.0,66.68398268398268
2878,63.0,65.96969696969697
2879,73.0,65.02164502164501
2880,70.0,64.49350649350649
2881,58.0,65.05627705627705
2882,59.0,62.961038961038966
2883,65.0,57.76190476190476
2884,64.0,60.93939393939392
2885,60.0,70.38961038961037
2886,64.0,77.49350649350649
2887,99.0,80.77922077922076
2888,94.0,81.34632034632034
2889,72.0,78.5194805194805
2890,62.0,70.7056277056277
2891,60.0,60.08658008658008
2892,59.0,56.865800865800864
2893,57.0,58.45887445887445
2894,60.0,59.34632034632033
2895,62.0,57.69264069264068
2896,63.0,61.467532467532465
2897,61.0,70.09090909090908
2898,67.0,78.06060606060606
2899,99.0,84.78787878787877
2900,98.0,87.8181818181818
2901,82.0,86.20346320346319
2902,76.0,78.7186147186147
2903,66.0,68.50216450216449
2904,62.0,63.692640692640694
2905,61.0,62.57575757575758
2906,65.0,60.98268398268398
2907,62.0,59.74891774891775
2908,60.0,57.74025974025974
2909,56.0,60.5064935064935
2910,60.0,68.3030303030303
2911,71.0,75.49350649350649
2912,95.0,80.58008658008657
2913,93.0,83.11255411255411
2914,70.0,80.03896103896103
2915,69.0,73.1168831168831
2916,67.0,64.50649350649351
2917,60.0,60.463203463203456
2918,61.0,58.44588744588744
2919,59.0,61.017316017316006
2920,60.0,64.88744588744588
2921,64.0,69.33766233766234
2922,89.0,72.63203463203462
2923,71.0,74.0909090909091
2924,70.0,73.10389610389609
2925,69.0,69.43722943722942
2926,64.0,64.23809523809523
2927,64.0,61.432900432900425
2928,62.0,59.316017316017295
2929,62.0,65.93939393939391
2930,60.0,75.7099567099567
2931,87.0,84.5021645021645
2932,110.0,88.99567099567098
2933,90.0,87.72294372294371
2934,77.0,80.66666666666667
2935,63.0,66.14285714285714
2936,61.0,65.67099567099567
2937,66.0,76.68398268398268
2938,82.0,92.1168831168831
2939,135.0,107.09956709956708
2940,116.0,115.78354978354976
2941,116.0,114.92640692640693
2942,105.0,107.73593073593074
2943,96.0,99.16450216450215
2944,92.0,103.56277056277054
2945,109.0,106.51515151515152
2946,122.0,116.56277056277054
2947,127.0,119.66666666666669
2948,114.0,120.71861471861472
2949,129.0,119.13852813852813
2950,95.0,112.5108225108225
2951,118.0,107.46753246753246
2952,113.0,106.56277056277055
2953,92.0,105.09090909090908
2954,110.0,110.09956709956708
2955,117.0,113.99999999999997
2956,116.0,118.28138528138527
2957,124.0,121.24675324675323
2958,127.0,116.19913419913418
2959,99.0,105.30303030303028
2960,99.0,97.61038961038959
2961,88.0,91.45021645021644
2962,78.0,93.02164502164503
2963,107.0,98.34632034632033
2964,104.0,98.83549783549782
2965,109.0,93.65367965367966
2966,86.0,93.29004329004327
2967,77.0,91.48917748917748
2968,76.0,92.13419913419912
2969,121.0,90.03030303030303
2970,102.0,96.87878787878785
2971,84.0,98.00432900432901
2972,83.0,95.9177489177489
2973,110.0,89.39393939393938
2974,82.0,86.3073593073593
2975,91.0,87.18181818181816
2976,84.0,89.17316017316017
2977,78.0,93.77056277056275
2978,114.0,106.42857142857142
2979,120.0,114.5238095238095
2980,124.0,118.017316017316
2981,116.0,113.84415584415581
2982,101.0,97.62770562770561
2983,82.0,89.74458874458873
2984,79.0,85.27272727272727
2985,78.0,90.88311688311687
2986,114.0,98.76190476190476
2987,105.0,103.37662337662336
2988,118.0,105.88744588744586
2989,93.0,101.50649350649351
2990,86.0,95.84415584415584
2991,100.0,94.97402597402598
2992,87.0,92.68398268398268
2993,106.0,92.85714285714285
2994,91.0,93.12554112554113
2995,85.0,90.72727272727272
2996,84.0,90.32900432900432
2997,98.0,87.04761904761905
2998,86.0,85.31601731601731
2999,85.0,87.15584415584415
3000,82.0,86.66233766233763
3001,80.0,84.99567099567098
3002,101.0,84.15584415584416
3003,81.0,85.7142857142857
3004,84.0,88.05194805194806
3005,84.0,93.25108225108224
3006,107.0,99.85281385281384
3007,106.0,108.32900432900432
3008,120.0,112.55411255411255
3009,116.0,113.94805194805193
3010,100.0,108.03463203463203
3011,103.0,100.7186147186147
3012,95.0,89.28571428571426
3013,77.0,79.36796536796535
3014,70.0,72.2121212121212
3015,62.0,60.74458874458874
3016,62.0,61.22943722943723
3017,66.0,73.9047619047619
3018,64.0,83.17748917748918
3019,114.0,88.63203463203462
3020,111.0,88.65367965367965
3021,67.0,81.32467532467533
3022,65.0,78.48051948051949
3023,65.0,70.32034632034633
3024,67.0,70.25974025974025
3025,100.0,75.09090909090908
3026,68.0,73.95670995670996
3027,64.0,70.16450216450215
3028,63.0,64.36796536796535
3029,60.0,58.220779220779214
3030,59.0,59.25108225108224
3031,61.0,58.68831168831167
3032,64.0,62.999999999999986
3033,62.0,72.51948051948051
3034,77.0,80.17748917748918
3035,98.0,87.16883116883116
3036,98.0,89.08225108225108
3037,79.0,86.46320346320346
3038,81.0,78.74025974025972
3039,64.0,69.65800865800865
3040,64.0,64.48484848484848
3041,64.0,62.56277056277056
3042,61.0,58.86147186147185
3043,60.0,58.17748917748917
3044,58.0,60.35497835497836
3045,57.0,64.58874458874459
3046,69.0,69.87445887445887
3047,84.0,73.38528138528137
3048,76.0,74.2034632034632
3049,71.0,72.27272727272727
3050,63.0,67.14718614718615
3051,60.0,61.35064935064934
3052,61.0,59.034632034632025
3053,59.0,57.46320346320347
3054,56.0,58.428571428571416
3055,58.0,58.584415584415574
3056,59.0,59.07792207792207
3057,64.0,60.138528138528116
3058,58.0,60.92207792207791
3059,62.0,61.42424242424242
3060,61.0,61.27705627705627
3061,61.0,61.07359307359306
3062,63.0,61.68831168831168
3063,60.0,61.233766233766225
3064,62.0,61.37662337662337
3065,61.0,62.03030303030303
3066,62.0,59.73160173160174
3067,63.0,62.64069264069262
3068,64.0,66.1038961038961
3069,60.0,70.03030303030303
3070,87.0,73.84415584415585
3071,76.0,73.012987012987
3072,75.0,76.53679653679652
3073,75.0,82.22943722943722
3074,70.0,81.52813852813853
3075,104.0,85.14718614718613
3076,94.0,85.5194805194805
3077,74.0,90.35064935064933
3078,87.0,91.37229437229436
3079,86.0,84.8051948051948
3080,105.0,84.1948051948052
3081,74.0,84.33333333333331
3082,69.0,80.47619047619045
3083,82.0,77.8138528138528
3084,80.0,74.03463203463204
3085,77.0,74.50649350649348
3086,75.0,76.13419913419912
3087,72.0,77.77056277056276
3088,79.0,86.16883116883115
3089,106.0,100.91341991341989
3090,108.0,112.20346320346319
3091,126.0,116.58008658008656
3092,127.0,113.34199134199135
3093,94.0,103.81818181818181
3094,84.0,92.04329004329004
3095,84.0,81.004329004329
3096,80.0,76.27705627705627
3097,74.0,83.66233766233765
3098,91.0,91.12121212121212
3099,98.0,98.54978354978354
3100,118.0,104.99567099567098
3101,106.0,111.16017316017314
3102,106.0,109.33766233766232
3103,103.0,102.99134199134198
3104,105.0,93.84415584415584
3105,81.0,87.73160173160174
3106,75.0,78.89177489177489
3107,77.0,72.96969696969697
3108,76.0,74.84848484848484
3109,75.0,90.06926406926405
3110,98.0,101.2164502164502
3111,124.0,111.2207792207792
3112,134.0,116.09956709956708
3113,99.0,114.71428571428571
3114,106.0,104.29870129870129
3115,89.0,90.29004329004329
3116,85.0,81.76623376623375
3117,76.0,83.25108225108225
3118,76.0,81.58008658008657
3119,89.0,82.14285714285714
3120,93.0,82.5151515151515
3121,76.0,82.62770562770561
3122,75.0,77.81818181818181
3123,81.0,79.04761904761904
3124,78.0,82.50216450216449
3125,79.0,86.35064935064933
3126,112.0,91.40259740259738
3127,87.0,94.88744588744589
3128,86.0,95.91341991341989
3129,104.0,92.6060606060606
3130,89.0,86.84415584415584
3131,80.0,85.5930735930736
3132,79.0,81.94805194805193
3133,82.0,75.03463203463203
3134,75.0,77.5108225108225
3135,81.0,83.85714285714285
3136,79.0,89.63203463203462
3137,108.0,96.86147186147186
3138,107.0,102.23809523809523
3139,98.0,101.12987012987013
3140,101.0,95.94805194805193
3141,84.0,85.09523809523807
3142,75.0,81.68831168831169
3143,76.0,78.38961038961038
3144,78.0,77.58874458874458
3145,91.0,82.01731601731599
3146,75.0,84.59307359307357
3147,89.0,85.4285714285714
3148,88.0,83.48484848484848
3149,78.0,77.4155844155844
3150,79.0,81.24675324675323
3151,72.0,78.83116883116881
3152,75.0,79.73593073593074
3153,105.0,80.021645021645
3154,71.0,86.04761904761904
3155,88.0,93.67965367965365
3156,90.0,95.71861471861472
3157,122.0,101.85714285714285
3158,106.0,113.51515151515152
3159,101.0,115.07359307359305
3160,131.0,112.48051948051948
3161,107.0,103.87878787878786
3162,92.0,99.21212121212122
3163,86.0,91.12554112554112
3164,82.0,80.47186147186146
3165,82.0,77.44588744588742
3166,75.0,74.92207792207792
3167,74.0,78.87012987012986
3168,77.0,82.31601731601731
3169,85.0,85.74025974025972
3170,105.0,87.13852813852813
3171,80.0,85.71428571428571
3172,80.0,82.13419913419911
3173,71.0,76.25541125541123
3174,74.0,67.86580086580086
3175,74.0,74.87012987012986
3176,71.0,78.41558441558442
3177,75.0,81.90476190476188
3178,113.0,86.56709956709955
3179,77.0,90.62337662337661
3180,86.0,93.30303030303028
3181,99.0,92.03463203463203
3182,89.0,86.1168831168831
3183,87.0,86.8138528138528
3184,80.0,82.03463203463201
3185,74.0,77.47186147186147
3186,77.0,72.03030303030302
3187,77.0,77.31601731601731
3188,76.0,83.06926406926405
3189,75.0,88.37229437229436
3190,121.0,90.07792207792207
3191,83.0,89.99999999999999
3192,83.0,86.55844155844154
3193,75.0,80.43722943722943
3194,75.0,71.12987012987011
3195,70.0,71.90476190476188
3196,72.0,70.23376623376623
3197,70.0,67.53246753246752
3198,70.0,72.72294372294371
3199,72.0,77.35930735930737
3200,74.0,81.06060606060605
3201,107.0,83.76623376623375
3202,76.0,83.95670995670994
3203,79.0,81.39393939393939
3204,75.0,76.48484848484848
3205,72.0,71.04329004329003
3206,71.0,72.74458874458873
3207,72.0,69.74458874458874
3208,76.0,72.77489177489176
3209,71.0,78.12987012987011
3210,74.0,82.22510822510822
3211,99.0,83.39393939393939
3212,89.0,84.85714285714283
3213,78.0,86.18181818181817
3214,76.0,83.35497835497836
3215,86.0,77.03463203463204
3216,79.0,75.24675324675324
3217,70.0,75.67099567099567
3218,69.0,73.74458874458873
3219,74.0,70.71861471861472
3220,77.0,70.46320346320346
3221,66.0,70.76190476190474
3222,68.0,70.06926406926405
3223,70.0,68.73593073593072
3224,70.0,67.99567099567099
3225,70.0,71.54978354978353
3226,70.0,71.45887445887445
3227,72.0,70.5064935064935
3228,80.0,71.75324675324676
3229,66.0,75.38528138528136
3230,77.0,81.65367965367963
3231,93.0,91.78354978354977
3232,102.0,100.19047619047618
3233,111.0,109.03896103896103
3234,117.0,106.34199134199132
3235,100.0,102.37662337662336
3236,100.0,101.92640692640693
3237,86.0,106.89177489177487
3238,119.0,112.48051948051946
3239,133.0,125.16883116883115
3240,137.0,129.4458874458874
3241,120.0,127.76190476190473
3242,130.0,115.0995670995671
3243,91.0,104.99999999999997
3244,92.0,95.97402597402596
3245,89.0,87.61471861471863
3246,96.0,85.85714285714285
3247,82.0,89.74025974025973
3248,83.0,93.07792207792207
3249,113.0,99.38528138528139
3250,96.0,100.57142857142856
3251,113.0,105.46753246753245
3252,110.0,110.12121212121211
3253,95.0,113.89177489177489
3254,125.0,119.54112554112552
3255,130.0,117.68831168831169
3256,122.0,115.38095238095237
3257,102.0,111.22077922077922
3258,93.0,99.5930735930736
3259,94.0,88.3116883116883
3260,91.0,84.25541125541123
3261,81.0,87.26406926406925
3262,81.0,95.04761904761904
3263,111.0,106.73593073593071
3264,122.0,117.4199134199134
3265,132.0,124.48484848484846
3266,129.0,124.4891774891775
3267,108.0,114.56709956709955
3268,101.0,102.84848484848483
3269,94.0,89.45021645021643
3270,80.0,79.64935064935064
3271,78.0,83.16450216450215
3272,78.0,90.66666666666666
3273,97.0,100.7099567099567
3274,131.0,106.91341991341992
3275,112.0,107.59740259740258
3276,100.0,103.90043290043289
3277,81.0,92.94805194805194
3278,86.0,84.05627705627705
3279,87.0,86.3203463203463
3280,82.0,88.28138528138527
3281,98.0,89.04329004329003
3282,96.0,88.69264069264068
3283,78.0,86.67532467532466
3284,79.0,84.42424242424242
3285,89.0,79.9090909090909
3286,77.0,77.64069264069263
3287,82.0,83.75757575757575
3288,82.0,89.54112554112554
3289,90.0,95.19480519480517
3290,117.0,100.6147186147186
3291,103.0,102.26406926406925
3292,97.0,99.56277056277055
3293,88.0,91.22510822510822
3294,87.0,83.06926406926405
3295,76.0,82.56277056277055
3296,76.0,81.13419913419912
3297,88.0,76.02597402597402
3298,84.0,75.012987012987
3299,69.0,80.77489177489176
3300,68.0,88.41558441558439
3301,107.0,95.81385281385282
3302,117.0,103.58874458874458
3303,111.0,109.2121212121212
3304,101.0,105.72294372294371
3305,92.0,93.75757575757575
3306,87.0,84.54978354978354
3307,75.0,80.01298701298701
3308,75.0,76.44155844155843
3309,77.0,72.2987012987013
3310,79.0,75.9134199134199
3311,70.0,79.35064935064933
3312,76.0,81.70562770562769
3313,103.0,84.14718614718613
3314,77.0,84.38095238095237
3315,83.0,83.54112554112552
3316,81.0,78.58874458874459
3317,71.0,73.83549783549783
3318,73.0,75.65367965367966
3319,73.0,73.32467532467533
3320,79.0,73.01298701298701
3321,74.0,73.85714285714285
3322,68.0,70.77489177489177
3323,75.0,75.6060606060606
3324,75.0,79.32034632034632
3325,76.0,83.42857142857142
3326,108.0,85.008658008658
3327,77.0,82.45887445887443
3328,75.0,78.64502164502164
3329,70.0,74.3030303030303
3330,69.0,64.67532467532466
3331,72.0,72.33766233766234
3332,76.0,80.94372294372293
3333,73.0,88.07359307359307
3334,120.0,93.06060606060605
3335,98.0,96.29437229437228
3336,84.0,95.3246753246753
3337,88.0,91.017316017316
3338,88.0,80.93939393939392
3339,77.0,78.69696969696969
3340,76.0,76.51948051948051
3341,71.0,73.27705627705626
3342,71.0,71.4025974025974
3343,73.0,70.09523809523809
3344,71.0,69.25541125541126
3345,68.0,70.47186147186147
3346,66.0,71.13419913419912
3347,75.0,71.16450216450217
3348,76.0,71.68831168831167
3349,70.0,70.45887445887446
3350,68.0,70.12554112554112
3351,69.0,70.77922077922076
3352,67.0,72.23376623376622
3353,80.0,73.56709956709956
3354,80.0,74.51948051948051
3355,70.0,74.2077922077922
3356,69.0,73.1038961038961
3357,73.0,70.71428571428572
3358,70.0,67.18181818181817
3359,70.0,69.92640692640693
3360,69.0,71.97835497835499
3361,64.0,74.06493506493506
3362,91.0,76.23809523809523
3363,76.0,76.89610389610388
3364,76.0,76.20779220779221
3365,72.0,76.21212121212119
3366,71.0,72.1082251082251
3367,73.0,72.86147186147186
3368,79.0,72.28138528138527
3369,68.0,71.81385281385279
3370,72.0,72.99567099567099
3371,72.0,74.08225108225108
3372,75.0,75.63203463203462
3373,84.0,76.32900432900432
3374,79.0,76.86580086580086
3375,80.0,88.41125541125541
3376,80.0,95.85714285714285
3377,108.0,95.16450216450215
3378,134.0,103.41558441558442
3379,85.0,110.2121212121212
3380,87.0,113.54978354978354
3381,140.0,109.23809523809521
3382,113.0,107.64069264069262
3383,104.0,111.09523809523807
3384,94.0,103.63636363636363
3385,101.0,89.58441558441558
3386,87.0,87.89177489177489
3387,81.0,88.63203463203462
3388,83.0,89.30303030303031
3389,98.0,87.54545454545453
3390,96.0,89.19047619047619
3391,82.0,87.83982683982683
3392,79.0,84.07359307359306
3393,85.0,75.76190476190476
3394,76.0,78.09523809523809
3395,79.0,86.23809523809523
3396,81.0,95.71428571428571
3397,123.0,100.09090909090907
3398,114.0,110.71428571428571
3399,110.0,115.48484848484846
3400,98.0,113.5151515151515
3401,128.0,105.94372294372293
3402,96.0,100.3030303030303
3403,89.0,88.73593073593074
3404,89.0,86.4069264069264
3405,75.0,90.0952380952381
3406,81.0,98.04329004329001
3407,136.0,108.61471861471861
3408,128.0,115.16883116883116
3409,96.0,116.7012987012987
3410,122.0,109.2900432900433
3411,94.0,100.23809523809523
3412,90.0,97.25541125541125
3413,95.0,96.48484848484848
3414,107.0,90.94805194805194
3415,82.0,89.72294372294373
3416,85.0,85.87445887445887
3417,81.0,79.74458874458873
3418,75.0,75.34199134199133
3419,80.0,82.4199134199134
3420,78.0,85.74458874458873
3421,91.0,87.57142857142856
3422,107.0,85.20346320346319
3423,77.0,85.05627705627704
3424,74.0,88.34199134199135
3425,78.0,89.17748917748918
3426,108.0,89.38528138528137
3427,104.0,93.10389610389609
3428,86.0,92.55844155844154
3429,80.0,86.87012987012986
3430,83.0,85.90909090909089
3431,88.0,88.73160173160173
3432,88.0,91.52813852813851
3433,113.0,90.76190476190473
3434,80.0,86.45887445887445
3435,76.0,85.67965367965367
3436,78.0,82.06926406926407
3437,83.0,81.12121212121211
3438,99.0,87.8008658008658
3439,78.0,87.01731601731599
3440,97.0,89.59740259740258
3441,87.0,92.17316017316016
3442,80.0,92.80086580086578
3443,111.0,90.74891774891775
3444,95.0,88.44155844155843
3445,83.0,97.42424242424242
3446,78.0,101.46320346320346
3447,118.0,98.95670995670994
3448,126.0,99.25974025974024
3449,82.0,93.3073593073593
3450,79.0,92.91341991341992
3451,79.0,86.56277056277055
3452,81.0,85.39826839826839
3453,120.0,88.74891774891773
3454,79.0,84.59307359307358
3455,75.0,80.16883116883115
3456,72.0,81.3896103896104
3457,77.0,87.42857142857142
3458,102.0,100.35497835497833
3459,126.0,106.25974025974024
3460,117.0,106.26839826839826
3461,86.0,101.12554112554112
3462,84.0,89.66233766233766
3463,80.0,78.32034632034632
3464,83.0,77.66666666666664
3465,75.0,83.32467532467531
3466,80.0,84.61471861471861
3467,97.0,83.35497835497836
3468,87.0,80.88311688311687
3469,70.0,77.87878787878788
3470,68.0,76.29870129870129
3471,75.0,73.47619047619047
3472,76.0,74.64069264069262
3473,87.0,76.98701298701297
3474,70.0,76.7186147186147
3475,72.0,73.71861471861472
3476,73.0,71.36363636363636
3477,70.0,68.80952380952381
3478,67.0,69.89610389610388
3479,71.0,68.54978354978354
3480,69.0,68.99567099567099
3481,71.0,73.12987012987011
3482,71.0,75.74025974025975
3483,81.0,76.08658008658007
3484,84.0,75.31168831168831
3485,68.0,73.38095238095238
3486,67.0,71.18614718614717
3487,67.0,67.46753246753246
3488,70.0,66.63636363636363
3489,70.0,69.26406926406925
3490,68.0,70.00865800865799
3491,75.0,75.3116883116883
3492,78.0,79.94372294372292
3493,82.0,86.38095238095237
3494,101.0,90.45887445887445
3495,87.0,90.59307359307357
3496,92.0,87.56709956709956
3497,78.0,81.31168831168831
3498,73.0,73.15151515151514
3499,67.0,68.18614718614717
3500,64.0,64.28571428571429
3501,63.0,63.21645021645019
3502,62.0,63.6883116883117
3503,68.0,63.90476190476189
3504,63.0,65.63203463203462
3505,69.0,67.17748917748918
3506,64.0,68.2034632034632
3507,73.0,67.91774891774892
3508,68.0,69.34632034632035
3509,67.0,65.54545454545455
3510,66.0,63.96103896103895
3511,68.0,66.03463203463203
3512,58.0,76.22943722943721
3513,86.0,87.09090909090908
3514,105.0,93.58874458874459
3515,110.0,95.16883116883116
3516,88.0,89.19047619047616
3517,69.0,79.12987012987013
3518,66.0,71.34632034632034
3519,61.0,68.65800865800865
3520,84.0,70.38095238095237
3521,77.0,72.12987012987013
3522,74.0,76.6147186147186
3523,71.0,82.37229437229436
3524,82.0,84.07359307359307
3525,104.0,92.53679653679652
3526,98.0,96.030303030303
3527,91.0,93.45887445887445
3528,103.0,93.21212121212122
3529,79.0,95.38961038961038
3530,90.0,104.62337662337661
3531,128.0,110.24675324675324
3532,123.0,112.83116883116881
3533,119.0,117.6060606060606
3534,96.0,112.51948051948051
3535,104.0,97.54545454545453
3536,104.0,95.25974025974025
3537,85.0,90.56277056277055
3538,79.0,93.96969696969697
3539,119.0,103.27272727272727
3540,91.0,111.46753246753245
3541,133.0,118.97835497835494
3542,137.0,116.08658008658008
3543,97.0,106.45454545454544
3544,96.0,105.04761904761902
3545,84.0,93.62770562770564
3546,103.0,97.87878787878785
3547,114.0,106.90043290043289
3548,99.0,108.21645021645018
3549,134.0,115.00865800865799
3550,101.0,113.54978354978353
3551,103.0,113.5194805194805
3552,133.0,116.1341991341991
3553,102.0,111.88744588744588
3554,116.0,111.68398268398268
3555,110.0,99.79220779220779
3556,90.0,95.86147186147186
3557,85.0,97.19913419913418
3558,81.0,93.86147186147186
3559,128.0,93.1125541125541
3560,86.0,87.27272727272727
3561,84.0,92.63203463203462
3562,83.0,98.83982683982686
3563,84.0,102.06493506493506
3564,154.0,112.50216450216449
3565,117.0,116.4155844155844
3566,106.0,114.78787878787878
3567,96.0,104.68831168831167
3568,97.0,86.47186147186146
3569,87.0,85.7142857142857
3570,80.0,92.25974025974024
3571,91.0,103.52813852813851
3572,122.0,112.71861471861472
3573,139.0,122.32467532467533
3574,125.0,124.43722943722942
3575,108.0,117.4069264069264
3576,108.0,102.90043290043289
3577,88.0,90.41558441558442
3578,84.0,85.77922077922076
3579,79.0,84.79220779220779
3580,87.0,85.98701298701299
3581,96.0,92.0995670995671
3582,95.0,95.77056277056276
3583,98.0,96.21645021645021
3584,97.0,93.06060606060605
3585,86.0,87.68398268398266
3586,80.0,83.77489177489176
3587,81.0,81.2034632034632
3588,78.0,78.90909090909089
3589,84.0,77.1861471861472
3590,84.0,81.58008658008657
3591,79.0,94.38095238095235
3592,93.0,105.14718614718613
3593,130.0,111.13419913419912
3594,136.0,113.69696969696969
3595,98.0,113.66233766233765
3596,94.0,106.2207792207792
3597,95.0,93.33333333333333
3598,97.0,86.01298701298701
3599,82.0,83.2943722943723
3600,73.0,79.07359307359306
3601,75.0,74.39393939393939
3602,71.0,72.78354978354977
3603,79.0,75.0995670995671
3604,73.0,76.52813852813851
3605,80.0,76.56709956709956
3606,77.0,75.55844155844154
3607,72.0,73.95238095238093
3608,72.0,72.12987012987013
3609,69.0,70.38095238095238
3610,73.0,70.70995670995671
3611,67.0,71.6060606060606
3612,75.0,70.017316017316
3613,72.0,67.82251082251081
3614,69.0,70.10389610389609
3615,65.0,76.82251082251081
3616,79.0,83.55411255411255
3617,104.0,92.35930735930735
3618,102.0,96.85714285714285
3619,96.0,97.50216450216448
3620,92.0,90.73160173160173
3621,76.0,81.84415584415584
3622,78.0,76.62337662337661
3623,70.0,70.48917748917748
3624,74.0,70.59740259740259
3625,72.0,76.2207792207792
3626,70.0,81.22077922077922
3627,99.0,87.89177489177487
3628,96.0,90.025974025974
3629,88.0,88.67965367965367
3630,86.0,85.48917748917748
3631,72.0,79.17316017316016
3632,72.0,75.78354978354976
3633,80.0,72.94805194805194
3634,74.0,69.88311688311687
3635,64.0,67.18614718614718
3636,62.0,61.87878787878789
3637,61.0,62.909090909090914
3638,61.0,67.32034632034632
3639,69.0,72.2034632034632
3640,93.0,74.9220779220779
3641,74.0,77.26839826839827
3642,71.0,77.07792207792205
3643,71.0,74.14285714285714
3644,76.0,68.29870129870127
3645,70.0,70.97835497835496
3646,70.0,72.71428571428571
3647,69.0,78.03463203463204
3648,89.0,81.98701298701299
3649,84.0,83.68398268398268
3650,93.0,81.67099567099567
3651,72.0,76.63203463203462
3652,63.0,69.64935064935062
3653,64.0,64.49783549783548
3654,65.0,60.822510822510836
3655,69.0,68.46753246753248
3656,67.0,77.93506493506493
3657,84.0,85.87445887445885
3658,108.0,92.43290043290042
3659,97.0,97.05627705627704
3660,90.0,95.21645021645023
3661,89.0,87.76190476190476
3662,84.0,79.33766233766234
3663,67.0,75.47619047619048
3664,74.0,73.94805194805194
3665,74.0,69.36796536796537
3666,75.0,74.70562770562768
3667,80.0,84.51948051948051
3668,75.0,89.9134199134199
3669,118.0,95.17316017316016
3670,101.0,97.04761904761904
3671,87.0,96.60173160173157
3672,91.0,88.57575757575755
3673,84.0,81.59740259740258
3674,86.0,89.77056277056276
3675,78.0,101.96536796536795
3676,124.0,109.18181818181817
3677,132.0,112.5064935064935
3678,115.0,109.29004329004327
3679,89.0,104.96103896103895
3680,85.0,90.32900432900433
3681,88.0,91.03463203463203
3682,102.0,96.2207792207792
3683,91.0,100.13852813852812
3684,128.0,102.81818181818181
3685,91.0,99.8181818181818
3686,89.0,97.89610389610388
3687,105.0,104.44588744588744
3688,95.0,105.38961038961038
3689,123.0,110.28571428571425
3690,132.0,113.03896103896102
3691,99.0,120.1212121212121
3692,103.0,121.59740259740259
3693,132.0,112.71428571428572
3694,135.0,106.85714285714283
3695,83.0,106.56709956709955
3696,84.0,97.66233766233765
3697,102.0,96.6190476190476
3698,106.0,99.32467532467533
3699,99.0,110.6103896103896
3700,136.0,114.94372294372293
3701,99.0,113.58874458874458
3702,117.0,110.94372294372293
3703,108.0,107.97402597402596
3704,97.0,100.35930735930735
3705,97.0,97.67532467532467
3706,98.0,90.34199134199133
3707,87.0,90.08658008658008
3708,83.0,92.15151515151514
3709,96.0,96.14718614718613
3710,108.0,100.3160173160173
3711,106.0,107.85281385281385
3712,111.0,109.44155844155841
3713,104.0,105.30303030303028
3714,109.0,100.0909090909091
3715,87.0,97.65367965367965
3716,90.0,93.04329004329003
3717,94.0,87.6190476190476
3718,95.0,88.70562770562769
3719,81.0,91.57142857142857
3720,86.0,93.74458874458873
3721,114.0,96.0952380952381
3722,93.0,101.7229437229437
3723,107.0,107.43722943722943
3724,105.0,106.79220779220776
3725,112.0,102.09956709956708
3726,99.0,101.82251082251081
3727,90.0,95.45454545454544
3728,90.0,89.70562770562769
3729,90.0,84.09523809523809
3730,78.0,82.03896103896102
3731,79.0,80.13419913419912
3732,80.0,79.06060606060603
3733,81.0,81.10389610389609
3734,82.0,84.46753246753245
3735,89.0,87.56709956709956
3736,93.0,90.3116883116883
3737,88.0,91.3982683982684
3738,93.0,86.74891774891773
3739,87.0,86.37662337662336
3740,80.0,84.77056277056278
3741,74.0,87.42424242424241
3742,105.0,87.7012987012987
3743,83.0,88.44155844155844
3744,95.0,86.51082251082249
3745,75.0,80.83549783549783
3746,74.0,72.88744588744588
3747,67.0,71.92207792207792
3748,68.0,69.92207792207792
3749,76.0,71.74891774891772
3750,75.0,72.67965367965368
3751,73.0,68.96969696969695
3752,70.0,74.24675324675324
3753,73.0,78.91341991341992
3754,70.0,85.69264069264068
3755,121.0,91.35930735930735
3756,88.0,92.58008658008656
3757,90.0,89.97835497835499
3758,80.0,84.33333333333331
3759,71.0,74.8095238095238
3760,76.0,75.73593073593074
3761,76.0,74.4025974025974
3762,77.0,74.37662337662337
3763,75.0,74.38095238095238
3764,72.0,70.38095238095237
3765,71.0,75.73160173160174
3766,76.0,80.2900432900433
3767,79.0,86.7099567099567
3768,115.0,92.9090909090909
3769,85.0,93.94372294372295
3770,93.0,90.15584415584415
3771,84.0,82.16450216450215
3772,68.0,72.35064935064933
3773,68.0,69.42424242424242
3774,66.0,64.35497835497834
3775,72.0,71.83982683982683
3776,71.0,81.4025974025974
3777,86.0,89.37662337662337
3778,116.0,92.90476190476188
3779,89.0,91.86147186147186
3780,85.0,87.5064935064935
3781,71.0,79.61471861471863
3782,73.0,71.68831168831167
3783,72.0,71.18614718614718
3784,73.0,68.96969696969697
3785,69.0,70.12121212121212
3786,67.0,69.87878787878788
3787,67.0,70.32467532467533
3788,76.0,69.19047619047619
3789,69.0,67.97835497835496
3790,67.0,66.8138528138528
3791,60.0,66.35064935064935
3792,64.0,62.90909090909091
3793,68.0,64.13419913419911
3794,68.0,66.19480519480518
3795,59.0,69.25541125541125
3796,77.0,69.69264069264068
3797,73.0,71.2164502164502
3798,73.0,74.01731601731602
3799,70.0,75.34199134199133
3800,79.0,72.03463203463204
3801,77.0,75.18614718614718
3802,71.0,79.83549783549782
3803,77.0,84.22943722943722
3804,98.0,84.67532467532466
3805,89.0,81.04329004329004
3806,79.0,77.97835497835497
3807,68.0,82.64502164502163
3808,67.0,83.69696969696969
3809,98.0,85.27705627705627
3810,120.0,88.27705627705627
3811,73.0,89.30303030303028
3812,74.0,92.2943722943723
3813,93.0,91.35930735930735
3814,96.0,91.63203463203463
3815,117.0,102.64502164502163
3816,97.0,105.5238095238095
3817,93.0,98.47186147186147
3818,110.0,100.4069264069264
3819,91.0,97.49350649350649
3820,83.0,94.59740259740258
3821,123.0,92.64935064935065
3822,76.0,89.96536796536796
3823,79.0,93.22510822510822
3824,106.0,100.14285714285714
3825,102.0,101.6060606060606
3826,113.0,108.09523809523806
3827,122.0,107.63636363636361
3828,93.0,108.19913419913419
3829,95.0,108.57575757575756
3830,114.0,102.87012987012986
3831,122.0,104.9047619047619
3832,94.0,109.18614718614718
3833,94.0,106.1038961038961
3834,125.0,103.95238095238095
3835,98.0,102.4155844155844
3836,98.0,108.6926406926407
3837,115.0,109.12554112554109
3838,102.0,105.67532467532466
3839,119.0,105.38095238095238
3840,97.0,99.18181818181817
3841,94.0,97.70995670995669
3842,91.0,104.34199134199133
3843,103.0,109.4978354978355
3844,135.0,117.13852813852812
3845,128.0,114.42857142857143
3846,108.0,112.31601731601731
3847,96.0,108.3290043290043
3848,84.0,100.90043290043289
3849,118.0,94.77489177489177
3850,107.0,97.43290043290042
3851,87.0,99.26406926406924
3852,84.0,102.04329004329004
3853,120.0,102.24675324675324
3854,104.0,106.96103896103894
3855,115.0,111.40692640692639
3856,109.0,103.85714285714286
3857,97.0,98.8181818181818
3858,94.0,100.09090909090908
3859,80.0,99.32467532467531
3860,126.0,100.70562770562769
3861,103.0,97.98268398268398
3862,96.0,100.23809523809524
3863,91.0,100.06493506493507
3864,86.0,96.58441558441557
3865,123.0,104.64935064935064
3866,101.0,109.2987012987013
3867,114.0,110.99567099567099
3868,114.0,106.46320346320344
3869,93.0,96.21645021645021
3870,89.0,90.86580086580086
3871,79.0,85.03896103896102
3872,83.0,81.87878787878785
3873,83.0,79.56277056277055
3874,89.0,81.06060606060606
3875,77.0,87.77922077922078
3876,79.0,91.23376623376623
3877,109.0,94.82683982683982
3878,107.0,96.45454545454544
3879,87.0,94.46753246753246
3880,91.0,91.32034632034632
3881,83.0,84.40259740259741
3882,77.0,85.45887445887445
3883,98.0,91.16017316017316
3884,89.0,92.58441558441557
3885,102.0,94.35930735930735
3886,95.0,92.39393939393939
3887,80.0,86.42857142857142
3888,83.0,82.25108225108225
3889,76.0,75.92207792207792
3890,77.0,73.4199134199134
3891,75.0,79.76623376623375
3892,78.0,85.7186147186147
3893,91.0,93.1038961038961
3894,115.0,96.83116883116882
3895,94.0,96.35497835497833
3896,90.0,90.13419913419912
3897,77.0,80.3116883116883
3898,70.0,71.89177489177487
3899,67.0,69.54978354978356
3900,72.0,70.79220779220778
3901,77.0,76.99999999999999
3902,76.0,80.98268398268397
3903,91.0,81.96969696969697
3904,87.0,80.95670995670994
3905,71.0,79.42424242424242
3906,72.0,76.87012987012986
3907,77.0,72.87445887445888
3908,76.0,69.92640692640691
3909,71.0,73.77056277056275
3910,72.0,78.5194805194805
3911,74.0,82.76623376623377
3912,102.0,86.5108225108225
3913,94.0,89.62770562770561
3914,84.0,88.7012987012987
3915,81.0,85.58874458874458
3916,82.0,78.81818181818181
3917,76.0,78.63636363636363
3918,80.0,79.3073593073593
3919,76.0,78.08225108225106
3920,83.0,75.93506493506491
3921,74.0,75.38961038961038
3922,69.0,73.7056277056277
3923,72.0,73.09523809523809
3924,77.0,71.14718614718615
3925,73.0,74.77056277056276
3926,75.0,76.8051948051948
3927,76.0,81.03463203463201
3928,91.0,83.47619047619045
3929,81.0,85.2207792207792
3930,94.0,85.14285714285712
3931,77.0,83.37229437229438
3932,78.0,80.030303030303
3933,79.0,77.67099567099567
3934,76.0,74.06926406926405
3935,74.0,73.46320346320347
3936,68.0,70.72727272727272
3937,71.0,69.43290043290042
3938,68.0,70.19047619047618
3939,69.0,70.23376623376622
3940,74.0,70.72294372294371
3941,72.0,68.53246753246752
3942,64.0,67.48917748917748
3943,66.0,65.51948051948051
3944,61.0,61.861471861471856
3945,69.0,65.92207792207792
3946,67.0,72.6190476190476
3947,73.0,81.62770562770562
3948,104.0,89.50216450216448
3949,96.0,99.36796536796535
3950,105.0,105.2121212121212
3951,98.0,103.14285714285712
3952,112.0,95.26839826839824
3953,82.0,89.26839826839826
3954,74.0,81.1212121212121
3955,75.0,74.85714285714285
3956,72.0,68.92640692640691
3957,70.0,69.09523809523809
3958,68.0,68.63636363636363
3959,67.0,67.56277056277057
3960,68.0,67.56709956709956
3961,73.0,68.97402597402596
3962,73.0,77.012987012987
3963,82.0,89.52380952380952
3964,99.0,104.59307359307357
3965,127.0,115.83982683982683
3966,128.0,120.77922077922074
3967,123.0,117.94805194805193
3968,101.0,105.008658008658
3969,90.0,93.33333333333333
3970,87.0,90.6103896103896
3971,82.0,95.92640692640691
3972,116.0,108.29870129870129
3973,126.0,121.8051948051948
3974,131.0,127.5411255411255
3975,130.0,122.45454545454544
3976,120.0,112.01731601731599
3977,91.0,109.06060606060605
3978,90.0,107.46320346320346
3979,122.0,111.99134199134198
3980,133.0,117.77489177489176
3981,114.0,118.13852813852813
3982,120.0,110.5108225108225
3983,95.0,97.20779220779221
3984,79.0,91.95670995670994
3985,96.0,101.26839826839824
3986,108.0,113.90909090909089
3987,138.0,129.62337662337663
3988,160.0,142.1168831168831
3989,142.0,145.41558441558442
3990,134.0,144.8138528138528
3991,140.0,138.54112554112555
3992,134.0,134.15584415584416
3993,137.0,134.29437229437227
3994,130.0,133.46753246753244
3995,132.0,130.87878787878788
3996,126.0,127.90909090909088
3997,123.0,118.7056277056277
3998,113.0,107.69696969696969
3999,97.0,96.74458874458875
4000,76.0,87.06493506493506
4001,80.0,81.86147186147184
4002,85.0,78.95238095238093
4003,80.0,80.51948051948051
4004,88.0,85.13852813852814
4005,78.0,85.76623376623375
4006,90.0,85.79653679653677
4007,91.0,82.16017316017314
4008,80.0,82.06493506493504
4009,81.0,86.67532467532469
4010,78.0,92.33333333333331
4011,115.0,105.24675324675324
4012,117.0,116.5367965367965
4013,123.0,117.95670995670994
4014,126.0,112.4285714285714
4015,92.0,97.11688311688313
4016,73.0,86.80952380952381
4017,77.0,77.37662337662337
4018,73.0,72.88311688311688
4019,85.0,75.12554112554112
4020,76.0,82.69696969696969
4021,81.0,85.23809523809523
4022,86.0,86.07359307359309
4023,103.0,82.28571428571428
4024,73.0,81.67965367965367
4025,76.0,82.38961038961037
4026,79.0,89.15151515151516
4027,103.0,101.4242424242424
4028,120.0,116.62337662337661
4029,137.0,124.97835497835496
4030,134.0,130.04329004329003
4031,116.0,126.54545454545453
4032,122.0,125.70562770562769
4033,128.0,125.60173160173159
4034,121.0,126.84848484848486
4035,142.0,130.39826839826836
4036,127.0,128.99567099567096
4037,119.0,126.38528138528136
4038,124.0,119.08225108225108
4039,109.0,105.62337662337661
4040,100.0,94.76190476190476
4041,75.0,83.93506493506493
4042,70.0,73.37229437229438
4043,70.0,69.7099567099567
4044,71.0,68.19047619047619
4045,68.0,69.5108225108225
4046,74.0,68.95238095238095
4047,65.0,67.18614718614717
4048,65.0,66.62337662337663
4049,65.0,62.87878787878789
4050,64.0,60.54112554112553
4051,68.0,68.69264069264068
4052,60.0,78.0995670995671
4053,91.0,89.7186147186147
4054,118.0,98.97835497835496
4055,101.0,103.25974025974024
4056,102.0,100.51948051948051
4057,86.0,88.84415584415584
4058,76.0,76.4069264069264
4059,65.0,69.84415584415584
4060,66.0,63.999999999999986
4061,62.0,62.61038961038961
4062,64.0,63.23809523809524
4063,64.0,65.32034632034632
4064,66.0,65.41991341991341
4065,68.0,65.70562770562769
4066,66.0,64.26839826839827
4067,60.0,63.281385281385276
4068,62.0,61.98701298701297
4069,60.0,61.467532467532465
4070,64.0,61.484848484848484
4071,62.0,62.406926406926395
4072,63.0,62.63636363636362
4073,61.0,59.73593073593074
4074,64.0,62.07359307359307
4075,63.0,66.85714285714285
4076,62.0,76.48051948051949
4077,97.0,84.47619047619047
4078,90.0,87.67532467532465
4079,99.0,87.68831168831169
4080,74.0,82.55411255411256
4081,66.0,71.4069264069264
4082,67.0,65.46753246753245
4083,61.0,59.978354978354965
4084,59.0,60.54978354978355
4085,62.0,60.9004329004329
4086,59.0,60.385281385281374
4087,63.0,60.21212121212121
4088,62.0,55.93939393939393
4089,58.0,61.281385281385276
4090,60.0,70.8138528138528
4091,67.0,80.18614718614717
4092,118.0,92.4978354978355
4093,100.0,100.02597402597402
4094,95.0,99.65367965367965
4095,99.0,92.76190476190474
4096,74.0,75.08225108225108
4097,68.0,73.16017316017316
4098,69.0,73.58441558441558
4099,62.0,76.73160173160171
4100,106.0,81.85281385281385
4101,87.0,84.96103896103895
4102,82.0,84.82683982683983
4103,73.0,80.84415584415582
4104,81.0,75.61038961038962
4105,76.0,79.82251082251081
4106,79.0,82.87878787878788
4107,99.0,90.45021645021644
4108,96.0,97.73160173160173
4109,98.0,107.78787878787877
4110,121.0,113.67099567099567
4111,118.0,114.15584415584414
4112,121.0,116.71428571428572
4113,108.0,112.7099567099567
4114,107.0,110.74025974025973
4115,117.0,117.69696969696969
4116,108.0,123.01731601731603
4117,141.0,123.6190476190476
4118,138.0,119.87012987012987
4119,104.0,113.95670995670994
4120,89.0,108.95670995670994
4121,102.0,95.24242424242422
4122,104.0,90.97402597402598
4123,98.0,98.43722943722943
4124,82.0,104.66233766233763
4125,116.0,107.04761904761904
4126,132.0,116.7965367965368
4127,119.0,129.66666666666666
4128,126.0,136.50649350649348
4129,153.0,136.20346320346317
4130,140.0,135.77922077922074
4131,121.0,134.06060606060606
4132,133.0,127.5974025974026
4133,122.0,120.48051948051946
4134,114.0,120.65800865800864
4135,119.0,122.87445887445884
4136,122.0,117.46320346320346
4137,120.0,109.77489177489176
4138,107.0,99.37662337662336
4139,78.0,90.8961038961039
4140,76.0,85.85714285714283
4141,89.0,88.86147186147184
4142,109.0,101.55844155844153
4143,113.0,120.05627705627707
4144,133.0,132.10389610389606
4145,143.0,135.05627705627705
4146,137.0,128.1991341991342
4147,114.0,114.70995670995671
4148,95.0,100.74025974025973
4149,79.0,88.51082251082249
4150,78.0,81.99134199134198
4151,95.0,81.3073593073593
4152,80.0,80.78787878787878
4153,83.0,83.80519480519482
4154,84.0,85.42424242424244
4155,85.0,89.88744588744588
4156,109.0,107.79220779220779
4157,113.0,122.58874458874458
4158,140.0,134.07359307359303
4159,162.0,140.3246753246753
4160,129.0,138.27705627705626
4161,127.0,136.81818181818178
4162,125.0,126.54545454545452
4163,120.0,117.67099567099565
4164,123.0,110.14718614718613
4165,91.0,99.49783549783548
4166,91.0,88.90909090909089
4167,70.0,79.58874458874458
4168,80.0,73.02597402597401
4169,74.0,73.017316017316
4170,73.0,75.68831168831169
4171,78.0,83.10389610389609
4172,86.0,86.55844155844156
4173,100.0,88.10389610389609
4174,94.0,90.30303030303028
4175,83.0,89.49350649350647
4176,82.0,89.52813852813853
4177,103.0,97.99134199134198
4178,101.0,111.23376623376623
4179,125.0,127.53246753246752
4180,150.0,133.45021645021643
4181,131.0,128.99134199134198
4182,126.0,117.38528138528136
4183,84.0,97.1991341991342
4184,76.0,76.56277056277055
4185,62.0,65.5974025974026
4186,59.0,59.04329004329004
4187,59.0,58.99134199134197
4188,67.0,60.8095238095238
4189,63.0,66.86147186147184
4190,65.0,72.25541125541125
4191,83.0,76.86580086580085
4192,84.0,78.89610389610388
4193,78.0,78.50216450216449
4194,76.0,75.74891774891775
4195,69.0,72.1082251082251
4196,65.0,70.57575757575756
4197,73.0,68.29437229437228
4198,74.0,68.16883116883116
4199,66.0,67.74458874458873
4200,62.0,68.58874458874458
4201,76.0,70.38961038961038
4202,72.0,77.77922077922076
4203,89.0,89.75324675324676
4204,99.0,101.35930735930734
4205,114.0,109.93939393939392
4206,116.0,110.97402597402595
4207,108.0,103.55411255411255
4208,95.0,92.02597402597402
4209,65.0,77.21645021645023
4210,67.0,66.53246753246752
4211,61.0,61.12121212121211
4212,57.0,59.76190476190475
4213,65.0,59.839826839826834
4214,62.0,58.069264069264065
4215,56.0,57.99999999999999
4216,52.0,59.19913419913419
4217,62.0,59.97835497835498
4218,64.0,61.47186147186146
4219,68.0,63.34632034632033
4220,64.0,64.7229437229437
4221,62.0,69.12987012987013
4222,70.0,73.67965367965367
4223,79.0,77.78787878787878
4224,93.0,78.90043290043289
4225,74.0,77.67532467532466
4226,71.0,72.75757575757575
4227,60.0,67.4025974025974
4228,66.0,61.93939393939394
4229,62.0,61.653679653679646
4230,63.0,60.653679653679646
4231,57.0,61.06493506493506
4232,61.0,59.52380952380952
4233,59.0,58.73593073593073
4234,60.0,57.93073593073593
4235,56.0,57.56709956709957
4236,56.0,57.298701298701296
4237,58.0,56.324675324675326
4238,58.0,55.37229437229436
4239,62.0,59.415584415584405
4240,59.0,69.89177489177487
4241,76.0,84.13852813852813
4242,104.0,98.55411255411254
4243,121.0,108.012987012987
4244,116.0,112.87012987012987
4245,105.0,109.62337662337663
4246,93.0,99.61038961038962
4247,93.0,89.55411255411254
4248,85.0,79.3982683982684
4249,74.0,78.13852813852813
4250,74.0,79.74891774891773
4251,72.0,82.33333333333334
4252,107.0,85.89177489177487
4253,92.0,94.49350649350649
4254,93.0,99.65367965367965
4255,96.0,99.66666666666666
4256,116.0,100.87012987012987
4257,98.0,110.07359307359306
4258,102.0,114.07792207792205
4259,131.0,113.3896103896104
4260,119.0,107.45454545454545
4261,96.0,103.79653679653678
4262,92.0,99.90476190476187
4263,92.0,100.89177489177489
4264,107.0,108.7142857142857
4265,126.0,113.1082251082251
4266,132.0,116.73160173160173
4267,109.0,119.37662337662339
4268,99.0,121.89610389610388
4269,129.0,116.13419913419912
4270,129.0,118.70562770562769
4271,126.0,121.77922077922078
4272,95.0,119.7186147186147
4273,133.0,108.21212121212119
4274,102.0,107.3030303030303
4275,102.0,107.28138528138527
4276,100.0,116.69264069264068
4277,137.0,118.14285714285712
4278,119.0,121.02597402597402
4279,144.0,129.47619047619048
4280,112.0,134.50216450216448
4281,115.0,129.6060606060606
4282,162.0,124.7186147186147
4283,115.0,112.45021645021642
4284,91.0,104.09956709956708
4285,86.0,97.81818181818181
4286,86.0,89.65800865800864
4287,98.0,94.33766233766232
4288,118.0,97.06060606060606
4289,88.0,94.31168831168829
4290,90.0,96.47619047619047
4291,91.0,95.6969696969697
4292,96.0,102.10389610389609
4293,131.0,117.57575757575755
4294,116.0,127.64502164502161
4295,146.0,135.20346320346323
4296,138.0,134.6969696969697
4297,124.0,127.47619047619047
4298,122.0,120.6017316017316
4299,104.0,108.75324675324673
4300,103.0,102.36363636363635
4301,94.0,92.80952380952378
4302,94.0,88.76190476190476
4303,88.0,94.43290043290042
4304,77.0,95.60173160173157
4305,115.0,93.57575757575756
4306,114.0,94.0
4307,77.0,101.40692640692639
4308,84.0,100.15584415584415
4309,116.0,101.77489177489176
4310,121.0,104.38528138528137
4311,83.0,105.00432900432898
4312,122.0,96.15151515151516
4313,73.0,86.22943722943722
4314,72.0,80.58008658008657
4315,81.0,80.74891774891773
4316,92.0,80.1082251082251
4317,86.0,94.59740259740258
4318,101.0,106.48917748917748
4319,122.0,121.59740259740258
4320,136.0,132.41125541125538
4321,140.0,137.97402597402598
4322,146.0,131.34199134199133
4323,112.0,118.30735930735929
4324,98.0,102.46753246753245
4325,82.0,87.92207792207792
4326,83.0,78.52813852813853
4327,77.0,81.75757575757575
4328,81.0,84.4025974025974
4329,91.0,87.54545454545453
4330,100.0,88.01731601731599
4331,80.0,86.98701298701297
4332,81.0,82.59740259740259
4333,77.0,76.79653679653678
4334,73.0,72.6017316017316
4335,71.0,73.1168831168831
4336,71.0,70.65367965367966
4337,71.0,65.95670995670996
4338,70.0,65.10389610389609
4339,61.0,68.008658008658
4340,64.0,80.35930735930735
4341,96.0,90.76190476190476
4342,109.0,99.87012987012986
4343,127.0,111.46753246753245
4344,93.0,112.34632034632033
4345,103.0,104.83549783549782
4346,112.0,94.65367965367965
4347,76.0,85.10822510822511
4348,78.0,80.93073593073592
4349,69.0,73.43290043290044
4350,73.0,67.991341991342
4351,69.0,68.22077922077922
4352,67.0,64.66233766233766
4353,60.0,62.22943722943721
4354,60.0,60.24242424242424
4355,59.0,62.52813852813853
4356,63.0,63.97402597402596
4357,70.0,66.24675324675324
4358,73.0,66.5238095238095
4359,60.0,63.77922077922078
4360,65.0,65.07359307359306
4361,62.0,66.76190476190477
4362,66.0,73.13419913419912
4363,94.0,83.98701298701299
4364,85.0,89.49783549783548
4365,98.0,91.01298701298701
4366,93.0,86.55844155844156
4367,71.0,77.84415584415585
4368,67.0,71.56709956709956
4369,65.0,65.03030303030302
4370,66.0,63.97402597402597
4371,64.0,66.54545454545455
4372,69.0,67.12987012987013
4373,70.0,67.37229437229436
4374,67.0,67.29004329004329
4375,64.0,64.27705627705627
4376,66.0,65.72727272727272
4377,66.0,69.70562770562769
4378,64.0,73.51948051948051
4379,92.0,75.97835497835497
4380,79.0,76.22943722943721
4381,70.0,75.02164502164501
4382,69.0,73.56277056277057
4383,69.0,69.1038961038961
4384,71.0,70.16883116883116
4385,75.0,70.03896103896105
4386,68.0,68.0995670995671
4387,69.0,74.77056277056276
4388,66.0,73.46753246753246
4389,74.0,66.77489177489176
4390,93.0,63.415584415584405
4391,33.0,61.09523809523808
4392,45.0,58.84848484848483
4393,72.0,59.66666666666667
4394,71.0,64.00865800865799
4395,69.0,76.65800865800867
4396,83.0,74.9047619047619
4397,77.0,75.04761904761905
4398,76.0,79.46753246753245
4399,71.0,88.48484848484848
4400,108.0,95.84848484848486
4401,107.0,105.99134199134197
4402,121.0,110.59740259740258
4403,108.0,115.83549783549782
4404,113.0,113.35930735930735
4405,105.0,115.25108225108227
4406,128.0,113.79220779220778
4407,111.0,114.32900432900432
4408,118.0,115.02597402597402
4409,106.0,115.37229437229436
4410,114.0,111.27705627705626
4411,122.0,115.69264069264067
4412,112.0,118.72294372294371
4413,113.0,121.61471861471861
4414,131.0,116.70995670995671
4415,113.0,104.54545454545453
4416,96.0,93.53679653679653
4417,75.0,88.94372294372293
4418,69.0,87.64069264069263
4419,99.0,92.29004329004327
4420,125.0,101.82683982683982
4421,108.0,114.42857142857142
4422,104.0,118.7229437229437
4423,122.0,109.28138528138528
4424,120.0,108.57575757575758
4425,95.0,110.25974025974024
4426,93.0,113.19480519480517
4427,140.0,110.67532467532467
4428,107.0,114.07792207792207
4429,121.0,117.06060606060605
4430,100.0,113.03463203463204
4431,116.0,103.41991341991343
4432,96.0,96.96103896103897
4433,91.0,86.3290043290043
4434,85.0,88.46753246753245
4435,74.0,92.70129870129868
4436,102.0,107.34199134199132
4437,138.0,115.1082251082251
4438,127.0,122.93073593073592
4439,127.0,123.15584415584416
4440,94.0,113.31601731601731
4441,112.0,100.6233766233766
4442,89.0,93.04761904761904
4443,88.0,86.48484848484846
4444,82.0,84.14718614718612
4445,79.0,78.48484848484847
4446,78.0,78.37662337662337
4447,78.0,75.4025974025974
4448,77.0,75.4025974025974
4449,77.0,77.58874458874459
4450,77.0,86.03896103896102
4451,96.0,95.5108225108225
4452,108.0,109.34632034632034
4453,127.0,115.4069264069264
4454,117.0,119.70995670995673
4455,125.0,115.86147186147186
4456,92.0,110.68831168831169
4457,112.0,102.80086580086581
4458,93.0,96.43290043290042
4459,96.0,89.12987012987013
4460,81.0,84.56709956709958
4461,75.0,76.04329004329004
4462,73.0,73.62770562770562
4463,69.0,70.57142857142857
4464,74.0,69.87445887445887
4465,76.0,78.10389610389609
4466,75.0,83.56709956709955
4467,84.0,85.69696969696969
4468,112.0,84.38528138528137
4469,70.0,78.21645021645021
4470,68.0,76.27272727272727
4471,71.0,77.35497835497834
4472,72.0,82.21645021645021
4473,109.0,97.038961038961
4474,110.0,102.75757575757575
4475,105.0,101.79220779220779
4476,96.0,93.41125541125541
4477,73.0,80.69264069264068
4478,69.0,73.59740259740259
4479,66.0,66.67099567099567
4480,77.0,70.78354978354977
4481,75.0,76.38961038961037
4482,73.0,84.75324675324674
4483,110.0,93.47619047619047
4484,90.0,103.06493506493506
4485,116.0,110.82683982683982
4486,111.0,110.37229437229436
4487,114.0,101.77922077922076
4488,91.0,94.77489177489176
4489,74.0,82.64069264069262
4490,75.0,76.53679653679653
4491,73.0,74.52380952380952
4492,78.0,76.69696969696969
4493,83.0,78.58874458874459
4494,81.0,77.25541125541123
4495,71.0,74.56277056277055
4496,72.0,73.58441558441558
4497,69.0,72.02597402597401
4498,72.0,72.2207792207792
4499,82.0,73.66666666666666
4500,69.0,70.7012987012987
4501,73.0,73.8095238095238
4502,73.0,78.57142857142856
4503,72.0,81.7012987012987
4504,106.0,88.59740259740259
4505,94.0,92.69264069264068
4506,84.0,93.26839826839827
4507,94.0,89.14285714285714
4508,84.0,80.49350649350649
4509,73.0,76.92640692640693
4510,70.0,73.57142857142856
4511,71.0,69.73160173160173
4512,70.0,68.91341991341992
4513,70.0,67.86580086580086
4514,69.0,68.19913419913419
4515,66.0,70.52813852813851
4516,68.0,73.11688311688312
4517,81.0,74.48484848484848
4518,81.0,75.14285714285711
4519,72.0,74.51515151515152
4520,68.0,71.75757575757574
4521,69.0,68.73593073593074
4522,68.0,67.73593073593072
4523,69.0,69.008658008658
4524,73.0,72.45887445887446
4525,71.0,73.60173160173159
4526,77.0,75.36363636363635
4527,82.0,76.90476190476188
4528,70.0,76.81818181818181
4529,79.0,77.14718614718613
4530,77.0,75.39826839826839
4531,72.0,73.15584415584415
4532,74.0,70.73160173160173
4533,67.0,65.6147186147186
4534,65.0,69.86147186147184
4535,65.0,73.41991341991341
4536,77.0,76.82251082251082
4537,102.0,80.8095238095238
4538,73.0,83.56277056277055
4539,80.0,84.69696969696967
4540,81.0,81.85281385281385
4541,83.0,73.87012987012986
4542,81.0,79.77489177489176
4543,73.0,83.09956709956708
4544,72.0,87.7056277056277
4545,116.0,85.62770562770562
4546,93.0,93.13419913419912
4547,90.0,98.26839826839827
4548,81.0,106.47186147186146
4549,136.0,107.68398268398268
4550,109.0,115.49350649350647
4551,135.0,122.67532467532467
4552,108.0,123.35064935064935
4553,122.0,123.66233766233766
4554,132.0,128.17316017316017
4555,119.0,123.06926406926407
4556,144.0,121.78787878787877
4557,104.0,116.83982683982683
4558,99.0,110.63636363636361
4559,113.0,107.66666666666666
4560,116.0,108.16017316017316
4561,106.0,115.68398268398266
4562,120.0,121.96969696969694
4563,133.0,124.63203463203462
4564,120.0,122.68398268398266
4565,131.0,123.83116883116881
4566,112.0,114.55411255411254
4567,99.0,106.14285714285714
4568,118.0,105.23809523809523
4569,86.0,108.34199134199133
4570,114.0,113.02597402597401
4571,128.0,113.17316017316014
4572,122.0,105.85281385281385
4573,93.0,105.6926406926407
4574,89.0,103.51948051948052
4575,93.0,103.67532467532466
4576,125.0,107.96969696969695
4577,125.0,111.80519480519479
4578,103.0,108.99999999999999
4579,98.0,100.44155844155843
4580,86.0,87.73593073593072
4581,86.0,89.71428571428571
4582,86.0,94.12987012987013
4583,96.0,96.06060606060605
4584,123.0,95.8008658008658
4585,83.0,91.46753246753246
4586,80.0,87.76623376623377
4587,77.0,83.88744588744588
4588,83.0,82.86147186147186
4589,97.0,90.20779220779221
4590,96.0,94.34199134199132
4591,97.0,95.93506493506493
4592,93.0,97.29437229437227
4593,96.0,96.38528138528137
4594,93.0,95.4155844155844
4595,102.0,93.4025974025974
4596,88.0,90.88744588744589
4597,83.0,85.5151515151515
4598,81.0,79.9220779220779
4599,76.0,71.99567099567099
4600,68.0,69.29870129870129
4601,69.0,73.9090909090909
4602,68.0,78.2077922077922
4603,89.0,82.87012987012986
4604,105.0,86.81385281385279
4605,78.0,85.29004329004329
4606,80.0,83.3116883116883
4607,79.0,80.74025974025975
4608,75.0,84.48051948051946
4609,95.0,91.48051948051946
4610,101.0,92.98701298701297
4611,102.0,92.51082251082249
4612,80.0,89.22077922077919
4613,78.0,83.8095238095238
4614,80.0,78.6926406926407
4615,80.0,78.08658008658007
4616,84.0,80.88311688311687
4617,75.0,81.43290043290042
4618,87.0,81.6060606060606
4619,81.0,83.12121212121211
4620,81.0,82.42424242424242
4621,83.0,81.42424242424241
4622,83.0,75.87012987012986
4623,70.0,71.86147186147186
4624,71.0,76.9134199134199
4625,70.0,81.0
4626,88.0,86.5930735930736
4627,118.0,93.69696969696969
4628,84.0,96.34199134199133
4629,92.0,95.29437229437228
4630,91.0,88.46753246753245
4631,82.0,80.72294372294371
4632,79.0,79.87012987012987
4633,73.0,75.15584415584414
4634,72.0,71.35064935064935
4635,72.0,70.78354978354977
4636,70.0,70.83549783549782
4637,68.0,71.4155844155844
4638,76.0,71.74458874458873
4639,72.0,70.93939393939392
4640,70.0,70.94372294372293
4641,70.0,70.38528138528139
4642,67.0,69.46753246753246
4643,73.0,67.54978354978354
4644,71.0,71.5930735930736
4645,74.0,79.60606060606058
4646,75.0,85.76623376623375
4647,109.0,91.63636363636363
4648,103.0,98.62770562770562
4649,89.0,102.25974025974024
4650,102.0,100.25974025974023
4651,101.0,92.54112554112552
4652,88.0,88.41125541125538
4653,77.0,83.13852813852814
4654,76.0,75.6926406926407
4655,73.0,71.44588744588742
4656,68.0,68.20779220779221
4657,71.0,69.3290043290043
4658,69.0,71.5021645021645
4659,68.0,76.47186147186146
4660,89.0,80.35497835497834
4661,84.0,81.78354978354977
4662,85.0,81.48484848484848
4663,73.0,77.47186147186146
4664,71.0,70.45021645021646
4665,68.0,68.83549783549782
4666,65.0,68.86147186147184
4667,71.0,72.26839826839826
4668,80.0,74.90043290043289
4669,77.0,75.54978354978354
4670,78.0,76.16017316017314
4671,73.0,76.28138528138527
4672,70.0,77.04329004329003
4673,81.0,77.03030303030303
4674,82.0,75.94372294372295
4675,77.0,74.1861471861472
4676,65.0,70.94372294372295
4677,68.0,70.28571428571426
4678,68.0,71.07359307359307
4679,74.0,74.19480519480518
4680,87.0,75.8095238095238
4681,72.0,72.9047619047619
4682,74.0,74.3116883116883
4683,66.0,78.29870129870129
4684,74.0,78.58874458874458
4685,101.0,84.83116883116882
4686,93.0,87.03896103896103
4687,72.0,85.22943722943721
4688,92.0,81.77489177489176
4689,75.0,80.76623376623377
4690,77.0,88.09523809523809
4691,102.0,100.75324675324673
4692,114.0,106.65800865800864
4693,117.0,110.41991341991341
4694,118.0,112.07792207792205
4695,94.0,106.74025974025972
4696,93.0,101.35497835497836
4697,113.0,98.44155844155843
4698,92.0,96.36363636363636
4699,95.0,92.79653679653678
4700,96.0,92.19480519480518
4701,87.0,90.96536796536797
4702,87.0,104.67532467532467
4703,127.0,116.54112554112552
4704,123.0,129.28138528138527
4705,157.0,134.7532467532467
4706,126.0,130.74025974025972
4707,121.0,114.84415584415584
4708,92.0,103.37662337662336
4709,92.0,95.2121212121212
4710,89.0,99.8138528138528
4711,114.0,108.38961038961038
4712,126.0,119.08225108225105
4713,124.0,121.81385281385278
4714,124.0,118.2337662337662
4715,105.0,104.80519480519479
4716,91.0,95.88744588744586
4717,86.0,93.91774891774892
4718,84.0,94.06060606060605
4719,111.0,96.89610389610387
4720,109.0,98.51948051948052
4721,91.0,96.59740259740259
4722,86.0,91.6320346320346
4723,84.0,84.09956709956708
4724,80.0,77.6103896103896
4725,80.0,75.07792207792207
4726,78.0,77.87445887445885
4727,69.0,84.69264069264068
4728,95.0,98.03463203463201
4729,119.0,108.63636363636363
4730,120.0,114.76190476190473
4731,126.0,115.93939393939392
4732,97.0,106.07792207792207
4733,91.0,93.20779220779221
4734,90.0,89.89177489177487
4735,81.0,88.18614718614718
4736,92.0,98.27705627705627
4737,118.0,102.84848484848483
4738,100.0,104.7965367965368
4739,119.0,105.29004329004329
4740,85.0,99.65367965367963
4741,91.0,90.030303030303
4742,91.0,86.09090909090908
4743,81.0,82.26839826839827
4744,78.0,86.11255411255411
4745,90.0,88.45887445887445
4746,93.0,89.30735930735929
4747,93.0,89.46753246753248
4748,91.0,83.62337662337663
4749,73.0,79.6147186147186
4750,75.0,81.74891774891776
4751,74.0,87.06060606060606
4752,106.0,93.43722943722942
4753,109.0,97.94372294372293
4754,97.0,96.22077922077922
4755,86.0,87.54112554112552
4756,75.0,81.8181818181818
4757,75.0,77.72727272727272
4758,76.0,83.83982683982684
4759,110.0,92.81385281385282
4760,86.0,102.52813852813853
4761,121.0,107.69696969696969
4762,107.0,106.94805194805194
4763,104.0,101.93939393939391
4764,92.0,98.41125541125541
4765,86.0,84.19913419913419
4766,88.0,82.87445887445885
4767,73.0,82.08225108225109
4768,70.0,81.1125541125541
4769,104.0,80.22077922077919
4770,77.0,79.02597402597401
4771,70.0,80.14285714285712
4772,78.0,78.78787878787877
4773,78.0,75.58874458874456
4774,82.0,79.57142857142856
4775,80.0,81.28571428571428
4776,81.0,80.55411255411255
4777,79.0,76.82683982683982
4778,79.0,76.54978354978354
4779,76.0,81.1038961038961
4780,74.0,87.4112554112554
4781,104.0,94.92207792207792
4782,107.0,98.42424242424241
4783,100.0,98.44155844155843
4784,93.0,92.8051948051948
4785,76.0,82.47619047619045
4786,75.0,75.61471861471861
4787,70.0,71.3982683982684
4788,73.0,69.32034632034632
4789,70.0,69.42424242424242
4790,69.0,69.9047619047619
4791,71.0,72.94805194805194
4792,75.0,77.6883116883117
4793,84.0,84.33333333333334
4794,90.0,87.02164502164501
4795,92.0,85.97835497835497
4796,85.0,82.38095238095237
4797,68.0,76.32467532467533
4798,69.0,70.75757575757576
4799,70.0,67.37662337662337
4800,67.0,67.4069264069264
4801,69.0,69.5151515151515
4802,70.0,69.64502164502164
4803,71.0,66.53679653679653
4804,70.0,69.94372294372293
4805,68.0,74.13852813852813
4806,68.0,79.32900432900432
4807,102.0,84.97835497835499
4808,88.0,88.29870129870129
4809,88.0,88.86147186147186
4810,85.0,85.04329004329003
4811,75.0,76.93939393939394
4812,74.0,73.90476190476187
4813,70.0,71.32467532467533
4814,70.0,69.24242424242422
4815,70.0,70.59307359307357
4816,73.0,71.14285714285712
4817,69.0,72.9047619047619
4818,79.0,74.77489177489177
4819,73.0,75.75324675324676
4820,78.0,75.67965367965367
4821,77.0,75.41991341991341
4822,73.0,74.47619047619048
4823,74.0,76.16017316017314
4824,77.0,77.5930735930736
4825,83.0,81.70995670995671
4826,87.0,87.4025974025974
4827,90.0,91.99567099567098
4828,97.0,94.28571428571428
4829,97.0,94.26406926406925
4830,92.0,92.57142857142856
4831,87.0,88.03030303030302
4832,85.0,83.93506493506493
4833,82.0,82.09090909090908
4834,79.0,83.90476190476191
4835,91.0,87.80519480519482
4836,96.0,101.9047619047619
4837,108.0,111.021645021645
4838,118.0,115.32467532467533
4839,141.0,110.28571428571428
4840,90.0,110.93939393939391
4841,94.0,105.7186147186147
4842,93.0,100.67532467532466
4843,128.0,99.25974025974025
4844,90.0,102.35930735930734
4845,102.0,99.12554112554112
4846,103.0,101.80086580086578
4847,90.0,107.35497835497834
4848,115.0,118.83982683982683
4849,142.0,120.6060606060606
4850,131.0,119.07792207792205
4851,105.0,113.33333333333333
4852,95.0,105.8138528138528
4853,97.0,104.56709956709955
4854,105.0,108.96969696969695
4855,130.0,114.93073593073592
4856,127.0,115.72727272727272
4857,103.0,106.9177489177489
4858,100.0,105.3030303030303
4859,94.0,105.99567099567099
4860,96.0,108.99999999999999
4861,150.0,117.14285714285714
4862,125.0,123.66666666666663
4863,110.0,130.2294372294372
4864,131.0,130.74458874458873
4865,131.0,124.46320346320347
4866,131.0,123.54545454545453
4867,114.0,116.23809523809524
4868,105.0,103.93073593073592
4869,92.0,98.47619047619048
4870,87.0,95.2943722943723
4871,98.0,95.17748917748916
4872,108.0,91.2164502164502
4873,91.0,93.36363636363635
4874,86.0,93.41991341991343
4875,83.0,97.19047619047619
4876,119.0,102.66233766233765
4877,109.0,115.38961038961037
4878,134.0,128.77489177489173
4879,126.0,133.7186147186147
4880,144.0,134.87878787878785
4881,138.0,132.79220779220776
4882,114.0,125.54545454545452
4883,129.0,120.61904761904762
4884,100.0,111.00865800865799
4885,111.0,103.93939393939394
4886,103.0,98.99567099567098
4887,87.0,91.40692640692642
4888,86.0,88.017316017316
4889,87.0,86.45021645021644
4890,85.0,85.45887445887445
4891,87.0,89.2251082251082
4892,102.0,92.30303030303028
4893,82.0,95.7186147186147
4894,105.0,97.14285714285712
4895,98.0,95.7012987012987
4896,96.0,91.13852813852813
4897,87.0,93.05627705627705
4898,88.0,95.74025974025972
4899,93.0,99.37662337662337
4900,116.0,101.19913419913418
4901,114.0,99.64935064935065
4902,87.0,97.87445887445885
4903,90.0,98.74458874458873
4904,92.0,104.41991341991341
4905,119.0,111.78354978354974
4906,132.0,119.05194805194805
4907,132.0,121.11255411255408
4908,102.0,114.28138528138528
4909,105.0,109.47186147186144
4910,110.0,112.76623376623375
4911,101.0,117.15151515151514
4912,143.0,121.09956709956711
4913,133.0,117.20346320346319
4914,98.0,108.6926406926407
4915,89.0,98.68831168831169
4916,85.0,85.83982683982683
4917,82.0,81.19047619047618
4918,86.0,83.22943722943721
4919,86.0,83.91774891774892
4920,79.0,83.37662337662336
4921,87.0,83.19913419913419
4922,82.0,82.57142857142856
4923,79.0,81.43722943722942
4924,84.0,78.004329004329
4925,81.0,81.58441558441557
4926,77.0,87.09523809523809
4927,83.0,92.16450216450215
4928,119.0,94.14718614718613
4929,92.0,94.93073593073592
4930,89.0,93.15151515151513
4931,81.0,86.25108225108224
4932,81.0,77.2207792207792
4933,78.0,76.19480519480518
4934,72.0,76.7056277056277
4935,76.0,76.70129870129871
4936,79.0,76.93939393939394
4937,86.0,76.24675324675323
4938,74.0,82.36363636363635
4939,85.0,89.95238095238093
4940,91.0,100.86580086580085
4941,126.0,112.12554112554109
4942,120.0,119.05627705627703
4943,124.0,116.77922077922076
4944,110.0,109.77922077922076
4945,88.0,96.64935064935062
4946,85.0,87.75324675324674
4947,85.0,80.98701298701297
4948,77.0,79.18181818181817
4949,79.0,79.75324675324674
4950,81.0,77.88744588744586
4951,78.0,77.10389610389609
4952,76.0,77.11688311688312
4953,73.0,75.7272727272727
4954,79.0,75.68831168831169
4955,76.0,77.67099567099567
4956,77.0,79.33766233766232
4957,83.0,79.93506493506491
4958,83.0,80.64069264069263
4959,78.0,80.79653679653678
4960,78.0,79.62770562770561
4961,83.0,78.5151515151515
4962,75.0,78.5151515151515
4963,78.0,78.10389610389609
4964,81.0,79.3116883116883
4965,79.0,78.97835497835496
4966,78.0,81.15584415584414
4967,88.0,82.80086580086581
4968,79.0,85.66666666666667
4969,90.0,87.27272727272727
4970,90.0,88.01731601731602
4971,90.0,86.53679653679653
4972,81.0,86.7878787878788
4973,85.0,80.75324675324674
4974,82.0,83.38095238095238
4975,85.0,88.79220779220778
4976,80.0,93.76190476190476
4977,118.0,95.38961038961038
4978,98.0,94.29004329004329
4979,85.0,88.9134199134199
4980,82.0,88.9047619047619
4981,80.0,87.15151515151514
4982,89.0,93.7099567099567
4983,119.0,97.43290043290042
4984,102.0,104.57575757575756
4985,100.0,107.96969696969697
4986,98.0,106.71861471861472
4987,123.0,105.30735930735929
4988,100.0,104.22943722943722
4989,103.0,108.03030303030302
4990,109.0,108.22510822510822
4991,95.0,105.29004329004329
4992,128.0,101.89177489177487
4993,94.0,102.38961038961038
4994,95.0,102.30303030303028
4995,91.0,108.55411255411256
4996,133.0,112.37662337662337
4997,115.0,121.0909090909091
4998,133.0,122.04761904761904
4999,115.0,115.79220779220776
5000,102.0,101.03030303030302
5001,95.0,98.37229437229436
5002,88.0,98.78787878787875
5003,100.0,108.22510822510822
5004,136.0,123.52380952380949
5005,137.0,133.4545454545454
5006,139.0,137.74891774891773
5007,143.0,134.59740259740255
5008,111.0,123.07792207792205
5009,113.0,112.68398268398268
5010,108.0,102.70995670995671
5011,91.0,92.43290043290044
5012,91.0,92.37662337662336
5013,92.0,93.17316017316017
5014,91.0,101.53246753246754
5015,123.0,115.04329004329001
5016,126.0,129.52813852813853
5017,142.0,137.69264069264068
5018,142.0,137.24675324675323
5019,137.0,126.38095238095237
5020,105.0,114.7056277056277
5021,95.0,100.03896103896103
5022,90.0,90.63203463203463
5023,91.0,88.79653679653678
5024,90.0,95.36363636363635
5025,104.0,102.12554112554112
5026,115.0,110.51082251082249
5027,121.0,121.74458874458874
5028,125.0,130.45021645021643
5029,138.0,138.46753246753244
5030,148.0,138.14718614718612
5031,135.0,136.39826839826836
5032,140.0,134.49350649350646
5033,108.0,127.7792207792208
5034,128.0,120.16017316017314
5035,124.0,113.09956709956708
5036,101.0,105.45021645021643
5037,96.0,99.66233766233766
5038,88.0,90.4978354978355
5039,89.0,84.88311688311688
5040,82.0,84.8138528138528
5041,87.0,84.43290043290042
5042,80.0,84.85281385281384
5043,90.0,84.12554112554112
5044,85.0,82.04329004329003
5045,84.0,84.03463203463204
5046,84.0,92.63636363636363
5047,91.0,103.47619047619048
5048,125.0,110.67532467532466
5049,132.0,120.17316017316017
5050,125.0,126.09956709956711
5051,106.0,126.24675324675324
5052,137.0,120.8138528138528
5053,121.0,124.37662337662337
5054,120.0,124.81818181818181
5055,125.0,127.79653679653677
5056,141.0,124.39393939393938
5057,107.0,121.99567099567098
5058,130.0,120.75324675324674
5059,112.0,118.98268398268398
5060,107.0,114.1168831168831
5061,126.0,112.19480519480518
5062,108.0,103.41991341991341
5063,89.0,98.7099567099567
5064,89.0,91.09523809523809
5065,85.0,82.98268398268398
5066,84.0,78.74458874458874
5067,78.0,82.94372294372292
5068,81.0,85.6103896103896
5069,81.0,87.5194805194805
5070,110.0,88.00432900432898
5071,83.0,86.8095238095238
5072,78.0,83.8138528138528
5073,78.0,80.05627705627705
5074,78.0,76.90476190476191
5075,85.0,87.64935064935064
5076,90.0,96.24675324675323
5077,104.0,99.98701298701297
5078,119.0,101.12121212121211
5079,93.0,98.80952380952378
5080,82.0,93.91774891774891
5081,89.0,86.70129870129868
5082,86.0,81.98701298701296
5083,82.0,82.2251082251082
5084,80.0,78.58008658008657
5085,82.0,82.48051948051948
5086,78.0,85.67532467532467
5087,84.0,91.34632034632035
5088,120.0,96.45887445887445
5089,86.0,97.90043290043289
5090,101.0,95.89610389610388
5091,91.0,92.24242424242424
5092,81.0,85.34632034632034
5093,82.0,85.43290043290042
5094,90.0,80.8008658008658
5095,77.0,79.0
5096,77.0,78.52813852813853
5097,75.0,76.61471861471861
5098,76.0,76.89177489177487
5099,82.0,80.35497835497834
5100,80.0,81.77489177489176
5101,88.0,82.8095238095238
5102,83.0,84.46320346320344
5103,80.0,84.03463203463203
5104,84.0,81.90909090909089
5105,88.0,82.4199134199134
5106,78.0,85.49783549783548
5107,80.0,85.33333333333333
5108,98.0,85.45021645021644
5109,87.0,85.24242424242424
5110,77.0,88.4978354978355
5111,91.0,88.93939393939392
5112,88.0,87.5194805194805
5113,97.0,89.42424242424242
5114,86.0,90.21645021645018
5115,86.0,88.78354978354977
5116,88.0,87.15151515151514
5117,88.0,86.4155844155844
5118,89.0,87.90043290043288
5119,83.0,88.91341991341992
5120,93.0,87.53679653679653
5121,88.0,87.33333333333331
5122,89.0,87.55844155844156
5123,82.0,87.37662337662337
5124,94.0,91.06926406926405
5125,95.0,100.54112554112551
5126,101.0,107.43722943722942
5127,126.0,112.25108225108224
5128,120.0,106.50649350649348
5129,100.0,106.7099567099567
5130,100.0,113.3982683982684
5131,97.0,121.96103896103895
5132,154.0,126.24675324675322
5133,162.0,142.3419913419913
5134,140.0,151.46753246753244
5135,118.0,153.99567099567096
5136,181.0,136.81385281385283
5137,132.0,128.94805194805195
5138,122.0,128.6017316017316
5139,96.0,136.77489177489178
5140,151.0,133.94372294372295
5141,161.0,149.59307359307357
5142,177.0,158.84848484848484
5143,132.0,159.41125541125538
5144,162.0,145.71428571428572
5145,131.0,132.32467532467533
5146,114.0,118.88311688311688
5147,112.0,109.40259740259738
5148,100.0,103.74025974025975
5149,99.0,106.67965367965365
5150,101.0,105.90043290043289
5151,132.0,102.92640692640693
5152,95.0,99.66666666666664
5153,83.0,96.41558441558439
5154,91.0,91.72727272727273
5155,96.0,94.25541125541125
5156,110.0,112.83116883116882
5157,116.0,128.98701298701295
5158,152.0,136.2857142857143
5159,152.0,136.5108225108225
5160,126.0,128.16450216450215
5161,103.0,110.54978354978354
5162,97.0,98.04761904761904
5163,89.0,95.52380952380952
5164,89.0,105.39826839826839
5165,139.0,118.18181818181817
5166,129.0,129.99134199134195
5167,145.0,137.05194805194805
5168,136.0,140.79653679653677
5169,138.0,139.59740259740258
5170,135.0,145.8311688311688
5171,156.0,152.08225108225105
5172,159.0,154.6277056277056
5173,161.0,151.67099567099567
5174,154.0,150.31601731601728
5175,125.0,146.8311688311688
5176,137.0,140.4155844155844
5177,154.0,133.67532467532467
5178,136.0,130.5930735930736
5179,110.0,127.38528138528136
5180,118.0,118.33333333333333
5181,121.0,112.6060606060606
5182,108.0,112.48484848484847
5183,110.0,113.40259740259738
5184,116.0,109.19047619047619
5185,105.0,104.85714285714285
5186,102.0,101.49350649350649
5187,94.0,98.25108225108225
5188,93.0,92.28571428571428
5189,94.0,90.79220779220778
5190,98.0,97.12121212121211
5191,87.0,104.32034632034632
5192,113.0,109.24242424242422
5193,131.0,108.96536796536795
5194,103.0,105.37229437229435
5195,94.0,100.84848484848483
5196,82.0,87.27705627705626
5197,87.0,82.80519480519479
5198,89.0,87.3982683982684
5199,83.0,98.03463203463203
5200,122.0,115.90043290043289
5201,121.0,124.41125541125538
5202,145.0,129.28571428571428
5203,141.0,129.7532467532467
5204,97.0,119.99999999999999
5205,111.0,110.06493506493506
5206,106.0,98.46320346320346
5207,91.0,91.7056277056277
5208,86.0,91.08658008658006
5209,87.0,83.80952380952378
5210,81.0,81.86580086580088
5211,86.0,82.63636363636363
5212,79.0,86.19047619047619
5213,93.0,92.72727272727272
5214,95.0,97.64935064935064
5215,108.0,99.13419913419914
5216,105.0,99.04329004329004
5217,86.0,92.23376623376622
5218,85.0,87.51948051948052
5219,83.0,83.48484848484848
5220,77.0,83.16017316017314
5221,92.0,84.1168831168831
5222,87.0,84.73160173160173
5223,82.0,82.38095238095238
5224,78.0,81.57575757575756
5225,84.0,81.32034632034632
5226,74.0,83.77056277056276
5227,93.0,83.84848484848482
5228,94.0,89.77489177489176
5229,86.0,93.26406926406925
5230,86.0,95.44588744588745
5231,114.0,93.24242424242424
5232,88.0,93.57142857142857
5233,87.0,94.08225108225106
5234,90.0,91.06493506493504
5235,93.0,83.76623376623377
5236,87.0,88.31601731601731
5237,81.0,89.13419913419914
5238,83.0,88.93939393939394
5239,107.0,88.32467532467531
5240,83.0,88.1298701298701
5241,84.0,86.8138528138528
5242,82.0,84.83549783549782
5243,82.0,81.24675324675323
5244,83.0,82.6060606060606
5245,86.0,80.96103896103895
5246,78.0,79.48051948051948
5247,77.0,80.2121212121212
5248,78.0,80.9177489177489
5249,83.0,81.991341991342
5250,91.0,84.76190476190477
5251,83.0,85.65367965367965
5252,84.0,84.85714285714283
5253,85.0,83.5988455988456
5254,81.0,82.3131313131313
5255,82.0,81.43434343434342
